giris_tarih,hisse,grup,kat,pos52,giris,poz_tl,cikis_tarih,cikis,sebep,getiri_%,tl_kar,max_gordugu_%,dakika
2026-01-02,ARENA,dip,7.0,0.096,28.8,9091.0,2026-01-05,27.936,stop,-3.03,-276.0,2.36,
2026-01-02,AVPGY,dip,3.5,0.091,51.5,9091.0,2026-01-06,53.045,hedef,2.97,270.0,3.01,
2026-01-02,BIENY,dip,3.3,0.043,25.6,9091.0,2026-01-02,26.368,hedef,2.97,270.0,6.48,
2026-01-02,BMSCH,kirilim,6.5,0.96,30.4,9091.0,2026-01-02,31.312,hedef,2.97,270.0,8.55,
2026-01-02,EMKEL,dip,3.0,0.182,35.44,9091.0,2026-01-02,34.3768,stop,-3.03,-276.0,1.07,
2026-01-02,ESCAR,dip,3.3,0.116,25.44,9091.0,2026-01-05,24.6768,stop,-3.03,-276.0,2.59,
2026-01-02,MARKA,dip,4.6,0.137,38.92,9091.0,2026-01-02,37.7524,stop,-3.03,-276.0,0.77,
2026-01-02,MARTI,dip,3.1,0.095,1.7653,9091.0,2026-01-05,1.8183,hedef,2.97,270.0,3.27,
2026-01-02,PKENT,dip,7.1,0.031,183.0,9091.0,2026-01-02,188.49,hedef,2.97,270.0,5.41,
2026-01-02,SMRVA,dip,4.1,0.163,20.7673,9091.0,2026-01-02,21.3903,hedef,2.97,270.0,3.79,
2026-01-02,TTRAK,dip,3.1,0.027,519.5,9091.0,2026-01-06,535.085,hedef,2.97,270.0,3.08,
2026-01-05,ALCAR,dip,7.4,0.102,869.5,2040.0,2026-01-08,843.415,stop,-3.03,-62.0,1.38,
2026-01-05,BESLR,dip,4.9,0.097,12.61,2040.0,2026-01-15,12.9883,hedef,2.97,61.0,3.49,
2026-01-05,BIENY,dip,11.6,0.03,25.26,2040.0,2026-01-07,24.5022,stop,-3.03,-62.0,1.35,
2026-01-05,DGGYO,dip,3.5,0.173,31.58,2040.0,2026-01-20,32.5274,hedef,2.97,61.0,4.37,
2026-01-05,EDATA,kirilim,5.1,0.909,6.81,2040.0,2026-01-05,6.6057,stop,-3.03,-62.0,0.0,
2026-01-05,EMNIS,dip,3.8,0.017,161.8,2040.0,2026-01-07,166.654,hedef,2.97,61.0,3.83,
2026-01-05,ESCAR,dip,9.5,0.118,25.54,2040.0,2026-01-05,24.7738,stop,-3.03,-62.0,0.39,
2026-01-05,ESEN,dip,4.1,0.098,4.9,2040.0,2026-01-05,5.047,hedef,2.97,61.0,3.27,
2026-01-05,FENER,dip,4.0,0.182,3.7,2040.0,2026-01-05,3.589,stop,-3.03,-62.0,0.0,
2026-01-05,GOKNR,dip,5.0,0.09,20.0,2040.0,2026-01-09,20.6,hedef,2.97,61.0,4.1,
2026-01-05,GZNMI,dip,6.0,0.035,58.0,2040.0,2026-01-05,59.74,hedef,2.97,61.0,3.62,
2026-01-05,HKTM,dip,4.5,0.176,11.49,2040.0,2026-01-23,11.8347,hedef,2.97,61.0,3.22,
2026-01-05,IHLAS,dip,3.3,0.184,2.46,2040.0,2026-01-05,2.3862,stop,-3.03,-62.0,0.41,
2026-01-05,ISSEN,dip,7.8,0.195,7.35,2040.0,2026-01-26,7.5705,hedef,2.97,61.0,4.22,
2026-01-05,JANTS,dip,22.6,0.169,20.58,2040.0,2026-01-05,21.1974,hedef,2.97,61.0,3.89,
2026-01-05,KARSN,dip,4.1,0.173,9.43,2040.0,2026-01-08,9.1471,stop,-3.03,-62.0,1.38,
2026-01-05,KCAER,dip,3.9,0.089,10.51,2040.0,2026-01-07,10.8253,hedef,2.97,61.0,3.9,
2026-01-05,MARKA,dip,6.1,0.19,41.0,2040.0,2026-01-05,39.77,stop,-3.03,-62.0,0.0,
2026-01-05,MARTI,dip,3.9,0.135,1.8231,2040.0,2026-01-05,1.7684,stop,-3.03,-62.0,0.0,
2026-01-05,NATEN,dip,3.2,0.121,8.97,2040.0,2026-01-05,8.7009,stop,-3.03,-62.0,0.0,
2026-01-05,PKENT,dip,4.8,-0.02,168.5,2040.0,2026-01-05,163.445,stop,-3.03,-62.0,0.0,
2026-01-05,QUAGR,dip,20.5,0.039,2.92,2040.0,2026-01-05,2.8324,stop,-3.03,-62.0,0.0,
2026-01-05,RAYSG,dip,4.3,0.022,220.8,2040.0,2026-01-07,227.424,hedef,2.97,61.0,6.66,
2026-01-05,SARKY,kirilim,3.1,1.079,19.27,2040.0,2026-01-05,19.8481,hedef,2.97,61.0,3.27,
2026-01-05,SDTTR,dip,3.6,0.168,186.1,2040.0,2026-01-05,191.683,hedef,2.97,61.0,4.78,
2026-01-05,SONME,kirilim,10.0,0.992,185.0,2040.0,2026-01-05,179.45,stop,-3.03,-62.0,2.11,
2026-01-05,TRILC,dip,3.8,0.03,2.5199,2040.0,2026-01-07,2.5955,hedef,2.97,61.0,4.95,
2026-01-06,ALGYO,kirilim,4.6,1.1,5.0971,5206.0,2026-01-07,4.9442,stop,-3.03,-158.0,1.23,
2026-01-06,EDATA,kirilim,3.4,1.056,7.52,5206.0,2026-01-07,7.7456,hedef,2.97,154.0,7.58,
2026-01-06,ESCAR,dip,5.5,0.103,24.64,5206.0,2026-01-06,25.3792,hedef,2.97,154.0,3.17,
2026-01-06,FENER,dip,4.1,-0.04,3.19,5206.0,2026-01-07,3.0943,stop,-3.03,-158.0,0.0,
2026-01-06,HALKB,kirilim,4.1,1.047,43.08,5206.0,2026-01-07,44.3724,hedef,2.97,154.0,3.76,
2026-01-06,IEYHO,kirilim,3.4,1.002,69.05,5206.0,2026-01-13,71.1215,hedef,2.97,154.0,3.33,
2026-01-06,ODINE,kirilim,20.0,0.996,323.0,5206.0,2026-01-08,313.31,stop,-3.03,-158.0,0.7,
2026-01-06,SARKY,kirilim,7.0,1.139,21.34,5206.0,2026-01-07,21.9802,hedef,2.97,154.0,3.66,
2026-01-06,TCKRC,kirilim,3.4,1.131,68.0,5206.0,2026-01-07,70.04,hedef,2.97,154.0,3.09,
2026-01-06,TKFEN,dip,4.6,0.139,73.45,5206.0,2026-01-08,71.2465,stop,-3.03,-158.0,1.7,
2026-01-06,VAKBN,kirilim,3.7,0.99,33.44,5206.0,2026-01-09,32.4368,stop,-3.03,-158.0,1.61,
2026-01-07,AHSGY,kirilim,3.2,1.028,18.05,1204.0,2026-01-07,18.5915,hedef,2.97,36.0,3.71,
2026-01-07,ALCAR,dip,3.1,0.116,878.0,1204.0,2026-01-07,851.66,stop,-3.03,-37.0,0.28,
2026-01-07,BYDNR,kirilim,3.4,1.032,29.02,1204.0,2026-01-08,29.8906,hedef,2.97,36.0,5.58,
2026-01-07,CMBTN,dip,6.2,0.194,2014.0,1204.0,2026-01-08,1953.58,stop,-3.03,-37.0,1.94,
2026-01-07,COSMO,kirilim,7.6,1.014,300.0,1204.0,2026-01-08,291.0,stop,-3.03,-37.0,3.08,
2026-01-07,DGNMO,dip,4.9,0.04,4.94,1204.0,2026-01-08,4.7918,stop,-3.03,-37.0,0.2,
2026-01-07,FENER,dip,4.2,0.004,3.12,1204.0,2026-01-07,3.2136,hedef,2.97,36.0,3.53,
2026-01-07,FORTE,kirilim,16.6,0.999,90.1,1204.0,2026-01-07,92.803,hedef,2.97,36.0,3.22,
2026-01-07,GRTHO,dip,3.6,0.188,251.25,1204.0,2026-01-07,258.7875,hedef,2.97,36.0,3.48,
2026-01-07,HATEK,dip,3.1,0.164,15.46,1204.0,2026-01-07,14.9962,stop,-3.03,-37.0,1.75,
2026-01-07,KCAER,dip,8.8,0.117,10.7,1204.0,2026-01-07,10.379,stop,-3.03,-37.0,1.21,
2026-01-07,KRGYO,dip,15.0,0.133,3.09,1204.0,2026-01-07,2.9973,stop,-3.03,-37.0,0.0,
2026-01-07,MARTI,dip,3.2,0.099,1.7717,1204.0,2026-01-08,1.7186,stop,-3.03,-37.0,1.81,
2026-01-07,NATEN,dip,3.7,0.174,9.54,1204.0,2026-01-08,9.2538,stop,-3.03,-37.0,0.0,
2026-01-07,RAYSG,dip,3.6,0.04,231.4,1204.0,2026-01-07,224.458,stop,-3.03,-37.0,1.56,
2026-01-07,RUBNS,kirilim,3.5,0.991,29.12,1204.0,2026-01-08,28.2464,stop,-3.03,-37.0,0.0,
2026-01-07,SEGMN,dip,3.8,0.128,18.87,1204.0,2026-01-07,18.3039,stop,-3.03,-37.0,0.21,
2026-01-07,SERNT,dip,4.0,0.097,8.45,1204.0,2026-01-07,8.1965,stop,-3.03,-37.0,1.18,
2026-01-07,TKNSA,dip,3.5,0.167,22.52,1204.0,2026-01-09,23.1956,hedef,2.97,36.0,3.37,
2026-01-07,TRILC,dip,3.1,0.048,2.5558,1204.0,2026-01-07,2.6325,hedef,2.97,36.0,3.48,
2026-01-08,ANGEN,dip,5.0,0.169,10.76,3311.0,2026-01-13,11.0828,hedef,2.97,98.0,3.07,
2026-01-08,ARENA,dip,3.9,0.095,28.76,3311.0,2026-01-12,29.6228,hedef,2.97,98.0,3.13,
2026-01-08,EDATA,kirilim,3.3,1.047,8.31,3311.0,2026-01-08,8.0607,stop,-3.03,-100.0,0.0,
2026-01-08,FORTE,kirilim,3.1,0.978,92.45,3311.0,2026-01-08,89.6765,stop,-3.03,-100.0,0.0,
2026-01-08,GMTAS,kirilim,4.6,1.018,24.991,3311.0,2026-01-09,25.7407,hedef,2.97,98.0,8.36,
2026-01-08,GOODY,dip,4.3,0.163,14.77,3311.0,2026-01-15,15.2131,hedef,2.97,98.0,3.05,
2026-01-08,HEKTS,dip,4.8,0.061,2.98,3311.0,2026-01-14,2.8906,stop,-3.03,-100.0,2.01,
2026-01-08,KLSYN,kirilim,19.5,1.076,8.24,3311.0,2026-01-08,7.9928,stop,-3.03,-100.0,0.0,
2026-01-08,KRDMA,dip,6.6,0.052,25.26,3311.0,2026-01-13,26.0178,hedef,2.97,98.0,3.72,
2026-01-08,LINK,dip,4.2,0.031,5.3999,3311.0,2026-01-08,5.5619,hedef,2.97,98.0,4.38,
2026-01-08,MTRYO,kirilim,3.4,1.083,11.48,3311.0,2026-01-08,11.1356,stop,-3.03,-100.0,0.0,
2026-01-08,NATEN,dip,3.8,0.158,9.37,3311.0,2026-01-08,9.6511,hedef,2.97,98.0,3.95,
2026-01-08,RAYSG,dip,3.5,0.019,219.2,3311.0,2026-01-19,225.776,hedef,2.97,98.0,3.01,
2026-01-08,REEDR,dip,4.1,0.043,6.88,3311.0,2026-01-08,7.0864,hedef,2.97,98.0,3.2,
2026-01-08,SARKY,kirilim,4.5,0.872,22.1,3311.0,2026-01-08,22.763,hedef,2.97,98.0,3.17,
2026-01-08,SASA,dip,5.6,0.0,2.66,3311.0,2026-01-08,2.5802,stop,-3.03,-100.0,0.0,
2026-01-08,TKNSA,dip,5.1,0.156,22.26,3311.0,2026-01-09,22.9278,hedef,2.97,98.0,3.14,
2026-01-09,GOKNR,dip,3.3,0.137,20.4,4726.0,2026-01-09,21.012,hedef,2.97,140.0,7.65,
2026-01-09,IHYAY,dip,4.4,0.021,1.93,4726.0,2026-01-12,1.9879,hedef,2.97,140.0,3.11,
2026-01-09,KRDMA,dip,3.3,0.051,25.22,4726.0,2026-01-13,25.9766,hedef,2.97,140.0,3.89,
2026-01-09,LINK,dip,3.0,0.032,5.4121,4726.0,2026-01-12,5.5745,hedef,2.97,140.0,4.78,
2026-01-09,NATEN,dip,3.4,0.193,9.74,4726.0,2026-01-12,9.4478,stop,-3.03,-143.0,0.1,
2026-01-09,PGSUS,dip,4.7,0.19,209.8,4726.0,2026-01-09,203.506,stop,-3.03,-143.0,0.05,
2026-01-09,SARKY,kirilim,3.9,0.994,24.72,4726.0,2026-01-12,25.4616,hedef,2.97,140.0,7.2,
2026-01-09,SASA,dip,8.5,-0.051,2.37,4726.0,2026-01-09,2.2989,stop,-3.03,-143.0,1.27,
2026-01-09,TKNSA,dip,3.1,0.199,23.24,4726.0,2026-01-12,22.5428,stop,-3.03,-143.0,0.52,
2026-01-09,TRILC,dip,3.0,0.094,2.6525,4726.0,2026-01-12,2.7321,hedef,2.97,140.0,3.94,
2026-01-09,TUCLK,dip,4.3,0.162,4.5,4726.0,2026-01-12,4.365,stop,-3.03,-143.0,1.33,
2026-01-12,AKSGY,kirilim,4.0,1.044,8.34,1392.0,2026-01-14,8.0898,stop,-3.03,-42.0,2.4,
2026-01-12,ARENA,dip,5.5,0.123,29.56,1392.0,2026-01-12,30.4468,hedef,2.97,41.0,3.59,
2026-01-12,BANVT,dip,3.4,0.085,171.2,1392.0,2026-01-13,176.336,hedef,2.97,41.0,4.15,
2026-01-12,BORLS,dip,9.0,-0.004,3.46,1392.0,2026-01-12,3.3562,stop,-3.03,-42.0,0.0,
2026-01-12,BRLSM,dip,5.1,0.191,13.66,1392.0,2026-01-14,14.0698,hedef,2.97,41.0,7.61,
2026-01-12,EDATA,kirilim,3.4,0.973,9.09,1392.0,2026-01-12,9.3627,hedef,2.97,41.0,4.51,
2026-01-12,FENER,dip,5.1,0.053,3.18,1392.0,2026-01-12,3.0846,stop,-3.03,-42.0,0.0,
2026-01-12,IHLAS,dip,3.2,0.176,2.44,1392.0,2026-01-12,2.3668,stop,-3.03,-42.0,1.64,
2026-01-12,IHYAY,dip,4.4,0.0,1.89,1392.0,2026-01-12,1.9467,hedef,2.97,41.0,4.23,
2026-01-12,KLGYO,kirilim,17.4,0.992,7.69,1392.0,2026-01-12,7.9207,hedef,2.97,41.0,6.89,
2026-01-12,KRVGD,kirilim,3.7,1.054,2.96,1392.0,2026-01-14,2.8712,stop,-3.03,-42.0,1.69,
2026-01-12,MAGEN,kirilim,8.2,0.996,41.5,1392.0,2026-01-13,42.745,hedef,2.97,41.0,3.37,
2026-01-12,MEDTR,dip,4.4,0.119,29.04,1392.0,2026-01-13,29.9112,hedef,2.97,41.0,5.79,
2026-01-12,MOBTL,kirilim,3.1,1.013,9.62,1392.0,2026-01-13,9.3314,stop,-3.03,-42.0,0.83,
2026-01-12,MOGAN,dip,3.2,0.181,8.28,1392.0,2026-01-15,8.5284,hedef,2.97,41.0,3.74,
2026-01-12,NATEN,dip,3.9,0.156,9.35,1392.0,2026-01-13,9.0695,stop,-3.03,-42.0,2.35,
2026-01-12,ORGE,dip,10.2,0.051,67.15,1392.0,2026-01-13,69.1645,hedef,2.97,41.0,4.32,
2026-01-12,SARKY,kirilim,5.1,1.007,25.42,1392.0,2026-01-12,26.1826,hedef,2.97,41.0,5.66,
2026-01-12,SMRVA,dip,3.2,0.163,20.7476,1392.0,2026-01-13,20.1252,stop,-3.03,-42.0,1.33,
2026-01-12,TRILC,dip,3.8,0.113,2.6916,1392.0,2026-01-15,2.6108,stop,-3.03,-42.0,2.43,
2026-01-12,TUCLK,dip,3.7,0.162,4.5,1392.0,2026-01-13,4.365,stop,-3.03,-42.0,0.89,
2026-01-13,AHSGY,kirilim,3.7,1.067,24.2,2814.0,2026-01-14,24.926,hedef,2.97,84.0,3.39,
2026-01-13,ARENA,dip,9.9,0.152,30.4,2814.0,2026-01-13,31.312,hedef,2.97,84.0,5.39,
2026-01-13,BORLS,dip,8.0,-0.007,3.03,2814.0,2026-01-13,3.1209,hedef,2.97,84.0,3.63,
2026-01-13,BRMEN,kirilim,7.2,1.062,12.79,2814.0,2026-01-14,12.4063,stop,-3.03,-85.0,0.0,
2026-01-13,BRSAN,kirilim,3.1,1.031,595.5,2814.0,2026-01-13,613.365,hedef,2.97,84.0,3.27,
2026-01-13,EBEBK,kirilim,5.1,0.946,60.15,2814.0,2026-01-16,61.9545,hedef,2.97,84.0,3.24,
2026-01-13,FENER,dip,4.5,0.045,3.16,2814.0,2026-01-13,3.2548,hedef,2.97,84.0,3.8,
2026-01-13,GSRAY,dip,3.3,0.033,1.16,2814.0,2026-01-15,1.1948,hedef,2.97,84.0,3.45,
2026-01-13,HATEK,dip,3.0,0.15,15.92,2814.0,2026-01-13,16.3976,hedef,2.97,84.0,3.08,
2026-01-13,HUNER,dip,3.6,0.016,3.1,2814.0,2026-01-14,3.193,hedef,2.97,84.0,3.23,
2026-01-13,KORDS,dip,4.9,0.135,51.25,2814.0,2026-01-23,52.7875,hedef,2.97,84.0,3.8,
2026-01-13,LILAK,kirilim,3.3,1.115,33.34,2814.0,2026-01-14,32.3398,stop,-3.03,-85.0,2.88,
2026-01-13,NATEN,dip,3.3,0.17,9.5,2814.0,2026-01-13,9.215,stop,-3.03,-85.0,0.0,
2026-01-13,ORGE,dip,10.5,0.081,68.5,2814.0,2026-01-16,70.555,hedef,2.97,84.0,3.36,
2026-01-13,PLTUR,dip,4.0,0.087,21.14,2814.0,2026-01-20,21.7742,hedef,2.97,84.0,3.03,
2026-01-13,SKYMD,dip,3.8,0.135,12.34,2814.0,2026-01-14,11.9698,stop,-3.03,-85.0,0.89,
2026-01-13,ZOREN,dip,3.3,0.169,3.09,2814.0,2026-01-26,3.1827,hedef,2.97,84.0,3.56,
2026-01-14,AKSUE,kirilim,3.9,0.975,25.9,2270.0,2026-01-14,25.123,stop,-3.03,-69.0,1.85,
2026-01-14,ANGEN,dip,3.1,0.187,10.88,2270.0,2026-01-19,11.2064,hedef,2.97,67.0,3.31,
2026-01-14,ATAKP,kirilim,4.5,0.938,55.65,2270.0,2026-01-14,57.3195,hedef,2.97,67.0,4.22,
2026-01-14,BORLS,dip,8.6,-0.001,2.97,2270.0,2026-01-14,2.8809,stop,-3.03,-69.0,0.0,
2026-01-14,BSOKE,kirilim,12.9,0.912,22.0,2270.0,2026-01-14,22.66,hedef,2.97,67.0,6.73,
2026-01-14,CCOLA,kirilim,3.6,1.086,65.25,2270.0,2026-01-14,67.2075,hedef,2.97,67.0,3.14,
2026-01-14,CLEBI,dip,15.9,0.174,1753.0,2270.0,2026-01-15,1805.59,hedef,2.97,67.0,3.37,
2026-01-14,DCTTR,dip,9.2,0.155,9.21,2270.0,2026-01-14,9.4863,hedef,2.97,67.0,3.47,
2026-01-14,DNISI,dip,6.5,0.138,20.0,2270.0,2026-01-23,20.6,hedef,2.97,67.0,3.0,
2026-01-14,DYOBY,dip,3.3,0.068,13.38,2270.0,2026-01-19,13.7814,hedef,2.97,67.0,4.78,
2026-01-14,ELITE,dip,4.1,0.111,29.38,2270.0,2026-01-19,30.2614,hedef,2.97,67.0,3.06,
2026-01-14,KARSN,dip,3.4,0.193,9.52,2270.0,2026-01-14,9.8056,hedef,2.97,67.0,3.47,
2026-01-14,MARKA,dip,3.0,0.054,35.64,2270.0,2026-01-15,36.7092,hedef,2.97,67.0,4.88,
2026-01-14,MEGAP,dip,3.9,0.152,2.9,2270.0,2026-01-20,2.813,stop,-3.03,-69.0,1.38,
2026-01-14,NATEN,dip,6.3,0.169,9.49,2270.0,2026-01-15,9.2053,stop,-3.03,-69.0,2.74,
2026-01-14,POLTK,dip,18.1,0.085,6160.0,2270.0,2026-01-16,6344.8,hedef,2.97,67.0,5.19,
2026-01-14,REEDR,dip,6.4,0.102,7.34,2270.0,2026-01-14,7.1198,stop,-3.03,-69.0,0.41,
2026-01-14,SARKY,kirilim,3.4,1.004,29.96,2270.0,2026-01-14,30.8588,hedef,2.97,67.0,5.07,
2026-01-14,VANGD,kirilim,23.4,1.033,59.85,2270.0,2026-01-14,58.0545,stop,-3.03,-69.0,0.0,
2026-01-14,YEOTK,dip,3.7,0.19,37.78,2270.0,2026-01-15,38.9134,hedef,2.97,67.0,3.55,
2026-01-15,AKYHO,dip,5.3,0.104,2.63,2007.0,2026-01-16,2.7089,hedef,2.97,60.0,3.04,
2026-01-15,ATAKP,kirilim,13.9,1.0,58.0,2007.0,2026-01-15,59.74,hedef,2.97,60.0,6.29,
2026-01-15,BESLR,dip,5.3,0.163,13.09,2007.0,2026-01-16,13.4827,hedef,2.97,60.0,3.36,
2026-01-15,BFREN,dip,4.8,0.158,159.7,2007.0,2026-01-15,164.491,hedef,2.97,60.0,3.38,
2026-01-15,BIENY,dip,4.0,0.026,23.44,2007.0,2026-01-27,24.1432,hedef,2.97,60.0,3.5,
2026-01-15,BIZIM,kirilim,6.3,1.036,30.28,2007.0,2026-01-16,29.3716,stop,-3.03,-61.0,0.46,
2026-01-15,BORLS,dip,5.4,-0.006,2.65,2007.0,2026-01-15,2.7295,hedef,2.97,60.0,10.57,
2026-01-15,ELITE,dip,6.6,0.092,29.0,2007.0,2026-01-16,29.87,hedef,2.97,60.0,3.17,
2026-01-15,ESCAR,dip,5.3,0.165,28.36,2007.0,2026-01-16,27.5092,stop,-3.03,-61.0,1.13,
2026-01-15,FENER,dip,3.6,0.166,3.46,2007.0,2026-01-15,3.5638,hedef,2.97,60.0,3.76,
2026-01-15,FORMT,dip,3.8,0.131,2.92,2007.0,2026-01-16,3.0076,hedef,2.97,60.0,4.11,
2026-01-15,KARTN,dip,5.3,0.101,81.3,2007.0,2026-01-15,83.739,hedef,2.97,60.0,3.32,
2026-01-15,KENT,dip,3.2,0.119,467.2489,2007.0,2026-01-19,481.2664,hedef,2.97,60.0,6.78,
2026-01-15,LIDFA,kirilim,3.0,1.008,2.55,2007.0,2026-01-15,2.6265,hedef,2.97,60.0,4.31,
2026-01-15,MTRYO,kirilim,3.6,0.97,12.9,2007.0,2026-01-15,12.513,stop,-3.03,-61.0,3.88,
2026-01-15,ONCSM,kirilim,18.6,0.993,299.5,2007.0,2026-01-15,308.485,hedef,2.97,60.0,4.26,
2026-01-15,RUBNS,kirilim,3.7,0.946,31.22,2007.0,2026-01-16,32.1566,hedef,2.97,60.0,3.01,
2026-01-15,RYGYO,kirilim,4.2,1.099,27.32,2007.0,2026-01-16,28.1396,hedef,2.97,60.0,3.22,
2026-01-15,SMRVA,dip,3.5,0.103,14.9363,2007.0,2026-01-16,14.4882,stop,-3.03,-61.0,2.04,
2026-01-15,TEZOL,dip,3.1,0.051,12.1,2007.0,2026-01-26,12.463,hedef,2.97,60.0,3.06,
2026-01-15,VRGYO,dip,3.4,0.191,2.6,2007.0,2026-01-15,2.522,stop,-3.03,-61.0,1.92,
2026-01-15,YIGIT,dip,3.1,0.146,23.52,2007.0,2026-01-15,24.2256,hedef,2.97,60.0,3.49,
2026-01-16,ADGYO,kirilim,3.2,1.0,66.05,2149.0,2026-01-16,64.0685,stop,-3.03,-65.0,0.68,
2026-01-16,ALFAS,dip,8.3,0.099,42.64,2149.0,2026-01-21,41.3608,stop,-3.03,-65.0,1.74,
2026-01-16,ARSAN,kirilim,3.3,1.02,4.18,2149.0,2026-01-16,4.0546,stop,-3.03,-65.0,0.72,
2026-01-16,ATAKP,kirilim,3.8,1.004,61.75,2149.0,2026-01-16,59.8975,stop,-3.03,-65.0,0.0,
2026-01-16,BANVT,dip,3.2,0.157,183.2,2149.0,2026-01-19,188.696,hedef,2.97,64.0,3.44,
2026-01-16,BESLR,dip,5.1,0.197,13.33,2149.0,2026-01-16,13.7299,hedef,2.97,64.0,3.23,
2026-01-16,BFREN,dip,3.4,0.161,159.9,2149.0,2026-02-06,164.697,hedef,2.97,64.0,6.32,
2026-01-16,BORLS,dip,3.0,0.019,3.21,2149.0,2026-01-16,3.1137,stop,-3.03,-65.0,0.0,
2026-01-16,BYDNR,kirilim,4.6,1.083,32.9,2149.0,2026-01-16,31.913,stop,-3.03,-65.0,0.0,
2026-01-16,DCTTR,dip,3.8,0.072,8.58,2149.0,2026-01-16,8.3226,stop,-3.03,-65.0,2.56,
2026-01-16,EBEBK,kirilim,3.8,0.987,61.65,2149.0,2026-01-19,63.4995,hedef,2.97,64.0,3.41,
2026-01-16,FORMT,dip,3.6,0.183,3.02,2149.0,2026-01-19,3.1106,hedef,2.97,64.0,5.96,
2026-01-16,KCAER,dip,3.5,0.18,11.12,2149.0,2026-01-19,11.4536,hedef,2.97,64.0,3.33,
2026-01-16,LINK,dip,3.3,0.062,5.8219,2149.0,2026-01-19,5.9965,hedef,2.97,64.0,4.19,
2026-01-16,PRKME,dip,4.0,0.178,17.86,2149.0,2026-01-16,17.3242,stop,-3.03,-65.0,0.0,
2026-01-16,SEGMN,kirilim,19.2,1.034,27.98,2149.0,2026-01-16,28.8194,hedef,2.97,64.0,3.43,
2026-01-16,SMRVA,dip,3.3,0.087,13.3335,2149.0,2026-01-19,12.9335,stop,-3.03,-65.0,0.81,
2026-01-16,TEZOL,dip,5.8,0.055,12.15,2149.0,2026-01-26,12.5145,hedef,2.97,64.0,3.05,
2026-01-16,VRGYO,dip,4.5,0.142,2.49,2149.0,2026-01-19,2.5647,hedef,2.97,64.0,3.21,
2026-01-19,BANVT,dip,3.4,0.153,182.5,1973.0,2026-01-21,177.025,stop,-3.03,-60.0,1.26,
2026-01-19,BEGYO,dip,3.7,0.026,5.02,1973.0,2026-01-21,4.8694,stop,-3.03,-60.0,2.79,
2026-01-19,DCTTR,dip,3.1,-0.048,7.55,1973.0,2026-01-19,7.7765,hedef,2.97,59.0,3.18,
2026-01-19,DGNMO,dip,9.1,0.067,5.04,1973.0,2026-01-21,4.8888,stop,-3.03,-60.0,0.4,
2026-01-19,FORMT,dip,3.9,0.167,2.99,1973.0,2026-01-19,3.0797,hedef,2.97,59.0,6.02,
2026-01-19,GENTS,kirilim,4.5,1.015,12.25,1973.0,2026-01-19,11.8825,stop,-3.03,-60.0,0.9,
2026-01-19,GMTAS,kirilim,3.3,0.895,27.1,1973.0,2026-01-19,26.287,stop,-3.03,-60.0,0.37,
2026-01-19,GRNYO,kirilim,7.9,0.999,18.49,1973.0,2026-01-19,17.9353,stop,-3.03,-60.0,0.0,
2026-01-19,HLGYO,kirilim,3.0,1.081,4.64,1973.0,2026-01-20,4.5008,stop,-3.03,-60.0,1.72,
2026-01-19,HUNER,dip,4.8,0.145,3.35,1973.0,2026-01-22,3.4505,hedef,2.97,59.0,4.18,
2026-01-19,KONYA,dip,3.4,0.03,4492.5,1973.0,2026-01-19,4627.275,hedef,2.97,59.0,3.01,
2026-01-19,KORDS,dip,3.4,0.179,52.0,1973.0,2026-01-23,53.56,hedef,2.97,59.0,3.27,
2026-01-19,KRDMA,dip,5.1,0.144,28.28,1973.0,2026-01-19,27.4316,stop,-3.03,-60.0,0.07,
2026-01-19,KRPLS,kirilim,3.5,1.02,10.64,1973.0,2026-01-19,10.9592,hedef,2.97,59.0,3.2,
2026-01-19,MEPET,kirilim,3.3,1.015,20.68,1973.0,2026-01-20,21.3004,hedef,2.97,59.0,4.35,
2026-01-19,MERCN,dip,3.5,0.118,17.64,1973.0,2026-01-20,17.1108,stop,-3.03,-60.0,1.53,
2026-01-19,MPARK,kirilim,3.2,1.007,436.75,1973.0,2026-01-21,423.6475,stop,-3.03,-60.0,0.0,
2026-01-19,ONCSM,kirilim,5.8,1.032,328.5,1973.0,2026-01-19,338.355,hedef,2.97,59.0,3.81,
2026-01-19,PRKME,dip,3.7,0.16,17.62,1973.0,2026-01-19,18.1486,hedef,2.97,59.0,3.29,
2026-01-19,SELVA,kirilim,3.5,1.046,3.92,1973.0,2026-01-19,3.8024,stop,-3.03,-60.0,0.0,
2026-01-19,SNGYO,kirilim,3.5,0.983,5.17,1973.0,2026-01-22,5.0149,stop,-3.03,-60.0,2.9,
2026-01-19,TEZOL,dip,7.9,0.055,12.15,1973.0,2026-01-26,12.5145,hedef,2.97,59.0,3.05,
2026-01-19,VESBE,dip,3.4,0.076,8.25,1973.0,2026-01-20,8.0025,stop,-3.03,-60.0,0.85,
2026-01-20,BYDNR,kirilim,3.5,0.952,33.6,4510.0,2026-01-21,32.592,stop,-3.03,-137.0,1.79,
2026-01-20,CEMAS,dip,3.2,0.157,4.08,4510.0,2026-01-22,4.2024,hedef,2.97,134.0,4.66,
2026-01-20,CMBTN,dip,3.1,0.158,1968.0,4510.0,2026-01-21,1908.96,stop,-3.03,-137.0,0.56,
2026-01-20,FORMT,dip,3.2,0.152,2.96,4510.0,2026-01-20,2.8712,stop,-3.03,-137.0,0.0,
2026-01-20,GENTS,kirilim,3.3,1.029,13.15,4510.0,2026-01-20,13.5445,hedef,2.97,134.0,3.57,
2026-01-20,LINK,dip,22.3,0.112,6.5121,4510.0,2026-01-20,6.3168,stop,-3.03,-137.0,0.0,
2026-01-20,TEZOL,dip,5.4,0.061,12.21,4510.0,2026-01-26,12.5763,hedef,2.97,134.0,3.69,
2026-01-20,TURGG,dip,5.3,0.185,28.26,4510.0,2026-01-20,27.4122,stop,-3.03,-137.0,0.0,
2026-01-20,VKGYO,kirilim,4.4,0.991,2.87,4510.0,2026-01-20,2.9561,hedef,2.97,134.0,3.14,
2026-01-20,YBTAS,dip,5.2,0.0,20.0,4510.0,2026-01-20,20.6,hedef,2.97,134.0,3.3,
2026-01-20,YKSLN,dip,6.2,0.195,3.14,4510.0,2026-01-27,3.2342,hedef,2.97,134.0,3.18,
2026-01-21,ASELS,kirilim,3.3,0.887,308.75,4669.0,2026-01-22,299.4875,stop,-3.03,-142.0,1.05,
2026-01-21,BIGEN,dip,6.3,0.049,9.07,4669.0,2026-01-27,9.3421,hedef,2.97,139.0,3.31,
2026-01-21,EKGYO,kirilim,4.2,0.937,22.52,4669.0,2026-01-22,23.1956,hedef,2.97,139.0,3.02,
2026-01-21,GATEG,kirilim,8.0,1.005,305.25,4669.0,2026-01-21,296.0925,stop,-3.03,-142.0,0.0,
2026-01-21,LIDFA,kirilim,3.3,1.0,2.86,4669.0,2026-01-22,2.7742,stop,-3.03,-142.0,1.75,
2026-01-21,MARKA,dip,3.1,0.102,37.54,4669.0,2026-01-21,36.4138,stop,-3.03,-142.0,0.0,
2026-01-21,SMART,dip,3.5,0.181,24.34,4669.0,2026-01-21,23.6098,stop,-3.03,-142.0,0.0,
2026-01-21,TURGG,dip,12.6,0.151,27.2,4669.0,2026-01-21,28.016,hedef,2.97,139.0,3.16,
2026-01-21,VSNMD,dip,17.9,0.077,103.9,4669.0,2026-01-21,100.783,stop,-3.03,-142.0,0.0,
2026-01-22,ALFAS,dip,4.8,0.07,41.24,3764.0,2026-01-26,42.4772,hedef,2.97,112.0,3.2,
2026-01-22,DERHL,dip,3.2,0.008,14.11,3764.0,2026-01-23,14.5333,hedef,2.97,112.0,3.33,
2026-01-22,DGNMO,dip,9.0,0.092,5.12,3764.0,2026-01-27,5.2736,hedef,2.97,112.0,3.32,
2026-01-22,EPLAS,kirilim,3.1,0.997,7.61,3764.0,2026-01-22,7.3817,stop,-3.03,-114.0,1.84,
2026-01-22,ESEN,dip,9.3,0.114,5.69,3764.0,2026-01-22,5.5193,stop,-3.03,-114.0,0.0,
2026-01-22,FORMT,dip,6.1,0.183,3.02,3764.0,2026-01-23,3.1106,hedef,2.97,112.0,5.96,
2026-01-22,KLSER,dip,3.2,0.134,27.88,3764.0,2026-01-23,28.7164,hedef,2.97,112.0,3.3,
2026-01-22,KRDMA,dip,3.1,0.095,26.68,3764.0,2026-01-23,27.4804,hedef,2.97,112.0,3.45,
2026-01-22,MANAS,kirilim,3.0,0.928,10.508,3764.0,2026-01-22,10.8232,hedef,2.97,112.0,5.49,
2026-01-22,TABGD,kirilim,5.5,0.998,264.5,3764.0,2026-01-22,256.565,stop,-3.03,-114.0,0.0,
2026-01-22,TEZOL,dip,3.0,0.051,12.1,3764.0,2026-01-26,12.463,hedef,2.97,112.0,3.06,
2026-01-23,CEMAS,dip,14.5,0.177,4.28,4142.0,2026-01-23,4.1516,stop,-3.03,-126.0,0.0,
2026-01-23,CEOEM,dip,7.0,0.097,23.26,4142.0,2026-01-26,22.5622,stop,-3.03,-126.0,0.86,
2026-01-23,DERHL,dip,17.5,0.01,14.41,4142.0,2026-01-23,13.9777,stop,-3.03,-126.0,0.0,
2026-01-23,ESEN,dip,3.7,0.05,4.64,4142.0,2026-01-26,4.5008,stop,-3.03,-126.0,0.22,
2026-01-23,HEKTS,dip,3.1,0.119,3.12,4142.0,2026-01-26,3.2136,hedef,2.97,123.0,3.85,
2026-01-23,IHLAS,dip,3.5,0.157,2.39,4142.0,2026-01-23,2.4617,hedef,2.97,123.0,4.18,
2026-01-23,IHYAY,dip,7.0,0.067,2.01,4142.0,2026-01-23,2.0703,hedef,2.97,123.0,3.48,
2026-01-23,KLKIM,kirilim,3.5,1.068,39.82,4142.0,2026-01-23,41.0146,hedef,2.97,123.0,3.21,
2026-01-23,TUREX,dip,3.6,0.02,7.77,4142.0,2026-01-27,8.0031,hedef,2.97,123.0,3.6,
2026-01-26,ALFAS,dip,3.9,0.084,41.88,2405.0,2026-01-27,43.1364,hedef,2.97,71.0,3.49,
2026-01-26,BALSU,dip,3.7,0.159,16.08,2405.0,2026-02-03,16.5624,hedef,2.97,71.0,3.3,
2026-01-26,BEGYO,dip,3.8,0.018,4.9,2405.0,2026-02-02,4.753,stop,-3.03,-73.0,1.84,
2026-01-26,BIZIM,kirilim,6.1,0.998,30.98,2405.0,2026-01-26,31.9094,hedef,2.97,71.0,4.84,
2026-01-26,CATES,kirilim,10.5,0.98,41.04,2405.0,2026-01-26,42.2712,hedef,2.97,71.0,6.19,
2026-01-26,CEOEM,dip,3.0,0.117,23.72,2405.0,2026-01-27,24.4316,hedef,2.97,71.0,3.29,
2026-01-26,CVKMD,kirilim,3.2,1.034,34.04,2405.0,2026-01-27,35.0612,hedef,2.97,71.0,4.23,
2026-01-26,DERHL,dip,5.7,0.01,14.39,2405.0,2026-01-26,14.8217,hedef,2.97,71.0,3.68,
2026-01-26,ELITE,dip,3.7,0.152,30.22,2405.0,2026-01-30,31.1266,hedef,2.97,71.0,3.97,
2026-01-26,ESEN,dip,5.1,0.023,4.19,2405.0,2026-01-27,4.0643,stop,-3.03,-73.0,2.63,
2026-01-26,GENIL,dip,4.3,0.111,8.1733,2405.0,2026-01-26,8.4184,hedef,2.97,71.0,4.32,
2026-01-26,KERVN,dip,5.4,0.183,2.11,2405.0,2026-01-27,2.0467,stop,-3.03,-73.0,0.0,
2026-01-26,KLYPV,dip,4.4,0.18,56.8,2405.0,2026-01-26,58.504,hedef,2.97,71.0,3.43,
2026-01-26,KRDMA,dip,6.9,0.105,27.0,2405.0,2026-01-26,27.81,hedef,2.97,71.0,3.41,
2026-01-26,MARTI,dip,3.6,0.108,1.7846,2405.0,2026-01-26,1.8381,hedef,2.97,71.0,5.04,
2026-01-26,SEKUR,dip,4.0,0.199,3.77,2405.0,2026-01-27,3.6569,stop,-3.03,-73.0,0.8,
2026-01-26,SMRTG,dip,3.4,0.087,8.0333,2405.0,2026-01-27,8.2743,hedef,2.97,71.0,4.15,
2026-01-26,TRILC,dip,7.2,0.186,2.8429,2405.0,2026-01-26,2.9282,hedef,2.97,71.0,4.39,
2026-01-26,TUREX,dip,10.0,0.02,7.79,2405.0,2026-01-27,8.0237,hedef,2.97,71.0,3.34,
2026-01-27,ALKLC,kirilim,3.1,1.051,247.9,3721.0,2026-01-27,240.463,stop,-3.03,-113.0,0.0,
2026-01-27,BAKAB,kirilim,13.1,0.983,45.62,3721.0,2026-01-27,46.9886,hedef,2.97,110.0,5.83,
2026-01-27,BEGYO,dip,3.9,0.017,4.89,3721.0,2026-02-02,4.7433,stop,-3.03,-113.0,2.04,
2026-01-27,BORSK,kirilim,4.2,1.035,7.26,3721.0,2026-01-27,7.4778,hedef,2.97,110.0,3.03,
2026-01-27,CWENE,kirilim,3.7,1.015,32.26,3721.0,2026-01-28,31.2922,stop,-3.03,-113.0,2.05,
2026-01-27,DGNMO,dip,3.0,0.127,5.27,3721.0,2026-01-27,5.4281,hedef,2.97,110.0,3.04,
2026-01-27,ESEN,dip,3.1,0.011,4.0,3721.0,2026-01-28,4.12,hedef,2.97,110.0,3.25,
2026-01-27,GENIL,dip,3.4,0.16,8.5866,3721.0,2026-01-27,8.329,stop,-3.03,-113.0,0.0,
2026-01-27,MEGMT,kirilim,3.9,0.996,64.6,3721.0,2026-01-28,66.538,hedef,2.97,110.0,6.04,
2026-01-27,OTTO,dip,3.1,0.137,322.0,3721.0,2026-01-28,331.66,hedef,2.97,110.0,7.3,
2026-01-27,SANFM,dip,24.7,0.175,7.97,3721.0,2026-01-27,7.7309,stop,-3.03,-113.0,0.0,
2026-01-27,SERNT,dip,4.2,0.104,8.52,3721.0,2026-01-28,8.7756,hedef,2.97,110.0,3.52,
2026-01-27,TKFEN,dip,3.1,0.145,74.1,3721.0,2026-01-28,76.323,hedef,2.97,110.0,3.24,
2026-01-27,TOASO,kirilim,3.4,1.022,310.0,3721.0,2026-01-29,319.3,hedef,2.97,110.0,3.06,
2026-01-27,TUREX,dip,7.9,0.029,8.15,3721.0,2026-01-28,7.9055,stop,-3.03,-113.0,1.72,
2026-01-28,ALFAS,dip,4.3,0.125,43.48,3408.0,2026-01-30,42.1756,stop,-3.03,-103.0,0.6,
2026-01-28,ALVES,kirilim,15.1,0.956,4.15,3408.0,2026-01-29,4.2745,hedef,2.97,101.0,9.64,
2026-01-28,ATLAS,kirilim,7.2,0.892,6.78,3408.0,2026-01-28,6.9834,hedef,2.97,101.0,8.26,
2026-01-28,BORSK,kirilim,3.1,0.923,7.26,3408.0,2026-01-28,7.0422,stop,-3.03,-103.0,0.0,
2026-01-28,CMBTN,dip,3.2,0.165,1976.0,3408.0,2026-01-30,1916.72,stop,-3.03,-103.0,0.35,
2026-01-28,CVKMD,kirilim,3.4,1.063,39.7,3408.0,2026-01-28,38.509,stop,-3.03,-103.0,0.6,
2026-01-28,EGEGY,kirilim,3.3,1.029,32.5,3408.0,2026-01-28,31.525,stop,-3.03,-103.0,0.0,
2026-01-28,ENKAI,kirilim,3.5,1.059,87.55,3408.0,2026-01-28,90.1765,hedef,2.97,101.0,3.2,
2026-01-28,ERBOS,kirilim,6.8,1.008,212.8,3408.0,2026-01-29,219.184,hedef,2.97,101.0,3.2,
2026-01-28,ESCAR,dip,10.3,0.11,25.06,3408.0,2026-01-28,25.8118,hedef,2.97,101.0,3.99,
2026-01-28,MEGMT,kirilim,3.9,0.991,67.65,3408.0,2026-01-28,65.6205,stop,-3.03,-103.0,1.11,
2026-01-28,OTTO,dip,3.5,0.172,332.75,3408.0,2026-01-28,322.7675,stop,-3.03,-103.0,1.5,
2026-01-28,PRKAB,kirilim,4.0,1.056,48.78,3408.0,2026-01-28,50.2434,hedef,2.97,101.0,3.32,
2026-01-28,REEDR,dip,4.3,0.083,7.14,3408.0,2026-01-28,7.3542,hedef,2.97,101.0,4.9,
2026-01-28,SANFM,dip,6.0,0.148,7.49,3408.0,2026-01-28,7.7147,hedef,2.97,101.0,3.2,
2026-01-28,SERNT,dip,4.8,0.126,8.76,3408.0,2026-01-28,8.4972,stop,-3.03,-103.0,0.0,
2026-01-28,TUREX,dip,5.3,0.031,8.27,3408.0,2026-01-28,8.0219,stop,-3.03,-103.0,0.0,
2026-01-28,VSNMD,dip,3.3,0.064,93.3,3408.0,2026-01-28,90.501,stop,-3.03,-103.0,0.64,
2026-01-29,ALCAR,dip,4.8,0.146,896.0,4345.0,2026-02-02,869.12,stop,-3.03,-132.0,1.23,
2026-01-29,BANVT,dip,3.0,0.101,173.9,4345.0,2026-02-02,168.683,stop,-3.03,-132.0,0.92,
2026-01-29,BIGEN,dip,7.3,0.107,9.69,4345.0,2026-01-29,9.3993,stop,-3.03,-132.0,0.21,
2026-01-29,CVKMD,kirilim,3.6,0.977,39.2,4345.0,2026-01-29,40.376,hedef,2.97,129.0,3.01,
2026-01-29,DOHOL,kirilim,34.0,1.02,21.92,4345.0,2026-01-30,21.2624,stop,-3.03,-132.0,0.36,
2026-01-29,ENKAI,kirilim,3.2,1.002,92.2,4345.0,2026-01-29,94.966,hedef,2.97,129.0,3.15,
2026-01-29,ERBOS,kirilim,10.8,1.0,215.0,4345.0,2026-01-30,208.55,stop,-3.03,-132.0,0.88,
2026-01-29,GENIL,dip,6.0,0.153,8.5266,4345.0,2026-01-29,8.7824,hedef,2.97,129.0,3.75,
2026-01-29,ISFIN,kirilim,51.2,1.027,20.84,4345.0,2026-01-29,21.4652,hedef,2.97,129.0,3.26,
2026-01-29,KONTR,dip,3.2,0.023,9.76,4345.0,2026-01-29,10.0528,hedef,2.97,129.0,5.53,
2026-01-29,KRGYO,dip,3.1,0.122,3.05,4345.0,2026-02-03,3.1415,hedef,2.97,129.0,3.28,
2026-01-29,KZGYO,kirilim,4.3,0.962,27.9,4345.0,2026-01-29,27.063,stop,-3.03,-132.0,0.57,
2026-01-29,MEGMT,kirilim,4.0,0.989,68.0,4345.0,2026-01-29,70.04,hedef,2.97,129.0,5.88,
2026-01-29,SISE,kirilim,3.9,1.117,45.64,4345.0,2026-01-30,47.0092,hedef,2.97,129.0,4.86,
2026-01-29,SMRTG,dip,5.1,0.174,8.72,4345.0,2026-01-30,8.4584,stop,-3.03,-132.0,0.11,
2026-01-29,TRCAS,kirilim,4.4,1.014,47.34,4345.0,2026-02-03,48.7602,hedef,2.97,129.0,3.08,
2026-01-29,YBTAS,dip,3.7,-0.005,19.5,4345.0,2026-02-02,18.915,stop,-3.03,-132.0,0.0,
2026-01-30,A1CAP,kirilim,3.4,1.031,15.69,4612.0,2026-01-30,15.2193,stop,-3.03,-140.0,0.64,
2026-01-30,DERHL,dip,3.8,0.01,14.31,4612.0,2026-01-30,14.7393,hedef,2.97,137.0,3.63,
2026-01-30,GATEG,kirilim,64.2,1.05,370.0,4612.0,2026-01-30,358.9,stop,-3.03,-140.0,0.0,
2026-01-30,GENIL,dip,51.1,0.169,8.6532,4612.0,2026-01-30,8.3936,stop,-3.03,-140.0,0.0,
2026-01-30,INTEK,dip,4.6,0.122,297.0,4612.0,2026-01-30,288.09,stop,-3.03,-140.0,0.0,
2026-01-30,ISFIN,kirilim,4.9,1.011,21.74,4612.0,2026-02-02,21.0878,stop,-3.03,-140.0,0.0,
2026-01-30,MARTI,dip,4.4,0.162,1.8616,4612.0,2026-02-02,1.8058,stop,-3.03,-140.0,0.34,
2026-01-30,ORGE,dip,4.1,0.195,73.65,4612.0,2026-01-30,71.4405,stop,-3.03,-140.0,0.0,
2026-01-30,SKBNK,kirilim,3.6,1.067,8.93,4612.0,2026-02-05,9.1979,hedef,2.97,137.0,5.15,
2026-01-30,VESTL,dip,4.0,0.086,31.48,4612.0,2026-02-02,30.5356,stop,-3.03,-140.0,0.64,
2026-02-02,ALFAS,dip,5.0,0.055,40.06,3808.0,2026-02-04,41.2618,hedef,2.97,113.0,11.83,
2026-02-02,BYDNR,kirilim,5.3,0.977,34.04,3808.0,2026-02-02,33.0188,stop,-3.03,-115.0,3.41,
2026-02-02,GENIL,dip,14.7,0.129,8.3466,3808.0,2026-02-03,8.0962,stop,-3.03,-115.0,1.04,
2026-02-02,GSRAY,dip,4.0,0.082,1.19,3808.0,2026-02-09,1.2257,hedef,2.97,113.0,3.36,
2026-02-02,HUNER,dip,7.5,0.067,3.2,3808.0,2026-02-02,3.296,hedef,2.97,113.0,3.12,
2026-02-02,IHLAS,dip,4.6,0.111,2.27,3808.0,2026-02-02,2.3381,hedef,2.97,113.0,3.96,
2026-02-02,KNFRT,dip,4.5,0.158,11.84,3808.0,2026-02-03,12.1952,hedef,2.97,113.0,3.8,
2026-02-02,KONYA,dip,5.0,0.043,4500.0,3808.0,2026-02-16,4635.0,hedef,2.97,113.0,3.78,
2026-02-02,KRDMA,dip,3.2,0.135,28.0,3808.0,2026-02-02,27.16,stop,-3.03,-115.0,0.0,
2026-02-02,MACKO,dip,3.5,0.187,27.9,3808.0,2026-02-03,28.737,hedef,2.97,113.0,3.87,
2026-02-02,SANFM,dip,3.0,0.141,7.32,3808.0,2026-02-02,7.5396,hedef,2.97,113.0,3.01,
2026-02-02,SMRTG,dip,6.2,0.07,7.9,3808.0,2026-02-04,8.137,hedef,2.97,113.0,10.0,
2026-02-02,TEZOL,dip,6.5,0.117,12.78,3808.0,2026-02-04,13.1634,hedef,2.97,113.0,4.85,
2026-02-02,VESBE,dip,3.9,0.076,8.24,3808.0,2026-02-02,7.9928,stop,-3.03,-115.0,0.0,
2026-02-03,AEFES,kirilim,3.1,1.035,20.12,6855.0,2026-02-12,20.7236,hedef,2.97,203.0,3.18,
2026-02-03,BALSU,dip,3.1,0.185,16.45,6855.0,2026-02-04,16.9435,hedef,2.97,203.0,5.9,
2026-02-03,DERHL,dip,11.1,0.018,15.74,6855.0,2026-02-03,16.2122,hedef,2.97,203.0,3.75,
2026-02-03,DGNMO,dip,3.1,0.133,5.24,6855.0,2026-02-05,5.0828,stop,-3.03,-208.0,0.95,
2026-02-03,EUYO,kirilim,4.5,1.084,5.7033,6855.0,2026-02-03,5.5322,stop,-3.03,-208.0,0.06,
2026-02-03,MGROS,kirilim,5.8,0.95,643.0,6855.0,2026-02-03,662.29,hedef,2.97,203.0,3.11,
2026-02-03,SEGMN,kirilim,5.1,1.107,42.34,6855.0,2026-02-04,43.6102,hedef,2.97,203.0,9.97,
2026-02-03,TABGD,kirilim,3.1,0.944,268.5,6855.0,2026-02-04,260.445,stop,-3.03,-208.0,0.56,
2026-02-04,AKFYE,kirilim,3.7,0.975,21.32,2733.0,2026-02-05,20.6804,stop,-3.03,-83.0,2.44,
2026-02-04,ALFAS,dip,17.3,0.182,44.8,2733.0,2026-02-04,43.456,stop,-3.03,-83.0,0.0,
2026-02-04,BIGEN,dip,5.6,0.164,10.3,2733.0,2026-02-04,9.991,stop,-3.03,-83.0,0.0,
2026-02-04,CMBTN,dip,5.4,0.108,1903.0,2733.0,2026-02-09,1960.09,hedef,2.97,81.0,5.1,
2026-02-04,DERHL,dip,7.3,0.028,17.31,2733.0,2026-02-04,17.8293,hedef,2.97,81.0,4.74,
2026-02-04,ESCAR,dip,13.0,0.142,27.0,2733.0,2026-02-09,27.81,hedef,2.97,81.0,3.04,
2026-02-04,EUPWR,kirilim,3.4,0.991,43.5,2733.0,2026-02-04,42.195,stop,-3.03,-83.0,0.0,
2026-02-04,GESAN,kirilim,10.5,1.185,60.7,2733.0,2026-02-04,58.879,stop,-3.03,-83.0,0.0,
2026-02-04,GLYHO,kirilim,3.4,1.02,15.91,2733.0,2026-02-05,15.4327,stop,-3.03,-83.0,0.0,
2026-02-04,GRTHO,dip,3.7,0.161,237.7,2733.0,2026-02-05,230.569,stop,-3.03,-83.0,2.36,
2026-02-04,IEYHO,kirilim,3.0,0.996,77.05,2733.0,2026-02-05,79.3615,hedef,2.97,81.0,3.44,
2026-02-04,KONTR,dip,7.8,0.033,9.86,2733.0,2026-02-04,10.1558,hedef,2.97,81.0,3.75,
2026-02-04,RAYSG,dip,10.0,0.067,227.2,2733.0,2026-02-06,220.384,stop,-3.03,-83.0,0.22,
2026-02-04,SKYMD,dip,9.6,0.141,12.45,2733.0,2026-02-06,12.0765,stop,-3.03,-83.0,0.0,
2026-02-04,SMART,dip,3.3,0.113,23.1,2733.0,2026-02-10,23.793,hedef,2.97,81.0,3.2,
2026-02-04,SMRTG,dip,9.3,0.175,8.69,2733.0,2026-02-04,8.4293,stop,-3.03,-83.0,0.0,
2026-02-05,ADESE,dip,7.1,0.168,1.06,6425.0,2026-02-05,1.0918,hedef,2.97,191.0,8.49,
2026-02-05,DERHL,dip,3.9,0.019,15.8,6425.0,2026-02-05,15.326,stop,-3.03,-195.0,0.0,
2026-02-05,DYOBY,dip,6.2,0.126,14.19,6425.0,2026-02-05,14.6157,hedef,2.97,191.0,4.72,
2026-02-05,KBORU,kirilim,4.2,1.0,18.02,6425.0,2026-02-05,18.5606,hedef,2.97,191.0,3.77,
2026-02-05,KONTR,dip,3.3,0.089,10.48,6425.0,2026-02-06,10.1656,stop,-3.03,-195.0,2.29,
2026-02-05,SISE,kirilim,3.9,0.988,47.96,6425.0,2026-02-06,46.5212,stop,-3.03,-195.0,0.75,
2026-02-05,TUREX,dip,3.7,0.015,7.57,6425.0,2026-02-06,7.3429,stop,-3.03,-195.0,0.0,
2026-02-05,VSNMD,dip,3.0,0.067,95.65,6425.0,2026-02-05,98.5195,hedef,2.97,191.0,3.08,
2026-02-06,ALCAR,dip,3.4,0.12,880.5,7836.0,2026-02-06,906.915,hedef,2.97,232.0,3.01,
2026-02-06,BAYRK,dip,3.8,0.192,4.76,7836.0,2026-02-06,4.6172,stop,-3.03,-238.0,0.0,
2026-02-06,ERCB,dip,3.3,-0.013,62.3,7836.0,2026-02-16,64.169,hedef,2.97,232.0,3.13,
2026-02-06,LINK,dip,5.4,0.057,5.7536,7836.0,2026-02-06,5.9262,hedef,2.97,232.0,3.65,
2026-02-06,MARKA,dip,3.6,0.045,35.3,7836.0,2026-02-09,36.359,hedef,2.97,232.0,4.59,
2026-02-06,TEZOL,dip,4.6,0.144,13.06,7836.0,2026-02-06,13.4518,hedef,2.97,232.0,4.13,
2026-02-06,VSNMD,dip,3.5,0.07,98.15,7836.0,2026-02-09,101.0945,hedef,2.97,232.0,3.11,
2026-02-09,ARENA,dip,34.3,0.072,28.1,4143.0,2026-02-16,28.943,hedef,2.97,123.0,3.35,
2026-02-09,BANVT,dip,5.1,0.076,168.7,4143.0,2026-02-09,173.761,hedef,2.97,123.0,3.14,
2026-02-09,BERA,kirilim,5.8,0.992,19.75,4143.0,2026-02-09,20.3425,hedef,2.97,123.0,4.91,
2026-02-09,CMBTN,dip,4.4,0.117,1915.0,4143.0,2026-02-09,1972.45,hedef,2.97,123.0,3.66,
2026-02-09,EBEBK,kirilim,5.8,0.937,62.2,4143.0,2026-02-17,64.066,hedef,2.97,123.0,3.86,
2026-02-09,EDATA,kirilim,3.3,1.005,10.0,4143.0,2026-02-09,10.3,hedef,2.97,123.0,3.4,
2026-02-09,EMKEL,dip,11.4,0.062,22.58,4143.0,2026-02-09,21.9026,stop,-3.03,-126.0,2.75,
2026-02-09,GRTHO,dip,10.4,0.151,251.75,4143.0,2026-02-09,244.1975,stop,-3.03,-126.0,0.89,
2026-02-09,GSRAY,dip,3.6,0.115,1.21,4143.0,2026-02-13,1.2463,hedef,2.97,123.0,3.31,
2026-02-09,MERCN,dip,5.8,0.127,17.99,4143.0,2026-02-10,18.5297,hedef,2.97,123.0,3.34,
2026-02-09,SUWEN,dip,17.5,0.105,8.7,4143.0,2026-02-11,8.961,hedef,2.97,123.0,3.79,
2026-02-09,TEKTU,dip,13.7,0.195,9.31,4143.0,2026-02-09,9.5893,hedef,2.97,123.0,5.37,
2026-02-09,VSNMD,dip,3.7,0.068,97.2,4143.0,2026-02-10,100.116,hedef,2.97,123.0,4.01,
2026-02-09,YUNSA,kirilim,4.6,1.048,9.99,4143.0,2026-02-10,10.2897,hedef,2.97,123.0,3.1,
2026-02-10,BEGYO,dip,3.1,0.008,4.74,3670.0,2026-02-13,4.8822,hedef,2.97,109.0,3.59,
2026-02-10,BERA,kirilim,5.8,0.981,21.5,3670.0,2026-02-10,22.145,hedef,2.97,109.0,3.26,
2026-02-10,BIGEN,dip,3.5,0.175,10.42,3670.0,2026-02-10,10.7326,hedef,2.97,109.0,3.17,
2026-02-10,CMBTN,dip,5.1,0.16,1970.0,3670.0,2026-02-10,2029.1,hedef,2.97,109.0,4.31,
2026-02-10,GZNMI,dip,3.1,0.025,48.84,3670.0,2026-02-10,50.3052,hedef,2.97,109.0,7.6,
2026-02-10,MANAS,kirilim,4.2,1.008,11.6,3670.0,2026-02-10,11.948,hedef,2.97,109.0,6.12,
2026-02-10,MARKA,dip,4.3,0.05,35.48,3670.0,2026-02-10,36.5444,hedef,2.97,109.0,5.02,
2026-02-10,MERCN,dip,6.0,0.141,18.57,3670.0,2026-02-10,19.1271,hedef,2.97,109.0,7.43,
2026-02-10,OBAMS,dip,3.0,0.183,7.89,3670.0,2026-02-11,7.6533,stop,-3.03,-111.0,1.14,
2026-02-10,PKENT,dip,4.8,0.097,159.6,3670.0,2026-02-10,164.388,hedef,2.97,109.0,3.38,
2026-02-10,RAYSG,dip,4.6,0.129,233.8,3670.0,2026-02-16,226.786,stop,-3.03,-111.0,2.57,
2026-02-10,SMART,dip,3.0,0.12,23.2,3670.0,2026-02-10,23.896,hedef,2.97,109.0,3.53,
2026-02-10,VAKBN,kirilim,4.2,0.99,37.7,3670.0,2026-02-10,36.569,stop,-3.03,-111.0,0.48,
2026-02-10,VSNMD,dip,3.7,0.069,97.7,3670.0,2026-02-10,94.769,stop,-3.03,-111.0,0.36,
2026-02-10,YAPRK,dip,3.4,0.051,13.0,3670.0,2026-02-10,13.39,hedef,2.97,109.0,3.3,
2026-02-11,CEOEM,dip,3.1,0.1,23.34,4655.0,2026-02-16,24.0402,hedef,2.97,138.0,3.68,
2026-02-11,DYOBY,dip,11.9,0.199,15.39,4655.0,2026-02-11,15.8517,hedef,2.97,138.0,3.44,
2026-02-11,DZGYO,kirilim,3.5,1.074,9.7,4655.0,2026-02-12,9.991,hedef,2.97,138.0,6.91,
2026-02-11,EGEEN,dip,3.4,0.154,7402.5,4655.0,2026-02-19,7180.425,stop,-3.03,-141.0,1.86,
2026-02-11,GIPTA,dip,3.1,0.151,61.45,4655.0,2026-02-11,63.2935,hedef,2.97,138.0,3.34,
2026-02-11,GRTHO,dip,6.9,0.16,265.0,4655.0,2026-02-11,257.05,stop,-3.03,-141.0,0.0,
2026-02-11,GZNMI,dip,7.8,0.044,54.3,4655.0,2026-02-11,52.671,stop,-3.03,-141.0,3.31,
2026-02-11,JANTS,dip,6.1,0.126,20.04,4655.0,2026-02-18,20.6412,hedef,2.97,138.0,3.29,
2026-02-11,MARKA,dip,11.6,0.155,39.6,4655.0,2026-02-11,38.412,stop,-3.03,-141.0,0.0,
2026-02-11,MERCN,dip,4.8,0.178,20.02,4655.0,2026-02-11,19.4194,stop,-3.03,-141.0,1.2,
2026-02-11,PKENT,dip,40.0,0.153,169.8,4655.0,2026-02-11,174.894,hedef,2.97,138.0,4.65,
2026-02-11,RAYSG,dip,3.2,0.13,233.6,4655.0,2026-02-16,226.592,stop,-3.03,-141.0,0.26,
2026-02-11,TTRAK,dip,3.0,0.137,559.0,4655.0,2026-02-19,542.23,stop,-3.03,-141.0,1.52,
2026-02-12,KAYSE,kirilim,3.3,0.97,5.36,8053.0,2026-02-12,5.1992,stop,-3.03,-244.0,0.19,
2026-02-12,KONTR,dip,3.3,0.121,10.84,8053.0,2026-02-12,11.1652,hedef,2.97,239.0,3.14,
2026-02-12,ODINE,kirilim,83.7,0.937,346.0,8053.0,2026-02-12,356.38,hedef,2.97,239.0,5.2,
2026-02-12,VSNMD,dip,13.1,0.064,93.95,8053.0,2026-02-12,96.7685,hedef,2.97,239.0,4.2,
2026-02-12,YAPRK,dip,3.1,0.073,13.6905,8053.0,2026-02-12,14.1012,hedef,2.97,239.0,3.22,
2026-02-13,AGHOL,kirilim,4.3,1.021,36.56,4402.0,2026-02-13,35.4632,stop,-3.03,-134.0,0.0,
2026-02-13,BIENY,dip,11.1,0.164,27.46,4402.0,2026-02-16,26.6362,stop,-3.03,-134.0,2.62,
2026-02-13,DURKN,kirilim,4.0,1.076,21.26,4402.0,2026-02-13,21.8978,hedef,2.97,131.0,3.01,
2026-02-13,EGEPO,kirilim,3.3,0.99,11.79,4402.0,2026-02-13,11.4363,stop,-3.03,-134.0,0.0,
2026-02-13,ENJSA,kirilim,3.4,1.046,115.4,4402.0,2026-02-13,111.938,stop,-3.03,-134.0,0.0,
2026-02-13,GEREL,kirilim,9.0,1.004,27.44,4402.0,2026-02-13,26.6168,stop,-3.03,-134.0,0.58,
2026-02-13,GZNMI,dip,12.4,0.056,57.7,4402.0,2026-02-13,59.431,hedef,2.97,131.0,7.02,
2026-02-13,KARTN,dip,3.2,0.183,83.55,4402.0,2026-02-19,81.0435,stop,-3.03,-134.0,2.45,
2026-02-13,KIMMR,kirilim,3.1,0.993,17.43,4402.0,2026-02-13,17.9529,hedef,2.97,131.0,4.3,
2026-02-13,QUAGR,dip,8.8,0.071,3.09,4402.0,2026-02-13,3.1827,hedef,2.97,131.0,7.77,
2026-02-13,TUREX,dip,3.4,0.027,8.09,4402.0,2026-02-16,8.3327,hedef,2.97,131.0,3.58,
2026-02-13,YAPRK,dip,25.9,0.093,14.3333,4402.0,2026-02-13,14.7633,hedef,2.97,131.0,7.56,
2026-02-16,AKFIS,kirilim,13.2,0.836,25.6,1593.0,2026-02-16,26.368,hedef,2.97,47.0,5.08,
2026-02-16,ALBRK,kirilim,19.3,1.043,10.25,1593.0,2026-02-19,9.9425,stop,-3.03,-48.0,2.15,
2026-02-16,ALTNY,dip,4.4,0.192,16.21,1593.0,2026-02-17,16.6963,hedef,2.97,47.0,3.08,
2026-02-16,ASUZU,kirilim,7.5,0.985,67.0,1593.0,2026-02-16,69.01,hedef,2.97,47.0,4.63,
2026-02-16,BIENY,dip,6.7,0.155,27.2,1593.0,2026-02-17,26.384,stop,-3.03,-48.0,2.94,
2026-02-16,BORLS,dip,4.3,0.012,2.95,1593.0,2026-02-17,3.0385,hedef,2.97,47.0,4.41,
2026-02-16,CEOEM,dip,6.7,0.091,23.12,1593.0,2026-02-16,23.8136,hedef,2.97,47.0,3.2,
2026-02-16,CIMSA,kirilim,4.5,0.942,55.0,1593.0,2026-02-18,56.65,hedef,2.97,47.0,3.91,
2026-02-16,EKGYO,kirilim,5.0,1.028,26.52,1593.0,2026-02-17,25.7244,stop,-3.03,-48.0,1.81,
2026-02-16,ESCOM,kirilim,3.0,1.017,4.03,1593.0,2026-02-19,3.9091,stop,-3.03,-48.0,1.99,
2026-02-16,FADE,kirilim,8.2,1.027,17.65,1593.0,2026-02-16,17.1205,stop,-3.03,-48.0,1.98,
2026-02-16,FENER,dip,3.8,0.109,3.32,1593.0,2026-02-19,3.2204,stop,-3.03,-48.0,1.81,
2026-02-16,GSRAY,dip,5.4,0.148,1.23,1593.0,2026-02-18,1.2669,hedef,2.97,47.0,3.25,
2026-02-16,GZNMI,dip,12.1,0.081,65.05,1593.0,2026-02-16,67.0015,hedef,2.97,47.0,4.38,
2026-02-16,HATEK,dip,4.2,0.068,15.64,1593.0,2026-02-16,16.1092,hedef,2.97,47.0,5.12,
2026-02-16,HLGYO,kirilim,8.0,1.056,5.0,1593.0,2026-02-17,5.15,hedef,2.97,47.0,3.0,
2026-02-16,IHLAS,dip,14.3,0.184,2.46,1593.0,2026-02-16,2.3862,stop,-3.03,-48.0,0.0,
2026-02-16,IHYAY,dip,16.3,0.065,1.98,1593.0,2026-02-19,1.9206,stop,-3.03,-48.0,1.52,
2026-02-16,JANTS,dip,3.4,0.155,20.4,1593.0,2026-02-19,19.788,stop,-3.03,-48.0,1.47,
2026-02-16,KLSYN,kirilim,3.2,1.027,9.36,1593.0,2026-02-16,9.6408,hedef,2.97,47.0,3.42,
2026-02-16,KONYA,dip,3.6,0.117,4670.0,1593.0,2026-02-16,4810.1,hedef,2.97,47.0,4.18,
2026-02-16,KRGYO,dip,3.9,0.183,3.29,1593.0,2026-02-19,3.1913,stop,-3.03,-48.0,2.13,
2026-02-16,MERCN,dip,4.1,0.165,19.5,1593.0,2026-02-18,18.915,stop,-3.03,-48.0,0.77,
2026-02-16,OZKGY,kirilim,12.7,1.017,16.11,1593.0,2026-02-19,15.6267,stop,-3.03,-48.0,2.3,
2026-02-16,OZRDN,kirilim,3.8,1.127,22.8,1593.0,2026-02-17,23.484,hedef,2.97,47.0,6.05,
2026-02-16,QUAGR,dip,13.3,0.111,3.47,1593.0,2026-02-16,3.5741,hedef,2.97,47.0,3.17,
2026-02-16,SANFM,dip,5.3,0.152,7.38,1593.0,2026-02-17,7.6014,hedef,2.97,47.0,3.39,
2026-02-16,TRGYO,kirilim,3.8,1.04,88.0,1593.0,2026-02-19,85.36,stop,-3.03,-48.0,0.91,
2026-02-16,UNLU,kirilim,3.6,1.088,18.67,1593.0,2026-02-16,18.1099,stop,-3.03,-48.0,0.43,
2026-02-16,YAPRK,dip,22.6,0.138,15.7619,1593.0,2026-02-16,15.289,stop,-3.03,-48.0,0.38,
2026-02-17,ASUZU,kirilim,3.9,1.04,71.75,4402.0,2026-02-18,69.5975,stop,-3.03,-134.0,0.35,
2026-02-17,BORLS,dip,5.0,0.016,3.09,4402.0,2026-02-17,2.9973,stop,-3.03,-134.0,2.59,
2026-02-17,BULGS,kirilim,4.3,1.017,52.8,4402.0,2026-02-18,54.384,hedef,2.97,131.0,3.03,
2026-02-17,CEOEM,dip,4.0,0.129,24.0,4402.0,2026-02-17,23.28,stop,-3.03,-134.0,0.0,
2026-02-17,DGNMO,dip,4.1,0.186,5.35,4402.0,2026-02-18,5.1895,stop,-3.03,-134.0,0.75,
2026-02-17,DSTKF,kirilim,3.3,0.994,987.5,4402.0,2026-02-17,1017.125,hedef,2.97,131.0,3.09,
2026-02-17,GIPTA,dip,3.3,0.162,66.15,4402.0,2026-02-18,68.1345,hedef,2.97,131.0,4.16,
2026-02-17,GZNMI,dip,4.0,0.097,69.65,4402.0,2026-02-17,67.5605,stop,-3.03,-134.0,0.0,
2026-02-17,HATEK,dip,50.9,0.14,17.09,4402.0,2026-02-17,17.6027,hedef,2.97,131.0,5.27,
2026-02-17,KAYSE,kirilim,13.4,1.011,5.57,4402.0,2026-02-17,5.7371,hedef,2.97,131.0,3.05,
2026-02-17,KLSYN,kirilim,3.6,1.023,9.79,4402.0,2026-02-17,9.4963,stop,-3.03,-134.0,1.63,
2026-02-17,ODINE,kirilim,5.3,1.053,417.5,4402.0,2026-02-17,430.025,hedef,2.97,131.0,4.55,
2026-02-17,RAYSG,dip,3.9,0.148,237.0,4402.0,2026-02-17,244.11,hedef,2.97,131.0,7.28,
2026-02-18,AYEN,kirilim,6.8,0.962,32.26,3686.0,2026-02-18,31.2922,stop,-3.03,-112.0,2.67,
2026-02-18,BASGZ,kirilim,3.5,1.049,49.42,3686.0,2026-02-18,50.9026,hedef,2.97,109.0,4.51,
2026-02-18,BRISA,kirilim,3.6,1.082,101.7,3686.0,2026-02-19,98.649,stop,-3.03,-112.0,1.67,
2026-02-18,CRFSA,kirilim,3.1,1.056,144.4,3686.0,2026-02-18,140.068,stop,-3.03,-112.0,0.28,
2026-02-18,DURKN,kirilim,3.0,0.889,23.46,3686.0,2026-02-19,24.1638,hedef,2.97,109.0,4.09,
2026-02-18,ESCAR,dip,3.1,0.115,25.36,3686.0,2026-02-19,24.5992,stop,-3.03,-112.0,0.47,
2026-02-18,FADE,kirilim,4.4,0.984,17.9,3686.0,2026-02-18,17.363,stop,-3.03,-112.0,0.45,
2026-02-18,GUNDG,kirilim,3.6,1.136,335.25,3686.0,2026-02-18,325.1925,stop,-3.03,-112.0,2.16,
2026-02-18,HATEK,dip,3.5,0.133,16.95,3686.0,2026-02-18,16.4415,stop,-3.03,-112.0,0.0,
2026-02-18,KONTR,dip,5.7,0.084,10.42,3686.0,2026-02-19,10.1074,stop,-3.03,-112.0,1.73,
2026-02-18,MOGAN,kirilim,27.4,1.274,11.6,3686.0,2026-02-18,11.252,stop,-3.03,-112.0,0.0,
2026-02-18,ORGE,dip,5.5,0.197,73.75,3686.0,2026-02-18,75.9625,hedef,2.97,109.0,3.05,
2026-02-18,OYYAT,kirilim,13.0,1.034,64.05,3686.0,2026-02-18,62.1285,stop,-3.03,-112.0,1.48,
2026-02-18,TATGD,kirilim,21.6,1.096,16.7,3686.0,2026-02-18,17.201,hedef,2.97,109.0,4.55,
2026-02-18,VSNMD,dip,3.1,0.061,93.5,3686.0,2026-02-19,90.695,stop,-3.03,-112.0,2.51,
2026-02-19,ADESE,dip,3.4,0.196,1.18,10604.0,2026-02-20,1.1446,stop,-3.03,-322.0,0.0,
2026-02-19,BIENY,dip,4.9,0.104,25.72,10604.0,2026-02-19,24.9484,stop,-3.03,-322.0,0.0,
2026-02-19,KRGYO,dip,3.6,0.188,3.31,10604.0,2026-02-19,3.2107,stop,-3.03,-322.0,0.0,
2026-02-19,NIBAS,kirilim,6.1,0.984,5.7,10604.0,2026-02-19,5.871,hedef,2.97,315.0,5.26,
2026-02-19,OYAYO,kirilim,4.4,1.055,65.25,10604.0,2026-02-19,63.2925,stop,-3.03,-322.0,1.92,
2026-02-19,VSNMD,dip,7.9,0.059,93.0,10604.0,2026-02-19,95.79,hedef,2.97,315.0,3.06,
2026-02-20,ADESE,dip,4.5,0.185,1.13,12054.0,2026-02-20,1.1639,hedef,2.97,358.0,6.19,
2026-02-20,ARASE,kirilim,3.5,1.014,89.55,12054.0,2026-02-20,86.8635,stop,-3.03,-366.0,0.0,
2026-02-20,EMKEL,dip,3.8,0.051,21.68,12054.0,2026-02-20,21.0296,stop,-3.03,-366.0,0.0,
2026-02-20,GUNDG,kirilim,7.7,1.077,375.75,12054.0,2026-02-23,387.0225,hedef,2.97,358.0,6.05,
2026-02-20,ISKPL,kirilim,3.7,0.913,12.03,12054.0,2026-02-20,12.3909,hedef,2.97,358.0,6.15,
2026-02-20,KONYA,dip,5.0,0.041,4495.0,12054.0,2026-02-27,4360.15,stop,-3.03,-366.0,1.28,
2026-02-20,KZGYO,kirilim,5.9,0.945,27.88,12054.0,2026-02-20,27.0436,stop,-3.03,-366.0,0.0,
2026-02-20,TATGD,kirilim,5.6,1.031,19.38,12054.0,2026-02-20,18.7986,stop,-3.03,-366.0,0.26,
2026-02-23,BJKAS,dip,3.5,0.038,1.61,7442.0,2026-02-23,1.5617,stop,-3.03,-226.0,0.0,
2026-02-23,ESCAR,dip,3.4,0.128,26.14,7442.0,2026-02-24,26.9242,hedef,2.97,221.0,3.14,
2026-02-23,ESCOM,kirilim,11.6,1.168,4.43,7442.0,2026-02-24,4.5629,hedef,2.97,221.0,8.35,
2026-02-23,FENER,dip,4.7,0.113,3.33,7442.0,2026-02-23,3.4299,hedef,2.97,221.0,3.3,
2026-02-23,HEDEF,kirilim,4.6,0.957,60.4331,7442.0,2026-02-23,62.2461,hedef,2.97,221.0,4.3,
2026-02-23,MANAS,kirilim,8.3,1.007,12.8,7442.0,2026-02-23,12.416,stop,-3.03,-226.0,0.0,
2026-02-23,OYAYO,kirilim,4.4,0.945,64.5,7442.0,2026-02-23,66.435,hedef,2.97,221.0,3.57,
2026-02-23,OYYAT,kirilim,3.0,1.048,67.95,7442.0,2026-02-24,69.9885,hedef,2.97,221.0,5.37,
2026-02-23,SOKE,kirilim,3.3,0.945,13.68,7442.0,2026-02-24,13.2696,stop,-3.03,-226.0,0.29,
2026-02-23,SOKM,kirilim,5.0,0.997,70.05,7442.0,2026-02-24,67.9485,stop,-3.03,-226.0,0.0,
2026-02-23,TMPOL,kirilim,3.7,0.998,465.0,7442.0,2026-02-23,478.95,hedef,2.97,221.0,3.6,
2026-02-24,A1CAP,kirilim,52.8,1.013,18.84,5749.0,2026-02-24,18.2748,stop,-3.03,-174.0,0.0,
2026-02-24,ANELE,dip,4.7,0.149,15.61,5749.0,2026-02-25,15.1417,stop,-3.03,-174.0,0.58,
2026-02-24,EUREN,dip,3.9,0.186,5.36,5749.0,2026-02-25,5.1992,stop,-3.03,-174.0,0.93,
2026-02-24,FENER,dip,7.3,0.073,3.23,5749.0,2026-02-24,3.1331,stop,-3.03,-174.0,0.0,
2026-02-24,HATEK,dip,6.1,0.134,16.98,5749.0,2026-02-24,17.4894,hedef,2.97,171.0,4.89,
2026-02-24,MAGEN,kirilim,5.3,0.999,47.06,5749.0,2026-02-24,48.4718,hedef,2.97,171.0,3.82,
2026-02-24,MEGAP,dip,3.1,0.197,3.1,5749.0,2026-02-25,3.007,stop,-3.03,-174.0,0.0,
2026-02-24,SKYMD,dip,6.3,0.195,12.59,5749.0,2026-02-24,12.9677,hedef,2.97,171.0,4.77,
2026-02-24,SUWEN,dip,3.1,0.188,9.38,5749.0,2026-02-24,9.0986,stop,-3.03,-174.0,0.0,
2026-02-24,VAKKO,kirilim,12.5,1.058,82.3,5749.0,2026-02-24,79.831,stop,-3.03,-174.0,0.0,
2026-02-25,ASUZU,kirilim,8.3,1.028,73.0,5960.0,2026-02-25,70.81,stop,-3.03,-181.0,0.0,
2026-02-25,CEOEM,dip,3.5,0.023,21.54,5960.0,2026-02-25,20.8938,stop,-3.03,-181.0,0.0,
2026-02-25,DERHL,dip,3.3,0.017,15.58,5960.0,2026-02-26,16.0474,hedef,2.97,177.0,5.65,
2026-02-25,HALKB,kirilim,5.1,1.0,51.6,5960.0,2026-02-25,50.052,stop,-3.03,-181.0,0.0,
2026-02-25,IEYHO,kirilim,3.7,0.997,82.0,5960.0,2026-02-27,84.46,hedef,2.97,177.0,4.27,
2026-02-25,NTGAZ,kirilim,9.5,0.93,12.33,5960.0,2026-02-26,11.9601,stop,-3.03,-181.0,2.92,
2026-02-25,ORGE,dip,4.2,0.137,71.05,5960.0,2026-02-27,68.9185,stop,-3.03,-181.0,0.63,
2026-02-25,OYYAT,kirilim,3.0,0.848,67.0,5960.0,2026-02-25,69.01,hedef,2.97,177.0,3.51,
2026-02-25,POLTK,dip,50.1,0.065,6010.0,5960.0,2026-02-25,6190.3,hedef,2.97,177.0,6.16,
2026-02-25,SANFM,dip,3.4,0.142,7.22,5960.0,2026-02-25,7.4366,hedef,2.97,177.0,3.46,
2026-02-25,TKNSA,dip,55.4,0.136,21.82,5960.0,2026-02-25,21.1654,stop,-3.03,-181.0,0.0,
2026-02-25,VESBE,dip,3.2,0.133,8.7,5960.0,2026-02-25,8.439,stop,-3.03,-181.0,0.0,
2026-02-25,VESTL,dip,3.1,0.124,32.56,5960.0,2026-02-25,31.5832,stop,-3.03,-181.0,0.0,
2026-02-26,CEOEM,dip,3.7,0.008,20.8,4986.0,2026-03-02,20.176,stop,-3.03,-151.0,1.73,
2026-02-26,CLEBI,dip,3.1,0.176,1756.0,4986.0,2026-02-27,1808.68,hedef,2.97,148.0,3.02,
2026-02-26,DERHL,dip,11.4,0.023,16.46,4986.0,2026-02-26,15.9662,stop,-3.03,-151.0,4.74,
2026-02-26,ESCOM,kirilim,3.3,0.917,4.99,4986.0,2026-02-26,5.1397,hedef,2.97,148.0,5.81,
2026-02-26,GSRAY,dip,3.3,0.197,1.26,4986.0,2026-02-27,1.2222,stop,-3.03,-151.0,0.0,
2026-02-26,MARTI,dip,3.1,-0.079,1.47,4986.0,2026-02-27,1.4259,stop,-3.03,-151.0,0.0,
2026-02-26,MEKAG,kirilim,3.6,1.0,6.1,4986.0,2026-02-26,6.283,hedef,2.97,148.0,4.26,
2026-02-26,RAYSG,dip,5.1,0.153,238.0,4986.0,2026-02-26,230.86,stop,-3.03,-151.0,0.63,
2026-02-26,SANFM,dip,3.7,0.157,7.47,4986.0,2026-02-26,7.6941,hedef,2.97,148.0,3.21,
2026-02-26,SUMAS,dip,7.0,0.197,270.0,4986.0,2026-03-02,261.9,stop,-3.03,-151.0,2.87,
2026-02-26,TATEN,dip,4.3,0.083,9.22,4986.0,2026-02-27,8.9434,stop,-3.03,-151.0,0.98,
2026-02-26,TRILC,dip,4.5,0.071,2.6042,4986.0,2026-02-26,2.526,stop,-3.03,-151.0,0.0,
2026-02-26,VESTL,dip,5.0,0.107,31.98,4986.0,2026-02-26,31.0206,stop,-3.03,-151.0,2.06,
2026-02-26,YAPRK,dip,6.1,0.153,16.25,4986.0,2026-02-26,15.7625,stop,-3.03,-151.0,0.0,
2026-02-27,BORLS,dip,3.0,0.012,2.97,5149.0,2026-03-02,2.8809,stop,-3.03,-156.0,0.67,
2026-02-27,ESCOM,kirilim,3.3,0.967,5.18,5149.0,2026-02-27,5.3354,hedef,2.97,153.0,3.28,
2026-02-27,KORDS,dip,3.8,0.161,51.4,5149.0,2026-03-02,49.858,stop,-3.03,-156.0,1.95,
2026-02-27,KRGYO,dip,3.4,0.102,2.97,5149.0,2026-03-02,2.8809,stop,-3.03,-156.0,1.68,
2026-02-27,MANAS,kirilim,3.3,1.057,17.84,5149.0,2026-03-02,17.3048,stop,-3.03,-156.0,0.78,
2026-02-27,MARTI,dip,3.8,-0.031,1.39,5149.0,2026-02-27,1.4317,hedef,2.97,153.0,4.32,
2026-02-27,PATEK,dip,5.8,0.177,18.61,5149.0,2026-02-27,19.1683,hedef,2.97,153.0,5.05,
2026-02-27,RYGYO,kirilim,3.0,1.091,33.98,5149.0,2026-02-27,32.9606,stop,-3.03,-156.0,0.94,
2026-02-27,SANFM,dip,3.8,0.193,8.05,5149.0,2026-02-27,7.8085,stop,-3.03,-156.0,2.24,
2026-02-27,SMART,kirilim,6.8,1.171,36.14,5149.0,2026-03-02,35.0558,stop,-3.03,-156.0,0.0,
2026-03-02,ACSEL,dip,3.6,0.023,94.05,705.0,2026-03-02,96.8715,hedef,2.97,21.0,6.96,
2026-03-02,AKENR,dip,3.7,0.196,9.9,705.0,2026-03-02,10.197,hedef,2.97,21.0,3.03,
2026-03-02,ALCAR,dip,9.0,-0.099,750.0,705.0,2026-03-02,772.5,hedef,2.97,21.0,5.33,
2026-03-02,ANELE,dip,3.9,-0.043,13.33,705.0,2026-03-02,13.7299,hedef,2.97,21.0,6.08,
2026-03-02,ANGEN,dip,13.4,0.072,9.94,705.0,2026-03-02,10.2382,hedef,2.97,21.0,3.12,
2026-03-02,ASELS,kirilim,4.7,0.94,324.0,705.0,2026-03-02,333.72,hedef,2.97,21.0,5.56,
2026-03-02,AVHOL,dip,14.7,0.174,35.02,705.0,2026-03-05,36.0706,hedef,2.97,21.0,3.48,
2026-03-02,AVPGY,dip,6.9,-0.09,47.8,705.0,2026-03-02,49.234,hedef,2.97,21.0,5.33,
2026-03-02,AZTEK,dip,3.6,0.135,3.92,705.0,2026-03-02,4.0376,hedef,2.97,21.0,5.1,
2026-03-02,BANVT,dip,4.9,-0.041,151.1,705.0,2026-03-02,155.633,hedef,2.97,21.0,5.63,
2026-03-02,BAYRK,dip,5.0,0.056,4.04,705.0,2026-03-02,4.1612,hedef,2.97,21.0,3.96,
2026-03-02,BEGYO,dip,9.1,-0.024,3.99,705.0,2026-03-02,4.1097,hedef,2.97,21.0,3.76,
2026-03-02,BFREN,dip,3.6,-0.069,141.5,705.0,2026-03-02,145.745,hedef,2.97,21.0,3.82,
2026-03-02,BIENY,dip,11.6,-0.065,20.82,705.0,2026-03-02,21.4446,hedef,2.97,21.0,4.71,
2026-03-02,BIGEN,dip,3.9,-0.014,8.4,705.0,2026-03-02,8.652,hedef,2.97,21.0,3.93,
2026-03-02,BIGTK,dip,3.4,0.165,250.0,705.0,2026-03-02,257.5,hedef,2.97,21.0,3.4,
2026-03-02,BIOEN,dip,6.8,0.018,14.67,705.0,2026-03-02,15.1101,hedef,2.97,21.0,6.27,
2026-03-02,BORLS,dip,6.1,0.009,2.85,705.0,2026-03-02,2.9355,hedef,2.97,21.0,5.96,
2026-03-02,BTCIM,kirilim,5.2,0.821,5.29,705.0,2026-03-02,5.4487,hedef,2.97,21.0,8.7,
2026-03-02,CEOEM,dip,8.2,-0.074,18.73,705.0,2026-03-02,19.2919,hedef,2.97,21.0,5.34,
2026-03-02,CLEBI,dip,3.3,0.092,1600.0,705.0,2026-03-02,1648.0,hedef,2.97,21.0,3.06,
2026-03-02,CMBTN,dip,3.6,-0.075,1669.0,705.0,2026-03-02,1719.07,hedef,2.97,21.0,6.29,
2026-03-02,DCTTR,dip,3.7,0.012,7.36,705.0,2026-03-02,7.5808,hedef,2.97,21.0,3.12,
2026-03-02,DESPC,dip,4.8,0.172,44.9,705.0,2026-03-02,43.553,stop,-3.03,-21.0,1.38,
2026-03-02,DGGYO,dip,50.2,-0.087,27.14,705.0,2026-03-02,27.9542,hedef,2.97,21.0,5.82,
2026-03-02,DNISI,dip,27.3,0.066,19.17,705.0,2026-03-02,19.7451,hedef,2.97,21.0,3.5,
2026-03-02,DOFER,dip,6.1,0.158,29.2,705.0,2026-03-02,30.076,hedef,2.97,21.0,5.34,
2026-03-02,EGEEN,dip,9.6,-0.138,6002.5,705.0,2026-03-02,6182.575,hedef,2.97,21.0,3.33,
2026-03-02,EGSER,dip,8.3,0.078,2.9,705.0,2026-03-05,2.987,hedef,2.97,21.0,3.45,
2026-03-02,EKSUN,dip,7.4,0.061,4.91,705.0,2026-03-02,5.0573,hedef,2.97,21.0,4.28,
2026-03-02,ELITE,dip,3.6,0.062,28.4,705.0,2026-03-02,29.252,hedef,2.97,21.0,3.66,
2026-03-02,ERCB,dip,3.7,-0.082,51.5,705.0,2026-03-02,53.045,hedef,2.97,21.0,3.88,
2026-03-02,ESCAR,dip,5.6,0.102,24.56,705.0,2026-03-02,25.2968,hedef,2.97,21.0,9.12,
2026-03-02,ESEN,dip,3.7,-0.018,3.52,705.0,2026-03-02,3.6256,hedef,2.97,21.0,3.41,
2026-03-02,ETILR,dip,3.9,0.159,3.37,705.0,2026-03-02,3.4711,hedef,2.97,21.0,6.23,
2026-03-02,FMIZP,dip,7.4,0.141,285.0,705.0,2026-03-05,293.55,hedef,2.97,21.0,3.25,
2026-03-02,GIPTA,dip,7.8,0.026,50.85,705.0,2026-03-02,52.3755,hedef,2.97,21.0,5.41,
2026-03-02,GOLTS,dip,14.2,0.106,320.0,705.0,2026-03-02,329.6,hedef,2.97,21.0,5.16,
2026-03-02,GRTHO,dip,4.2,-0.001,207.4,705.0,2026-03-02,213.622,hedef,2.97,21.0,5.54,
2026-03-02,HATSN,dip,3.8,0.0,34.5,705.0,2026-03-02,35.535,hedef,2.97,21.0,5.86,
2026-03-02,IHEVA,dip,15.4,0.125,2.07,705.0,2026-03-02,2.1321,hedef,2.97,21.0,5.8,
2026-03-02,IHYAY,dip,4.0,-0.081,1.66,705.0,2026-03-02,1.7098,hedef,2.97,21.0,3.61,
2026-03-02,INGRM,dip,58.4,0.078,354.75,705.0,2026-03-02,365.3925,hedef,2.97,21.0,5.99,
2026-03-02,INVEO,dip,16.7,0.158,7.2,705.0,2026-03-02,7.416,hedef,2.97,21.0,3.47,
2026-03-02,INVES,dip,13.1,0.033,208.6,705.0,2026-03-02,214.858,hedef,2.97,21.0,6.86,
2026-03-02,KARTN,dip,4.9,-0.08,72.55,705.0,2026-03-02,74.7265,hedef,2.97,21.0,3.24,
2026-03-02,KCAER,dip,3.2,0.023,10.07,705.0,2026-03-02,10.3721,hedef,2.97,21.0,5.36,
2026-03-02,KFEIN,dip,5.5,-0.029,8.11,705.0,2026-03-02,8.3533,hedef,2.97,21.0,4.93,
2026-03-02,KLSER,dip,3.5,-0.139,25.02,705.0,2026-03-02,25.7706,hedef,2.97,21.0,3.68,
2026-03-02,KMPUR,dip,6.0,0.142,13.9,705.0,2026-03-03,13.483,stop,-3.03,-21.0,0.86,
2026-03-02,KOTON,dip,5.4,0.099,14.4,705.0,2026-03-02,14.832,hedef,2.97,21.0,3.26,
2026-03-02,KRGYO,dip,4.0,0.018,2.64,705.0,2026-03-02,2.7192,hedef,2.97,21.0,6.44,
2026-03-02,LINK,dip,4.3,-0.004,4.9146,705.0,2026-03-02,5.062,hedef,2.97,21.0,4.47,
2026-03-02,MARBL,dip,6.3,0.151,11.3,705.0,2026-03-02,11.639,hedef,2.97,21.0,3.89,
2026-03-02,MARTI,dip,4.6,-0.042,1.31,705.0,2026-03-02,1.3493,hedef,2.97,21.0,3.05,
2026-03-02,MEDTR,dip,4.3,0.055,26.64,705.0,2026-03-02,27.4392,hedef,2.97,21.0,3.08,
2026-03-02,MERCN,dip,5.0,0.052,15.42,705.0,2026-03-02,15.8826,hedef,2.97,21.0,3.11,
2026-03-02,MRSHL,dip,4.3,0.183,1403.0,705.0,2026-03-02,1445.09,hedef,2.97,21.0,3.49,
2026-03-02,NATEN,dip,5.5,-0.052,7.26,705.0,2026-03-02,7.4778,hedef,2.97,21.0,4.27,
2026-03-02,OBAMS,dip,4.6,0.176,7.83,705.0,2026-03-02,8.0649,hedef,2.97,21.0,3.45,
2026-03-02,ORGE,dip,6.2,0.004,65.05,705.0,2026-03-02,67.0015,hedef,2.97,21.0,3.84,
2026-03-02,OSMEN,dip,4.1,0.093,7.45,705.0,2026-03-02,7.6735,hedef,2.97,21.0,4.97,
2026-03-02,OSTIM,dip,3.4,0.112,2.73,705.0,2026-03-02,2.8119,hedef,2.97,21.0,4.03,
2026-03-02,OTKAR,dip,3.2,0.008,359.75,705.0,2026-03-02,370.5425,hedef,2.97,21.0,6.25,
2026-03-02,OTTO,dip,8.3,0.012,284.0,705.0,2026-03-02,292.52,hedef,2.97,21.0,3.17,
2026-03-02,PAMEL,dip,5.6,0.055,77.1,705.0,2026-03-03,79.413,hedef,2.97,21.0,5.06,
2026-03-02,PARSN,dip,20.3,0.194,80.0,705.0,2026-03-02,82.4,hedef,2.97,21.0,3.56,
2026-03-02,PATEK,dip,8.2,0.189,18.89,705.0,2026-03-02,19.4567,hedef,2.97,21.0,9.48,
2026-03-02,PENTA,dip,11.5,0.081,12.71,705.0,2026-03-02,13.0913,hedef,2.97,21.0,4.01,
2026-03-02,PKENT,dip,3.1,-0.01,140.1,705.0,2026-03-02,144.303,hedef,2.97,21.0,4.21,
2026-03-02,PLTUR,dip,6.8,0.018,20.08,705.0,2026-03-02,20.6824,hedef,2.97,21.0,6.37,
2026-03-02,RAYSG,dip,6.5,-0.048,198.5,705.0,2026-03-02,204.455,hedef,2.97,21.0,5.09,
2026-03-02,REEDR,dip,4.8,-0.075,5.87,705.0,2026-03-02,6.0461,hedef,2.97,21.0,3.07,
2026-03-02,SAMAT,dip,9.6,0.098,5.19,705.0,2026-03-02,5.3457,hedef,2.97,21.0,3.66,
2026-03-02,SANFM,dip,7.0,0.141,7.05,705.0,2026-03-02,7.2615,hedef,2.97,21.0,5.82,
2026-03-02,SERNT,dip,4.7,-0.046,7.17,705.0,2026-03-02,7.3851,hedef,2.97,21.0,3.91,
2026-03-02,SKYMD,dip,20.5,0.095,11.27,705.0,2026-03-02,11.6081,hedef,2.97,21.0,4.17,
2026-03-02,SMRVA,dip,6.7,0.053,10.246,705.0,2026-03-02,10.5534,hedef,2.97,21.0,3.84,
2026-03-02,SNICA,dip,3.0,0.031,3.63,705.0,2026-03-02,3.7389,hedef,2.97,21.0,5.23,
2026-03-02,SUNTK,dip,10.8,0.181,33.14,705.0,2026-03-02,34.1342,hedef,2.97,21.0,7.18,
2026-03-02,SUWEN,dip,3.4,0.087,8.55,705.0,2026-03-02,8.8065,hedef,2.97,21.0,7.72,
2026-03-02,TATEN,dip,6.2,0.017,8.16,705.0,2026-03-02,8.4048,hedef,2.97,21.0,5.51,
2026-03-02,TEHOL,dip,3.7,0.187,13.6,705.0,2026-03-02,13.192,stop,-3.03,-21.0,0.0,
2026-03-02,TEKTU,dip,4.4,0.155,8.15,705.0,2026-03-02,8.3945,hedef,2.97,21.0,5.28,
2026-03-02,TRILC,dip,11.9,-0.094,2.2625,705.0,2026-03-02,2.3303,hedef,2.97,21.0,5.24,
2026-03-02,TUREX,dip,5.4,-0.009,6.5,705.0,2026-03-02,6.695,hedef,2.97,21.0,4.46,
2026-03-02,TURGG,dip,3.3,0.128,26.5,705.0,2026-03-02,27.295,hedef,2.97,21.0,4.38,
2026-03-02,VERTU,dip,7.2,0.189,35.22,705.0,2026-03-02,36.2766,hedef,2.97,21.0,5.22,
2026-03-02,VESBE,dip,6.3,-0.027,7.4,705.0,2026-03-09,7.178,stop,-3.03,-21.0,2.3,
2026-03-02,VESTL,dip,4.7,-0.011,28.0,705.0,2026-03-02,28.84,hedef,2.97,21.0,3.07,
2026-03-02,VKING,dip,3.9,0.126,26.68,705.0,2026-03-02,27.4804,hedef,2.97,21.0,3.82,
2026-03-02,VRGYO,dip,7.7,-0.031,2.1,705.0,2026-03-02,2.163,hedef,2.97,21.0,5.71,
2026-03-02,YAYLA,dip,6.9,0.15,23.0,705.0,2026-03-02,23.69,hedef,2.97,21.0,3.74,
2026-03-02,YEOTK,dip,3.0,0.183,37.58,705.0,2026-03-02,38.7074,hedef,2.97,21.0,3.03,
2026-03-02,YIGIT,dip,4.5,0.021,21.7,705.0,2026-03-02,22.351,hedef,2.97,21.0,5.99,
2026-03-02,YKSLN,dip,3.2,0.198,3.15,705.0,2026-03-10,3.2445,hedef,2.97,21.0,3.17,
2026-03-02,YONGA,dip,3.2,0.07,52.5,705.0,2026-03-03,54.075,hedef,2.97,21.0,4.76,
2026-03-02,ZOREN,dip,4.3,0.147,3.04,705.0,2026-03-04,2.9488,stop,-3.03,-21.0,2.96,
2026-03-03,AYGAZ,kirilim,6.9,1.011,259.0,8267.0,2026-03-04,251.23,stop,-3.03,-251.0,1.35,
2026-03-03,BANVT,dip,5.2,0.025,154.9,8267.0,2026-03-03,159.547,hedef,2.97,245.0,3.29,
2026-03-03,BEGYO,dip,4.3,0.008,4.09,8267.0,2026-03-05,4.2127,hedef,2.97,245.0,3.42,
2026-03-03,DESPC,dip,59.6,0.104,42.9,8267.0,2026-03-03,41.613,stop,-3.03,-251.0,1.91,
2026-03-03,DGNMO,dip,3.8,0.046,4.45,8267.0,2026-03-03,4.3165,stop,-3.03,-251.0,0.0,
2026-03-03,FONET,kirilim,3.4,1.024,3.96,8267.0,2026-03-03,3.8412,stop,-3.03,-251.0,0.0,
2026-03-03,INVES,dip,59.5,0.11,257.75,8267.0,2026-03-03,265.4825,hedef,2.97,245.0,3.98,
2026-03-03,MAKIM,dip,4.4,0.134,15.49,8267.0,2026-03-04,15.0253,stop,-3.03,-251.0,0.84,
2026-03-03,MEKAG,kirilim,3.8,0.993,6.35,8267.0,2026-03-03,6.5405,hedef,2.97,245.0,6.61,
2026-03-03,NTGAZ,kirilim,5.1,1.014,13.0,8267.0,2026-03-03,12.61,stop,-3.03,-251.0,0.0,
2026-03-03,SDTTR,kirilim,9.4,0.985,282.0,8267.0,2026-03-03,273.54,stop,-3.03,-251.0,0.0,
2026-03-03,SOKE,kirilim,4.1,1.076,14.28,8267.0,2026-03-03,13.8516,stop,-3.03,-251.0,0.0,
2026-03-04,AVTUR,kirilim,7.1,0.894,21.1,6314.0,2026-03-04,21.733,hedef,2.97,187.0,6.45,
2026-03-04,BIENY,dip,3.9,0.087,23.5,6314.0,2026-03-05,24.205,hedef,2.97,187.0,8.94,
2026-03-04,BORLS,dip,4.2,0.018,3.15,6314.0,2026-03-04,3.2445,hedef,2.97,187.0,4.76,
2026-03-04,DESPC,dip,3.3,0.019,40.42,6314.0,2026-03-04,39.2074,stop,-3.03,-192.0,0.64,
2026-03-04,INVES,dip,18.6,0.156,286.5,6314.0,2026-03-04,295.095,hedef,2.97,187.0,4.54,
2026-03-04,ISGSY,kirilim,4.1,1.071,120.2,6314.0,2026-03-04,123.806,hedef,2.97,187.0,4.16,
2026-03-04,KORDS,dip,3.1,0.047,48.6,6314.0,2026-03-05,50.058,hedef,2.97,187.0,3.6,
2026-03-04,KTLEV,kirilim,3.2,1.013,43.2,6314.0,2026-03-05,44.496,hedef,2.97,187.0,10.0,
2026-03-04,MOPAS,kirilim,5.8,0.929,57.35,6314.0,2026-03-04,59.0705,hedef,2.97,187.0,8.81,
2026-03-04,PKENT,dip,4.6,0.084,155.7,6314.0,2026-03-05,160.371,hedef,2.97,187.0,4.69,
2026-03-04,TUCLK,dip,6.8,0.038,4.07,6314.0,2026-03-04,4.1921,hedef,2.97,187.0,3.19,
2026-03-04,VESTL,dip,3.1,0.005,27.98,6314.0,2026-03-06,28.8194,hedef,2.97,187.0,3.07,
2026-03-05,AVTUR,kirilim,4.3,1.0,22.7,5154.0,2026-03-05,22.019,stop,-3.03,-156.0,0.0,
2026-03-05,BIENY,dip,8.2,0.105,24.06,5154.0,2026-03-05,24.7818,hedef,2.97,153.0,7.23,
2026-03-05,BIOEN,dip,4.3,0.164,16.64,5154.0,2026-03-10,17.1392,hedef,2.97,153.0,3.55,
2026-03-05,BORLS,dip,22.2,0.03,3.51,5154.0,2026-03-05,3.4047,stop,-3.03,-156.0,0.0,
2026-03-05,ESEN,dip,3.3,0.03,3.98,5154.0,2026-03-06,3.8606,stop,-3.03,-156.0,2.01,
2026-03-05,GZNMI,dip,10.4,0.066,60.5,5154.0,2026-03-06,62.315,hedef,2.97,153.0,4.55,
2026-03-05,INVES,dip,5.8,0.18,302.0,5154.0,2026-03-05,311.06,hedef,2.97,153.0,3.48,
2026-03-05,KORDS,dip,4.5,0.153,51.2,5154.0,2026-03-05,49.664,stop,-3.03,-156.0,0.0,
2026-03-05,KRDMB,kirilim,37.6,0.976,37.0,5154.0,2026-03-05,38.11,hedef,2.97,153.0,4.65,
2026-03-05,MARTI,dip,4.4,0.04,1.38,5154.0,2026-03-09,1.3386,stop,-3.03,-156.0,2.17,
2026-03-05,PKENT,dip,9.4,0.119,162.0,5154.0,2026-03-05,166.86,hedef,2.97,153.0,5.62,
2026-03-05,QUAGR,dip,12.6,0.06,2.99,5154.0,2026-03-05,3.0797,hedef,2.97,153.0,7.02,
2026-03-06,BIOEN,dip,7.8,0.161,16.6,11175.0,2026-03-10,17.098,hedef,2.97,332.0,3.8,
2026-03-06,GZNMI,dip,3.9,0.075,63.15,11175.0,2026-03-06,61.2555,stop,-3.03,-339.0,0.0,
2026-03-06,QUAGR,dip,9.7,0.082,3.2,11175.0,2026-03-06,3.104,stop,-3.03,-339.0,0.0,
2026-03-06,SEGMN,kirilim,4.8,0.987,55.8,11175.0,2026-03-06,54.126,stop,-3.03,-339.0,1.25,
2026-03-06,TEKTU,dip,3.2,0.194,9.28,11175.0,2026-03-06,9.0016,stop,-3.03,-339.0,0.0,
2026-03-06,TKFEN,dip,4.5,0.105,77.25,11175.0,2026-03-06,74.9325,stop,-3.03,-339.0,0.26,
2026-03-06,TUCLK,dip,5.4,0.142,4.43,11175.0,2026-03-09,4.2971,stop,-3.03,-339.0,2.93,
2026-03-09,AYDEM,kirilim,3.1,1.045,28.16,7099.0,2026-03-10,27.3152,stop,-3.03,-215.0,0.14,
2026-03-09,AYGAZ,kirilim,3.8,0.972,258.5,7099.0,2026-03-09,250.745,stop,-3.03,-215.0,0.29,
2026-03-09,BJKAS,dip,4.7,0.033,1.5,7099.0,2026-03-09,1.455,stop,-3.03,-215.0,0.0,
2026-03-09,ESCAR,dip,15.8,0.134,26.5,7099.0,2026-03-09,27.295,hedef,2.97,211.0,3.32,
2026-03-09,HATEK,dip,12.2,-0.02,13.58,7099.0,2026-03-09,13.9874,hedef,2.97,211.0,3.24,
2026-03-09,HLGYO,kirilim,39.5,1.046,5.35,7099.0,2026-03-10,5.5105,hedef,2.97,211.0,5.42,
2026-03-09,KOTON,dip,5.8,0.098,14.39,7099.0,2026-03-10,14.8217,hedef,2.97,211.0,5.0,
2026-03-09,SOKE,kirilim,9.9,1.18,15.13,7099.0,2026-03-09,14.6761,stop,-3.03,-215.0,1.59,
2026-03-09,TATEN,dip,6.0,0.071,9.03,7099.0,2026-03-09,9.3009,hedef,2.97,211.0,4.87,
2026-03-09,VRGYO,dip,3.5,0.021,2.13,7099.0,2026-03-10,2.1939,hedef,2.97,211.0,4.69,
2026-03-10,ALCAR,dip,3.5,0.064,775.0,4546.0,2026-03-16,751.75,stop,-3.03,-138.0,1.03,
2026-03-10,ATEKS,dip,3.4,0.178,88.25,4546.0,2026-03-11,85.6025,stop,-3.03,-138.0,0.0,
2026-03-10,BFREN,dip,5.5,0.037,141.4,4546.0,2026-03-12,145.642,hedef,2.97,135.0,3.11,
2026-03-10,BJKAS,dip,5.3,0.017,1.47,4546.0,2026-03-13,1.5141,hedef,2.97,135.0,3.4,
2026-03-10,CATES,kirilim,8.7,1.014,45.06,4546.0,2026-03-10,46.4118,hedef,2.97,135.0,7.19,
2026-03-10,DGNMO,dip,3.3,0.013,4.23,4546.0,2026-03-11,4.1031,stop,-3.03,-138.0,0.47,
2026-03-10,GIPTA,dip,6.4,0.113,60.7,4546.0,2026-03-10,62.521,hedef,2.97,135.0,5.77,
2026-03-10,HALKB,kirilim,19.9,1.015,52.5,4546.0,2026-03-10,50.925,stop,-3.03,-138.0,0.0,
2026-03-10,KRDMA,dip,11.8,0.181,29.5,4546.0,2026-03-10,30.385,hedef,2.97,135.0,3.25,
2026-03-10,KRDMB,kirilim,13.9,0.993,39.7,4546.0,2026-03-12,40.891,hedef,2.97,135.0,7.51,
2026-03-10,MARKA,dip,13.5,-0.057,27.22,4546.0,2026-03-10,28.0366,hedef,2.97,135.0,3.53,
2026-03-10,ODINE,kirilim,3.3,0.958,635.5,4546.0,2026-03-10,654.565,hedef,2.97,135.0,4.33,
2026-03-10,TATEN,dip,17.2,0.173,10.65,4546.0,2026-03-11,10.9695,hedef,2.97,135.0,7.7,
2026-03-11,AKYHO,dip,4.2,0.157,2.79,6742.0,2026-03-11,2.7063,stop,-3.03,-204.0,2.15,
2026-03-11,CATES,kirilim,3.8,1.027,49.34,6742.0,2026-03-11,47.8598,stop,-3.03,-204.0,0.0,
2026-03-11,DGNMO,dip,3.0,-0.018,4.11,6742.0,2026-03-12,3.9867,stop,-3.03,-204.0,0.49,
2026-03-11,ISSEN,dip,3.4,0.189,7.29,6742.0,2026-03-23,7.0713,stop,-3.03,-204.0,2.06,
2026-03-11,KFEIN,dip,11.8,0.139,8.9,6742.0,2026-03-13,8.633,stop,-3.03,-204.0,1.12,
2026-03-11,LINK,dip,15.8,0.085,6.0853,6742.0,2026-03-11,5.9027,stop,-3.03,-204.0,0.0,
2026-03-11,MARKA,dip,3.2,-0.038,25.08,6742.0,2026-03-11,24.3276,stop,-3.03,-204.0,2.71,
2026-03-11,ONRYT,dip,4.9,0.088,59.5,6742.0,2026-03-26,57.715,stop,-3.03,-204.0,2.02,
2026-03-11,REEDR,dip,8.1,0.098,6.53,6742.0,2026-03-11,6.3341,stop,-3.03,-204.0,0.0,
2026-03-11,TKFEN,dip,3.1,0.137,80.4,6742.0,2026-03-11,82.812,hedef,2.97,200.0,4.17,
2026-03-11,YBTAS,dip,9.7,0.067,20.5,6742.0,2026-03-12,21.115,hedef,2.97,200.0,11.71,
2026-03-12,ARASE,kirilim,7.9,1.045,92.2,3542.0,2026-03-12,89.434,stop,-3.03,-107.0,0.0,
2026-03-12,AYES,kirilim,5.7,1.136,31.7,3542.0,2026-03-13,32.651,hedef,2.97,105.0,3.41,
2026-03-12,DCTTR,dip,3.5,0.179,8.76,3542.0,2026-03-13,8.4972,stop,-3.03,-107.0,2.85,
2026-03-12,DGNMO,dip,16.2,-0.017,3.99,3542.0,2026-03-12,3.8703,stop,-3.03,-107.0,2.01,
2026-03-12,ELITE,dip,13.0,0.136,29.88,3542.0,2026-03-13,28.9836,stop,-3.03,-107.0,1.07,
2026-03-12,ESEN,dip,4.1,0.021,3.82,3542.0,2026-03-12,3.9346,hedef,2.97,105.0,3.66,
2026-03-12,KRDMB,kirilim,3.4,1.185,44.4,3542.0,2026-03-13,45.732,hedef,2.97,105.0,5.36,
2026-03-12,KRONT,kirilim,4.0,0.99,19.82,3542.0,2026-03-12,19.2254,stop,-3.03,-107.0,0.0,
2026-03-12,MARTI,dip,3.4,0.136,1.53,3542.0,2026-03-12,1.5759,hedef,2.97,105.0,3.27,
2026-03-12,TBORG,dip,32.1,0.081,153.0,3542.0,2026-03-23,148.41,stop,-3.03,-107.0,2.42,
2026-03-12,TUREX,dip,5.0,0.02,7.37,3542.0,2026-03-12,7.5911,hedef,2.97,105.0,4.88,
2026-03-12,YAPRK,dip,3.0,0.107,13.45,3542.0,2026-03-13,13.8535,hedef,2.97,105.0,5.8,
2026-03-12,YATAS,kirilim,18.3,1.003,48.98,3542.0,2026-03-12,47.5106,stop,-3.03,-107.0,0.0,
2026-03-12,YBTAS,dip,22.5,0.111,23.1,3542.0,2026-03-13,22.407,stop,-3.03,-107.0,0.0,
2026-03-12,YGGYO,kirilim,5.4,1.011,168.9,3542.0,2026-03-12,173.967,hedef,2.97,105.0,3.67,
2026-03-13,AGYO,kirilim,4.3,0.962,8.62,5117.0,2026-03-13,8.3614,stop,-3.03,-155.0,0.0,
2026-03-13,ARENA,dip,3.0,0.101,26.5,5117.0,2026-03-13,27.295,hedef,2.97,152.0,3.02,
2026-03-13,CEOEM,dip,4.5,0.108,21.46,5117.0,2026-03-16,20.8162,stop,-3.03,-155.0,2.89,
2026-03-13,GMTAS,kirilim,3.1,1.003,31.58,5117.0,2026-03-13,30.6326,stop,-3.03,-155.0,1.01,
2026-03-13,HEKTS,dip,3.6,0.14,3.12,5117.0,2026-03-13,3.0264,stop,-3.03,-155.0,0.0,
2026-03-13,KIMMR,kirilim,3.2,1.048,19.4,5117.0,2026-03-13,19.982,hedef,2.97,152.0,3.4,
2026-03-13,KRDMA,dip,3.5,0.197,30.02,5117.0,2026-03-13,29.1194,stop,-3.03,-155.0,0.13,
2026-03-13,PAGYO,kirilim,5.3,0.888,100.5,5117.0,2026-03-13,103.515,hedef,2.97,152.0,3.28,
2026-03-13,SASA,dip,4.1,0.13,2.59,5117.0,2026-03-13,2.5123,stop,-3.03,-155.0,0.39,
2026-03-13,TUREX,dip,5.3,0.032,7.92,5117.0,2026-03-13,8.1576,hedef,2.97,152.0,3.79,
2026-03-16,AFYON,kirilim,3.4,1.065,16.59,5223.0,2026-03-16,17.0877,hedef,2.97,155.0,3.92,
2026-03-16,ANELE,dip,3.3,0.082,14.4,5223.0,2026-03-19,13.968,stop,-3.03,-158.0,0.0,
2026-03-16,ARASE,kirilim,5.8,1.068,103.1,5223.0,2026-03-17,106.193,hedef,2.97,155.0,3.69,
2026-03-16,DGNMO,dip,3.1,0.018,3.88,5223.0,2026-03-16,3.9964,hedef,2.97,155.0,3.35,
2026-03-16,FENER,dip,3.5,-0.022,2.78,5223.0,2026-03-17,2.6966,stop,-3.03,-158.0,0.0,
2026-03-16,GIPTA,dip,6.9,0.189,69.2,5223.0,2026-03-17,71.276,hedef,2.97,155.0,7.51,
2026-03-16,GOODY,dip,3.3,0.094,14.14,5223.0,2026-03-23,13.7158,stop,-3.03,-158.0,1.27,
2026-03-16,KRDMB,kirilim,7.9,0.972,47.0,5223.0,2026-03-16,48.41,hedef,2.97,155.0,6.17,
2026-03-16,MARKA,dip,11.8,-0.042,22.16,5223.0,2026-03-16,22.8248,hedef,2.97,155.0,8.3,
2026-03-16,MEGAP,dip,5.0,0.074,2.58,5223.0,2026-03-19,2.5026,stop,-3.03,-158.0,2.33,
2026-03-16,NUHCM,kirilim,3.2,1.206,347.5,5223.0,2026-03-17,337.075,stop,-3.03,-158.0,1.58,
2026-03-16,OTTO,dip,4.0,0.15,323.75,5223.0,2026-03-16,314.0375,stop,-3.03,-158.0,0.0,
2026-03-16,REEDR,dip,5.6,0.121,6.72,5223.0,2026-03-17,6.9216,hedef,2.97,155.0,5.95,
2026-03-16,YAPRK,dip,3.1,0.157,15.05,5223.0,2026-03-17,15.5015,hedef,2.97,155.0,3.12,
2026-03-16,YBTAS,dip,5.8,0.05,19.52,5223.0,2026-03-16,20.1056,hedef,2.97,155.0,4.0,
2026-03-17,AGROT,dip,3.4,0.143,3.02,3179.0,2026-03-23,2.9294,stop,-3.03,-96.0,2.98,
2026-03-17,AVPGY,dip,5.3,0.182,50.25,3179.0,2026-03-18,51.7575,hedef,2.97,94.0,3.48,
2026-03-17,DYOBY,dip,7.7,0.102,13.79,3179.0,2026-03-18,13.3763,stop,-3.03,-96.0,1.96,
2026-03-17,EFOR,dip,5.2,0.097,13.92,3179.0,2026-03-18,13.5024,stop,-3.03,-96.0,0.0,
2026-03-17,KLSER,dip,7.1,0.082,25.52,3179.0,2026-03-19,26.2856,hedef,2.97,94.0,6.5,
2026-03-17,KRDMB,kirilim,5.0,0.976,49.22,3179.0,2026-03-17,50.6966,hedef,2.97,94.0,3.62,
2026-03-17,LINK,dip,5.7,0.089,6.14,3179.0,2026-03-18,6.3242,hedef,2.97,94.0,4.23,
2026-03-17,MARKA,dip,7.8,0.147,29.28,3179.0,2026-03-18,30.1584,hedef,2.97,94.0,4.64,
2026-03-17,MSGYO,kirilim,3.7,1.08,7.68,3179.0,2026-03-18,7.9104,hedef,2.97,94.0,6.38,
2026-03-17,NATEN,dip,3.1,0.004,7.02,3179.0,2026-03-18,7.2306,hedef,2.97,94.0,3.28,
2026-03-17,REEDR,dip,24.2,0.142,6.9,3179.0,2026-03-17,7.107,hedef,2.97,94.0,3.77,
2026-03-17,VKING,dip,4.2,0.111,26.44,3179.0,2026-03-17,27.2332,hedef,2.97,94.0,3.78,
2026-03-17,YAPRK,dip,4.0,0.172,15.52,3179.0,2026-03-17,15.9856,hedef,2.97,94.0,6.64,
2026-03-18,EMKEL,dip,4.5,0.015,19.08,5591.0,2026-03-18,19.6524,hedef,2.97,166.0,6.29,
2026-03-18,HATEK,dip,3.1,0.11,15.67,5591.0,2026-03-23,15.1999,stop,-3.03,-170.0,0.77,
2026-03-18,HUBVC,kirilim,3.5,1.052,5.4,5591.0,2026-03-18,5.238,stop,-3.03,-170.0,0.0,
2026-03-18,IEYHO,kirilim,3.3,1.043,91.8,5591.0,2026-03-19,89.046,stop,-3.03,-170.0,0.65,
2026-03-18,LINK,dip,13.2,0.107,6.39,5591.0,2026-03-18,6.5817,hedef,2.97,166.0,3.29,
2026-03-18,MARKA,dip,7.7,0.173,30.64,5591.0,2026-03-18,31.5592,hedef,2.97,166.0,5.09,
2026-03-18,MSGYO,kirilim,3.1,1.061,8.3,5591.0,2026-03-19,8.549,hedef,2.97,166.0,3.61,
2026-03-18,YESIL,dip,4.9,0.14,1.62,5591.0,2026-03-18,1.6686,hedef,2.97,166.0,11.73,
2026-03-19,ACSEL,dip,5.8,0.193,101.9,378.0,2026-03-23,104.957,hedef,2.97,11.0,7.07,
2026-03-19,ADESE,dip,4.4,0.152,0.99,378.0,2026-03-23,0.9603,stop,-3.03,-11.0,1.01,
2026-03-19,AGROT,dip,47.9,0.134,3.0,378.0,2026-03-19,3.09,hedef,2.97,11.0,3.33,
2026-03-19,AHGAZ,dip,10.7,0.154,21.88,378.0,2026-03-23,21.2236,stop,-3.03,-11.0,1.01,
2026-03-19,AKENR,dip,7.2,0.148,9.64,378.0,2026-03-27,9.3508,stop,-3.03,-11.0,2.59,
2026-03-19,AKFIS,kirilim,47.5,0.958,39.02,378.0,2026-03-19,40.1906,hedef,2.97,11.0,4.1,
2026-03-19,AKYHO,dip,5.8,0.11,2.63,378.0,2026-03-19,2.7089,hedef,2.97,11.0,4.56,
2026-03-19,ALCAR,dip,6.1,0.033,754.0,378.0,2026-03-27,731.38,stop,-3.03,-11.0,1.46,
2026-03-19,ALFAS,dip,12.1,0.075,37.84,378.0,2026-03-23,36.7048,stop,-3.03,-11.0,0.53,
2026-03-19,ALKLC,kirilim,22.3,1.05,311.5,378.0,2026-03-19,320.845,hedef,2.97,11.0,3.05,
2026-03-19,ALTNY,dip,6.5,0.07,14.98,378.0,2026-03-23,15.4294,hedef,2.97,11.0,4.74,
2026-03-19,ANELE,dip,12.7,0.054,14.03,378.0,2026-03-23,13.6091,stop,-3.03,-11.0,0.29,
2026-03-19,ANGEN,dip,5.7,0.148,10.3,378.0,2026-03-23,10.609,hedef,2.97,11.0,4.66,
2026-03-19,ARENA,dip,15.7,0.05,24.98,378.0,2026-03-23,24.2306,stop,-3.03,-11.0,0.0,
2026-03-19,AZTEK,dip,13.4,0.181,4.06,378.0,2026-03-23,3.9382,stop,-3.03,-11.0,0.74,
2026-03-19,BAHKM,kirilim,76.4,1.05,148.7,378.0,2026-03-19,144.239,stop,-3.03,-11.0,0.0,
2026-03-19,BALSU,dip,8.9,0.047,14.23,378.0,2026-03-23,13.8031,stop,-3.03,-11.0,0.35,
2026-03-19,BANVT,dip,36.5,0.04,154.7,378.0,2026-03-23,150.059,stop,-3.03,-11.0,0.19,
2026-03-19,BAYRK,dip,25.8,0.145,4.54,378.0,2026-03-24,4.6762,hedef,2.97,11.0,3.08,
2026-03-19,BEGYO,dip,11.8,0.014,4.19,378.0,2026-03-23,4.0643,stop,-3.03,-11.0,0.72,
2026-03-19,BFREN,dip,8.7,0.038,141.5,378.0,2026-03-27,137.255,stop,-3.03,-11.0,0.42,
2026-03-19,BIENY,dip,5.5,0.073,23.08,378.0,2026-03-27,22.3876,stop,-3.03,-11.0,1.65,
2026-03-19,BIGEN,dip,10.3,0.035,8.68,378.0,2026-03-23,8.9404,hedef,2.97,11.0,4.84,
2026-03-19,BIGTK,dip,118.1,0.162,248.5,378.0,2026-03-23,241.045,stop,-3.03,-11.0,0.44,
2026-03-19,BINBN,dip,16.0,0.15,160.0,378.0,2026-03-24,164.8,hedef,2.97,11.0,3.81,
2026-03-19,BJKAS,dip,3.1,0.04,1.5,378.0,2026-03-23,1.455,stop,-3.03,-11.0,0.67,
2026-03-19,BOBET,dip,111.7,0.149,19.26,378.0,2026-03-23,18.6822,stop,-3.03,-11.0,1.35,
2026-03-19,BORLS,dip,9.0,0.007,2.81,378.0,2026-03-23,2.8943,hedef,2.97,11.0,3.56,
2026-03-19,BUCIM,dip,5.7,0.09,6.14,378.0,2026-04-07,5.9558,stop,-3.03,-11.0,0.49,
2026-03-19,CEMTS,dip,6.3,0.171,10.35,378.0,2026-03-26,10.6605,hedef,2.97,11.0,4.06,
2026-03-19,CEOEM,dip,19.4,0.116,21.68,378.0,2026-03-23,21.0296,stop,-3.03,-11.0,0.74,
2026-03-19,CLEBI,dip,16.7,0.192,1787.0,378.0,2026-03-27,1733.39,stop,-3.03,-11.0,2.35,
2026-03-19,CMBTN,dip,17.2,0.045,1720.0,378.0,2026-03-23,1668.4,stop,-3.03,-11.0,0.41,
2026-03-19,CRDFA,kirilim,22.9,1.033,27.6666,378.0,2026-03-19,28.4966,hedef,2.97,11.0,3.55,
2026-03-19,DCTTR,dip,38.1,0.134,8.38,378.0,2026-03-19,8.6314,hedef,2.97,11.0,4.3,
2026-03-19,DERHL,dip,7.8,0.01,14.41,378.0,2026-03-23,13.9777,stop,-3.03,-11.0,0.83,
2026-03-19,DESPC,dip,5.9,0.056,39.04,378.0,2026-03-23,37.8688,stop,-3.03,-11.0,0.92,
2026-03-19,DGNMO,dip,16.6,0.031,3.93,378.0,2026-03-23,3.8121,stop,-3.03,-11.0,0.76,
2026-03-19,DNISI,dip,7.7,0.111,19.64,378.0,2026-03-23,19.0508,stop,-3.03,-11.0,0.81,
2026-03-19,DYOBY,dip,29.8,0.066,13.19,378.0,2026-03-27,12.7943,stop,-3.03,-11.0,2.2,
2026-03-19,EFOR,dip,69.2,-0.031,11.28,378.0,2026-03-23,10.9416,stop,-3.03,-11.0,0.0,
2026-03-19,EGEEN,dip,9.8,0.035,5840.0,378.0,2026-03-23,5664.8,stop,-3.03,-11.0,1.84,
2026-03-19,EGSER,dip,5.8,0.098,2.89,378.0,2026-03-27,2.8033,stop,-3.03,-11.0,2.08,
2026-03-19,ELITE,dip,11.8,0.056,28.28,378.0,2026-03-23,27.4316,stop,-3.03,-11.0,1.06,
2026-03-19,EMKEL,dip,321.8,0.029,20.74,378.0,2026-03-19,21.3622,hedef,2.97,11.0,6.75,
2026-03-19,ENJSA,kirilim,62.7,0.994,121.8,378.0,2026-03-23,118.146,stop,-3.03,-11.0,2.63,
2026-03-19,ERCB,dip,17.2,0.013,51.8,378.0,2026-03-23,50.246,stop,-3.03,-11.0,0.0,
2026-03-19,ESCAR,dip,11.0,0.2,30.44,378.0,2026-03-23,29.5268,stop,-3.03,-11.0,1.84,
2026-03-19,ESEN,dip,15.2,0.029,3.95,378.0,2026-03-23,4.0685,hedef,2.97,11.0,3.29,
2026-03-19,ETILR,dip,9.8,0.106,3.84,378.0,2026-03-23,3.7248,stop,-3.03,-11.0,0.52,
2026-03-19,EUREN,dip,7.1,0.111,4.8,378.0,2026-03-23,4.944,hedef,2.97,11.0,3.33,
2026-03-19,FENER,dip,9.5,0.011,2.72,378.0,2026-03-19,2.8016,hedef,2.97,11.0,4.04,
2026-03-19,FORMT,dip,55.7,0.125,2.94,378.0,2026-03-19,3.0282,hedef,2.97,11.0,4.08,
2026-03-19,FZLGY,kirilim,235.3,1.035,17.8,378.0,2026-03-23,18.334,hedef,2.97,11.0,8.99,
2026-03-19,GIPTA,dip,19.4,0.189,69.2,378.0,2026-03-19,71.276,hedef,2.97,11.0,6.58,
2026-03-19,GOODY,dip,9.4,0.084,14.07,378.0,2026-03-26,14.4921,hedef,2.97,11.0,5.4,
2026-03-19,GRTHO,dip,66.4,0.067,238.9,378.0,2026-03-23,231.733,stop,-3.03,-11.0,1.17,
2026-03-19,GSRAY,dip,18.9,0.0,1.11,378.0,2026-03-23,1.0767,stop,-3.03,-11.0,0.9,
2026-03-19,GZNMI,dip,12.7,0.057,58.15,378.0,2026-03-19,59.8945,hedef,2.97,11.0,4.9,
2026-03-19,HATEK,dip,8.5,0.094,15.33,378.0,2026-03-23,15.7899,hedef,2.97,11.0,3.0,
2026-03-19,HATSN,dip,12.5,0.134,37.44,378.0,2026-03-27,38.5632,hedef,2.97,11.0,3.1,
2026-03-19,HEKTS,dip,9.5,0.076,2.96,378.0,2026-03-23,2.8712,stop,-3.03,-11.0,0.0,
2026-03-19,HTTBT,dip,17.2,0.084,37.14,378.0,2026-03-25,38.2542,hedef,2.97,11.0,3.07,
2026-03-19,HUNER,dip,23.9,0.078,3.1,378.0,2026-03-23,3.007,stop,-3.03,-11.0,0.65,
2026-03-19,IHLAS,dip,7.8,0.041,2.03,378.0,2026-03-23,1.9691,stop,-3.03,-11.0,0.49,
2026-03-19,IHYAY,dip,13.7,0.063,1.75,378.0,2026-03-23,1.6975,stop,-3.03,-11.0,1.14,
2026-03-19,INGRM,dip,8.6,0.176,383.0,378.0,2026-03-27,371.51,stop,-3.03,-11.0,2.09,
2026-03-19,INVEO,dip,5.0,0.175,7.35,378.0,2026-03-23,7.1295,stop,-3.03,-11.0,0.95,
2026-03-19,ISGSY,kirilim,16.5,1.033,153.0,378.0,2026-03-19,148.41,stop,-3.03,-11.0,0.52,
2026-03-19,ISSEN,dip,6.8,0.154,7.18,378.0,2026-03-24,7.3954,hedef,2.97,11.0,3.76,
2026-03-19,JANTS,dip,23.1,0.06,17.04,378.0,2026-03-23,16.5288,stop,-3.03,-11.0,0.12,
2026-03-19,KARTN,dip,8.2,0.064,70.2,378.0,2026-03-19,68.094,stop,-3.03,-11.0,0.0,
2026-03-19,KFEIN,dip,8.0,0.092,8.63,378.0,2026-03-23,8.3711,stop,-3.03,-11.0,0.93,
2026-03-19,KLRHO,dip,42.8,0.155,125.7,378.0,2026-03-19,121.929,stop,-3.03,-11.0,1.35,
2026-03-19,KLSER,dip,154.7,0.188,26.84,378.0,2026-03-23,26.0348,stop,-3.03,-11.0,2.98,
2026-03-19,KLSYN,kirilim,29.0,0.989,10.07,378.0,2026-03-23,9.7679,stop,-3.03,-11.0,0.5,
2026-03-19,KLYPV,dip,7.0,0.135,55.6,378.0,2026-03-23,57.268,hedef,2.97,11.0,3.15,
2026-03-19,KNFRT,dip,14.0,0.09,10.84,378.0,2026-03-23,10.5148,stop,-3.03,-11.0,0.0,
2026-03-19,KONTR,dip,13.0,0.064,8.84,378.0,2026-03-19,9.1052,hedef,2.97,11.0,4.52,
2026-03-19,KONYA,dip,10.0,0.026,4022.5,378.0,2026-03-23,3901.825,stop,-3.03,-11.0,0.62,
2026-03-19,KRGYO,dip,20.9,0.046,2.75,378.0,2026-03-23,2.6675,stop,-3.03,-11.0,1.09,
2026-03-19,KTLEV,kirilim,8.5,0.983,62.4,378.0,2026-03-19,64.272,hedef,2.97,11.0,4.89,
2026-03-19,LIDER,kirilim,5.7,1.018,97.25,378.0,2026-03-19,100.1675,hedef,2.97,11.0,3.34,
2026-03-19,LINK,dip,49.5,0.1,6.29,378.0,2026-03-19,6.4787,hedef,2.97,11.0,5.41,
2026-03-19,MAKIM,dip,13.2,0.122,15.38,378.0,2026-03-23,14.9186,stop,-3.03,-11.0,0.07,
2026-03-19,MARTI,dip,20.6,0.091,1.45,378.0,2026-03-23,1.4065,stop,-3.03,-11.0,0.69,
2026-03-19,MEDTR,dip,6.8,0.158,28.28,378.0,2026-03-23,27.4316,stop,-3.03,-11.0,0.0,
2026-03-19,MERCN,dip,9.0,0.065,16.84,378.0,2026-03-26,16.3348,stop,-3.03,-11.0,1.07,
2026-03-19,MRSHL,dip,14.6,0.178,1398.0,378.0,2026-03-30,1356.06,stop,-3.03,-11.0,0.86,
2026-03-19,NATEN,dip,19.3,0.065,7.31,378.0,2026-03-23,7.0907,stop,-3.03,-11.0,0.0,
2026-03-19,ONRYT,dip,10.1,0.064,58.55,378.0,2026-03-26,56.7935,stop,-3.03,-11.0,2.73,
2026-03-19,ORGE,dip,7.8,0.049,67.05,378.0,2026-03-24,65.0385,stop,-3.03,-11.0,0.97,
2026-03-19,OSMEN,dip,29.5,0.08,7.37,378.0,2026-03-26,7.1489,stop,-3.03,-11.0,1.76,
2026-03-19,OSTIM,dip,10.3,0.133,2.8,378.0,2026-03-23,2.716,stop,-3.03,-11.0,0.36,
2026-03-19,OTKAR,dip,34.5,0.159,387.75,378.0,2026-03-23,376.1175,stop,-3.03,-11.0,1.16,
2026-03-19,OTTO,dip,8.3,0.079,302.0,378.0,2026-03-19,311.06,hedef,2.97,11.0,3.31,
2026-03-19,PAMEL,dip,15.2,0.132,82.1,378.0,2026-03-24,79.637,stop,-3.03,-11.0,1.58,
2026-03-19,PAPIL,dip,14.6,0.027,15.81,378.0,2026-03-25,15.3357,stop,-3.03,-11.0,2.85,
2026-03-19,PATEK,dip,12.9,0.13,17.57,378.0,2026-03-24,18.0971,hedef,2.97,11.0,3.07,
2026-03-19,PENTA,dip,4.5,0.158,13.28,378.0,2026-03-26,12.8816,stop,-3.03,-11.0,0.9,
2026-03-19,PGSUS,dip,5.8,0.084,177.2,378.0,2026-03-23,171.884,stop,-3.03,-11.0,0.28,
2026-03-19,PKENT,dip,13.6,0.077,154.3,378.0,2026-03-23,149.671,stop,-3.03,-11.0,0.71,
2026-03-19,POLTK,dip,5.7,0.004,5010.0,378.0,2026-03-23,4859.7,stop,-3.03,-11.0,0.4,
2026-03-19,QUAGR,dip,9.9,0.064,3.03,378.0,2026-03-19,3.1209,hedef,2.97,11.0,3.3,
2026-03-19,RAYSG,dip,13.2,0.082,200.6,378.0,2026-03-26,194.582,stop,-3.03,-11.0,0.7,
2026-03-19,SANFM,dip,12.0,0.149,7.06,378.0,2026-03-23,6.8482,stop,-3.03,-11.0,0.42,
2026-03-19,SANKO,dip,25.6,0.193,20.02,378.0,2026-03-23,19.4194,stop,-3.03,-11.0,1.1,
2026-03-19,SASA,dip,11.8,0.085,2.43,378.0,2026-03-24,2.3571,stop,-3.03,-11.0,2.88,
2026-03-19,SEGMN,kirilim,93.4,0.998,58.75,378.0,2026-03-23,56.9875,stop,-3.03,-11.0,1.79,
2026-03-19,SERNT,dip,22.6,0.158,7.86,378.0,2026-03-26,8.0958,hedef,2.97,11.0,6.49,
2026-03-19,SMRTG,dip,18.4,0.077,7.17,378.0,2026-03-19,7.3851,hedef,2.97,11.0,5.16,
2026-03-19,SMRVA,dip,45.1,0.069,11.8094,378.0,2026-03-23,11.4552,stop,-3.03,-11.0,0.83,
2026-03-19,SNICA,dip,8.3,0.115,3.82,378.0,2026-03-23,3.7054,stop,-3.03,-11.0,0.52,
2026-03-19,SUWEN,dip,10.6,0.144,9.02,378.0,2026-03-23,8.7494,stop,-3.03,-11.0,0.67,
2026-03-19,TBORG,dip,5.3,0.029,150.0,378.0,2026-03-23,145.5,stop,-3.03,-11.0,0.27,
2026-03-19,TEKTU,dip,17.5,0.177,8.8,378.0,2026-03-23,8.536,stop,-3.03,-11.0,1.7,
2026-03-19,TKFEN,dip,17.8,0.131,79.85,378.0,2026-03-23,82.2455,hedef,2.97,11.0,3.38,
2026-03-19,TKNSA,dip,5.1,0.144,22.0,378.0,2026-03-23,21.34,stop,-3.03,-11.0,1.82,
2026-03-19,TRILC,dip,5.4,0.091,2.4606,378.0,2026-03-23,2.5344,hedef,2.97,11.0,3.8,
2026-03-19,TTRAK,dip,15.0,0.033,454.25,378.0,2026-03-23,440.6225,stop,-3.03,-11.0,0.99,
2026-03-19,TUCLK,dip,34.5,0.159,4.49,378.0,2026-03-19,4.6247,hedef,2.97,11.0,3.12,
2026-03-19,TUKAS,dip,8.6,0.193,2.34,378.0,2026-03-23,2.2698,stop,-3.03,-11.0,0.0,
2026-03-19,TUREX,dip,50.9,0.021,7.42,378.0,2026-03-23,7.1974,stop,-3.03,-11.0,1.48,
2026-03-19,TURGG,dip,14.6,0.176,27.98,378.0,2026-03-23,28.8194,hedef,2.97,11.0,3.36,
2026-03-19,USAK,dip,16.3,0.036,1.62,378.0,2026-03-23,1.5714,stop,-3.03,-11.0,1.23,
2026-03-19,VESBE,dip,12.1,0.038,7.33,378.0,2026-03-23,7.1101,stop,-3.03,-11.0,0.14,
2026-03-19,VESTL,dip,9.1,0.064,28.96,378.0,2026-03-23,28.0912,stop,-3.03,-11.0,0.83,
2026-03-19,VKING,dip,66.6,0.122,26.7,378.0,2026-03-19,25.899,stop,-3.03,-11.0,0.9,
2026-03-19,VRGYO,dip,4.9,0.081,2.27,378.0,2026-03-23,2.2019,stop,-3.03,-11.0,0.0,
2026-03-19,VSNMD,dip,10.4,0.006,76.0,378.0,2026-03-27,73.72,stop,-3.03,-11.0,2.63,
2026-03-19,YAPRK,dip,6.9,0.193,16.19,378.0,2026-03-19,16.6757,hedef,2.97,11.0,11.8,
2026-03-19,YAYLA,dip,40.7,0.171,23.6,378.0,2026-03-23,22.892,stop,-3.03,-11.0,0.93,
2026-03-19,YESIL,dip,94.3,0.09,1.51,378.0,2026-03-19,1.4647,stop,-3.03,-11.0,0.0,
2026-03-19,YIGIT,dip,10.4,0.098,22.3,378.0,2026-03-26,22.969,hedef,2.97,11.0,3.68,
2026-03-19,ZOREN,dip,6.6,0.067,2.91,378.0,2026-03-26,2.8227,stop,-3.03,-11.0,0.69,
2026-03-23,BIGEN,dip,3.3,0.052,8.87,2658.0,2026-03-26,8.6039,stop,-3.03,-81.0,2.14,
2026-03-23,EFOR,dip,7.5,-0.05,10.16,2658.0,2026-03-24,9.8552,stop,-3.03,-81.0,0.0,
2026-03-23,EMKEL,dip,4.4,0.048,22.92,2658.0,2026-03-23,23.6076,hedef,2.97,79.0,3.58,
2026-03-23,IHAAS,kirilim,4.4,1.025,91.8,2658.0,2026-03-24,94.554,hedef,2.97,79.0,5.23,
2026-03-23,INTEK,dip,3.7,0.011,246.5,2658.0,2026-03-23,253.895,hedef,2.97,79.0,3.35,
2026-03-23,KLRHO,dip,3.6,0.16,129.0,2658.0,2026-03-23,125.13,stop,-3.03,-81.0,0.23,
2026-03-23,PETKM,kirilim,3.4,0.789,20.64,2658.0,2026-03-23,20.0208,stop,-3.03,-81.0,0.1,
2026-03-23,PRZMA,kirilim,5.0,1.0,16.8,2658.0,2026-03-23,16.296,stop,-3.03,-81.0,2.32,
2026-03-23,SEGMN,kirilim,3.6,0.945,57.3,2658.0,2026-03-23,55.581,stop,-3.03,-81.0,0.0,
2026-03-23,SUMAS,dip,3.2,0.15,264.0,2658.0,2026-04-03,256.08,stop,-3.03,-81.0,0.28,
2026-03-23,TUCLK,dip,3.1,0.113,4.33,2658.0,2026-03-24,4.4599,hedef,2.97,79.0,3.46,
2026-03-23,VKING,dip,4.0,0.023,24.22,2658.0,2026-03-23,24.9466,hedef,2.97,79.0,3.55,
2026-03-23,YESIL,dip,3.5,0.005,1.32,2658.0,2026-03-24,1.2804,stop,-3.03,-81.0,0.76,
2026-03-24,BAYRK,dip,3.7,0.191,4.8,7880.0,2026-03-25,4.944,hedef,2.97,234.0,7.29,
2026-03-24,CEOEM,dip,4.5,0.182,23.36,7880.0,2026-03-25,24.0608,hedef,2.97,234.0,4.88,
2026-03-24,DCTTR,dip,5.1,0.199,8.93,7880.0,2026-03-25,9.1979,hedef,2.97,234.0,3.36,
2026-03-24,EFOR,dip,3.3,-0.043,9.15,7880.0,2026-03-24,9.4245,hedef,2.97,234.0,5.03,
2026-03-24,EMKEL,dip,4.6,0.068,25.18,7880.0,2026-03-24,24.4246,stop,-3.03,-239.0,0.24,
2026-03-24,FZLGY,kirilim,4.8,0.946,18.91,7880.0,2026-03-24,18.3427,stop,-3.03,-239.0,0.0,
2026-03-24,MAKIM,dip,6.0,0.119,15.35,7880.0,2026-03-25,15.8105,hedef,2.97,234.0,5.34,
2026-03-24,MSGYO,kirilim,3.5,1.069,9.33,7880.0,2026-03-24,9.6099,hedef,2.97,234.0,3.54,
2026-03-24,YESIL,dip,8.1,0.054,1.43,7880.0,2026-03-25,1.4729,hedef,2.97,234.0,9.09,
2026-03-25,AKMGY,kirilim,4.9,0.827,257.25,5599.0,2026-03-25,264.9675,hedef,2.97,166.0,3.01,
2026-03-25,ARENA,dip,3.2,0.083,25.84,5599.0,2026-03-26,26.6152,hedef,2.97,166.0,5.65,
2026-03-25,ASTOR,kirilim,3.1,1.019,207.3,5599.0,2026-03-26,213.519,hedef,2.97,166.0,3.14,
2026-03-25,EFOR,dip,26.3,-0.029,8.44,5599.0,2026-03-25,8.6932,hedef,2.97,166.0,14.45,
2026-03-25,EMKEL,dip,3.1,0.05,23.06,5599.0,2026-03-25,23.7518,hedef,2.97,166.0,5.03,
2026-03-25,FORMT,dip,4.4,0.193,3.07,5599.0,2026-03-25,2.9779,stop,-3.03,-170.0,0.0,
2026-03-25,NIBAS,kirilim,3.0,0.992,9.78,5599.0,2026-03-25,10.0734,hedef,2.97,166.0,3.27,
2026-03-25,YYAPI,dip,23.4,0.181,1.21,5599.0,2026-03-25,1.2463,hedef,2.97,166.0,10.74,
2026-03-26,ARENA,dip,10.0,0.132,27.14,5398.0,2026-03-26,27.9542,hedef,2.97,160.0,3.24,
2026-03-26,BYDNR,kirilim,6.0,1.047,42.0,5398.0,2026-03-26,40.74,stop,-3.03,-164.0,0.05,
2026-03-26,CEOEM,dip,3.0,0.139,22.26,5398.0,2026-03-26,21.5922,stop,-3.03,-164.0,1.08,
2026-03-26,DMRGD,kirilim,3.1,0.984,4.67,5398.0,2026-03-27,4.5299,stop,-3.03,-164.0,0.64,
2026-03-26,EFOR,dip,3.6,0.044,9.5,5398.0,2026-03-26,9.215,stop,-3.03,-164.0,0.0,
2026-03-26,EMKEL,dip,3.7,0.078,26.28,5398.0,2026-03-26,27.0684,hedef,2.97,160.0,6.01,
2026-03-26,FZLGY,kirilim,5.0,1.013,20.02,5398.0,2026-03-26,19.4194,stop,-3.03,-164.0,0.9,
2026-03-26,GOODY,dip,11.6,0.199,14.84,5398.0,2026-03-27,15.2852,hedef,2.97,160.0,5.46,
2026-03-26,LILAK,kirilim,6.1,1.161,38.16,5398.0,2026-03-27,39.3048,hedef,2.97,160.0,3.51,
2026-03-26,ORMA,dip,3.3,0.161,155.1,5398.0,2026-03-31,150.447,stop,-3.03,-164.0,1.23,
2026-03-26,OTTO,dip,3.3,0.166,328.75,5398.0,2026-03-26,338.6125,hedef,2.97,160.0,3.5,
2026-03-26,SANFM,dip,4.8,0.191,7.67,5398.0,2026-03-26,7.4399,stop,-3.03,-164.0,0.0,
2026-03-26,SMRTG,dip,5.8,0.084,7.15,5398.0,2026-03-30,6.9355,stop,-3.03,-164.0,1.68,
2026-03-26,SNICA,dip,5.2,0.176,3.96,5398.0,2026-03-26,3.8412,stop,-3.03,-164.0,0.0,
2026-03-27,BIGEN,dip,8.5,0.081,9.18,10354.0,2026-03-27,9.4554,hedef,2.97,307.0,4.03,
2026-03-27,EFOR,dip,3.5,0.043,9.49,10354.0,2026-03-27,9.2053,stop,-3.03,-314.0,0.0,
2026-03-27,ETILR,dip,3.8,0.113,3.87,10354.0,2026-03-30,3.7539,stop,-3.03,-314.0,0.26,
2026-03-27,HATSN,dip,7.6,0.186,38.62,10354.0,2026-03-27,37.4614,stop,-3.03,-314.0,1.45,
2026-03-27,JANTS,dip,4.4,0.059,17.03,10354.0,2026-03-27,16.5191,stop,-3.03,-314.0,0.0,
2026-03-27,KTLEV,kirilim,3.6,1.037,68.75,10354.0,2026-03-30,70.8125,hedef,2.97,307.0,9.96,
2026-03-27,SANFM,dip,3.7,0.197,7.75,10354.0,2026-03-30,7.5175,stop,-3.03,-314.0,0.65,
2026-03-30,AKENR,dip,3.3,0.165,9.73,5068.0,2026-03-30,10.0219,hedef,2.97,150.0,3.19,
2026-03-30,ARMGD,kirilim,3.3,0.961,90.35,5068.0,2026-03-30,87.6395,stop,-3.03,-154.0,0.17,
2026-03-30,AYDEM,kirilim,4.4,0.996,28.94,5068.0,2026-03-30,29.8082,hedef,2.97,150.0,3.18,
2026-03-30,BIGEN,dip,4.6,0.128,9.7,5068.0,2026-03-30,9.409,stop,-3.03,-154.0,0.0,
2026-03-30,BIOEN,dip,4.4,0.18,17.06,5068.0,2026-03-31,16.5482,stop,-3.03,-154.0,1.23,
2026-03-30,BJKAS,dip,3.2,0.048,1.5,5068.0,2026-03-30,1.455,stop,-3.03,-154.0,1.33,
2026-03-30,EFOR,dip,3.2,0.043,9.47,5068.0,2026-03-30,9.7541,hedef,2.97,150.0,4.22,
2026-03-30,FORMT,dip,4.2,0.021,2.73,5068.0,2026-04-03,2.6481,stop,-3.03,-154.0,2.93,
2026-03-30,GWIND,kirilim,4.5,0.995,28.58,5068.0,2026-03-31,29.4374,hedef,2.97,150.0,7.42,
2026-03-30,ISKPL,kirilim,3.6,1.045,15.99,5068.0,2026-03-30,15.5103,stop,-3.03,-154.0,0.0,
2026-03-30,SNICA,dip,4.2,0.086,3.81,5068.0,2026-04-01,3.9243,hedef,2.97,150.0,3.15,
2026-03-30,SNPAM,dip,3.1,0.153,20.8,5068.0,2026-04-01,21.424,hedef,2.97,150.0,3.56,
2026-03-31,AKFYE,kirilim,4.0,0.918,22.34,4777.0,2026-04-01,23.0102,hedef,2.97,142.0,3.31,
2026-03-31,ANELE,dip,4.3,0.168,15.52,4777.0,2026-03-31,15.0544,stop,-3.03,-145.0,0.0,
2026-03-31,AYEN,kirilim,11.7,0.91,32.14,4777.0,2026-03-31,33.1042,hedef,2.97,142.0,4.48,
2026-03-31,BINBN,dip,4.5,0.199,168.0,4777.0,2026-03-31,162.96,stop,-3.03,-145.0,0.0,
2026-03-31,BOBET,dip,3.2,0.147,19.54,4777.0,2026-04-07,18.9538,stop,-3.03,-145.0,1.84,
2026-03-31,DERHL,dip,3.3,0.012,14.62,4777.0,2026-04-03,15.0586,hedef,2.97,142.0,4.65,
2026-03-31,EFOR,dip,3.1,0.045,9.53,4777.0,2026-04-01,9.8159,hedef,2.97,142.0,6.61,
2026-03-31,GWIND,kirilim,6.6,1.132,29.72,4777.0,2026-04-01,28.8284,stop,-3.03,-145.0,1.62,
2026-03-31,KONYA,dip,3.8,0.016,3827.5,4777.0,2026-04-10,3942.325,hedef,2.97,142.0,3.14,
2026-03-31,MARTI,dip,3.6,0.068,1.41,4777.0,2026-04-01,1.4523,hedef,2.97,142.0,3.55,
2026-03-31,MOBTL,kirilim,7.4,1.012,12.0,4777.0,2026-03-31,11.64,stop,-3.03,-145.0,0.0,
2026-03-31,SEKUR,kirilim,6.5,1.192,6.89,4777.0,2026-04-01,6.6833,stop,-3.03,-145.0,4.5,
2026-03-31,SMRTG,dip,4.0,-0.057,6.41,4777.0,2026-04-02,6.6023,hedef,2.97,142.0,3.43,
2026-03-31,VKING,dip,4.3,0.002,23.16,4777.0,2026-03-31,23.8548,hedef,2.97,142.0,4.84,
2026-03-31,YAYLA,dip,8.0,0.186,24.02,4777.0,2026-04-01,24.7406,hedef,2.97,142.0,7.41,
2026-04-01,ADEL,kirilim,5.7,0.974,41.6,2300.0,2026-04-01,42.848,hedef,2.97,68.0,4.71,
2026-04-01,AKSEN,kirilim,5.3,0.937,78.05,2300.0,2026-04-06,80.3915,hedef,2.97,68.0,4.16,
2026-04-01,ANELE,dip,33.8,0.13,15.02,2300.0,2026-04-01,15.4706,hedef,2.97,68.0,3.06,
2026-04-01,BEGYO,dip,3.6,0.031,4.47,2300.0,2026-04-02,4.6041,hedef,2.97,68.0,3.36,
2026-04-01,BIENY,dip,4.1,0.039,22.02,2300.0,2026-04-01,22.6806,hedef,2.97,68.0,3.27,
2026-04-01,KLRHO,dip,3.1,0.179,142.3,2300.0,2026-04-02,146.569,hedef,2.97,68.0,7.45,
2026-04-01,KRDMB,kirilim,3.6,1.072,62.8,2300.0,2026-04-01,60.916,stop,-3.03,-70.0,0.0,
2026-04-01,MRSHL,dip,3.2,0.179,1399.0,2300.0,2026-04-07,1440.97,hedef,2.97,68.0,5.29,
2026-04-01,PKENT,dip,3.0,0.076,154.1,2300.0,2026-04-01,158.723,hedef,2.97,68.0,3.18,
2026-04-01,QUAGR,dip,3.1,0.078,3.16,2300.0,2026-04-02,3.2548,hedef,2.97,68.0,4.11,
2026-04-01,RUBNS,kirilim,10.8,0.981,43.46,2300.0,2026-04-01,44.7638,hedef,2.97,68.0,3.08,
2026-04-01,SEKFK,kirilim,4.0,1.228,11.63,2300.0,2026-04-01,11.2811,stop,-3.03,-70.0,0.26,
2026-04-01,SMRVA,dip,3.1,0.044,12.1339,2300.0,2026-04-01,11.7699,stop,-3.03,-70.0,0.0,
2026-04-01,SNICA,dip,3.9,0.109,3.86,2300.0,2026-04-10,3.9758,hedef,2.97,68.0,3.11,
2026-04-01,TEKTU,dip,3.0,0.194,9.36,2300.0,2026-04-02,9.6408,hedef,2.97,68.0,4.59,
2026-04-01,TUREX,dip,4.0,0.03,7.82,2300.0,2026-04-02,7.5854,stop,-3.03,-70.0,4.09,
2026-04-01,VKING,dip,5.0,0.157,26.88,2300.0,2026-04-01,26.0736,stop,-3.03,-70.0,0.6,
2026-04-02,ADEL,kirilim,3.0,0.909,42.02,2864.0,2026-04-02,43.2806,hedef,2.97,85.0,7.23,
2026-04-02,AYEN,kirilim,7.7,1.092,35.56,2864.0,2026-04-03,36.6268,hedef,2.97,85.0,7.2,
2026-04-02,BEGYO,dip,9.1,0.04,4.61,2864.0,2026-04-02,4.4717,stop,-3.03,-87.0,2.17,
2026-04-02,BIENY,dip,3.8,0.108,24.14,2864.0,2026-04-02,24.8642,hedef,2.97,85.0,3.4,
2026-04-02,BIGTK,dip,3.8,0.071,224.9,2864.0,2026-04-02,231.647,hedef,2.97,85.0,6.18,
2026-04-02,DGNMO,dip,3.1,0.093,3.88,2864.0,2026-04-02,3.7636,stop,-3.03,-87.0,0.0,
2026-04-02,EFOR,dip,3.1,-0.01,8.15,2864.0,2026-04-03,7.9055,stop,-3.03,-87.0,0.0,
2026-04-02,ERCB,dip,6.6,0.124,54.2,2864.0,2026-04-02,55.826,hedef,2.97,85.0,3.32,
2026-04-02,GZNMI,dip,3.7,0.075,63.1,2864.0,2026-04-02,64.993,hedef,2.97,85.0,3.96,
2026-04-02,KLRHO,dip,3.1,0.163,131.5,2864.0,2026-04-03,127.555,stop,-3.03,-87.0,1.37,
2026-04-02,KNFRT,dip,5.2,0.079,10.68,2864.0,2026-04-07,11.0004,hedef,2.97,85.0,3.46,
2026-04-02,KONTR,dip,6.0,0.005,8.1,2864.0,2026-04-03,7.857,stop,-3.03,-87.0,1.36,
2026-04-02,MARTI,dip,5.4,0.136,1.53,2864.0,2026-04-02,1.5759,hedef,2.97,85.0,4.58,
2026-04-02,NIBAS,kirilim,39.2,1.075,11.25,2864.0,2026-04-03,10.9125,stop,-3.03,-87.0,2.67,
2026-04-02,QUAGR,dip,5.2,0.087,3.24,2864.0,2026-04-02,3.3372,hedef,2.97,85.0,4.32,
2026-04-02,SMRTG,dip,3.2,0.056,6.59,2864.0,2026-04-07,6.7877,hedef,2.97,85.0,5.31,
2026-04-02,SMRVA,dip,7.6,0.043,12.3896,2864.0,2026-04-02,12.7613,hedef,2.97,85.0,3.02,
2026-04-02,TEKTU,dip,3.2,0.196,9.44,2864.0,2026-04-02,9.7232,hedef,2.97,85.0,3.18,
2026-04-02,TSGYO,dip,26.8,0.15,6.41,2864.0,2026-04-06,6.6023,hedef,2.97,85.0,3.59,
2026-04-02,TUREX,dip,3.5,0.029,7.79,2864.0,2026-04-02,8.0237,hedef,2.97,85.0,5.26,
2026-04-02,VRGYO,dip,3.8,0.09,2.29,2864.0,2026-04-03,2.2213,stop,-3.03,-87.0,2.18,
2026-04-03,ADEL,kirilim,3.5,1.005,45.16,3444.0,2026-04-03,46.5148,hedef,2.97,102.0,7.31,
2026-04-03,AKMGY,kirilim,3.1,0.976,290.75,3444.0,2026-04-06,299.4725,hedef,2.97,102.0,3.01,
2026-04-03,BEGYO,dip,4.3,0.047,4.72,3444.0,2026-04-03,4.8616,hedef,2.97,102.0,5.93,
2026-04-03,BIGTK,dip,7.1,0.093,239.6,3444.0,2026-04-06,232.412,stop,-3.03,-104.0,2.67,
2026-04-03,BLCYT,kirilim,5.0,1.0,52.95,3444.0,2026-04-03,51.3615,stop,-3.03,-104.0,1.04,
2026-04-03,BORLS,dip,9.0,0.022,3.25,3444.0,2026-04-03,3.1525,stop,-3.03,-104.0,0.0,
2026-04-03,DERHL,dip,3.1,0.013,14.8,3444.0,2026-04-03,15.244,hedef,2.97,102.0,3.38,
2026-04-03,DGNMO,dip,4.7,0.121,4.01,3444.0,2026-04-03,3.8897,stop,-3.03,-104.0,1.75,
2026-04-03,ERCB,dip,8.2,0.188,57.95,3444.0,2026-04-03,59.6885,hedef,2.97,102.0,4.06,
2026-04-03,FADE,kirilim,8.1,0.888,17.3,3444.0,2026-04-03,17.819,hedef,2.97,102.0,4.51,
2026-04-03,KARTN,dip,8.3,0.191,69.45,3444.0,2026-04-06,71.5335,hedef,2.97,102.0,6.98,
2026-04-03,MNDTR,dip,3.8,0.19,5.78,3444.0,2026-04-14,5.9534,hedef,2.97,102.0,3.11,
2026-04-03,POLTK,dip,3.5,0.094,5500.0,3444.0,2026-04-03,5335.0,stop,-3.03,-104.0,0.0,
2026-04-03,RUBNS,kirilim,3.9,0.984,45.2,3444.0,2026-04-06,46.556,hedef,2.97,102.0,3.1,
2026-04-03,VESBE,dip,4.5,0.026,7.11,3444.0,2026-04-07,6.8967,stop,-3.03,-104.0,0.28,
2026-04-06,AKMGY,kirilim,8.5,1.233,323.5,4641.0,2026-04-07,333.205,hedef,2.97,138.0,6.57,
2026-04-06,BALSU,dip,4.0,0.098,14.97,4641.0,2026-04-06,15.4191,hedef,2.97,138.0,3.07,
2026-04-06,BEGYO,dip,3.1,0.04,4.61,4641.0,2026-04-07,4.4717,stop,-3.03,-141.0,0.65,
2026-04-06,EFOR,dip,3.7,-0.017,6.89,4641.0,2026-04-06,7.0967,hedef,2.97,138.0,4.79,
2026-04-06,EMNIS,dip,3.0,-0.002,146.5,4641.0,2026-04-09,142.105,stop,-3.03,-141.0,1.02,
2026-04-06,GEREL,kirilim,3.7,1.018,32.02,4641.0,2026-04-06,32.9806,hedef,2.97,138.0,3.12,
2026-04-06,HEDEF,kirilim,5.9,0.996,91.5594,4641.0,2026-04-08,94.3061,hedef,2.97,138.0,5.54,
2026-04-06,JANTS,dip,3.7,0.069,17.18,4641.0,2026-04-07,17.6954,hedef,2.97,138.0,5.06,
2026-04-06,KOTON,dip,3.0,0.155,14.82,4641.0,2026-04-10,15.2646,hedef,2.97,138.0,3.44,
2026-04-06,PAMEL,dip,3.4,0.148,84.3,4641.0,2026-04-06,86.829,hedef,2.97,138.0,3.2,
2026-04-06,POLTK,dip,3.2,0.099,5550.0,4641.0,2026-04-06,5383.5,stop,-3.03,-141.0,0.18,
2026-04-06,TUCLK,dip,3.1,0.046,4.11,4641.0,2026-04-07,3.9867,stop,-3.03,-141.0,0.97,
2026-04-06,YGGYO,kirilim,5.5,1.032,223.4,4641.0,2026-04-07,216.698,stop,-3.03,-141.0,0.94,
2026-04-07,AHGAZ,dip,3.7,0.163,22.7,2043.0,2026-04-07,23.381,hedef,2.97,61.0,3.08,
2026-04-07,AYEN,kirilim,4.3,0.987,38.9,2043.0,2026-04-07,40.067,hedef,2.97,61.0,4.37,
2026-04-07,BALSU,dip,4.7,0.122,15.31,2043.0,2026-04-07,14.8507,stop,-3.03,-62.0,1.24,
2026-04-07,BUCIM,dip,3.3,0.066,6.07,2043.0,2026-04-17,6.2521,hedef,2.97,61.0,3.79,
2026-04-07,CEOEM,dip,5.7,0.171,23.08,2043.0,2026-04-08,23.7724,hedef,2.97,61.0,7.02,
2026-04-07,CMBTN,dip,3.4,0.04,1694.0,2043.0,2026-04-08,1744.82,hedef,2.97,61.0,3.9,
2026-04-07,CRFSA,kirilim,41.4,0.999,145.4,2043.0,2026-04-08,149.762,hedef,2.97,61.0,3.78,
2026-04-07,DGNMO,dip,16.9,0.187,4.31,2043.0,2026-04-07,4.1807,stop,-3.03,-62.0,0.0,
2026-04-07,EFOR,dip,3.1,0.021,7.3,2043.0,2026-04-07,7.081,stop,-3.03,-62.0,0.0,
2026-04-07,EUREN,dip,5.1,0.122,4.98,2043.0,2026-04-08,5.1294,hedef,2.97,61.0,3.01,
2026-04-07,JANTS,dip,9.6,0.094,17.54,2043.0,2026-04-07,17.0138,stop,-3.03,-62.0,0.57,
2026-04-07,KONTR,dip,3.7,0.032,8.03,2043.0,2026-04-07,7.7891,stop,-3.03,-62.0,0.12,
2026-04-07,KRDMB,kirilim,3.1,0.949,68.1,2043.0,2026-04-07,70.143,hedef,2.97,61.0,3.23,
2026-04-07,KUYAS,kirilim,3.9,0.983,82.0,2043.0,2026-04-08,84.46,hedef,2.97,61.0,5.37,
2026-04-07,MOGAN,kirilim,4.1,1.164,15.26,2043.0,2026-04-09,14.8022,stop,-3.03,-62.0,2.62,
2026-04-07,MRSHL,dip,3.3,0.199,1420.0,2043.0,2026-04-07,1462.6,hedef,2.97,61.0,4.51,
2026-04-07,PAMEL,dip,4.4,0.155,84.75,2043.0,2026-04-07,82.2075,stop,-3.03,-62.0,0.35,
2026-04-07,POLHO,kirilim,5.8,1.035,25.02,2043.0,2026-04-07,24.2694,stop,-3.03,-62.0,0.0,
2026-04-07,SEGMN,kirilim,9.5,0.999,63.2,2043.0,2026-04-07,61.304,stop,-3.03,-62.0,0.24,
2026-04-07,SMRTG,dip,5.9,0.1,6.84,2043.0,2026-04-07,6.6348,stop,-3.03,-62.0,1.9,
2026-04-07,USAK,dip,11.3,0.074,1.75,2043.0,2026-04-07,1.6975,stop,-3.03,-62.0,1.71,
2026-04-08,ADESE,dip,3.1,0.144,0.97,3395.0,2026-04-09,0.9409,stop,-3.03,-103.0,1.03,
2026-04-08,ALFAS,dip,6.4,0.141,38.18,3395.0,2026-04-15,39.3254,hedef,2.97,101.0,3.56,
2026-04-08,ALTNY,dip,3.1,0.042,14.64,3395.0,2026-04-08,15.0792,hedef,2.97,101.0,3.35,
2026-04-08,BARMA,kirilim,5.0,0.955,50.35,3395.0,2026-04-08,51.8605,hedef,2.97,101.0,3.28,
2026-04-08,BLCYT,kirilim,3.9,0.797,51.7,3395.0,2026-04-08,53.251,hedef,2.97,101.0,6.29,
2026-04-08,BORLS,dip,5.8,0.021,3.22,3395.0,2026-04-09,3.3166,hedef,2.97,101.0,5.28,
2026-04-08,BUCIM,dip,3.9,0.057,6.03,3395.0,2026-04-17,6.2109,hedef,2.97,101.0,3.32,
2026-04-08,EUREN,dip,8.8,0.141,5.12,3395.0,2026-04-08,4.9664,stop,-3.03,-103.0,0.0,
2026-04-08,GEREL,kirilim,4.2,1.037,35.92,3395.0,2026-04-08,34.8424,stop,-3.03,-103.0,2.45,
2026-04-08,GLRMK,kirilim,3.6,1.009,207.0,3395.0,2026-04-08,213.21,hedef,2.97,101.0,4.73,
2026-04-08,HTTBT,dip,4.3,0.169,38.7,3395.0,2026-04-10,39.861,hedef,2.97,101.0,4.29,
2026-04-08,HUNER,dip,3.2,0.111,3.16,3395.0,2026-04-09,3.0652,stop,-3.03,-103.0,0.0,
2026-04-08,KSTUR,dip,3.0,0.088,3030.0,3395.0,2026-04-08,3120.9,hedef,2.97,101.0,3.47,
2026-04-08,LKMNH,dip,7.3,0.147,15.03,3395.0,2026-04-13,15.4809,hedef,2.97,101.0,3.66,
2026-04-08,OSTIM,dip,3.2,0.084,2.79,3395.0,2026-04-13,2.7063,stop,-3.03,-103.0,0.72,
2026-04-08,PGSUS,dip,4.2,0.162,185.3,3395.0,2026-04-16,190.859,hedef,2.97,101.0,3.02,
2026-04-08,RGYAS,kirilim,5.8,0.942,170.7,3395.0,2026-04-13,175.821,hedef,2.97,101.0,3.1,
2026-04-08,SNICA,dip,7.0,0.14,3.93,3395.0,2026-04-15,4.0479,hedef,2.97,101.0,3.05,
2026-04-08,TRILC,dip,4.0,0.106,2.4481,3395.0,2026-04-14,2.5216,hedef,2.97,101.0,3.76,
2026-04-08,VRGYO,dip,3.5,0.077,2.26,3395.0,2026-04-09,2.3278,hedef,2.97,101.0,9.29,
2026-04-09,BUCIM,dip,3.7,0.074,6.07,2624.0,2026-04-17,6.2521,hedef,2.97,78.0,3.79,
2026-04-09,CRFSA,kirilim,3.0,0.975,157.3,2624.0,2026-04-10,162.019,hedef,2.97,78.0,3.31,
2026-04-09,EFOR,dip,3.4,0.006,6.66,2624.0,2026-04-09,6.4602,stop,-3.03,-80.0,0.0,
2026-04-09,EGEPO,kirilim,3.1,1.024,15.02,2624.0,2026-04-10,15.4706,hedef,2.97,78.0,3.06,
2026-04-09,EUREN,dip,7.6,0.1,5.0,2624.0,2026-04-13,5.15,hedef,2.97,78.0,3.4,
2026-04-09,FORMT,dip,3.1,0.076,2.79,2624.0,2026-04-14,2.8737,hedef,2.97,78.0,3.23,
2026-04-09,GRTHO,dip,3.0,0.097,253.25,2624.0,2026-04-10,260.8475,hedef,2.97,78.0,8.19,
2026-04-09,KBORU,kirilim,3.6,0.963,23.54,2624.0,2026-04-09,24.2462,hedef,2.97,78.0,3.57,
2026-04-09,KONTR,dip,5.3,0.092,8.8,2624.0,2026-04-10,9.064,hedef,2.97,78.0,10.0,
2026-04-09,KRDMD,kirilim,3.6,1.146,37.22,2624.0,2026-04-10,38.3366,hedef,2.97,78.0,3.87,
2026-04-09,MRSHL,dip,3.2,0.196,1417.0,2624.0,2026-04-14,1459.51,hedef,2.97,78.0,4.45,
2026-04-09,SMRVA,dip,5.2,0.034,13.3237,2624.0,2026-04-10,13.7234,hedef,2.97,78.0,5.17,
2026-04-09,VESTL,dip,3.1,0.047,27.86,2624.0,2026-04-15,28.6958,hedef,2.97,78.0,3.09,
2026-04-09,VRGYO,dip,5.7,0.094,2.3,2624.0,2026-04-09,2.369,hedef,2.97,78.0,7.39,
2026-04-09,YAYLA,dip,3.1,0.147,23.78,2624.0,2026-04-09,23.0666,stop,-3.03,-80.0,1.68,
2026-04-10,ADESE,dip,7.0,0.157,1.03,1455.0,2026-04-13,0.9991,stop,-3.03,-44.0,0.97,
2026-04-10,AKYHO,dip,4.5,0.134,2.67,1455.0,2026-04-13,2.5899,stop,-3.03,-44.0,1.87,
2026-04-10,ALCAR,dip,3.2,0.108,775.5,1455.0,2026-04-13,752.235,stop,-3.03,-44.0,0.0,
2026-04-10,BAKAB,kirilim,7.1,1.055,49.42,1455.0,2026-04-13,50.9026,hedef,2.97,43.0,4.01,
2026-04-10,BANVT,dip,4.4,0.094,160.3,1455.0,2026-04-16,165.109,hedef,2.97,43.0,4.24,
2026-04-10,BORLS,dip,13.6,0.044,3.92,1455.0,2026-04-13,4.0376,hedef,2.97,43.0,11.73,
2026-04-10,BUCIM,dip,3.6,0.083,6.09,1455.0,2026-04-17,6.2727,hedef,2.97,43.0,3.45,
2026-04-10,EFOR,dip,3.9,-0.02,5.38,1455.0,2026-04-10,5.5414,hedef,2.97,43.0,4.65,
2026-04-10,GLRMK,kirilim,3.6,0.995,242.7,1455.0,2026-04-10,249.981,hedef,2.97,43.0,5.69,
2026-04-10,GRTHO,dip,7.7,0.144,276.0,1455.0,2026-04-13,284.28,hedef,2.97,43.0,6.52,
2026-04-10,IHYAY,dip,13.5,0.106,1.83,1455.0,2026-04-13,1.7751,stop,-3.03,-44.0,2.73,
2026-04-10,KAPLM,kirilim,4.9,1.053,617.5,1455.0,2026-04-10,598.975,stop,-3.03,-44.0,0.0,
2026-04-10,KONTR,dip,27.3,0.159,9.68,1455.0,2026-04-13,9.9704,hedef,2.97,43.0,4.55,
2026-04-10,KRDMD,kirilim,3.1,1.077,39.08,1455.0,2026-04-10,37.9076,stop,-3.03,-44.0,0.0,
2026-04-10,KTSKR,kirilim,3.4,0.983,98.85,1455.0,2026-04-10,101.8155,hedef,2.97,43.0,3.89,
2026-04-10,SAMAT,dip,3.4,0.069,5.38,1455.0,2026-04-13,5.2186,stop,-3.03,-44.0,0.37,
2026-04-10,SASA,dip,3.4,0.125,2.57,1455.0,2026-04-13,2.6471,hedef,2.97,43.0,3.89,
2026-04-10,SMRVA,dip,3.3,0.041,14.012,1455.0,2026-04-10,14.4324,hedef,2.97,43.0,5.26,
2026-04-10,VESTL,dip,3.4,0.06,28.12,1455.0,2026-04-16,28.9636,hedef,2.97,43.0,3.13,
2026-04-10,VSNMD,dip,9.0,0.017,85.2,1455.0,2026-04-10,87.756,hedef,2.97,43.0,3.58,
2026-04-10,ZOREN,dip,3.1,0.127,2.92,1455.0,2026-04-15,3.0076,hedef,2.97,43.0,3.42,
2026-04-13,ALCAR,dip,5.3,0.056,740.0,1913.0,2026-04-14,762.2,hedef,2.97,57.0,3.24,
2026-04-13,ALTNY,dip,3.0,0.184,16.08,1913.0,2026-04-21,16.5624,hedef,2.97,57.0,3.23,
2026-04-13,BAKAB,kirilim,4.4,0.838,46.92,1913.0,2026-04-14,48.3276,hedef,2.97,57.0,4.13,
2026-04-13,BJKAS,dip,3.1,0.068,1.51,1913.0,2026-04-15,1.5553,hedef,2.97,57.0,3.31,
2026-04-13,BORLS,dip,13.4,0.059,4.38,1913.0,2026-04-14,4.5114,hedef,2.97,57.0,9.82,
2026-04-13,CRFSA,kirilim,3.6,0.96,159.3,1913.0,2026-04-13,164.079,hedef,2.97,57.0,3.01,
2026-04-13,EGSER,dip,4.1,0.142,2.87,1913.0,2026-04-16,2.9561,hedef,2.97,57.0,4.18,
2026-04-13,ESEN,dip,4.6,0.036,4.07,1913.0,2026-04-13,4.1921,hedef,2.97,57.0,3.44,
2026-04-13,FENER,dip,5.2,0.161,3.02,1913.0,2026-04-14,3.1106,hedef,2.97,57.0,3.64,
2026-04-13,GRTHO,dip,27.0,0.178,293.0,1913.0,2026-04-13,301.79,hedef,2.97,57.0,3.58,
2026-04-13,IHYAY,dip,5.1,0.143,1.9,1913.0,2026-04-13,1.843,stop,-3.03,-58.0,2.11,
2026-04-13,KAPLM,kirilim,3.7,0.982,609.5,1913.0,2026-04-13,627.785,hedef,2.97,57.0,3.2,
2026-04-13,KONTR,dip,11.5,0.193,10.12,1913.0,2026-04-13,10.4236,hedef,2.97,57.0,3.06,
2026-04-13,METRO,kirilim,3.6,0.998,6.55,1913.0,2026-04-13,6.3535,stop,-3.03,-58.0,0.0,
2026-04-13,OZATD,kirilim,22.5,1.008,258.75,1913.0,2026-04-13,266.5125,hedef,2.97,57.0,4.15,
2026-04-13,PENTA,dip,4.2,0.142,13.16,1913.0,2026-04-14,13.5548,hedef,2.97,57.0,3.12,
2026-04-13,SAMAT,dip,5.5,0.027,5.21,1913.0,2026-04-15,5.3663,hedef,2.97,57.0,3.26,
2026-04-13,SMRVA,dip,6.0,0.058,15.5558,1913.0,2026-04-13,16.0225,hedef,2.97,57.0,3.41,
2026-04-13,SOKE,kirilim,6.8,1.134,16.76,1913.0,2026-04-14,17.2628,hedef,2.97,57.0,6.68,
2026-04-13,TUCLK,dip,4.6,0.029,4.04,1913.0,2026-04-14,4.1612,hedef,2.97,57.0,3.22,
2026-04-13,TUREX,dip,3.5,0.038,8.2,1913.0,2026-04-13,7.954,stop,-3.03,-58.0,0.85,
2026-04-13,VANGD,kirilim,3.5,1.024,80.95,1913.0,2026-04-13,83.3785,hedef,2.97,57.0,3.77,
2026-04-14,ALCAR,dip,3.1,0.088,757.5,2124.0,2026-04-15,780.225,hedef,2.97,63.0,3.7,
2026-04-14,ALTNY,dip,3.1,0.188,16.12,2124.0,2026-04-21,16.6036,hedef,2.97,63.0,3.23,
2026-04-14,ARENA,dip,3.4,0.144,27.44,2124.0,2026-04-15,28.2632,hedef,2.97,63.0,4.37,
2026-04-14,BANVT,dip,5.3,0.12,162.0,2124.0,2026-04-16,166.86,hedef,2.97,63.0,3.15,
2026-04-14,BARMA,kirilim,3.8,0.996,56.1,2124.0,2026-04-14,57.783,hedef,2.97,63.0,3.3,
2026-04-14,BFREN,dip,3.5,0.15,147.6,2124.0,2026-04-15,152.028,hedef,2.97,63.0,6.44,
2026-04-14,BORLS,dip,8.8,0.072,4.8,2124.0,2026-04-15,4.944,hedef,2.97,63.0,10.21,
2026-04-14,EBEBK,kirilim,3.7,1.058,68.55,2124.0,2026-04-14,70.6065,hedef,2.97,63.0,3.06,
2026-04-14,EFOR,dip,3.2,0.033,6.12,2124.0,2026-04-15,6.3036,hedef,2.97,63.0,6.54,
2026-04-14,EGEEN,dip,3.3,0.104,5867.5,2124.0,2026-04-15,6043.525,hedef,2.97,63.0,5.24,
2026-04-14,EGEPO,kirilim,4.0,1.073,16.19,2124.0,2026-04-16,16.6757,hedef,2.97,63.0,4.01,
2026-04-14,ESEN,dip,3.2,0.042,4.17,2124.0,2026-04-14,4.0449,stop,-3.03,-64.0,2.64,
2026-04-14,EUREN,dip,10.5,0.165,5.59,2124.0,2026-04-14,5.4223,stop,-3.03,-64.0,0.0,
2026-04-14,FENER,dip,4.0,0.188,3.1,2124.0,2026-04-14,3.007,stop,-3.03,-64.0,0.0,
2026-04-14,GRTHO,dip,3.9,0.111,260.25,2124.0,2026-04-14,268.0575,hedef,2.97,63.0,5.28,
2026-04-14,HATEK,dip,4.2,0.139,16.0,2124.0,2026-04-14,15.52,stop,-3.03,-64.0,1.25,
2026-04-14,KNFRT,dip,4.5,0.143,11.62,2124.0,2026-04-14,11.9686,hedef,2.97,63.0,3.87,
2026-04-14,KONTR,dip,3.3,0.183,9.99,2124.0,2026-04-15,10.2897,hedef,2.97,63.0,3.0,
2026-04-14,KRTEK,dip,4.7,0.062,23.86,2124.0,2026-04-15,24.5758,hedef,2.97,63.0,3.44,
2026-04-14,OSMEN,dip,3.0,0.14,7.49,2124.0,2026-04-14,7.7147,hedef,2.97,63.0,5.47,
2026-04-14,RYSAS,kirilim,5.0,1.015,22.68,2124.0,2026-04-15,23.3604,hedef,2.97,63.0,3.62,
2026-04-14,SMRVA,dip,3.5,0.083,17.8469,2124.0,2026-04-15,18.3823,hedef,2.97,63.0,3.53,
2026-04-14,VSNMD,dip,10.2,0.021,88.55,2124.0,2026-04-15,91.2065,hedef,2.97,63.0,3.44,
2026-04-15,ADESE,dip,4.4,0.161,1.05,1892.0,2026-04-15,1.0815,hedef,2.97,56.0,4.76,
2026-04-15,ALCAR,dip,3.0,0.138,782.0,1892.0,2026-04-16,805.46,hedef,2.97,56.0,8.82,
2026-04-15,ANELE,kirilim,8.5,1.178,28.78,1892.0,2026-04-16,29.6434,hedef,2.97,56.0,9.94,
2026-04-15,ARENA,dip,15.8,0.189,28.64,1892.0,2026-04-15,27.7808,stop,-3.03,-57.0,2.58,
2026-04-15,BIGEN,dip,3.1,0.177,10.24,1892.0,2026-04-16,10.5472,hedef,2.97,56.0,3.12,
2026-04-15,CMBTN,dip,3.1,0.094,1771.0,1892.0,2026-04-15,1824.13,hedef,2.97,56.0,4.46,
2026-04-15,CMENT,dip,3.1,0.144,321.0,1892.0,2026-04-15,330.63,hedef,2.97,56.0,3.43,
2026-04-15,DERHL,dip,3.8,0.016,15.31,1892.0,2026-04-16,15.7693,hedef,2.97,56.0,4.31,
2026-04-15,EFOR,dip,3.5,0.048,6.52,1892.0,2026-04-15,6.7156,hedef,2.97,56.0,3.22,
2026-04-15,EGEEN,dip,3.7,0.19,6245.0,1892.0,2026-04-15,6432.35,hedef,2.97,56.0,3.92,
2026-04-15,GENTS,dip,31.7,-0.053,6.92,1892.0,2026-04-15,7.1276,hedef,2.97,56.0,3.03,
2026-04-15,HEKTS,dip,3.2,0.191,3.24,1892.0,2026-04-15,3.3372,hedef,2.97,56.0,3.7,
2026-04-15,KNFRT,dip,4.0,0.175,12.09,1892.0,2026-04-16,12.4527,hedef,2.97,56.0,3.14,
2026-04-15,KONYA,dip,3.6,0.106,4075.0,1892.0,2026-04-15,4197.25,hedef,2.97,56.0,4.42,
2026-04-15,OZATD,kirilim,9.4,1.0,280.5,1892.0,2026-04-15,288.915,hedef,2.97,56.0,3.03,
2026-04-15,PKENT,dip,3.8,0.173,172.1,1892.0,2026-04-15,177.263,hedef,2.97,56.0,3.49,
2026-04-15,SAMAT,dip,3.5,0.076,5.4,1892.0,2026-04-17,5.562,hedef,2.97,56.0,4.26,
2026-04-15,SMRVA,dip,3.5,0.09,18.4762,1892.0,2026-04-15,19.0305,hedef,2.97,56.0,6.23,
2026-04-15,SNPAM,dip,6.0,0.109,21.2,1892.0,2026-04-24,20.564,stop,-3.03,-57.0,2.74,
2026-04-15,TRILC,dip,3.4,0.169,2.5652,1892.0,2026-04-16,2.6421,hedef,2.97,56.0,3.41,
2026-04-15,TUKAS,dip,3.4,0.129,2.48,1892.0,2026-04-17,2.5544,hedef,2.97,56.0,3.23,
2026-04-15,TUREX,dip,6.3,0.056,8.97,1892.0,2026-04-16,9.2391,hedef,2.97,56.0,4.68,
2026-04-15,VANGD,kirilim,3.6,0.994,88.5,1892.0,2026-04-15,85.845,stop,-3.03,-57.0,2.49,
2026-04-15,VSNMD,dip,11.4,0.025,91.6,1892.0,2026-04-15,94.348,hedef,2.97,56.0,6.33,
2026-04-16,ADESE,dip,8.7,0.182,1.14,3154.0,2026-04-17,1.1742,hedef,2.97,94.0,3.51,
2026-04-16,AGROT,dip,19.5,0.195,3.1,3154.0,2026-04-16,3.007,stop,-3.03,-96.0,0.0,
2026-04-16,BIENY,dip,4.4,0.192,26.74,3154.0,2026-04-16,25.9378,stop,-3.03,-96.0,1.8,
2026-04-16,BIGEN,dip,3.6,0.188,10.36,3154.0,2026-04-16,10.0492,stop,-3.03,-96.0,0.0,
2026-04-16,BORLS,dip,11.7,0.105,5.81,3154.0,2026-04-16,5.6357,stop,-3.03,-96.0,0.0,
2026-04-16,CMBTN,dip,4.4,0.128,1819.0,3154.0,2026-04-17,1873.57,hedef,2.97,94.0,5.72,
2026-04-16,CRFSA,kirilim,3.5,1.134,182.0,3154.0,2026-04-17,187.46,hedef,2.97,94.0,7.14,
2026-04-16,CWENE,kirilim,10.6,1.017,36.42,3154.0,2026-04-17,35.3274,stop,-3.03,-96.0,2.75,
2026-04-16,DERHL,dip,6.3,0.02,15.95,3154.0,2026-04-16,16.4285,hedef,2.97,94.0,4.08,
2026-04-16,DGNMO,kirilim,13.5,0.991,8.02,3154.0,2026-04-17,8.2606,hedef,2.97,94.0,7.36,
2026-04-16,EFOR,dip,3.4,0.073,7.23,3154.0,2026-04-16,7.0131,stop,-3.03,-96.0,0.0,
2026-04-16,GZNMI,dip,3.7,0.117,75.2,3154.0,2026-04-16,77.456,hedef,2.97,94.0,5.39,
2026-04-16,IZFAS,kirilim,4.9,1.056,66.85,3154.0,2026-04-17,68.8555,hedef,2.97,94.0,3.96,
2026-04-16,KONYA,dip,4.2,0.162,4240.0,3154.0,2026-04-17,4367.2,hedef,2.97,94.0,7.49,
2026-04-16,MEGAP,dip,3.6,0.032,2.3,3154.0,2026-04-16,2.369,hedef,2.97,94.0,5.65,
2026-04-16,MERCN,dip,5.8,0.117,18.85,3154.0,2026-04-17,19.4155,hedef,2.97,94.0,4.83,
2026-04-16,PAMEL,dip,4.1,0.183,86.5,3154.0,2026-04-16,89.095,hedef,2.97,94.0,3.41,
2026-04-16,SMRVA,dip,6.5,0.112,20.5116,3154.0,2026-04-16,19.8963,stop,-3.03,-96.0,0.19,
2026-04-16,SUWEN,dip,5.4,0.18,9.4,3154.0,2026-04-16,9.682,hedef,2.97,94.0,3.3,
2026-04-16,TUREX,dip,4.2,0.061,9.2,3154.0,2026-04-16,8.924,stop,-3.03,-96.0,0.76,
2026-04-16,VSNMD,dip,30.3,0.039,102.1,3154.0,2026-04-16,99.037,stop,-3.03,-96.0,0.69,
2026-04-17,ADESE,dip,3.0,0.187,1.16,4798.0,2026-04-20,1.1252,stop,-3.03,-146.0,1.72,
2026-04-17,AVHOL,dip,3.2,0.165,37.74,4798.0,2026-04-21,38.8722,hedef,2.97,142.0,5.88,
2026-04-17,BORLS,dip,4.0,0.124,6.39,4798.0,2026-04-20,6.5817,hedef,2.97,142.0,6.26,
2026-04-17,BUCIM,dip,3.1,0.17,6.29,4798.0,2026-04-17,6.4787,hedef,2.97,142.0,3.34,
2026-04-17,EFOR,dip,3.9,0.1,8.0,4798.0,2026-04-20,8.24,hedef,2.97,142.0,6.13,
2026-04-17,EGPRO,kirilim,4.6,0.993,36.26,4798.0,2026-04-17,37.3478,hedef,2.97,142.0,4.14,
2026-04-17,FLAP,kirilim,4.3,0.98,14.35,4798.0,2026-04-17,13.9195,stop,-3.03,-146.0,2.79,
2026-04-17,GZNMI,dip,4.9,0.14,82.0,4798.0,2026-04-17,79.54,stop,-3.03,-146.0,0.0,
2026-04-17,HATEK,dip,4.1,0.127,15.78,4798.0,2026-04-17,16.2534,hedef,2.97,142.0,3.8,
2026-04-17,MEGAP,dip,4.2,0.106,2.62,4798.0,2026-04-17,2.6986,hedef,2.97,142.0,3.82,
2026-04-17,MERCN,dip,16.5,0.141,19.74,4798.0,2026-04-17,20.3322,hedef,2.97,142.0,6.08,
2026-04-17,PRZMA,kirilim,3.2,0.907,16.77,4798.0,2026-04-17,17.2731,hedef,2.97,142.0,5.43,
2026-04-17,SMRVA,dip,3.0,0.099,19.2628,4798.0,2026-04-17,19.8407,hedef,2.97,142.0,5.26,
2026-04-17,VSNMD,dip,3.1,0.033,97.4,4798.0,2026-04-17,100.322,hedef,2.97,142.0,3.7,
2026-04-20,AKCNS,kirilim,35.5,1.02,223.0,2944.0,2026-04-20,216.31,stop,-3.03,-89.0,0.0,
2026-04-20,AKYHO,dip,7.2,0.148,2.69,2944.0,2026-04-20,2.7707,hedef,2.97,87.0,5.95,
2026-04-20,ALCAR,dip,9.9,0.186,807.5,2944.0,2026-04-28,783.275,stop,-3.03,-89.0,2.23,
2026-04-20,BALSU,dip,3.9,0.19,16.3,2944.0,2026-04-21,15.811,stop,-3.03,-89.0,2.45,
2026-04-20,BANVT,dip,9.9,0.125,162.5,2944.0,2026-04-20,167.375,hedef,2.97,87.0,3.38,
2026-04-20,BURVA,kirilim,3.4,1.107,1127.0,2944.0,2026-04-20,1093.19,stop,-3.03,-89.0,0.0,
2026-04-20,CRFSA,kirilim,10.3,1.029,200.0,2944.0,2026-04-20,194.0,stop,-3.03,-89.0,0.0,
2026-04-20,DERHL,dip,4.1,0.02,16.02,2944.0,2026-04-21,15.5394,stop,-3.03,-89.0,2.06,
2026-04-20,EGPRO,kirilim,3.4,1.097,40.24,2944.0,2026-04-20,41.4472,hedef,2.97,87.0,3.38,
2026-04-20,ELITE,dip,7.4,0.183,30.44,2944.0,2026-04-20,31.3532,hedef,2.97,87.0,3.15,
2026-04-20,FENER,dip,18.9,0.124,2.91,2944.0,2026-04-22,2.8227,stop,-3.03,-89.0,0.0,
2026-04-20,GENTS,dip,3.3,0.092,7.47,2944.0,2026-04-22,7.6941,hedef,2.97,87.0,3.08,
2026-04-20,HATEK,dip,10.4,0.167,16.54,2944.0,2026-04-20,16.0438,stop,-3.03,-89.0,1.15,
2026-04-20,KGYO,kirilim,3.7,0.998,11.38,2944.0,2026-04-20,11.7214,hedef,2.97,87.0,3.6,
2026-04-20,KLRHO,dip,5.0,0.145,121.8,2944.0,2026-04-20,125.454,hedef,2.97,87.0,6.08,
2026-04-20,KRGYO,dip,11.0,0.087,2.91,2944.0,2026-04-30,2.8227,stop,-3.03,-89.0,2.75,
2026-04-20,KTSKR,kirilim,3.9,0.985,133.5,2944.0,2026-04-20,137.505,hedef,2.97,87.0,5.77,
2026-04-20,MEGAP,dip,5.3,0.171,2.9,2944.0,2026-04-20,2.987,hedef,2.97,87.0,3.1,
2026-04-20,MERCN,dip,3.5,0.145,19.9,2944.0,2026-04-20,20.497,hedef,2.97,87.0,3.22,
2026-04-20,OYLUM,dip,4.6,0.15,7.9,2944.0,2026-04-20,8.137,hedef,2.97,87.0,6.71,
2026-04-20,PAPIL,dip,11.4,0.138,18.51,2944.0,2026-04-20,17.9547,stop,-3.03,-89.0,0.0,
2026-04-20,POLTK,dip,3.2,0.134,5842.5,2944.0,2026-04-21,5667.225,stop,-3.03,-89.0,1.45,
2026-04-20,PRDGS,kirilim,20.1,0.957,8.11,2944.0,2026-04-21,8.3533,hedef,2.97,87.0,5.67,
2026-04-20,PRZMA,kirilim,3.2,1.137,19.46,2944.0,2026-04-21,18.8762,stop,-3.03,-89.0,0.05,
2026-04-20,SKYLP,kirilim,5.4,0.885,327.75,2944.0,2026-04-20,337.5825,hedef,2.97,87.0,10.22,
2026-04-20,SMRVA,dip,3.8,0.117,20.964,2944.0,2026-04-21,21.5929,hedef,2.97,87.0,3.28,
2026-04-20,TUCLK,dip,4.6,0.14,4.4,2944.0,2026-04-22,4.268,stop,-3.03,-89.0,2.73,
2026-04-20,VESBE,dip,3.8,0.101,7.64,2944.0,2026-04-22,7.4108,stop,-3.03,-89.0,0.0,
2026-04-20,VESTL,dip,3.0,0.151,29.8,2944.0,2026-04-22,28.906,stop,-3.03,-89.0,1.68,
2026-04-20,VSNMD,dip,4.1,0.039,102.2,2944.0,2026-04-20,99.134,stop,-3.03,-89.0,0.39,
2026-04-21,EFOR,dip,3.4,0.149,9.4,6500.0,2026-04-21,9.682,hedef,2.97,193.0,4.68,
2026-04-21,EMKEL,dip,3.3,0.106,29.86,6500.0,2026-04-21,28.9642,stop,-3.03,-197.0,0.0,
2026-04-21,ESEN,dip,4.2,0.05,4.31,6500.0,2026-04-21,4.1807,stop,-3.03,-197.0,1.16,
2026-04-21,GMTAS,kirilim,3.8,1.105,46.08,6500.0,2026-04-22,47.4624,hedef,2.97,193.0,3.82,
2026-04-21,KARTN,kirilim,7.5,0.961,100.9,6500.0,2026-04-21,97.873,stop,-3.03,-197.0,2.97,
2026-04-21,MAGEN,kirilim,3.5,0.991,62.8,6500.0,2026-04-21,60.916,stop,-3.03,-197.0,0.48,
2026-04-21,SAMAT,dip,4.6,0.116,5.56,6500.0,2026-04-21,5.7268,hedef,2.97,193.0,3.78,
2026-04-21,SMRVA,dip,3.4,0.096,18.9974,6500.0,2026-04-22,18.4274,stop,-3.03,-197.0,0.0,
2026-04-21,ULUSE,kirilim,6.8,0.981,247.6,6500.0,2026-04-21,255.028,hedef,2.97,193.0,5.41,
2026-04-21,USAK,dip,5.6,0.134,1.95,6500.0,2026-04-21,1.8915,stop,-3.03,-197.0,0.0,
2026-04-22,BORLS,dip,3.2,0.16,7.49,8686.0,2026-04-22,7.7147,hedef,2.97,258.0,5.61,
2026-04-22,CIMSA,kirilim,4.7,0.948,56.65,8686.0,2026-04-28,54.9505,stop,-3.03,-263.0,0.97,
2026-04-22,DYOBY,kirilim,4.3,1.022,18.13,8686.0,2026-04-22,17.5861,stop,-3.03,-263.0,2.04,
2026-04-22,EGPRO,kirilim,5.0,1.0,45.84,8686.0,2026-04-22,47.2152,hedef,2.97,258.0,3.18,
2026-04-22,ESEN,dip,29.5,0.084,4.89,8686.0,2026-04-22,4.7433,stop,-3.03,-263.0,1.02,
2026-04-22,NATEN,dip,3.4,0.185,7.82,8686.0,2026-04-22,7.5854,stop,-3.03,-263.0,0.0,
2026-04-22,PKART,kirilim,14.2,1.083,100.0,8686.0,2026-04-22,103.0,hedef,2.97,258.0,4.0,
2026-04-22,SAMAT,dip,8.7,0.16,5.74,8686.0,2026-04-22,5.5678,stop,-3.03,-263.0,0.0,
2026-04-22,SMRVA,dip,3.7,0.089,18.427,8686.0,2026-04-22,17.8742,stop,-3.03,-263.0,0.75,
2026-04-24,BORLS,dip,3.1,0.146,7.06,16065.0,2026-04-24,7.2718,hedef,2.97,477.0,7.22,
2026-04-24,ESEN,dip,4.9,0.036,4.08,16065.0,2026-04-24,3.9576,stop,-3.03,-487.0,0.25,
2026-04-24,EUREN,dip,3.6,0.167,5.6,16065.0,2026-04-24,5.768,hedef,2.97,477.0,4.29,
2026-04-24,GMTAS,kirilim,4.0,0.939,47.94,16065.0,2026-04-24,49.3782,hedef,2.97,477.0,8.47,
2026-04-24,HOROZ,kirilim,50.3,0.952,72.9,16065.0,2026-04-24,75.087,hedef,2.97,477.0,3.57,
2026-04-24,SEGMN,kirilim,3.1,1.001,66.4,16065.0,2026-04-27,68.392,hedef,2.97,477.0,5.87,
2026-04-27,ADESE,dip,5.2,0.18,1.13,7598.0,2026-04-27,1.0961,stop,-3.03,-230.0,1.77,
2026-04-27,ARDYZ,kirilim,4.2,1.005,48.9,7598.0,2026-04-28,47.433,stop,-3.03,-230.0,2.25,
2026-04-27,BURVA,kirilim,3.1,0.867,1060.0,7598.0,2026-04-27,1091.8,hedef,2.97,225.0,15.94,
2026-04-27,CEMZY,kirilim,4.0,0.996,13.8253,7598.0,2026-04-28,14.24,hedef,2.97,225.0,6.18,
2026-04-27,DYOBY,kirilim,4.2,1.069,18.94,7598.0,2026-04-27,18.3718,stop,-3.03,-230.0,0.26,
2026-04-27,GMTAS,kirilim,3.4,0.97,50.75,7598.0,2026-04-27,52.2725,hedef,2.97,225.0,3.45,
2026-04-27,KLSYN,kirilim,4.2,1.132,12.9,7598.0,2026-04-28,13.287,hedef,2.97,225.0,4.03,
2026-04-27,MEGMT,kirilim,5.6,0.973,81.55,7598.0,2026-04-27,83.9965,hedef,2.97,225.0,4.72,
2026-04-27,ULUSE,kirilim,3.2,0.914,249.3,7598.0,2026-04-27,256.779,hedef,2.97,225.0,3.29,
2026-04-27,YESIL,dip,11.0,0.199,1.71,7598.0,2026-04-27,1.7613,hedef,2.97,225.0,5.85,
2026-04-27,YYAPI,dip,4.3,0.104,1.06,7598.0,2026-04-27,1.0918,hedef,2.97,225.0,3.77,
2026-04-28,ARASE,kirilim,3.1,1.039,110.2,6518.0,2026-04-29,106.894,stop,-3.03,-198.0,1.54,
2026-04-28,ARDYZ,kirilim,3.4,1.001,50.0,6518.0,2026-04-28,48.5,stop,-3.03,-198.0,0.0,
2026-04-28,BAYRK,dip,3.4,0.147,4.73,6518.0,2026-04-30,4.5881,stop,-3.03,-198.0,1.48,
2026-04-28,BIENY,dip,4.0,0.119,24.48,6518.0,2026-04-29,23.7456,stop,-3.03,-198.0,0.0,
2026-04-28,CEMAS,dip,3.3,0.124,4.98,6518.0,2026-04-29,4.8306,stop,-3.03,-198.0,0.8,
2026-04-28,CEMZY,kirilim,3.8,1.014,14.3,6518.0,2026-04-29,14.729,hedef,2.97,193.0,3.22,
2026-04-28,EUPWR,kirilim,9.5,0.991,45.26,6518.0,2026-04-28,46.6178,hedef,2.97,193.0,8.44,
2026-04-28,FENER,dip,3.2,0.164,3.03,6518.0,2026-04-29,3.1209,hedef,2.97,193.0,4.62,
2026-04-28,INTEK,dip,3.0,0.072,253.75,6518.0,2026-04-28,246.1375,stop,-3.03,-198.0,0.0,
2026-04-28,KAREL,kirilim,3.8,1.083,12.59,6518.0,2026-04-28,12.2123,stop,-3.03,-198.0,1.19,
2026-04-28,KRDMB,kirilim,9.0,0.99,77.85,6518.0,2026-04-28,80.1855,hedef,2.97,193.0,3.92,
2026-04-28,OZSUB,kirilim,3.5,0.932,25.6,6518.0,2026-04-28,26.368,hedef,2.97,193.0,8.12,
2026-04-29,AGYO,kirilim,3.4,1.016,9.02,6672.0,2026-04-29,9.2906,hedef,2.97,198.0,4.88,
2026-04-29,ARASE,kirilim,9.6,1.006,111.1,6672.0,2026-04-29,107.767,stop,-3.03,-202.0,0.0,
2026-04-29,BIENY,dip,10.7,0.051,22.38,6672.0,2026-04-29,23.0514,hedef,2.97,198.0,3.31,
2026-04-29,DYOBY,kirilim,3.3,1.144,21.46,6672.0,2026-04-30,22.1038,hedef,2.97,198.0,3.73,
2026-04-29,GZNMI,dip,6.6,0.08,64.6,6672.0,2026-04-30,66.538,hedef,2.97,198.0,3.33,
2026-04-29,HOROZ,kirilim,3.1,0.991,83.05,6672.0,2026-04-29,85.5415,hedef,2.97,198.0,3.97,
2026-04-29,HUNER,dip,4.0,0.126,3.19,6672.0,2026-04-29,3.2857,hedef,2.97,198.0,3.45,
2026-04-29,KRDMB,kirilim,3.0,0.958,82.6,6672.0,2026-04-29,85.078,hedef,2.97,198.0,3.21,
2026-04-29,OZSUB,kirilim,3.3,0.917,26.76,6672.0,2026-04-29,27.5628,hedef,2.97,198.0,4.04,
2026-04-29,PEKGY,kirilim,4.3,0.97,16.31,6672.0,2026-05-04,16.7993,hedef,2.97,198.0,3.25,
2026-04-29,TDGYO,dip,3.9,0.183,17.6,6672.0,2026-04-29,18.128,hedef,2.97,198.0,3.64,
2026-04-30,A1YEN,kirilim,11.5,0.967,3.4393,9660.0,2026-05-04,3.5425,hedef,2.97,287.0,4.96,
2026-04-30,AGYO,kirilim,5.4,1.135,9.94,9660.0,2026-04-30,9.6418,stop,-3.03,-293.0,0.0,
2026-04-30,GSDDE,kirilim,11.7,1.161,13.09,9660.0,2026-05-04,13.4827,hedef,2.97,287.0,9.93,
2026-04-30,HOROZ,kirilim,5.0,0.993,88.1,9660.0,2026-04-30,90.743,hedef,2.97,287.0,8.06,
2026-04-30,KRGYO,dip,5.3,0.1,2.96,9660.0,2026-04-30,2.8712,stop,-3.03,-293.0,0.0,
2026-04-30,MANAS,kirilim,13.3,1.043,29.64,9660.0,2026-04-30,28.7508,stop,-3.03,-293.0,0.0,
2026-04-30,OSTIM,dip,3.7,0.103,2.83,9660.0,2026-05-06,2.9149,hedef,2.97,287.0,3.18,
2026-04-30,PKART,kirilim,3.9,1.023,128.0,9660.0,2026-04-30,131.84,hedef,2.97,287.0,6.8,
2026-04-30,TUKAS,dip,3.4,0.182,2.59,9660.0,2026-05-04,2.5123,stop,-3.03,-293.0,1.54,
2026-05-04,ALGYO,kirilim,11.2,1.043,6.55,4432.0,2026-05-04,6.7465,hedef,2.97,131.0,4.73,
2026-05-04,ARDYZ,kirilim,3.5,1.09,55.2,4432.0,2026-05-05,56.856,hedef,2.97,131.0,6.34,
2026-05-04,BANVT,dip,3.2,0.031,151.8,4432.0,2026-05-05,156.354,hedef,2.97,131.0,3.62,
2026-05-04,CMBTN,dip,3.8,0.111,1750.0,4432.0,2026-05-13,1697.5,stop,-3.03,-134.0,2.86,
2026-05-04,DESPC,dip,12.2,0.151,41.8,4432.0,2026-05-05,43.054,hedef,2.97,131.0,5.45,
2026-05-04,GENTS,dip,3.4,0.192,8.15,4432.0,2026-05-06,8.3945,hedef,2.97,131.0,3.8,
2026-05-04,KENT,dip,3.9,0.025,405.25,4432.0,2026-05-11,417.4075,hedef,2.97,131.0,3.02,
2026-05-04,LINK,dip,27.1,0.072,5.91,4432.0,2026-05-05,6.0873,hedef,2.97,131.0,6.09,
2026-05-04,LKMNH,dip,13.8,0.136,14.94,4432.0,2026-05-06,15.3882,hedef,2.97,131.0,3.35,
2026-05-04,SAMAT,dip,3.5,0.103,5.51,4432.0,2026-05-04,5.6753,hedef,2.97,131.0,3.27,
2026-05-04,TTRAK,dip,3.1,0.044,443.75,4432.0,2026-05-07,457.0625,hedef,2.97,131.0,3.04,
2026-05-04,TUKAS,dip,3.3,0.191,2.61,4432.0,2026-05-04,2.5317,stop,-3.03,-134.0,0.0,
2026-05-04,TUREX,dip,3.3,0.062,9.25,4432.0,2026-05-04,8.9725,stop,-3.03,-134.0,0.0,
2026-05-04,VESBE,dip,6.1,0.038,7.16,4432.0,2026-05-04,6.9452,stop,-3.03,-134.0,0.0,
2026-05-04,YEOTK,kirilim,4.3,1.155,61.35,4432.0,2026-05-05,63.1905,hedef,2.97,131.0,5.79,
2026-05-04,YONGA,dip,4.1,0.138,57.0,4432.0,2026-05-04,55.29,stop,-3.03,-134.0,0.0,
2026-05-05,ACSEL,kirilim,23.0,0.885,133.7,6245.0,2026-05-05,137.711,hedef,2.97,185.0,5.91,
2026-05-05,BANVT,dip,3.2,0.074,156.1,6245.0,2026-05-07,160.783,hedef,2.97,185.0,3.59,
2026-05-05,CELHA,kirilim,5.3,1.018,14.64,6245.0,2026-05-05,15.0792,hedef,2.97,185.0,6.63,
2026-05-05,HURGZ,kirilim,5.5,1.02,8.95,6245.0,2026-05-05,9.2185,hedef,2.97,185.0,5.47,
2026-05-05,IHLAS,dip,4.5,0.114,2.18,6245.0,2026-05-05,2.2454,hedef,2.97,185.0,3.21,
2026-05-05,KGYO,kirilim,16.1,0.981,11.88,6245.0,2026-05-05,12.2364,hedef,2.97,185.0,3.28,
2026-05-05,KNFRT,dip,4.1,0.154,11.79,6245.0,2026-05-07,12.1437,hedef,2.97,185.0,3.22,
2026-05-05,LINK,dip,18.4,0.098,6.27,6245.0,2026-05-05,6.0819,stop,-3.03,-189.0,2.23,
2026-05-05,NTGAZ,kirilim,34.3,0.927,13.39,6245.0,2026-05-05,13.7917,hedef,2.97,185.0,3.58,
2026-05-05,SEKFK,kirilim,3.3,1.066,12.0,6245.0,2026-05-06,12.36,hedef,2.97,185.0,5.17,
2026-05-06,ALCAR,dip,3.4,0.185,780.0,5621.0,2026-05-07,803.4,hedef,2.97,167.0,3.59,
2026-05-06,CCOLA,kirilim,3.2,1.016,82.95,5621.0,2026-05-06,85.4385,hedef,2.97,167.0,4.76,
2026-05-06,DMRGD,kirilim,10.5,1.14,6.85,5621.0,2026-05-07,7.0555,hedef,2.97,167.0,5.69,
2026-05-06,EMNIS,dip,4.2,0.052,150.9,5621.0,2026-05-06,155.427,hedef,2.97,167.0,4.71,
2026-05-06,GSDHO,kirilim,3.3,1.01,5.56,5621.0,2026-05-06,5.7268,hedef,2.97,167.0,8.09,
2026-05-06,IHYAY,dip,9.0,0.106,1.83,5621.0,2026-05-08,1.8849,hedef,2.97,167.0,3.28,
2026-05-06,KAREL,kirilim,3.2,1.04,12.95,5621.0,2026-05-07,13.3385,hedef,2.97,167.0,3.47,
2026-05-06,OTKAR,dip,6.6,0.085,370.5,5621.0,2026-05-07,381.615,hedef,2.97,167.0,4.39,
2026-05-06,OYLUM,dip,3.6,0.176,8.08,5621.0,2026-05-06,8.3224,hedef,2.97,167.0,3.34,
2026-05-06,SISE,kirilim,3.4,0.984,50.6,5621.0,2026-05-07,49.082,stop,-3.03,-170.0,0.49,
2026-05-06,SUWEN,dip,3.4,0.144,9.11,5621.0,2026-05-06,8.8367,stop,-3.03,-170.0,0.44,
2026-05-06,TRGYO,kirilim,3.1,1.055,102.1,5621.0,2026-05-07,105.163,hedef,2.97,167.0,3.13,
2026-05-07,BEGYO,dip,3.1,0.036,4.55,3865.0,2026-05-08,4.4135,stop,-3.03,-117.0,0.44,
2026-05-07,CCOLA,kirilim,3.2,0.989,86.45,3865.0,2026-05-11,89.0435,hedef,2.97,115.0,3.18,
2026-05-07,DGATE,kirilim,6.7,1.121,103.1,3865.0,2026-05-07,100.007,stop,-3.03,-117.0,0.58,
2026-05-07,EKOS,kirilim,5.1,1.025,7.48,3865.0,2026-05-07,7.7044,hedef,2.97,115.0,3.34,
2026-05-07,EMNIS,dip,3.1,0.119,165.0,3865.0,2026-05-07,169.95,hedef,2.97,115.0,5.33,
2026-05-07,GEDZA,kirilim,14.6,1.0,34.44,3865.0,2026-05-07,33.4068,stop,-3.03,-117.0,0.0,
2026-05-07,ICUGS,kirilim,8.4,1.071,6.93,3865.0,2026-05-07,6.7221,stop,-3.03,-117.0,0.0,
2026-05-07,KAREL,kirilim,3.9,1.034,13.32,3865.0,2026-05-07,12.9204,stop,-3.03,-117.0,0.0,
2026-05-07,MERKO,kirilim,18.5,0.919,2.44,3865.0,2026-05-07,2.5132,hedef,2.97,115.0,4.1,
2026-05-07,OSTIM,dip,3.4,0.18,2.98,3865.0,2026-05-14,2.8906,stop,-3.03,-117.0,2.68,
2026-05-07,OTTO,dip,3.1,0.097,307.5,3865.0,2026-05-15,298.275,stop,-3.03,-117.0,2.28,
2026-05-07,RGYAS,kirilim,7.3,1.028,195.0,3865.0,2026-05-07,189.15,stop,-3.03,-117.0,0.0,
2026-05-07,SODSN,dip,3.6,0.093,9.71,3865.0,2026-05-07,10.0013,hedef,2.97,115.0,3.19,
2026-05-07,SURGY,kirilim,15.2,0.925,75.1,3865.0,2026-05-08,72.847,stop,-3.03,-117.0,1.2,
2026-05-08,ASUZU,kirilim,4.1,0.883,71.55,10808.0,2026-05-12,69.4035,stop,-3.03,-328.0,0.98,
2026-05-08,BIGEN,kirilim,11.8,1.142,24.54,10808.0,2026-05-11,25.2762,hedef,2.97,321.0,9.94,
2026-05-08,IHLAS,dip,3.2,0.176,2.35,10808.0,2026-05-12,2.2795,stop,-3.03,-328.0,0.43,
2026-05-08,KLRHO,dip,3.0,0.15,125.8,10808.0,2026-05-08,129.574,hedef,2.97,321.0,6.36,
2026-05-08,KZGYO,kirilim,3.7,0.95,28.28,10808.0,2026-05-08,29.1284,hedef,2.97,321.0,3.25,
2026-05-08,PNSUT,kirilim,3.0,1.06,15.95,10808.0,2026-05-11,16.4285,hedef,2.97,321.0,4.08,
2026-05-08,TATGD,kirilim,3.1,1.0,21.78,10808.0,2026-05-08,21.1266,stop,-3.03,-328.0,0.0,
2026-05-08,TRILC,kirilim,11.0,0.744,3.65,10808.0,2026-05-08,3.7595,hedef,2.97,321.0,5.75,
2026-05-11,ANGEN,kirilim,32.4,0.96,14.13,2485.0,2026-05-11,14.5539,hedef,2.97,74.0,4.03,
2026-05-11,BIGTK,dip,6.0,0.027,215.0,2485.0,2026-05-11,208.55,stop,-3.03,-75.0,0.47,
2026-05-11,BIZIM,kirilim,31.9,1.086,35.0,2485.0,2026-05-11,33.95,stop,-3.03,-75.0,0.0,
2026-05-11,BVSAN,kirilim,14.2,1.032,158.0,2485.0,2026-05-11,153.26,stop,-3.03,-75.0,0.0,
2026-05-11,CEMAS,dip,3.6,0.133,5.06,2485.0,2026-05-14,4.9082,stop,-3.03,-75.0,2.77,
2026-05-11,EGGUB,kirilim,3.0,1.074,139.8,2485.0,2026-05-12,135.606,stop,-3.03,-75.0,1.72,
2026-05-11,ENSRI,dip,3.9,0.185,10.34,2485.0,2026-05-11,10.6502,hedef,2.97,74.0,3.87,
2026-05-11,ERBOS,kirilim,4.6,1.031,222.2,2485.0,2026-05-12,215.534,stop,-3.03,-75.0,1.71,
2026-05-11,FONET,kirilim,10.7,0.951,5.99,2485.0,2026-05-11,6.1697,hedef,2.97,74.0,6.68,
2026-05-11,GRTHO,dip,3.4,0.113,261.25,2485.0,2026-05-11,253.4125,stop,-3.03,-75.0,0.0,
2026-05-11,HOROZ,kirilim,4.1,0.957,93.0,2485.0,2026-05-11,95.79,hedef,2.97,74.0,3.12,
2026-05-11,INDES,kirilim,3.7,1.009,11.67,2485.0,2026-05-12,11.3199,stop,-3.03,-75.0,2.23,
2026-05-11,KERVN,kirilim,10.4,1.099,5.11,2485.0,2026-05-12,4.9567,stop,-3.03,-75.0,0.0,
2026-05-11,KLRHO,dip,3.6,0.172,140.8,2485.0,2026-05-11,136.576,stop,-3.03,-75.0,0.0,
2026-05-11,KRDMD,kirilim,3.6,1.16,44.06,2485.0,2026-05-12,45.3818,hedef,2.97,74.0,6.67,
2026-05-11,LRSHO,dip,4.1,0.199,4.18,2485.0,2026-05-11,4.0546,stop,-3.03,-75.0,2.87,
2026-05-11,OTTO,dip,3.4,0.072,300.0,2485.0,2026-05-11,309.0,hedef,2.97,74.0,3.0,
2026-05-11,PETUN,kirilim,3.5,1.08,15.32,2485.0,2026-05-12,15.7796,hedef,2.97,74.0,4.37,
2026-05-11,PNSUT,kirilim,4.8,0.986,15.89,2485.0,2026-05-11,16.3667,hedef,2.97,74.0,5.29,
2026-05-11,SAYAS,kirilim,3.1,0.881,57.55,2485.0,2026-05-11,59.2765,hedef,2.97,74.0,5.73,
2026-05-11,SISE,kirilim,3.4,1.017,52.95,2485.0,2026-05-12,51.3615,stop,-3.03,-75.0,2.17,
2026-05-11,TBORG,dip,7.6,0.171,150.0,2485.0,2026-05-12,145.5,stop,-3.03,-75.0,0.0,
2026-05-11,ZEDUR,kirilim,21.2,1.095,11.31,2485.0,2026-05-11,11.6493,hedef,2.97,74.0,5.66,
2026-05-12,A1YEN,kirilim,5.8,0.956,3.99,2528.0,2026-05-12,4.1097,hedef,2.97,75.0,3.76,
2026-05-12,ARASE,kirilim,19.4,1.036,114.8,2528.0,2026-05-12,118.244,hedef,2.97,75.0,3.92,
2026-05-12,BALSU,dip,5.5,0.114,15.2,2528.0,2026-05-13,14.744,stop,-3.03,-77.0,0.53,
2026-05-12,BIGTK,dip,17.3,0.058,227.2,2528.0,2026-05-13,234.016,hedef,2.97,75.0,5.02,
2026-05-12,BIMAS,kirilim,6.8,1.006,402.25,2528.0,2026-05-12,390.1825,stop,-3.03,-77.0,0.31,
2026-05-12,BOBET,dip,3.5,0.187,20.0,2528.0,2026-05-13,19.4,stop,-3.03,-77.0,0.0,
2026-05-12,DMRGD,kirilim,3.1,1.04,8.22,2528.0,2026-05-13,8.4666,hedef,2.97,75.0,4.38,
2026-05-12,ENSRI,dip,3.2,0.176,10.03,2528.0,2026-05-12,10.3309,hedef,2.97,75.0,3.19,
2026-05-12,ESEN,dip,8.0,0.042,4.17,2528.0,2026-05-12,4.2951,hedef,2.97,75.0,3.12,
2026-05-12,ISBIR,dip,3.2,0.154,78.5,2528.0,2026-05-18,80.855,hedef,2.97,75.0,3.12,
2026-05-12,JANTS,dip,3.9,0.157,18.48,2528.0,2026-05-12,17.9256,stop,-3.03,-77.0,0.0,
2026-05-12,KARSN,kirilim,16.4,1.08,13.1,2528.0,2026-05-12,13.493,hedef,2.97,75.0,6.11,
2026-05-12,KORDS,kirilim,7.3,1.041,73.0,2528.0,2026-05-12,75.19,hedef,2.97,75.0,8.08,
2026-05-12,KRVGD,kirilim,15.9,1.006,3.36,2528.0,2026-05-12,3.2592,stop,-3.03,-77.0,0.0,
2026-05-12,LRSHO,dip,3.3,0.148,3.95,2528.0,2026-05-13,3.8315,stop,-3.03,-77.0,0.25,
2026-05-12,NATEN,dip,3.7,0.119,7.49,2528.0,2026-05-12,7.7147,hedef,2.97,75.0,3.87,
2026-05-12,PEKGY,kirilim,3.3,1.089,18.71,2528.0,2026-05-13,18.1487,stop,-3.03,-77.0,6.57,
2026-05-12,PETUN,kirilim,4.7,0.892,14.98,2528.0,2026-05-12,15.4294,hedef,2.97,75.0,3.14,
2026-05-12,PKART,kirilim,3.0,0.977,177.1,2528.0,2026-05-12,171.787,stop,-3.03,-77.0,1.75,
2026-05-12,RTALB,kirilim,9.0,0.986,4.77,2528.0,2026-05-12,4.6269,stop,-3.03,-77.0,1.47,
2026-05-12,SEGMN,kirilim,4.3,0.938,67.85,2528.0,2026-05-13,69.8855,hedef,2.97,75.0,3.39,
2026-05-12,SELEC,kirilim,7.4,0.913,114.5,2528.0,2026-05-12,111.065,stop,-3.03,-77.0,2.45,
2026-05-12,TBORG,dip,16.2,0.067,142.5,2528.0,2026-05-20,138.225,stop,-3.03,-77.0,0.84,
2026-05-12,TTRAK,dip,5.2,0.169,471.0,2528.0,2026-05-14,485.13,hedef,2.97,75.0,3.18,
2026-05-12,VESBE,dip,3.1,0.089,7.55,2528.0,2026-05-13,7.3235,stop,-3.03,-77.0,0.66,
2026-05-12,YEOTK,kirilim,4.1,0.944,85.5,2528.0,2026-05-12,88.065,hedef,2.97,75.0,10.94,
2026-05-13,A1YEN,kirilim,4.3,0.951,4.05,7867.0,2026-05-13,4.1715,hedef,2.97,233.0,4.2,
2026-05-13,AKENR,kirilim,7.0,0.922,13.85,7867.0,2026-05-13,14.2655,hedef,2.97,233.0,6.64,
2026-05-13,ATATP,kirilim,8.6,1.024,193.7,7867.0,2026-05-13,199.511,hedef,2.97,233.0,3.3,
2026-05-13,BAKAB,kirilim,13.2,0.962,50.5,7867.0,2026-05-13,48.985,stop,-3.03,-239.0,1.09,
2026-05-13,BIGTK,dip,10.7,0.085,238.0,7867.0,2026-05-13,230.86,stop,-3.03,-239.0,4.12,
2026-05-13,GARFA,kirilim,3.2,0.957,32.54,7867.0,2026-05-14,33.5162,hedef,2.97,233.0,4.0,
2026-05-13,SMRTG,kirilim,3.9,1.122,12.36,7867.0,2026-05-13,11.9892,stop,-3.03,-239.0,0.0,
2026-05-13,TTRAK,dip,3.2,0.148,466.5,7867.0,2026-05-13,480.495,hedef,2.97,233.0,3.64,
2026-05-13,ULUSE,kirilim,8.7,0.929,266.0,7867.0,2026-05-13,273.98,hedef,2.97,233.0,6.3,
2026-05-13,VRGYO,dip,3.5,0.184,2.51,7867.0,2026-05-13,2.4347,stop,-3.03,-239.0,0.0,
2026-05-14,AKENR,kirilim,3.0,0.931,14.38,9537.0,2026-05-15,14.8114,hedef,2.97,283.0,4.17,
2026-05-14,ALCAR,dip,32.9,0.197,777.0,9537.0,2026-05-18,753.69,stop,-3.03,-289.0,1.16,
2026-05-14,BRLSM,kirilim,50.5,0.826,18.11,9537.0,2026-05-14,18.6533,hedef,2.97,283.0,6.9,
2026-05-14,GARFA,kirilim,3.2,1.059,34.12,9537.0,2026-05-14,33.0964,stop,-3.03,-289.0,0.0,
2026-05-14,JANTS,dip,3.4,0.16,18.52,9537.0,2026-05-15,17.9644,stop,-3.03,-289.0,0.11,
2026-05-14,MOBTL,kirilim,3.1,0.988,14.3,9537.0,2026-05-14,14.729,hedef,2.97,283.0,3.08,
2026-05-14,RGYAS,kirilim,6.2,1.144,207.4,9537.0,2026-05-14,201.178,stop,-3.03,-289.0,0.05,
2026-05-14,RTALB,kirilim,4.2,0.96,4.75,9537.0,2026-05-14,4.6075,stop,-3.03,-289.0,0.0,
2026-05-14,UNLU,dip,4.0,0.186,13.77,9537.0,2026-05-20,13.3569,stop,-3.03,-289.0,2.69,
2026-05-14,VRGYO,dip,4.4,0.124,2.37,9537.0,2026-05-15,2.2989,stop,-3.03,-289.0,2.11,
2026-05-15,BUCIM,dip,4.4,0.148,6.21,12849.0,2026-05-18,6.0237,stop,-3.03,-390.0,0.64,
2026-05-15,FORMT,dip,5.1,-0.005,2.6,12849.0,2026-05-18,2.522,stop,-3.03,-390.0,1.15,
2026-05-15,IHLAS,dip,4.5,0.092,2.12,12849.0,2026-05-18,2.0564,stop,-3.03,-390.0,0.47,
2026-05-15,NTHOL,dip,3.3,0.133,40.0,12849.0,2026-05-18,38.8,stop,-3.03,-390.0,0.0,
2026-05-15,TUCLK,dip,3.9,0.158,4.46,12849.0,2026-05-15,4.5938,hedef,2.97,381.0,7.62,
2026-05-18,CEMAS,dip,4.6,0.142,5.13,5033.0,2026-05-18,4.9761,stop,-3.03,-153.0,0.0,
2026-05-18,ELITE,kirilim,4.5,1.098,42.98,5033.0,2026-05-18,41.6906,stop,-3.03,-153.0,0.37,
2026-05-18,GARFA,kirilim,6.8,0.983,35.66,5033.0,2026-05-18,34.5902,stop,-3.03,-153.0,0.0,
2026-05-18,GSDHO,kirilim,8.1,0.992,5.99,5033.0,2026-05-18,6.1697,hedef,2.97,149.0,5.34,
2026-05-18,ICBCT,kirilim,7.4,1.214,20.26,5033.0,2026-05-20,20.8678,hedef,2.97,149.0,3.65,
2026-05-18,ISSEN,kirilim,119.0,1.067,10.03,5033.0,2026-05-18,10.3309,hedef,2.97,149.0,4.89,
2026-05-18,JANTS,dip,6.5,0.191,18.98,5033.0,2026-05-18,18.4106,stop,-3.03,-153.0,0.84,
2026-05-18,ODINE,kirilim,33.1,0.931,1227.0,5033.0,2026-05-18,1263.81,hedef,2.97,149.0,3.1,
2026-05-18,VBTYZ,kirilim,3.8,1.084,26.92,5033.0,2026-05-20,27.7276,hedef,2.97,149.0,3.19,
2026-05-20,BAYRK,dip,3.0,0.197,5.08,16126.0,2026-05-20,4.9276,stop,-3.03,-489.0,2.17,
2026-05-20,BIGCH,dip,4.2,0.137,6.61,16126.0,2026-05-21,6.4117,stop,-3.03,-489.0,1.82,
2026-05-20,EKSUN,kirilim,9.8,0.907,7.41,16126.0,2026-05-20,7.6323,hedef,2.97,478.0,6.61,
2026-05-20,EUPWR,kirilim,7.9,1.072,68.8,16126.0,2026-05-21,70.864,hedef,2.97,478.0,5.23,
2026-05-20,LKMNH,dip,17.0,0.17,15.21,16126.0,2026-05-20,15.6663,hedef,2.97,478.0,3.55,
2026-05-20,SNPAM,dip,4.4,0.135,21.92,16126.0,2026-05-21,21.2624,stop,-3.03,-489.0,2.74,
2026-05-21,BAKAB,kirilim,9.4,1.0,52.0,5065.0,2026-05-21,50.44,stop,-3.03,-154.0,0.0,
2026-05-21,BIGTK,dip,56.0,0.019,212.0,5065.0,2026-05-21,218.36,hedef,2.97,150.0,6.08,
2026-05-21,DAPGM,dip,6.2,0.124,9.77,5065.0,2026-05-21,10.0631,hedef,2.97,150.0,3.38,
2026-05-21,DCTTR,kirilim,3.2,0.973,14.85,5065.0,2026-05-21,14.4045,stop,-3.03,-154.0,2.29,
2026-05-21,DMRGD,kirilim,3.7,0.988,9.31,5065.0,2026-05-21,9.5893,hedef,2.97,150.0,5.26,
2026-05-21,GEDZA,kirilim,4.2,1.06,35.68,5065.0,2026-05-21,34.6096,stop,-3.03,-154.0,0.9,
2026-05-21,GESAN,kirilim,4.8,1.011,66.0,5065.0,2026-05-21,67.98,hedef,2.97,150.0,3.56,
2026-05-21,GUNDG,kirilim,5.1,1.103,1097.0,5065.0,2026-05-21,1064.09,stop,-3.03,-154.0,0.0,
2026-05-21,LRSHO,dip,3.3,0.044,3.48,5065.0,2026-05-21,3.3756,stop,-3.03,-154.0,1.44,
2026-05-21,ORGE,kirilim,4.3,1.047,106.3,5065.0,2026-05-21,103.111,stop,-3.03,-154.0,0.66,
2026-05-21,OSMEN,dip,3.3,0.135,7.47,5065.0,2026-05-21,7.2459,stop,-3.03,-154.0,0.94,
2026-05-21,OTKAR,dip,3.1,0.127,379.75,5065.0,2026-05-21,368.3575,stop,-3.03,-154.0,0.07,
2026-05-21,VERUS,kirilim,5.7,0.983,573.0,5065.0,2026-05-22,590.19,hedef,2.97,150.0,4.71,
2026-05-21,VRGYO,dip,5.4,0.056,2.21,5065.0,2026-05-21,2.1437,stop,-3.03,-154.0,0.0,
2026-05-22,ALVES,dip,8.0,0.11,2.61,4706.0,2026-05-22,2.6883,hedef,2.97,140.0,5.75,
2026-05-22,BFREN,dip,3.4,0.005,130.0,4706.0,2026-05-22,133.9,hedef,2.97,140.0,6.46,
2026-05-22,DAPGM,dip,3.1,0.033,8.74,4706.0,2026-05-22,9.0022,hedef,2.97,140.0,6.06,
2026-05-22,DOFER,dip,3.4,0.146,32.86,4706.0,2026-05-22,33.8458,hedef,2.97,140.0,3.29,
2026-05-22,EGEEN,dip,4.4,-0.007,5385.0,4706.0,2026-05-22,5546.55,hedef,2.97,140.0,3.85,
2026-05-22,GUNDG,kirilim,9.2,1.011,1109.0,4706.0,2026-05-22,1142.27,hedef,2.97,140.0,6.85,
2026-05-22,ICBCT,kirilim,14.2,1.136,22.34,4706.0,2026-05-22,23.0102,hedef,2.97,140.0,3.94,
2026-05-22,IEYHO,kirilim,5.5,1.015,113.1,4706.0,2026-05-25,116.493,hedef,2.97,140.0,3.27,
2026-05-22,INTEK,dip,3.7,0.008,233.0,4706.0,2026-05-22,239.99,hedef,2.97,140.0,3.22,
2026-05-22,KAYSE,dip,3.5,0.132,4.35,4706.0,2026-05-22,4.4805,hedef,2.97,140.0,3.91,
2026-05-22,KONYA,dip,4.4,-0.004,3677.5,4706.0,2026-05-22,3787.825,hedef,2.97,140.0,3.26,
2026-05-22,KOPOL,dip,44.1,0.151,5.11,4706.0,2026-05-22,5.2633,hedef,2.97,140.0,8.81,
2026-05-22,KRGYO,dip,4.0,0.014,2.62,4706.0,2026-05-25,2.6986,hedef,2.97,140.0,3.82,
2026-05-22,MNDTR,dip,3.1,0.106,5.48,4706.0,2026-05-22,5.6444,hedef,2.97,140.0,3.28,
2026-05-22,NTHOL,dip,5.6,-0.027,35.48,4706.0,2026-05-22,36.5444,hedef,2.97,140.0,3.27,
2026-05-22,OTKAR,dip,3.5,0.108,375.25,4706.0,2026-06-04,386.5075,hedef,2.97,140.0,3.13,
2026-05-22,OTTO,dip,4.1,-0.074,223.6,4706.0,2026-05-22,230.308,hedef,2.97,140.0,4.65,
2026-05-22,OYAKC,dip,4.1,-0.012,19.4,4706.0,2026-05-22,19.982,hedef,2.97,140.0,4.54,
2026-05-22,PARSN,dip,3.1,0.082,77.75,4706.0,2026-05-22,80.0825,hedef,2.97,140.0,3.34,
2026-05-22,PGSUS,dip,3.0,0.023,165.5,4706.0,2026-05-25,170.465,hedef,2.97,140.0,4.59,
2026-05-22,SNICA,dip,3.3,0.14,3.93,4706.0,2026-05-25,4.0479,hedef,2.97,140.0,4.07,
2026-05-22,TSKB,dip,3.5,0.153,11.19,4706.0,2026-06-02,11.5257,hedef,2.97,140.0,3.04,
2026-05-22,VERUS,kirilim,10.4,0.97,574.5,4706.0,2026-05-22,591.735,hedef,2.97,140.0,3.05,
2026-05-22,ZRGYO,dip,6.9,-0.034,17.07,4706.0,2026-05-22,17.5821,hedef,2.97,140.0,5.33,
2026-05-25,CEMTS,dip,6.9,0.18,10.35,15406.0,2026-05-25,10.6605,hedef,2.97,457.0,3.96,
2026-05-25,DURDO,kirilim,23.5,0.911,5.01,15406.0,2026-05-25,5.1603,hedef,2.97,457.0,3.99,
2026-05-25,EUKYO,kirilim,3.8,0.978,9.12,15406.0,2026-05-26,9.3936,hedef,2.97,457.0,4.06,
2026-05-25,GEDZA,kirilim,4.5,1.019,36.82,15406.0,2026-05-25,35.7154,stop,-3.03,-467.0,1.52,
2026-05-25,GESAN,kirilim,6.8,1.008,70.4,15406.0,2026-05-25,72.512,hedef,2.97,457.0,4.55,
2026-05-25,IEYHO,kirilim,3.2,0.997,114.6,15406.0,2026-05-26,118.038,hedef,2.97,457.0,3.05,
2026-05-26,ADEL,dip,14.1,0.192,33.26,745.0,2026-06-03,32.2622,stop,-3.03,-23.0,1.98,
2026-05-26,ADESE,dip,5.2,0.105,1.01,745.0,2026-06-01,1.0403,hedef,2.97,22.0,3.96,
2026-05-26,AFYON,dip,13.6,0.157,12.73,745.0,2026-06-01,13.1119,hedef,2.97,22.0,3.22,
2026-05-26,AGROT,dip,8.3,0.12,2.91,745.0,2026-06-01,2.9973,hedef,2.97,22.0,3.44,
2026-05-26,ALCAR,dip,28.0,0.081,731.0,745.0,2026-06-01,752.93,hedef,2.97,22.0,4.58,
2026-05-26,ALFAS,kirilim,111.3,0.944,56.15,745.0,2026-05-26,54.4655,stop,-3.03,-23.0,0.0,
2026-05-26,ALVES,dip,12.6,0.123,2.64,745.0,2026-06-01,2.7192,hedef,2.97,22.0,3.03,
2026-05-26,ARCLK,dip,12.2,0.095,104.2,745.0,2026-06-02,107.326,hedef,2.97,22.0,3.07,
2026-05-26,ARENA,dip,10.3,0.187,27.66,745.0,2026-06-01,28.4898,hedef,2.97,22.0,4.05,
2026-05-26,AYCES,dip,15.2,0.154,517.5,745.0,2026-06-03,533.025,hedef,2.97,22.0,9.18,
2026-05-26,BALSU,dip,35.4,0.024,13.29,745.0,2026-06-01,13.6887,hedef,2.97,22.0,4.44,
2026-05-26,BANVT,dip,14.8,0.042,150.3,745.0,2026-06-01,154.809,hedef,2.97,22.0,3.33,
2026-05-26,BEGYO,dip,9.2,0.026,4.22,745.0,2026-06-03,4.3466,hedef,2.97,22.0,3.08,
2026-05-26,BFREN,dip,22.2,0.088,138.1,745.0,2026-06-01,142.243,hedef,2.97,22.0,4.34,
2026-05-26,BIENY,dip,30.3,0.095,23.74,745.0,2026-05-26,24.4522,hedef,2.97,22.0,3.96,
2026-05-26,BIGCH,dip,11.6,0.109,6.34,745.0,2026-06-01,6.5302,hedef,2.97,22.0,3.31,
2026-05-26,BIGTK,dip,6.4,0.032,216.9,745.0,2026-06-01,223.407,hedef,2.97,22.0,7.7,
2026-05-26,BIOEN,dip,12.8,0.185,17.13,745.0,2026-06-05,17.6439,hedef,2.97,22.0,6.77,
2026-05-26,BJKAS,dip,4.0,0.112,1.55,745.0,2026-06-01,1.5965,hedef,2.97,22.0,3.87,
2026-05-26,BOBET,dip,19.2,0.091,18.64,745.0,2026-06-08,18.98,acik_kaldi,1.79,13.0,2.58,
2026-05-26,BUCIM,dip,26.5,0.158,6.08,745.0,2026-06-03,6.2624,hedef,2.97,22.0,3.62,
2026-05-26,CEMAS,dip,18.9,0.102,4.8,745.0,2026-06-01,4.944,hedef,2.97,22.0,3.33,
2026-05-26,CMBTN,dip,13.0,0.097,1598.0,745.0,2026-06-01,1645.94,hedef,2.97,22.0,3.13,
2026-05-26,CONSE,dip,18.5,0.149,2.89,745.0,2026-06-01,2.9767,hedef,2.97,22.0,3.11,
2026-05-26,DAPGM,dip,9.4,0.097,9.47,745.0,2026-06-01,9.7541,hedef,2.97,22.0,3.38,
2026-05-26,DENGE,dip,11.4,0.184,2.3,745.0,2026-06-01,2.369,hedef,2.97,22.0,3.04,
2026-05-26,DERHL,dip,13.0,0.02,14.37,745.0,2026-06-01,14.8011,hedef,2.97,22.0,3.2,
2026-05-26,DMRGD,kirilim,3.6,1.008,10.29,745.0,2026-06-01,9.9813,stop,-3.03,-23.0,1.85,
2026-05-26,DNISI,dip,16.7,0.122,19.25,745.0,2026-06-01,19.8275,hedef,2.97,22.0,3.84,
2026-05-26,DOFER,dip,26.1,0.186,34.4,745.0,2026-05-26,35.432,hedef,2.97,22.0,3.55,
2026-05-26,DURDO,kirilim,45.4,1.012,5.3,745.0,2026-05-26,5.141,stop,-3.03,-23.0,0.57,
2026-05-26,EGEEN,dip,10.7,0.079,5630.0,745.0,2026-06-01,5798.9,hedef,2.97,22.0,5.33,
2026-05-26,EMKEL,dip,39.9,0.036,21.9,745.0,2026-06-01,22.557,hedef,2.97,22.0,3.84,
2026-05-26,ESEN,dip,5.6,0.023,3.86,745.0,2026-05-26,3.9758,hedef,2.97,22.0,3.63,
2026-05-26,EYGYO,dip,7.6,0.145,2.59,745.0,2026-05-26,2.6677,hedef,2.97,22.0,5.41,
2026-05-26,FMIZP,dip,9.6,0.188,291.75,745.0,2026-06-01,300.5025,hedef,2.97,22.0,3.17,
2026-05-26,FORMT,dip,16.0,0.073,2.21,745.0,2026-05-26,2.2763,hedef,2.97,22.0,3.17,
2026-05-26,FROTO,dip,23.6,0.141,86.85,745.0,2026-05-26,84.2445,stop,-3.03,-23.0,0.98,
2026-05-26,GENTS,dip,9.9,0.064,7.19,745.0,2026-06-01,7.4057,hedef,2.97,22.0,3.76,
2026-05-26,GIPTA,dip,15.9,0.196,72.35,745.0,2026-05-26,74.5205,hedef,2.97,22.0,5.39,
2026-05-26,GLCVY,dip,8.3,0.169,58.4,745.0,2026-06-01,60.152,hedef,2.97,22.0,3.17,
2026-05-26,GRTHO,dip,23.4,0.019,211.4,745.0,2026-06-01,217.742,hedef,2.97,22.0,4.35,
2026-05-26,GSRAY,dip,4.2,0.041,1.04,745.0,2026-06-01,1.0712,hedef,2.97,22.0,3.85,
2026-05-26,GZNMI,dip,53.0,0.085,66.0,745.0,2026-06-01,67.98,hedef,2.97,22.0,4.24,
2026-05-26,HATEK,dip,12.2,0.177,16.42,745.0,2026-06-01,16.9126,hedef,2.97,22.0,3.29,
2026-05-26,HATSN,kirilim,69.3,1.044,58.05,745.0,2026-06-01,59.7915,hedef,2.97,22.0,5.6,
2026-05-26,IEYHO,kirilim,29.3,1.009,117.8,745.0,2026-06-03,114.266,stop,-3.03,-23.0,1.53,
2026-05-26,IHLAS,dip,6.0,0.059,2.03,745.0,2026-06-02,2.0909,hedef,2.97,22.0,3.45,
2026-05-26,IHLGM,dip,7.9,0.151,2.01,745.0,2026-06-02,2.0703,hedef,2.97,22.0,4.48,
2026-05-26,IHYAY,dip,16.7,0.048,1.72,745.0,2026-06-01,1.7716,hedef,2.97,22.0,3.49,
2026-05-26,IMASM,dip,13.0,0.177,3.32,745.0,2026-06-01,3.4196,hedef,2.97,22.0,3.01,
2026-05-26,JANTS,dip,8.0,0.086,17.43,745.0,2026-06-08,16.9071,stop,-3.03,-23.0,2.81,
2026-05-26,KLGYO,dip,20.3,0.108,4.84,745.0,2026-06-03,4.9852,hedef,2.97,22.0,3.1,
2026-05-26,KLRHO,dip,24.5,0.084,93.1,745.0,2026-05-26,90.307,stop,-3.03,-23.0,0.32,
2026-05-26,KONTR,dip,10.7,0.008,7.72,745.0,2026-05-26,7.9516,hedef,2.97,22.0,6.61,
2026-05-26,KONYA,dip,11.8,0.085,3820.0,745.0,2026-06-01,3934.6,hedef,2.97,22.0,3.34,
2026-05-26,KOTON,dip,7.4,0.138,14.69,745.0,2026-06-01,15.1307,hedef,2.97,22.0,3.4,
2026-05-26,KRDMB,kirilim,13.5,0.966,102.5,745.0,2026-05-26,105.575,hedef,2.97,22.0,3.02,
2026-05-26,KRGYO,dip,24.1,0.037,2.71,745.0,2026-06-01,2.7913,hedef,2.97,22.0,3.32,
2026-05-26,KZBGY,dip,22.2,0.184,3.19,745.0,2026-06-02,3.0943,stop,-3.03,-23.0,0.94,
2026-05-26,LINK,dip,74.0,0.161,7.14,745.0,2026-05-26,7.3542,hedef,2.97,22.0,4.2,
2026-05-26,LRSHO,dip,19.2,0.059,3.51,745.0,2026-06-01,3.6153,hedef,2.97,22.0,3.42,
2026-05-26,MERCN,dip,3.3,0.179,21.2,745.0,2026-06-01,21.836,hedef,2.97,22.0,5.75,
2026-05-26,MIATK,kirilim,67.6,1.026,52.2,745.0,2026-05-26,50.634,stop,-3.03,-23.0,0.0,
2026-05-26,MNDRS,dip,18.9,0.161,11.42,745.0,2026-06-01,11.7626,hedef,2.97,22.0,3.06,
2026-05-26,MNDTR,dip,21.0,0.184,5.79,745.0,2026-06-02,5.9637,hedef,2.97,22.0,3.45,
2026-05-26,MOBTL,kirilim,49.0,1.018,15.41,745.0,2026-06-02,15.8723,hedef,2.97,22.0,3.5,
2026-05-26,NATEN,dip,7.8,0.092,6.87,745.0,2026-05-26,7.0761,hedef,2.97,22.0,6.84,
2026-05-26,NTHOL,dip,30.5,0.124,37.48,745.0,2026-06-01,38.6044,hedef,2.97,22.0,4.0,
2026-05-26,NUHCM,dip,8.1,0.151,221.4,745.0,2026-06-05,214.758,stop,-3.03,-23.0,1.9,
2026-05-26,OSMEN,dip,11.6,0.135,7.47,745.0,2026-06-01,7.6941,hedef,2.97,22.0,3.88,
2026-05-26,OSTIM,dip,17.0,0.078,2.67,745.0,2026-06-01,2.7501,hedef,2.97,22.0,4.12,
2026-05-26,OTKAR,dip,15.0,0.076,367.75,745.0,2026-06-01,378.7825,hedef,2.97,22.0,3.26,
2026-05-26,OTTO,dip,29.2,0.016,229.4,745.0,2026-06-01,236.282,hedef,2.97,22.0,4.4,
2026-05-26,OYAKC,dip,12.6,0.155,20.82,745.0,2026-06-04,21.4446,hedef,2.97,22.0,3.17,
2026-05-26,PAMEL,dip,4.8,0.139,83.7,745.0,2026-06-01,86.211,hedef,2.97,22.0,4.42,
2026-05-26,PAPIL,dip,14.0,0.038,15.32,745.0,2026-06-01,15.7796,hedef,2.97,22.0,3.2,
2026-05-26,PGSUS,dip,15.0,0.084,171.0,745.0,2026-06-08,165.87,stop,-3.03,-23.0,1.29,
2026-05-26,PKENT,dip,50.8,0.053,149.9,745.0,2026-06-01,154.397,hedef,2.97,22.0,3.14,
2026-05-26,POLTK,dip,30.1,0.042,5060.0,745.0,2026-06-01,5211.8,hedef,2.97,22.0,4.74,
2026-05-26,PRKME,dip,8.9,0.153,17.52,745.0,2026-06-01,18.0456,hedef,2.97,22.0,3.77,
2026-05-26,QUAGR,dip,47.9,0.143,3.77,745.0,2026-06-01,3.8831,hedef,2.97,22.0,3.71,
2026-05-26,RAYSG,dip,9.9,0.086,184.9,745.0,2026-06-01,190.447,hedef,2.97,22.0,10.87,
2026-05-26,REEDR,dip,23.1,0.197,7.08,745.0,2026-06-01,7.2924,hedef,2.97,22.0,3.39,
2026-05-26,SASA,dip,5.2,0.153,2.67,745.0,2026-06-02,2.7501,hedef,2.97,22.0,4.12,
2026-05-26,SMRVA,dip,19.0,0.064,16.12,745.0,2026-06-01,16.6036,hedef,2.97,22.0,4.78,
2026-05-26,SNGYO,dip,9.4,0.116,3.55,745.0,2026-06-01,3.6565,hedef,2.97,22.0,3.1,
2026-05-26,SUNTK,dip,28.3,0.107,32.68,745.0,2026-05-26,33.6604,hedef,2.97,22.0,7.1,
2026-05-26,SUWEN,dip,26.3,0.08,7.72,745.0,2026-06-02,7.9516,hedef,2.97,22.0,3.24,
2026-05-26,TARKM,kirilim,37.2,0.958,541.5,745.0,2026-05-26,557.745,hedef,2.97,22.0,6.46,
2026-05-26,TBORG,dip,8.6,0.097,136.8,745.0,2026-06-08,132.696,stop,-3.03,-23.0,2.85,
2026-05-26,TDGYO,dip,9.4,0.058,13.97,745.0,2026-05-26,14.3891,hedef,2.97,22.0,7.3,
2026-05-26,TKNSA,dip,8.8,0.163,20.54,745.0,2026-06-01,21.1562,hedef,2.97,22.0,3.21,
2026-05-26,TMSN,dip,16.1,0.136,98.45,745.0,2026-06-01,101.4035,hedef,2.97,22.0,5.54,
2026-05-26,TRILC,dip,4.4,0.073,2.41,745.0,2026-06-01,2.4823,hedef,2.97,22.0,3.32,
2026-05-26,TSGYO,dip,8.1,0.144,6.38,745.0,2026-06-01,6.5714,hedef,2.97,22.0,3.13,
2026-05-26,TSKB,dip,39.2,0.153,11.19,745.0,2026-06-02,11.5257,hedef,2.97,22.0,3.04,
2026-05-26,TTRAK,dip,11.1,0.1,447.75,745.0,2026-06-08,434.3175,stop,-3.03,-23.0,2.12,
2026-05-26,TUCLK,dip,71.2,0.161,4.47,745.0,2026-06-01,4.6041,hedef,2.97,22.0,3.8,
2026-05-26,TUKAS,dip,10.9,0.096,2.41,745.0,2026-06-01,2.4823,hedef,2.97,22.0,3.32,
2026-05-26,TUREX,dip,11.4,0.098,8.21,745.0,2026-06-01,8.4563,hedef,2.97,22.0,3.05,
2026-05-26,UNLU,dip,10.0,0.147,13.23,745.0,2026-06-02,13.6269,hedef,2.97,22.0,4.23,
2026-05-26,USAK,dip,6.2,0.043,1.58,745.0,2026-06-01,1.6274,hedef,2.97,22.0,3.16,
2026-05-26,VESBE,dip,8.0,0.029,6.74,745.0,2026-06-02,6.9422,hedef,2.97,22.0,3.12,
2026-05-26,VESTL,dip,8.5,0.066,26.04,745.0,2026-06-01,26.8212,hedef,2.97,22.0,3.3,
2026-05-26,VKING,dip,15.4,0.112,25.7,745.0,2026-06-02,26.471,hedef,2.97,22.0,3.27,
2026-05-26,VRGYO,dip,8.0,0.043,2.17,745.0,2026-06-01,2.2351,hedef,2.97,22.0,3.69,
2026-05-26,VSNMD,dip,94.6,0.011,80.5,745.0,2026-06-01,82.915,hedef,2.97,22.0,3.04,
2026-05-26,YESIL,dip,38.1,0.15,1.6,745.0,2026-06-01,1.552,stop,-3.03,-23.0,0.63,
2026-05-26,ZRGYO,dip,59.0,0.041,17.15,745.0,2026-05-26,16.6355,stop,-3.03,-23.0,0.0,
2026-06-01,ARASE,kirilim,4.9,1.057,123.7,3835.0,2026-06-02,127.411,hedef,2.97,114.0,3.96,
2026-06-01,FROTO,dip,4.0,0.094,84.15,3835.0,2026-06-01,86.6745,hedef,2.97,114.0,3.21,
2026-06-01,HRKET,kirilim,6.3,1.1,96.5,3835.0,2026-06-02,99.395,hedef,2.97,114.0,3.63,
2026-06-01,IEYHO,kirilim,4.6,0.992,117.2,3835.0,2026-06-04,113.684,stop,-3.03,-116.0,0.34,
2026-06-01,KENT,dip,3.3,0.149,423.75,3835.0,2026-06-02,411.0375,stop,-3.03,-116.0,0.0,
2026-06-01,KLRHO,dip,3.0,0.079,95.45,3835.0,2026-06-02,98.3135,hedef,2.97,114.0,4.35,
2026-06-01,KONYA,dip,3.6,0.091,3835.0,3835.0,2026-06-09,3820.0,acik_kaldi,-0.42,-16.0,2.61,
2026-06-01,KRTEK,dip,4.0,0.089,24.34,3835.0,2026-06-01,25.0702,hedef,2.97,114.0,3.86,
2026-06-01,NTHOL,dip,3.1,0.195,38.84,3835.0,2026-06-08,37.6748,stop,-3.03,-116.0,2.27,
2026-06-01,PRZMA,kirilim,3.1,1.05,54.7,3835.0,2026-06-01,53.059,stop,-3.03,-116.0,2.1,
2026-06-01,TSKB,dip,5.8,0.175,11.28,3835.0,2026-06-02,11.6184,hedef,2.97,114.0,3.37,
2026-06-01,ZRGYO,dip,39.3,-0.149,14.98,3835.0,2026-06-01,15.4294,hedef,2.97,114.0,4.21,
2026-06-02,ARASE,kirilim,3.3,1.025,126.9,5024.0,2026-06-02,123.093,stop,-3.03,-152.0,0.0,
2026-06-02,CWENE,kirilim,3.5,1.075,44.06,5024.0,2026-06-03,42.7382,stop,-3.03,-152.0,2.09,
2026-06-02,DAPGM,dip,3.8,0.179,10.4,5024.0,2026-06-04,10.712,hedef,2.97,149.0,3.46,
2026-06-02,DERHL,dip,8.1,0.047,15.42,5024.0,2026-06-02,14.9574,stop,-3.03,-152.0,0.0,
2026-06-02,DGNMO,kirilim,9.1,0.858,9.5,5024.0,2026-06-02,9.785,hedef,2.97,149.0,3.37,
2026-06-02,IHAAS,kirilim,3.2,0.956,93.3,5024.0,2026-06-02,96.099,hedef,2.97,149.0,3.38,
2026-06-02,KOTON,dip,3.2,0.193,15.1,5024.0,2026-06-08,14.86,acik_kaldi,-1.62,-82.0,1.06,
2026-06-02,MHRGY,kirilim,3.5,0.962,4.98,5024.0,2026-06-02,4.8306,stop,-3.03,-152.0,2.01,
2026-06-02,RYSAS,kirilim,3.1,1.089,25.28,5024.0,2026-06-03,24.5216,stop,-3.03,-152.0,1.58,
2026-06-02,SANEL,kirilim,3.1,1.01,49.16,5024.0,2026-06-03,50.6348,hedef,2.97,149.0,3.23,
2026-06-02,VBTYZ,kirilim,3.3,1.003,29.14,5024.0,2026-06-02,30.0142,hedef,2.97,149.0,3.02,
2026-06-02,VSNMD,dip,3.1,0.033,97.4,5024.0,2026-06-03,100.322,hedef,2.97,149.0,5.44,
2026-06-02,ZRGYO,dip,3.9,0.113,16.03,5024.0,2026-06-03,16.5109,hedef,2.97,149.0,3.49,
2026-06-03,ALCTL,kirilim,4.2,0.959,152.5,5787.0,2026-06-03,147.925,stop,-3.03,-176.0,1.64,
2026-06-03,CGCAM,kirilim,6.6,0.901,46.48,5787.0,2026-06-03,45.0856,stop,-3.03,-176.0,2.28,
2026-06-03,DGNMO,kirilim,7.5,0.993,10.48,5787.0,2026-06-03,10.1656,stop,-3.03,-176.0,1.24,
2026-06-03,GEDZA,kirilim,3.4,0.982,37.46,5787.0,2026-06-03,38.5838,hedef,2.97,172.0,3.79,
2026-06-03,IHLAS,dip,5.8,0.099,2.14,5787.0,2026-06-03,2.0758,stop,-3.03,-176.0,0.0,
2026-06-03,KARTN,kirilim,7.7,0.979,130.1,5787.0,2026-06-03,134.003,hedef,2.97,172.0,4.23,
2026-06-03,KENT,dip,3.3,0.086,405.25,5787.0,2026-06-08,393.0925,stop,-3.03,-176.0,0.0,
2026-06-03,KFEIN,kirilim,3.2,0.936,12.03,5787.0,2026-06-03,11.6691,stop,-3.03,-176.0,1.91,
2026-06-03,KRGYO,dip,5.0,0.105,2.79,5787.0,2026-06-08,2.78,acik_kaldi,-0.39,-23.0,2.15,
2026-06-03,SAYAS,kirilim,5.7,1.086,64.1,5787.0,2026-06-04,66.023,hedef,2.97,172.0,5.3,
2026-06-03,VSNMD,dip,6.1,0.035,99.0,5787.0,2026-06-03,96.03,stop,-3.03,-176.0,2.02,
2026-06-04,BIENY,dip,3.3,0.106,24.1,12559.0,2026-06-08,23.377,stop,-3.03,-381.0,1.49,
2026-06-04,DAPGM,dip,4.3,0.191,10.53,12559.0,2026-06-05,10.8459,hedef,2.97,373.0,3.51,
2026-06-04,EMKEL,dip,3.3,0.061,24.76,12559.0,2026-06-04,24.0172,stop,-3.03,-381.0,0.0,
2026-06-04,PRZMA,kirilim,6.5,1.074,60.4,12559.0,2026-06-04,58.588,stop,-3.03,-381.0,0.17,
2026-06-04,TUREX,dip,5.1,0.155,9.2,12559.0,2026-06-04,9.476,hedef,2.97,373.0,4.46,
2026-06-04,ZRGYO,dip,7.6,0.189,16.87,12559.0,2026-06-08,16.78,acik_kaldi,-0.57,-71.0,2.07,
2026-06-05,CGCAM,kirilim,4.8,1.136,52.55,7219.0,2026-06-08,50.9735,stop,-3.03,-219.0,0.0,
2026-06-05,CMBTN,dip,19.5,0.104,1606.0,7219.0,2026-06-08,1577.0,acik_kaldi,-1.84,-133.0,1.93,
2026-06-05,DAPGM,dip,3.1,0.19,10.52,7219.0,2026-06-05,10.8356,hedef,2.97,214.0,3.42,
2026-06-05,EMKEL,dip,9.8,0.071,25.92,7219.0,2026-06-05,25.1424,stop,-3.03,-219.0,0.0,
2026-06-05,KRTEK,dip,6.5,0.118,24.86,7219.0,2026-06-08,24.48,acik_kaldi,-1.56,-113.0,0.48,
2026-06-05,MARKA,kirilim,3.9,1.069,69.65,7219.0,2026-06-08,71.7395,hedef,2.97,214.0,4.52,
2026-06-05,VKING,dip,3.9,0.162,27.0,7219.0,2026-06-05,27.81,hedef,2.97,214.0,3.19,
2026-06-05,YBTAS,dip,4.3,0.042,16.74,7219.0,2026-06-08,16.81,acik_kaldi,0.39,28.0,2.75,
2026-06-08,AKFYE,kirilim,20.5,1.057,26.0,4536.0,2026-06-08,26.78,hedef,2.97,135.0,6.46,
2026-06-08,DAPGM,dip,6.5,0.173,10.33,4536.0,2026-06-08,10.6399,hedef,2.97,135.0,4.55,
2026-06-08,DERHL,dip,7.5,0.033,14.2,4536.0,2026-06-08,13.774,stop,-3.03,-138.0,0.0,
2026-06-08,EUYO,kirilim,3.9,0.927,6.5,4536.0,2026-06-08,6.695,hedef,2.97,135.0,4.31,
2026-06-08,HATSN,kirilim,3.1,0.972,62.15,4536.0,2026-06-08,64.0145,hedef,2.97,135.0,7.32,
2026-06-08,OZGYO,kirilim,8.5,0.907,2.42,4536.0,2026-06-08,2.3474,stop,-3.03,-138.0,2.48,
2026-06-08,POLTK,dip,9.1,0.064,5250.0,4536.0,2026-06-08,5092.5,stop,-3.03,-138.0,0.0,
2026-06-08,RAYSG,dip,3.2,0.16,194.4,4536.0,2026-06-08,200.2,acik_kaldi,2.95,134.0,2.98,
