giris_tarih,hisse,grup,kat,pos52,giris,poz_tl,cikis_tarih,cikis,sebep,getiri_%,tl_kar,max_gordugu_%,dakika
2026-01-02,ARENA,dip,7.0,0.096,28.8,14286.0,2026-01-05,27.936,stop,-3.03,-433.0,2.36,
2026-01-02,BIENY,dip,4.1,0.07,26.36,14286.0,2026-01-05,25.5692,stop,-3.03,-433.0,2.2,
2026-01-02,BMSCH,kirilim,6.5,0.96,30.4,14286.0,2026-01-02,31.312,hedef,2.97,424.0,8.55,
2026-01-02,MARKA,dip,4.6,0.137,38.92,14286.0,2026-01-02,37.7524,stop,-3.03,-433.0,0.77,
2026-01-02,PKENT,dip,7.1,0.031,183.0,14286.0,2026-01-02,188.49,hedef,2.97,424.0,5.41,
2026-01-02,SMRVA,dip,4.1,0.163,20.7673,14286.0,2026-01-02,21.3903,hedef,2.97,424.0,3.79,
2026-01-02,TTRAK,dip,4.0,0.022,518.0,14286.0,2026-01-06,533.54,hedef,2.97,424.0,3.09,
2026-01-05,ALCAR,dip,7.4,0.102,869.5,2899.0,2026-01-08,843.415,stop,-3.03,-88.0,1.38,
2026-01-05,BESLR,dip,4.9,0.097,12.61,2899.0,2026-01-15,12.9883,hedef,2.97,86.0,3.49,
2026-01-05,BIENY,dip,11.6,0.03,25.26,2899.0,2026-01-07,24.5022,stop,-3.03,-88.0,1.35,
2026-01-05,EDATA,kirilim,5.1,0.909,6.81,2899.0,2026-01-05,6.6057,stop,-3.03,-88.0,0.0,
2026-01-05,ESCAR,dip,9.5,0.118,25.54,2899.0,2026-01-05,24.7738,stop,-3.03,-88.0,0.39,
2026-01-05,ESEN,dip,4.1,0.098,4.9,2899.0,2026-01-05,5.047,hedef,2.97,86.0,3.27,
2026-01-05,FENER,dip,4.0,0.182,3.7,2899.0,2026-01-05,3.589,stop,-3.03,-88.0,0.0,
2026-01-05,GOKNR,dip,5.0,0.09,20.0,2899.0,2026-01-09,20.6,hedef,2.97,86.0,4.1,
2026-01-05,GZNMI,dip,6.0,0.035,58.0,2899.0,2026-01-05,59.74,hedef,2.97,86.0,3.62,
2026-01-05,HKTM,dip,4.5,0.176,11.49,2899.0,2026-01-23,11.8347,hedef,2.97,86.0,3.22,
2026-01-05,IHLAS,dip,4.2,0.138,2.34,2899.0,2026-01-07,2.2698,stop,-3.03,-88.0,0.43,
2026-01-05,ISSEN,dip,7.8,0.195,7.35,2899.0,2026-01-26,7.5705,hedef,2.97,86.0,4.22,
2026-01-05,JANTS,dip,22.6,0.169,20.58,2899.0,2026-01-05,21.1974,hedef,2.97,86.0,3.89,
2026-01-05,KARSN,dip,4.1,0.173,9.43,2899.0,2026-01-08,9.1471,stop,-3.03,-88.0,1.38,
2026-01-05,MARKA,dip,6.1,0.19,41.0,2899.0,2026-01-05,39.77,stop,-3.03,-88.0,0.0,
2026-01-05,PKENT,dip,4.8,-0.02,168.5,2899.0,2026-01-05,163.445,stop,-3.03,-88.0,0.0,
2026-01-05,QUAGR,dip,20.5,0.039,2.92,2899.0,2026-01-05,2.8324,stop,-3.03,-88.0,0.0,
2026-01-05,RAYSG,dip,4.3,0.022,220.8,2899.0,2026-01-07,227.424,hedef,2.97,86.0,6.66,
2026-01-05,SARKY,kirilim,4.0,1.098,19.43,2899.0,2026-01-06,20.0129,hedef,2.97,86.0,3.86,
2026-01-05,SONME,kirilim,10.0,0.992,185.0,2899.0,2026-01-05,179.45,stop,-3.03,-88.0,2.11,
2026-01-06,ALGYO,kirilim,4.6,1.1,5.0971,8048.0,2026-01-07,4.9442,stop,-3.03,-244.0,1.23,
2026-01-06,ESCAR,dip,5.5,0.103,24.64,8048.0,2026-01-06,25.3792,hedef,2.97,239.0,3.17,
2026-01-06,FENER,dip,4.1,-0.04,3.19,8048.0,2026-01-07,3.0943,stop,-3.03,-244.0,0.0,
2026-01-06,HALKB,kirilim,4.1,1.047,43.08,8048.0,2026-01-07,44.3724,hedef,2.97,239.0,3.76,
2026-01-06,ODINE,kirilim,20.0,0.996,323.0,8048.0,2026-01-08,313.31,stop,-3.03,-244.0,0.7,
2026-01-06,SARKY,kirilim,7.0,1.139,21.34,8048.0,2026-01-07,21.9802,hedef,2.97,239.0,3.66,
2026-01-06,TKFEN,dip,4.6,0.139,73.45,8048.0,2026-01-08,71.2465,stop,-3.03,-244.0,1.7,
2026-01-07,AHSGY,kirilim,4.0,1.102,19.0,2598.0,2026-01-08,19.57,hedef,2.97,77.0,4.53,
2026-01-07,CMBTN,dip,6.2,0.194,2014.0,2598.0,2026-01-08,1953.58,stop,-3.03,-79.0,1.94,
2026-01-07,COSMO,kirilim,7.6,1.014,300.0,2598.0,2026-01-08,291.0,stop,-3.03,-79.0,3.08,
2026-01-07,DGNMO,dip,4.9,0.04,4.94,2598.0,2026-01-08,4.7918,stop,-3.03,-79.0,0.2,
2026-01-07,FENER,dip,4.2,0.004,3.12,2598.0,2026-01-07,3.2136,hedef,2.97,77.0,3.53,
2026-01-07,FORTE,kirilim,16.6,0.999,90.1,2598.0,2026-01-07,92.803,hedef,2.97,77.0,3.22,
2026-01-07,KCAER,dip,8.8,0.117,10.7,2598.0,2026-01-07,10.379,stop,-3.03,-79.0,1.21,
2026-01-07,KRGYO,dip,15.0,0.133,3.09,2598.0,2026-01-07,2.9973,stop,-3.03,-79.0,0.0,
2026-01-07,RAYSG,dip,4.1,0.032,227.0,2598.0,2026-01-08,220.19,stop,-3.03,-79.0,1.45,
2026-01-07,TRILC,dip,8.5,0.11,2.6853,2598.0,2026-01-07,2.6048,stop,-3.03,-79.0,0.0,
2026-01-08,ANGEN,dip,5.0,0.169,10.76,4131.0,2026-01-13,11.0828,hedef,2.97,123.0,3.07,
2026-01-08,ARENA,dip,4.7,0.103,28.98,4131.0,2026-01-08,28.1106,stop,-3.03,-125.0,0.0,
2026-01-08,GMTAS,kirilim,4.6,1.018,24.991,4131.0,2026-01-09,25.7407,hedef,2.97,123.0,8.36,
2026-01-08,GOODY,dip,4.3,0.163,14.77,4131.0,2026-01-15,15.2131,hedef,2.97,123.0,3.05,
2026-01-08,HEKTS,dip,4.8,0.061,2.98,4131.0,2026-01-14,2.8906,stop,-3.03,-125.0,2.01,
2026-01-08,KLSYN,kirilim,19.5,1.076,8.24,4131.0,2026-01-08,7.9928,stop,-3.03,-125.0,0.0,
2026-01-08,KRDMA,dip,6.6,0.052,25.26,4131.0,2026-01-13,26.0178,hedef,2.97,123.0,3.72,
2026-01-08,LINK,dip,4.2,0.031,5.3999,4131.0,2026-01-08,5.5619,hedef,2.97,123.0,4.38,
2026-01-08,NATEN,dip,4.1,0.183,9.63,4131.0,2026-01-12,9.3411,stop,-3.03,-125.0,2.18,
2026-01-08,REEDR,dip,4.1,0.043,6.88,4131.0,2026-01-08,7.0864,hedef,2.97,123.0,3.2,
2026-01-08,SARKY,kirilim,4.5,0.872,22.1,4131.0,2026-01-08,22.763,hedef,2.97,123.0,3.17,
2026-01-08,SASA,dip,5.6,0.0,2.66,4131.0,2026-01-08,2.5802,stop,-3.03,-125.0,0.0,
2026-01-08,TKNSA,dip,5.1,0.156,22.26,4131.0,2026-01-09,22.9278,hedef,2.97,123.0,3.14,
2026-01-09,IHYAY,dip,4.4,0.021,1.93,14690.0,2026-01-12,1.9879,hedef,2.97,436.0,3.11,
2026-01-09,PGSUS,dip,4.7,0.19,209.8,14690.0,2026-01-09,203.506,stop,-3.03,-446.0,0.05,
2026-01-09,SASA,dip,8.5,-0.051,2.37,14690.0,2026-01-09,2.2989,stop,-3.03,-446.0,1.27,
2026-01-09,TUCLK,dip,4.3,0.162,4.5,14690.0,2026-01-12,4.365,stop,-3.03,-446.0,1.33,
2026-01-12,AKSGY,kirilim,5.0,1.031,8.31,3075.0,2026-01-19,8.5593,hedef,2.97,91.0,3.25,
2026-01-12,ARENA,dip,5.5,0.123,29.56,3075.0,2026-01-12,30.4468,hedef,2.97,91.0,3.59,
2026-01-12,BORLS,dip,9.0,-0.004,3.46,3075.0,2026-01-12,3.3562,stop,-3.03,-93.0,0.0,
2026-01-12,BRLSM,dip,5.1,0.191,13.66,3075.0,2026-01-14,14.0698,hedef,2.97,91.0,7.61,
2026-01-12,FENER,dip,5.1,0.053,3.18,3075.0,2026-01-12,3.0846,stop,-3.03,-93.0,0.0,
2026-01-12,IHLAS,dip,5.3,0.192,2.48,3075.0,2026-01-12,2.4056,stop,-3.03,-93.0,0.0,
2026-01-12,IHYAY,dip,4.4,0.0,1.89,3075.0,2026-01-12,1.9467,hedef,2.97,91.0,4.23,
2026-01-12,KLGYO,kirilim,17.4,0.992,7.69,3075.0,2026-01-12,7.9207,hedef,2.97,91.0,6.89,
2026-01-12,MAGEN,kirilim,8.2,0.996,41.5,3075.0,2026-01-13,42.745,hedef,2.97,91.0,3.37,
2026-01-12,MEDTR,dip,4.4,0.119,29.04,3075.0,2026-01-13,29.9112,hedef,2.97,91.0,5.79,
2026-01-12,ORGE,dip,10.2,0.051,67.15,3075.0,2026-01-13,69.1645,hedef,2.97,91.0,4.32,
2026-01-12,SARKY,kirilim,5.1,1.007,25.42,3075.0,2026-01-12,26.1826,hedef,2.97,91.0,5.66,
2026-01-12,TRILC,dip,4.1,0.101,2.6666,3075.0,2026-01-16,2.7466,hedef,2.97,91.0,3.1,
2026-01-13,ARENA,dip,9.9,0.152,30.4,6110.0,2026-01-13,31.312,hedef,2.97,181.0,5.39,
2026-01-13,BORLS,dip,8.0,-0.007,3.03,6110.0,2026-01-13,3.1209,hedef,2.97,181.0,3.63,
2026-01-13,BRMEN,kirilim,7.2,1.062,12.79,6110.0,2026-01-14,12.4063,stop,-3.03,-185.0,0.0,
2026-01-13,BRSAN,kirilim,4.5,1.147,629.0,6110.0,2026-01-14,647.87,hedef,2.97,181.0,4.61,
2026-01-13,EBEBK,kirilim,5.1,0.946,60.15,6110.0,2026-01-16,61.9545,hedef,2.97,181.0,3.24,
2026-01-13,FENER,dip,4.5,0.045,3.16,6110.0,2026-01-13,3.2548,hedef,2.97,181.0,3.8,
2026-01-13,KORDS,dip,4.9,0.135,51.25,6110.0,2026-01-23,52.7875,hedef,2.97,181.0,3.8,
2026-01-13,ORGE,dip,10.5,0.081,68.5,6110.0,2026-01-16,70.555,hedef,2.97,181.0,3.36,
2026-01-13,PLTUR,dip,4.0,0.087,21.14,6110.0,2026-01-20,21.7742,hedef,2.97,181.0,3.03,
2026-01-14,ATAKP,kirilim,4.5,0.938,55.65,2837.0,2026-01-14,57.3195,hedef,2.97,84.0,4.22,
2026-01-14,BORLS,dip,8.6,-0.001,2.97,2837.0,2026-01-14,2.8809,stop,-3.03,-86.0,0.0,
2026-01-14,BSOKE,kirilim,12.9,0.912,22.0,2837.0,2026-01-14,22.66,hedef,2.97,84.0,6.73,
2026-01-14,CLEBI,dip,15.9,0.174,1753.0,2837.0,2026-01-15,1805.59,hedef,2.97,84.0,3.37,
2026-01-14,DCTTR,dip,9.2,0.155,9.21,2837.0,2026-01-14,9.4863,hedef,2.97,84.0,3.47,
2026-01-14,DNISI,dip,6.5,0.138,20.0,2837.0,2026-01-23,20.6,hedef,2.97,84.0,3.0,
2026-01-14,DYOBY,dip,4.6,0.068,13.38,2837.0,2026-01-19,13.7814,hedef,2.97,84.0,4.78,
2026-01-14,ELITE,dip,4.1,0.111,29.38,2837.0,2026-01-19,30.2614,hedef,2.97,84.0,3.06,
2026-01-14,LIDFA,kirilim,4.1,1.028,2.5,2837.0,2026-01-14,2.425,stop,-3.03,-86.0,0.0,
2026-01-14,NATEN,dip,6.3,0.169,9.49,2837.0,2026-01-15,9.2053,stop,-3.03,-86.0,2.74,
2026-01-14,POLTK,dip,18.1,0.085,6160.0,2837.0,2026-01-16,6344.8,hedef,2.97,84.0,5.19,
2026-01-14,REEDR,dip,6.4,0.102,7.34,2837.0,2026-01-14,7.1198,stop,-3.03,-86.0,0.41,
2026-01-14,VANGD,kirilim,23.4,1.033,59.85,2837.0,2026-01-14,58.0545,stop,-3.03,-86.0,0.0,
2026-01-15,AKYHO,dip,5.3,0.104,2.63,2610.0,2026-01-16,2.7089,hedef,2.97,77.0,3.04,
2026-01-15,ATAKP,kirilim,13.9,1.0,58.0,2610.0,2026-01-15,59.74,hedef,2.97,77.0,6.29,
2026-01-15,BESLR,dip,5.3,0.163,13.09,2610.0,2026-01-16,13.4827,hedef,2.97,77.0,3.36,
2026-01-15,BFREN,dip,4.8,0.158,159.7,2610.0,2026-01-15,164.491,hedef,2.97,77.0,3.38,
2026-01-15,BIENY,dip,4.0,0.026,23.44,2610.0,2026-01-27,24.1432,hedef,2.97,77.0,3.5,
2026-01-15,BIZIM,kirilim,6.3,1.036,30.28,2610.0,2026-01-16,29.3716,stop,-3.03,-79.0,0.46,
2026-01-15,BORLS,dip,5.4,-0.006,2.65,2610.0,2026-01-15,2.7295,hedef,2.97,77.0,10.57,
2026-01-15,ELITE,dip,6.6,0.092,29.0,2610.0,2026-01-16,29.87,hedef,2.97,77.0,3.17,
2026-01-15,ESCAR,dip,5.3,0.165,28.36,2610.0,2026-01-16,27.5092,stop,-3.03,-79.0,1.13,
2026-01-15,FENER,dip,4.3,0.198,3.54,2610.0,2026-01-15,3.6462,hedef,2.97,77.0,3.11,
2026-01-15,KARTN,dip,5.3,0.101,81.3,2610.0,2026-01-15,83.739,hedef,2.97,77.0,3.32,
2026-01-15,LIDFA,kirilim,4.5,1.055,2.61,2610.0,2026-01-15,2.6883,hedef,2.97,77.0,3.83,
2026-01-15,MTRYO,kirilim,6.8,0.928,12.6,2610.0,2026-01-15,12.222,stop,-3.03,-79.0,0.0,
2026-01-15,ONCSM,kirilim,18.6,0.993,299.5,2610.0,2026-01-15,308.485,hedef,2.97,77.0,4.26,
2026-01-15,RYGYO,kirilim,4.2,1.099,27.32,2610.0,2026-01-16,28.1396,hedef,2.97,77.0,3.22,
2026-01-16,ALFAS,dip,8.3,0.099,42.64,4894.0,2026-01-21,41.3608,stop,-3.03,-148.0,1.74,
2026-01-16,BESLR,dip,5.1,0.197,13.33,4894.0,2026-01-16,13.7299,hedef,2.97,145.0,3.23,
2026-01-16,BYDNR,kirilim,4.6,1.083,32.9,4894.0,2026-01-16,31.913,stop,-3.03,-148.0,0.0,
2026-01-16,DCTTR,dip,5.3,-0.014,7.92,4894.0,2026-01-19,7.6824,stop,-3.03,-148.0,1.64,
2026-01-16,SEGMN,kirilim,19.2,1.034,27.98,4894.0,2026-01-16,28.8194,hedef,2.97,145.0,3.43,
2026-01-16,TEZOL,dip,5.8,0.055,12.15,4894.0,2026-01-26,12.5145,hedef,2.97,145.0,3.05,
2026-01-16,VRGYO,dip,4.5,0.142,2.49,4894.0,2026-01-19,2.5647,hedef,2.97,145.0,3.21,
2026-01-19,DGNMO,dip,9.1,0.067,5.04,4931.0,2026-01-21,4.8888,stop,-3.03,-150.0,0.4,
2026-01-19,GENTS,kirilim,4.5,1.015,12.25,4931.0,2026-01-19,11.8825,stop,-3.03,-150.0,0.9,
2026-01-19,GMTAS,kirilim,4.0,0.847,25.92,4931.0,2026-01-19,26.6976,hedef,2.97,146.0,3.55,
2026-01-19,GRNYO,kirilim,7.9,0.999,18.49,4931.0,2026-01-19,17.9353,stop,-3.03,-150.0,0.0,
2026-01-19,HUNER,dip,4.8,0.145,3.35,4931.0,2026-01-22,3.4505,hedef,2.97,146.0,4.18,
2026-01-19,KRDMA,dip,5.1,0.144,28.28,4931.0,2026-01-19,27.4316,stop,-3.03,-150.0,0.07,
2026-01-19,KRPLS,kirilim,9.4,1.02,10.64,4931.0,2026-01-19,10.9592,hedef,2.97,146.0,4.23,
2026-01-19,MERCN,dip,4.2,0.115,17.53,4931.0,2026-01-20,17.0041,stop,-3.03,-150.0,2.17,
2026-01-19,ONCSM,kirilim,5.8,1.032,328.5,4931.0,2026-01-19,338.355,hedef,2.97,146.0,3.81,
2026-01-19,TEZOL,dip,7.9,0.055,12.15,4931.0,2026-01-26,12.5145,hedef,2.97,146.0,3.05,
2026-01-20,LINK,dip,22.3,0.112,6.5121,6909.0,2026-01-20,6.3168,stop,-3.03,-210.0,0.0,
2026-01-20,TEZOL,dip,5.4,0.061,12.21,6909.0,2026-01-26,12.5763,hedef,2.97,205.0,3.69,
2026-01-20,TURGG,dip,5.3,0.185,28.26,6909.0,2026-01-20,27.4122,stop,-3.03,-210.0,0.0,
2026-01-20,VKGYO,kirilim,4.4,0.991,2.87,6909.0,2026-01-20,2.9561,hedef,2.97,205.0,3.14,
2026-01-20,YBTAS,dip,5.2,0.0,20.0,6909.0,2026-01-20,20.6,hedef,2.97,205.0,3.3,
2026-01-20,YKSLN,dip,6.2,0.195,3.14,6909.0,2026-01-27,3.2342,hedef,2.97,205.0,3.18,
2026-01-20,YYLGD,kirilim,4.2,1.105,13.17,6909.0,2026-01-21,13.5651,hedef,2.97,205.0,4.71,
2026-01-21,BIGEN,dip,6.3,0.049,9.07,7740.0,2026-01-27,9.3421,hedef,2.97,230.0,3.31,
2026-01-21,EKGYO,kirilim,4.2,0.937,22.52,7740.0,2026-01-22,23.1956,hedef,2.97,230.0,3.02,
2026-01-21,GATEG,kirilim,8.0,1.005,305.25,7740.0,2026-01-21,296.0925,stop,-3.03,-235.0,0.0,
2026-01-21,TURGG,dip,12.6,0.151,27.2,7740.0,2026-01-21,28.016,hedef,2.97,230.0,3.16,
2026-01-21,VSNMD,dip,17.9,0.077,103.9,7740.0,2026-01-21,100.783,stop,-3.03,-235.0,0.0,
2026-01-22,ALFAS,dip,4.8,0.07,41.24,6604.0,2026-01-26,42.4772,hedef,2.97,196.0,3.2,
2026-01-22,DGNMO,dip,9.0,0.092,5.12,6604.0,2026-01-27,5.2736,hedef,2.97,196.0,3.32,
2026-01-22,EPLAS,kirilim,6.0,0.963,7.5,6604.0,2026-01-22,7.275,stop,-3.03,-200.0,0.0,
2026-01-22,ESEN,dip,9.3,0.114,5.69,6604.0,2026-01-22,5.5193,stop,-3.03,-200.0,0.0,
2026-01-22,FORMT,dip,6.1,0.183,3.02,6604.0,2026-01-23,3.1106,hedef,2.97,196.0,5.96,
2026-01-22,TABGD,kirilim,5.5,0.998,264.5,6604.0,2026-01-22,256.565,stop,-3.03,-200.0,0.0,
2026-01-23,CEMAS,dip,14.5,0.177,4.28,5376.0,2026-01-23,4.1516,stop,-3.03,-163.0,0.0,
2026-01-23,CEOEM,dip,7.0,0.097,23.26,5376.0,2026-01-26,22.5622,stop,-3.03,-163.0,0.86,
2026-01-23,DERHL,dip,17.5,0.01,14.41,5376.0,2026-01-23,13.9777,stop,-3.03,-163.0,0.0,
2026-01-23,IHLAS,dip,4.2,0.192,2.48,5376.0,2026-01-23,2.4056,stop,-3.03,-163.0,2.82,
2026-01-23,IHYAY,dip,7.0,0.067,2.01,5376.0,2026-01-23,2.0703,hedef,2.97,160.0,3.48,
2026-01-23,KLKIM,kirilim,4.9,1.15,40.94,5376.0,2026-01-28,42.1682,hedef,2.97,160.0,3.18,
2026-01-26,BIZIM,kirilim,6.1,0.998,30.98,3652.0,2026-01-26,31.9094,hedef,2.97,108.0,4.84,
2026-01-26,CATES,kirilim,10.5,0.98,41.04,3652.0,2026-01-26,42.2712,hedef,2.97,108.0,6.19,
2026-01-26,DERHL,dip,5.7,0.01,14.39,3652.0,2026-01-26,14.8217,hedef,2.97,108.0,3.68,
2026-01-26,ESEN,dip,5.1,0.023,4.19,3652.0,2026-01-27,4.0643,stop,-3.03,-111.0,2.63,
2026-01-26,GENIL,dip,4.3,0.111,8.1733,3652.0,2026-01-26,8.4184,hedef,2.97,108.0,4.32,
2026-01-26,KERVN,dip,5.4,0.183,2.11,3652.0,2026-01-27,2.0467,stop,-3.03,-111.0,0.0,
2026-01-26,KLYPV,dip,4.4,0.18,56.8,3652.0,2026-01-26,58.504,hedef,2.97,108.0,3.43,
2026-01-26,KRDMA,dip,6.9,0.105,27.0,3652.0,2026-01-26,27.81,hedef,2.97,108.0,3.41,
2026-01-26,MARTI,dip,4.7,0.126,1.8103,3652.0,2026-01-26,1.8646,hedef,2.97,108.0,3.55,
2026-01-26,TRILC,dip,7.2,0.186,2.8429,3652.0,2026-01-26,2.9282,hedef,2.97,108.0,4.39,
2026-01-26,TUREX,dip,10.0,0.02,7.79,3652.0,2026-01-27,8.0237,hedef,2.97,108.0,3.34,
2026-01-27,BAKAB,kirilim,13.1,0.983,45.62,12462.0,2026-01-27,46.9886,hedef,2.97,370.0,5.83,
2026-01-27,BORSK,kirilim,4.2,1.035,7.26,12462.0,2026-01-27,7.4778,hedef,2.97,370.0,3.03,
2026-01-27,SANFM,dip,24.7,0.175,7.97,12462.0,2026-01-27,7.7309,stop,-3.03,-378.0,0.0,
2026-01-27,SERNT,dip,4.2,0.104,8.52,12462.0,2026-01-28,8.7756,hedef,2.97,370.0,3.52,
2026-01-27,TUREX,dip,7.9,0.029,8.15,12462.0,2026-01-28,7.9055,stop,-3.03,-378.0,1.72,
2026-01-28,ALFAS,dip,4.3,0.125,43.48,6097.0,2026-01-30,42.1756,stop,-3.03,-185.0,0.6,
2026-01-28,ALVES,kirilim,15.1,0.956,4.15,6097.0,2026-01-29,4.2745,hedef,2.97,181.0,9.64,
2026-01-28,ATLAS,kirilim,7.2,0.892,6.78,6097.0,2026-01-28,6.9834,hedef,2.97,181.0,8.26,
2026-01-28,BORSK,kirilim,4.4,0.83,6.99,6097.0,2026-01-28,6.7803,stop,-3.03,-185.0,2.15,
2026-01-28,EGEGY,kirilim,5.0,1.168,34.94,6097.0,2026-01-29,33.8918,stop,-3.03,-185.0,1.55,
2026-01-28,ERBOS,kirilim,6.8,1.008,212.8,6097.0,2026-01-29,219.184,hedef,2.97,181.0,3.2,
2026-01-28,ESCAR,dip,10.3,0.11,25.06,6097.0,2026-01-28,25.8118,hedef,2.97,181.0,3.99,
2026-01-28,PRKAB,kirilim,4.0,1.056,48.78,6097.0,2026-01-28,50.2434,hedef,2.97,181.0,3.32,
2026-01-28,REEDR,dip,4.3,0.083,7.14,6097.0,2026-01-28,7.3542,hedef,2.97,181.0,4.9,
2026-01-28,SANFM,dip,6.0,0.148,7.49,6097.0,2026-01-28,7.7147,hedef,2.97,181.0,3.2,
2026-01-28,SERNT,dip,4.8,0.126,8.76,6097.0,2026-01-28,8.4972,stop,-3.03,-185.0,0.0,
2026-01-28,TUREX,dip,5.3,0.031,8.27,6097.0,2026-01-28,8.0219,stop,-3.03,-185.0,0.0,
2026-01-29,ALCAR,dip,4.8,0.146,896.0,7234.0,2026-02-02,869.12,stop,-3.03,-219.0,1.23,
2026-01-29,BIGEN,dip,7.3,0.107,9.69,7234.0,2026-01-29,9.3993,stop,-3.03,-219.0,0.21,
2026-01-29,DOHOL,kirilim,34.0,1.02,21.92,7234.0,2026-01-30,21.2624,stop,-3.03,-219.0,0.36,
2026-01-29,ERBOS,kirilim,10.8,1.0,215.0,7234.0,2026-01-30,208.55,stop,-3.03,-219.0,0.88,
2026-01-29,GENIL,dip,6.0,0.153,8.5266,7234.0,2026-01-29,8.7824,hedef,2.97,215.0,3.75,
2026-01-29,ISFIN,kirilim,51.2,1.027,20.84,7234.0,2026-01-29,21.4652,hedef,2.97,215.0,3.26,
2026-01-29,KZGYO,kirilim,4.3,0.962,27.9,7234.0,2026-01-29,27.063,stop,-3.03,-219.0,0.57,
2026-01-29,MEGMT,kirilim,4.0,0.989,68.0,7234.0,2026-01-29,70.04,hedef,2.97,215.0,5.88,
2026-01-29,SISE,kirilim,6.0,1.129,45.78,7234.0,2026-01-30,47.1534,hedef,2.97,215.0,4.54,
2026-01-29,SMRTG,dip,5.1,0.174,8.72,7234.0,2026-01-30,8.4584,stop,-3.03,-219.0,0.11,
2026-01-29,TRCAS,kirilim,4.4,1.014,47.34,7234.0,2026-02-03,48.7602,hedef,2.97,215.0,3.08,
2026-01-30,DERHL,dip,4.6,0.012,14.68,7835.0,2026-01-30,14.2396,stop,-3.03,-238.0,0.0,
2026-01-30,GATEG,kirilim,64.2,1.05,370.0,7835.0,2026-01-30,358.9,stop,-3.03,-238.0,0.0,
2026-01-30,GENIL,dip,51.1,0.169,8.6532,7835.0,2026-01-30,8.3936,stop,-3.03,-238.0,0.0,
2026-01-30,INTEK,dip,4.6,0.122,297.0,7835.0,2026-01-30,288.09,stop,-3.03,-238.0,0.0,
2026-01-30,ISFIN,kirilim,4.9,1.011,21.74,7835.0,2026-02-02,21.0878,stop,-3.03,-238.0,0.0,
2026-01-30,MARTI,dip,4.4,0.162,1.8616,7835.0,2026-02-02,1.8058,stop,-3.03,-238.0,0.34,
2026-01-30,ORGE,dip,4.1,0.195,73.65,7835.0,2026-01-30,71.4405,stop,-3.03,-238.0,0.0,
2026-02-02,ALFAS,dip,5.0,0.055,40.06,6581.0,2026-02-04,41.2618,hedef,2.97,195.0,11.83,
2026-02-02,BYDNR,kirilim,5.3,0.977,34.04,6581.0,2026-02-02,33.0188,stop,-3.03,-200.0,3.41,
2026-02-02,GENIL,dip,14.7,0.129,8.3466,6581.0,2026-02-03,8.0962,stop,-3.03,-200.0,1.04,
2026-02-02,GSRAY,dip,4.0,0.082,1.19,6581.0,2026-02-09,1.2257,hedef,2.97,195.0,3.36,
2026-02-02,HUNER,dip,7.5,0.067,3.2,6581.0,2026-02-02,3.296,hedef,2.97,195.0,3.12,
2026-02-02,IHLAS,dip,4.6,0.111,2.27,6581.0,2026-02-02,2.3381,hedef,2.97,195.0,3.96,
2026-02-02,KNFRT,dip,4.5,0.158,11.84,6581.0,2026-02-03,12.1952,hedef,2.97,195.0,3.8,
2026-02-02,KONYA,dip,5.0,0.043,4500.0,6581.0,2026-02-16,4635.0,hedef,2.97,195.0,3.78,
2026-02-02,MACKO,dip,4.5,0.194,28.08,6581.0,2026-02-03,28.9224,hedef,2.97,195.0,3.21,
2026-02-02,SMRTG,dip,6.2,0.07,7.9,6581.0,2026-02-04,8.137,hedef,2.97,195.0,10.0,
2026-02-02,TEZOL,dip,6.5,0.117,12.78,6581.0,2026-02-04,13.1634,hedef,2.97,195.0,4.85,
2026-02-03,DERHL,dip,11.1,0.018,15.74,10536.0,2026-02-03,16.2122,hedef,2.97,313.0,3.75,
2026-02-03,EUYO,kirilim,4.5,1.084,5.7033,10536.0,2026-02-03,5.5322,stop,-3.03,-320.0,0.06,
2026-02-03,MGROS,kirilim,5.8,0.95,643.0,10536.0,2026-02-03,662.29,hedef,2.97,313.0,3.11,
2026-02-03,SEGMN,kirilim,5.1,1.107,42.34,10536.0,2026-02-04,43.6102,hedef,2.97,313.0,9.97,
2026-02-04,ALFAS,dip,17.3,0.182,44.8,5930.0,2026-02-04,43.456,stop,-3.03,-180.0,0.0,
2026-02-04,BIGEN,dip,5.6,0.164,10.3,5930.0,2026-02-04,9.991,stop,-3.03,-180.0,0.0,
2026-02-04,CMBTN,dip,5.4,0.108,1903.0,5930.0,2026-02-09,1960.09,hedef,2.97,176.0,5.1,
2026-02-04,DERHL,dip,7.3,0.028,17.31,5930.0,2026-02-04,17.8293,hedef,2.97,176.0,4.74,
2026-02-04,ESCAR,dip,13.0,0.142,27.0,5930.0,2026-02-09,27.81,hedef,2.97,176.0,3.04,
2026-02-04,GESAN,kirilim,10.5,1.185,60.7,5930.0,2026-02-04,58.879,stop,-3.03,-180.0,0.0,
2026-02-04,KONTR,dip,7.8,0.033,9.86,5930.0,2026-02-04,10.1558,hedef,2.97,176.0,3.75,
2026-02-04,RAYSG,dip,10.0,0.067,227.2,5930.0,2026-02-06,220.384,stop,-3.03,-180.0,0.22,
2026-02-04,SKYMD,dip,9.6,0.141,12.45,5930.0,2026-02-06,12.0765,stop,-3.03,-180.0,0.0,
2026-02-04,SMRTG,dip,9.3,0.175,8.69,5930.0,2026-02-04,8.4293,stop,-3.03,-180.0,0.0,
2026-02-05,ADESE,dip,7.1,0.168,1.06,22129.0,2026-02-05,1.0918,hedef,2.97,657.0,8.49,
2026-02-05,DYOBY,dip,6.2,0.126,14.19,22129.0,2026-02-05,14.6157,hedef,2.97,657.0,4.72,
2026-02-05,KBORU,kirilim,4.2,1.0,18.02,22129.0,2026-02-05,18.5606,hedef,2.97,657.0,3.77,
2026-02-06,BERA,kirilim,4.4,0.992,19.55,22785.0,2026-02-09,20.1365,hedef,2.97,676.0,6.6,
2026-02-06,LINK,dip,5.4,0.057,5.7536,22785.0,2026-02-06,5.9262,hedef,2.97,676.0,3.65,
2026-02-06,TEZOL,dip,4.6,0.144,13.06,22785.0,2026-02-06,13.4518,hedef,2.97,676.0,4.13,
2026-02-09,ARENA,dip,34.3,0.072,28.1,5311.0,2026-02-16,28.943,hedef,2.97,158.0,3.35,
2026-02-09,BANVT,dip,5.1,0.076,168.7,5311.0,2026-02-09,173.761,hedef,2.97,158.0,3.14,
2026-02-09,BERA,kirilim,5.8,0.992,19.75,5311.0,2026-02-09,20.3425,hedef,2.97,158.0,4.91,
2026-02-09,CMBTN,dip,4.4,0.117,1915.0,5311.0,2026-02-09,1972.45,hedef,2.97,158.0,3.66,
2026-02-09,EBEBK,kirilim,5.8,0.937,62.2,5311.0,2026-02-17,64.066,hedef,2.97,158.0,3.86,
2026-02-09,EMKEL,dip,11.4,0.062,22.58,5311.0,2026-02-09,21.9026,stop,-3.03,-161.0,2.75,
2026-02-09,GRTHO,dip,10.4,0.151,251.75,5311.0,2026-02-09,244.1975,stop,-3.03,-161.0,0.89,
2026-02-09,MERCN,dip,5.8,0.127,17.99,5311.0,2026-02-10,18.5297,hedef,2.97,158.0,3.34,
2026-02-09,SUWEN,dip,17.5,0.105,8.7,5311.0,2026-02-11,8.961,hedef,2.97,158.0,3.79,
2026-02-09,TEKTU,dip,13.7,0.195,9.31,5311.0,2026-02-09,9.5893,hedef,2.97,158.0,5.37,
2026-02-09,YUNSA,kirilim,4.6,1.048,9.99,5311.0,2026-02-10,10.2897,hedef,2.97,158.0,3.1,
2026-02-10,BERA,kirilim,5.8,0.981,21.5,8291.0,2026-02-10,22.145,hedef,2.97,246.0,3.26,
2026-02-10,CMBTN,dip,5.1,0.16,1970.0,8291.0,2026-02-10,2029.1,hedef,2.97,246.0,4.31,
2026-02-10,MANAS,kirilim,4.2,1.008,11.6,8291.0,2026-02-10,11.948,hedef,2.97,246.0,6.12,
2026-02-10,MARKA,dip,4.3,0.05,35.48,8291.0,2026-02-10,36.5444,hedef,2.97,246.0,5.02,
2026-02-10,MERCN,dip,6.0,0.141,18.57,8291.0,2026-02-10,19.1271,hedef,2.97,246.0,7.43,
2026-02-10,PKENT,dip,4.8,0.097,159.6,8291.0,2026-02-10,164.388,hedef,2.97,246.0,3.38,
2026-02-10,RAYSG,dip,4.6,0.129,233.8,8291.0,2026-02-16,226.786,stop,-3.03,-251.0,2.57,
2026-02-10,VAKBN,kirilim,4.2,0.99,37.7,8291.0,2026-02-10,36.569,stop,-3.03,-251.0,0.48,
2026-02-10,YAPRK,dip,4.2,0.061,13.3095,8291.0,2026-02-11,12.9102,stop,-3.03,-251.0,1.34,
2026-02-11,DYOBY,dip,11.9,0.199,15.39,10029.0,2026-02-11,15.8517,hedef,2.97,298.0,3.44,
2026-02-11,GRTHO,dip,6.9,0.16,265.0,10029.0,2026-02-11,257.05,stop,-3.03,-304.0,0.0,
2026-02-11,GZNMI,dip,7.8,0.044,54.3,10029.0,2026-02-11,52.671,stop,-3.03,-304.0,3.31,
2026-02-11,JANTS,dip,6.1,0.126,20.04,10029.0,2026-02-18,20.6412,hedef,2.97,298.0,3.29,
2026-02-11,MARKA,dip,11.6,0.155,39.6,10029.0,2026-02-11,38.412,stop,-3.03,-304.0,0.0,
2026-02-11,MERCN,dip,4.8,0.178,20.02,10029.0,2026-02-11,19.4194,stop,-3.03,-304.0,1.2,
2026-02-11,PKENT,dip,40.0,0.153,169.8,10029.0,2026-02-11,174.894,hedef,2.97,298.0,4.65,
2026-02-12,ODINE,kirilim,83.7,0.937,346.0,36530.0,2026-02-12,356.38,hedef,2.97,1084.0,5.2,
2026-02-12,VSNMD,dip,13.1,0.064,93.95,36530.0,2026-02-12,96.7685,hedef,2.97,1084.0,4.2,
2026-02-13,AGHOL,kirilim,4.3,1.021,36.56,10747.0,2026-02-13,35.4632,stop,-3.03,-326.0,0.0,
2026-02-13,BIENY,dip,11.1,0.164,27.46,10747.0,2026-02-16,26.6362,stop,-3.03,-326.0,2.62,
2026-02-13,DURKN,kirilim,4.0,1.043,21.0,10747.0,2026-02-13,21.63,hedef,2.97,319.0,3.14,
2026-02-13,GEREL,kirilim,9.0,1.004,27.44,10747.0,2026-02-13,26.6168,stop,-3.03,-326.0,0.58,
2026-02-13,GZNMI,dip,12.4,0.056,57.7,10747.0,2026-02-13,59.431,hedef,2.97,319.0,7.02,
2026-02-13,QUAGR,dip,8.8,0.071,3.09,10747.0,2026-02-13,3.1827,hedef,2.97,319.0,7.77,
2026-02-13,YAPRK,dip,25.9,0.093,14.3333,10747.0,2026-02-13,14.7633,hedef,2.97,319.0,7.56,
2026-02-16,AKFIS,kirilim,13.2,0.836,25.6,2959.0,2026-02-16,26.368,hedef,2.97,88.0,5.08,
2026-02-16,ALBRK,kirilim,19.3,1.043,10.25,2959.0,2026-02-19,9.9425,stop,-3.03,-90.0,2.15,
2026-02-16,ALTNY,dip,4.4,0.192,16.21,2959.0,2026-02-17,16.6963,hedef,2.97,88.0,3.08,
2026-02-16,ASUZU,kirilim,7.5,0.985,67.0,2959.0,2026-02-16,69.01,hedef,2.97,88.0,4.63,
2026-02-16,BIENY,dip,6.7,0.155,27.2,2959.0,2026-02-17,26.384,stop,-3.03,-90.0,2.94,
2026-02-16,BORLS,dip,4.3,0.012,2.95,2959.0,2026-02-17,3.0385,hedef,2.97,88.0,4.41,
2026-02-16,CEOEM,dip,6.7,0.091,23.12,2959.0,2026-02-16,23.8136,hedef,2.97,88.0,3.2,
2026-02-16,CIMSA,kirilim,4.5,0.942,55.0,2959.0,2026-02-18,56.65,hedef,2.97,88.0,3.91,
2026-02-16,EKGYO,kirilim,5.0,1.028,26.52,2959.0,2026-02-17,25.7244,stop,-3.03,-90.0,1.81,
2026-02-16,FADE,kirilim,8.2,1.027,17.65,2959.0,2026-02-16,17.1205,stop,-3.03,-90.0,1.98,
2026-02-16,GSRAY,dip,5.4,0.148,1.23,2959.0,2026-02-18,1.2669,hedef,2.97,88.0,3.25,
2026-02-16,GZNMI,dip,12.1,0.081,65.05,2959.0,2026-02-16,67.0015,hedef,2.97,88.0,4.38,
2026-02-16,HATEK,dip,4.2,0.068,15.64,2959.0,2026-02-16,16.1092,hedef,2.97,88.0,5.12,
2026-02-16,HLGYO,kirilim,8.0,1.056,5.0,2959.0,2026-02-17,5.15,hedef,2.97,88.0,3.0,
2026-02-16,IHLAS,dip,14.3,0.184,2.46,2959.0,2026-02-16,2.3862,stop,-3.03,-90.0,0.0,
2026-02-16,IHYAY,dip,16.3,0.065,1.98,2959.0,2026-02-19,1.9206,stop,-3.03,-90.0,1.52,
2026-02-16,KONYA,dip,6.1,0.175,4805.0,2959.0,2026-02-18,4660.85,stop,-3.03,-90.0,0.57,
2026-02-16,MERCN,dip,4.1,0.165,19.5,2959.0,2026-02-18,18.915,stop,-3.03,-90.0,0.77,
2026-02-16,OZKGY,kirilim,12.7,1.017,16.11,2959.0,2026-02-19,15.6267,stop,-3.03,-90.0,2.3,
2026-02-16,QUAGR,dip,13.3,0.111,3.47,2959.0,2026-02-16,3.5741,hedef,2.97,88.0,3.17,
2026-02-16,SANFM,dip,5.3,0.152,7.38,2959.0,2026-02-17,7.6014,hedef,2.97,88.0,3.39,
2026-02-16,YAPRK,dip,22.6,0.138,15.7619,2959.0,2026-02-16,15.289,stop,-3.03,-90.0,0.38,
2026-02-17,BORLS,dip,5.0,0.016,3.09,8228.0,2026-02-17,2.9973,stop,-3.03,-250.0,2.59,
2026-02-17,BULGS,kirilim,4.3,1.017,52.8,8228.0,2026-02-18,54.384,hedef,2.97,244.0,3.03,
2026-02-17,DGNMO,dip,4.1,0.186,5.35,8228.0,2026-02-18,5.1895,stop,-3.03,-250.0,0.75,
2026-02-17,GZNMI,dip,4.0,0.097,69.65,8228.0,2026-02-17,67.5605,stop,-3.03,-250.0,0.0,
2026-02-17,HATEK,dip,50.9,0.14,17.09,8228.0,2026-02-17,17.6027,hedef,2.97,244.0,5.27,
2026-02-17,KAYSE,kirilim,13.4,1.011,5.57,8228.0,2026-02-17,5.7371,hedef,2.97,244.0,3.05,
2026-02-17,ODINE,kirilim,5.3,1.053,417.5,8228.0,2026-02-17,430.025,hedef,2.97,244.0,4.55,
2026-02-18,AYEN,kirilim,6.8,0.962,32.26,6477.0,2026-02-18,31.2922,stop,-3.03,-196.0,2.67,
2026-02-18,BASGZ,kirilim,5.8,1.126,51.25,6477.0,2026-02-18,52.7875,hedef,2.97,192.0,3.41,
2026-02-18,BRISA,kirilim,4.1,1.128,103.2,6477.0,2026-02-19,100.104,stop,-3.03,-196.0,0.0,
2026-02-18,FADE,kirilim,4.4,0.984,17.9,6477.0,2026-02-18,17.363,stop,-3.03,-196.0,0.45,
2026-02-18,KAYSE,kirilim,4.1,0.964,5.89,6477.0,2026-02-18,5.7133,stop,-3.03,-196.0,0.0,
2026-02-18,KONTR,dip,5.7,0.084,10.42,6477.0,2026-02-19,10.1074,stop,-3.03,-196.0,1.73,
2026-02-18,MOGAN,kirilim,27.4,1.274,11.6,6477.0,2026-02-18,11.252,stop,-3.03,-196.0,0.0,
2026-02-18,ORGE,dip,5.5,0.197,73.75,6477.0,2026-02-18,75.9625,hedef,2.97,192.0,3.05,
2026-02-18,OYYAT,kirilim,13.0,1.034,64.05,6477.0,2026-02-18,62.1285,stop,-3.03,-196.0,1.48,
2026-02-18,TATGD,kirilim,21.6,1.096,16.7,6477.0,2026-02-18,17.201,hedef,2.97,192.0,4.55,
2026-02-19,BIENY,dip,4.9,0.104,25.72,22505.0,2026-02-19,24.9484,stop,-3.03,-683.0,0.0,
2026-02-19,NIBAS,kirilim,6.1,0.984,5.7,22505.0,2026-02-19,5.871,hedef,2.97,668.0,5.26,
2026-02-19,OYAYO,kirilim,4.4,1.055,65.25,22505.0,2026-02-19,63.2925,stop,-3.03,-683.0,1.92,
2026-02-19,VSNMD,dip,7.9,0.059,93.0,22505.0,2026-02-19,95.79,hedef,2.97,668.0,3.06,
2026-02-20,ADESE,dip,4.5,0.185,1.13,22232.0,2026-02-20,1.1639,hedef,2.97,660.0,6.19,
2026-02-20,GUNDG,kirilim,7.7,1.077,375.75,22232.0,2026-02-23,387.0225,hedef,2.97,660.0,6.05,
2026-02-20,KONYA,dip,5.0,0.041,4495.0,22232.0,2026-02-27,4360.15,stop,-3.03,-674.0,1.28,
2026-02-20,KZGYO,kirilim,5.9,0.945,27.88,22232.0,2026-02-20,27.0436,stop,-3.03,-674.0,0.0,
2026-02-20,TATGD,kirilim,5.6,1.031,19.38,22232.0,2026-02-20,18.7986,stop,-3.03,-674.0,0.26,
2026-02-23,ESCOM,kirilim,11.6,1.168,4.43,11001.0,2026-02-24,4.5629,hedef,2.97,326.0,8.35,
2026-02-23,FENER,dip,4.7,0.113,3.33,11001.0,2026-02-23,3.4299,hedef,2.97,326.0,3.3,
2026-02-23,HEDEF,kirilim,4.6,0.957,60.4331,11001.0,2026-02-23,62.2461,hedef,2.97,326.0,4.3,
2026-02-23,MANAS,kirilim,8.3,1.007,12.8,11001.0,2026-02-23,12.416,stop,-3.03,-334.0,0.0,
2026-02-23,OYAYO,kirilim,4.4,0.945,64.5,11001.0,2026-02-23,66.435,hedef,2.97,326.0,3.57,
2026-02-23,SOKM,kirilim,5.0,0.997,70.05,11001.0,2026-02-24,67.9485,stop,-3.03,-334.0,0.0,
2026-02-24,A1CAP,kirilim,52.8,1.013,18.84,8443.0,2026-02-24,18.2748,stop,-3.03,-256.0,0.0,
2026-02-24,ANELE,dip,4.7,0.149,15.61,8443.0,2026-02-25,15.1417,stop,-3.03,-256.0,0.58,
2026-02-24,FENER,dip,7.3,0.073,3.23,8443.0,2026-02-24,3.1331,stop,-3.03,-256.0,0.0,
2026-02-24,HATEK,dip,6.1,0.134,16.98,8443.0,2026-02-24,17.4894,hedef,2.97,250.0,4.89,
2026-02-24,MAGEN,kirilim,5.3,0.999,47.06,8443.0,2026-02-24,48.4718,hedef,2.97,250.0,3.82,
2026-02-24,SKYMD,dip,6.3,0.195,12.59,8443.0,2026-02-24,12.9677,hedef,2.97,250.0,4.77,
2026-02-24,SUWEN,dip,4.2,0.193,9.42,8443.0,2026-02-25,9.7026,hedef,2.97,250.0,4.25,
2026-02-24,VAKKO,kirilim,12.5,1.058,82.3,8443.0,2026-02-24,79.831,stop,-3.03,-256.0,0.0,
2026-02-25,ASUZU,kirilim,8.3,1.028,73.0,10377.0,2026-02-25,70.81,stop,-3.03,-315.0,0.0,
2026-02-25,HALKB,kirilim,5.1,1.0,51.6,10377.0,2026-02-25,50.052,stop,-3.03,-315.0,0.0,
2026-02-25,MEKAG,kirilim,5.2,0.981,5.96,10377.0,2026-02-26,6.1388,hedef,2.97,308.0,7.21,
2026-02-25,NTGAZ,kirilim,9.5,0.93,12.33,10377.0,2026-02-26,11.9601,stop,-3.03,-315.0,2.92,
2026-02-25,ORGE,dip,4.2,0.137,71.05,10377.0,2026-02-27,68.9185,stop,-3.03,-315.0,0.63,
2026-02-25,POLTK,dip,50.1,0.065,6010.0,10377.0,2026-02-25,6190.3,hedef,2.97,308.0,6.16,
2026-02-25,TKNSA,dip,55.4,0.136,21.82,10377.0,2026-02-25,21.1654,stop,-3.03,-315.0,0.0,
2026-02-26,DERHL,dip,11.4,0.023,16.46,7219.0,2026-02-26,15.9662,stop,-3.03,-219.0,4.74,
2026-02-26,ESCOM,kirilim,5.1,0.967,5.14,7219.0,2026-02-26,4.9858,stop,-3.03,-219.0,0.97,
2026-02-26,RAYSG,dip,5.1,0.153,238.0,7219.0,2026-02-26,230.86,stop,-3.03,-219.0,0.63,
2026-02-26,SUMAS,dip,7.0,0.197,270.0,7219.0,2026-03-02,261.9,stop,-3.03,-219.0,2.87,
2026-02-26,TATEN,dip,4.3,0.083,9.22,7219.0,2026-02-27,8.9434,stop,-3.03,-219.0,0.98,
2026-02-26,TRILC,dip,4.5,0.071,2.6042,7219.0,2026-02-26,2.526,stop,-3.03,-219.0,0.0,
2026-02-26,VESTL,dip,5.0,0.107,31.98,7219.0,2026-02-26,31.0206,stop,-3.03,-219.0,2.06,
2026-02-26,YAPRK,dip,6.1,0.153,16.25,7219.0,2026-02-26,15.7625,stop,-3.03,-219.0,0.0,
2026-02-27,PATEK,dip,5.8,0.177,18.61,31372.0,2026-02-27,19.1683,hedef,2.97,931.0,5.05,
2026-02-27,SMART,kirilim,6.8,1.171,36.14,31372.0,2026-03-02,35.0558,stop,-3.03,-952.0,0.0,
2026-03-02,ALCAR,dip,9.0,-0.099,750.0,1028.0,2026-03-02,772.5,hedef,2.97,30.0,5.33,
2026-03-02,ANGEN,dip,13.4,0.072,9.94,1028.0,2026-03-02,10.2382,hedef,2.97,30.0,3.12,
2026-03-02,ASELS,kirilim,4.7,0.94,324.0,1028.0,2026-03-02,333.72,hedef,2.97,30.0,5.56,
2026-03-02,AVHOL,dip,14.7,0.174,35.02,1028.0,2026-03-05,36.0706,hedef,2.97,30.0,3.48,
2026-03-02,AVPGY,dip,6.9,-0.09,47.8,1028.0,2026-03-02,49.234,hedef,2.97,30.0,5.33,
2026-03-02,BANVT,dip,4.9,-0.041,151.1,1028.0,2026-03-02,155.633,hedef,2.97,30.0,5.63,
2026-03-02,BAYRK,dip,5.0,0.056,4.04,1028.0,2026-03-02,4.1612,hedef,2.97,30.0,3.96,
2026-03-02,BEGYO,dip,9.1,-0.024,3.99,1028.0,2026-03-02,4.1097,hedef,2.97,30.0,3.76,
2026-03-02,BIENY,dip,11.6,-0.065,20.82,1028.0,2026-03-02,21.4446,hedef,2.97,30.0,4.71,
2026-03-02,BIOEN,dip,6.8,0.018,14.67,1028.0,2026-03-02,15.1101,hedef,2.97,30.0,6.27,
2026-03-02,BORLS,dip,6.1,0.009,2.85,1028.0,2026-03-02,2.9355,hedef,2.97,30.0,5.96,
2026-03-02,BTCIM,kirilim,5.2,0.821,5.29,1028.0,2026-03-02,5.4487,hedef,2.97,30.0,8.7,
2026-03-02,CEOEM,dip,8.2,-0.074,18.73,1028.0,2026-03-02,19.2919,hedef,2.97,30.0,5.34,
2026-03-02,DESPC,dip,4.8,0.172,44.9,1028.0,2026-03-02,43.553,stop,-3.03,-31.0,1.38,
2026-03-02,DGGYO,dip,50.2,-0.087,27.14,1028.0,2026-03-02,27.9542,hedef,2.97,30.0,5.82,
2026-03-02,DNISI,dip,27.3,0.066,19.17,1028.0,2026-03-02,19.7451,hedef,2.97,30.0,3.5,
2026-03-02,DOFER,dip,6.1,0.158,29.2,1028.0,2026-03-02,30.076,hedef,2.97,30.0,5.34,
2026-03-02,EGEEN,dip,9.6,-0.138,6002.5,1028.0,2026-03-02,6182.575,hedef,2.97,30.0,3.33,
2026-03-02,EGSER,dip,8.3,0.078,2.9,1028.0,2026-03-05,2.987,hedef,2.97,30.0,3.45,
2026-03-02,EKSUN,dip,7.4,0.061,4.91,1028.0,2026-03-02,5.0573,hedef,2.97,30.0,4.28,
2026-03-02,ESCAR,dip,5.6,0.102,24.56,1028.0,2026-03-02,25.2968,hedef,2.97,30.0,9.12,
2026-03-02,FMIZP,dip,7.4,0.141,285.0,1028.0,2026-03-05,293.55,hedef,2.97,30.0,3.25,
2026-03-02,GIPTA,dip,7.8,0.026,50.85,1028.0,2026-03-02,52.3755,hedef,2.97,30.0,5.41,
2026-03-02,GOLTS,dip,14.2,0.106,320.0,1028.0,2026-03-02,329.6,hedef,2.97,30.0,5.16,
2026-03-02,GRTHO,dip,4.2,-0.001,207.4,1028.0,2026-03-02,213.622,hedef,2.97,30.0,5.54,
2026-03-02,IHEVA,dip,15.4,0.125,2.07,1028.0,2026-03-02,2.1321,hedef,2.97,30.0,5.8,
2026-03-02,INGRM,dip,58.4,0.078,354.75,1028.0,2026-03-02,365.3925,hedef,2.97,30.0,5.99,
2026-03-02,INVEO,dip,16.7,0.158,7.2,1028.0,2026-03-02,7.416,hedef,2.97,30.0,3.47,
2026-03-02,INVES,dip,13.1,0.033,208.6,1028.0,2026-03-02,214.858,hedef,2.97,30.0,6.86,
2026-03-02,KARTN,dip,4.9,-0.08,72.55,1028.0,2026-03-02,74.7265,hedef,2.97,30.0,3.24,
2026-03-02,KFEIN,dip,5.5,-0.029,8.11,1028.0,2026-03-02,8.3533,hedef,2.97,30.0,4.93,
2026-03-02,KMPUR,dip,6.0,0.142,13.9,1028.0,2026-03-03,13.483,stop,-3.03,-31.0,0.86,
2026-03-02,KOTON,dip,5.4,0.099,14.4,1028.0,2026-03-02,14.832,hedef,2.97,30.0,3.26,
2026-03-02,KRGYO,dip,4.0,0.018,2.64,1028.0,2026-03-02,2.7192,hedef,2.97,30.0,6.44,
2026-03-02,LINK,dip,4.3,-0.004,4.9146,1028.0,2026-03-02,5.062,hedef,2.97,30.0,4.47,
2026-03-02,MARBL,dip,6.3,0.151,11.3,1028.0,2026-03-02,11.639,hedef,2.97,30.0,3.89,
2026-03-02,MARTI,dip,4.6,-0.042,1.31,1028.0,2026-03-02,1.3493,hedef,2.97,30.0,3.05,
2026-03-02,MEDTR,dip,4.3,0.055,26.64,1028.0,2026-03-02,27.4392,hedef,2.97,30.0,3.08,
2026-03-02,MERCN,dip,5.0,0.052,15.42,1028.0,2026-03-02,15.8826,hedef,2.97,30.0,3.11,
2026-03-02,MRSHL,dip,4.3,0.183,1403.0,1028.0,2026-03-02,1445.09,hedef,2.97,30.0,3.49,
2026-03-02,NATEN,dip,5.5,-0.052,7.26,1028.0,2026-03-02,7.4778,hedef,2.97,30.0,4.27,
2026-03-02,OBAMS,dip,4.6,0.176,7.83,1028.0,2026-03-02,8.0649,hedef,2.97,30.0,3.45,
2026-03-02,ORGE,dip,6.2,0.004,65.05,1028.0,2026-03-02,67.0015,hedef,2.97,30.0,3.84,
2026-03-02,OSMEN,dip,4.1,0.093,7.45,1028.0,2026-03-02,7.6735,hedef,2.97,30.0,4.97,
2026-03-02,OTTO,dip,8.3,0.012,284.0,1028.0,2026-03-02,292.52,hedef,2.97,30.0,3.17,
2026-03-02,PAMEL,dip,5.6,0.055,77.1,1028.0,2026-03-03,79.413,hedef,2.97,30.0,5.06,
2026-03-02,PARSN,dip,20.3,0.194,80.0,1028.0,2026-03-02,82.4,hedef,2.97,30.0,3.56,
2026-03-02,PATEK,dip,8.2,0.189,18.89,1028.0,2026-03-02,19.4567,hedef,2.97,30.0,9.48,
2026-03-02,PENTA,dip,11.5,0.081,12.71,1028.0,2026-03-02,13.0913,hedef,2.97,30.0,4.01,
2026-03-02,PLTUR,dip,6.8,0.018,20.08,1028.0,2026-03-02,20.6824,hedef,2.97,30.0,6.37,
2026-03-02,RAYSG,dip,6.5,-0.048,198.5,1028.0,2026-03-02,204.455,hedef,2.97,30.0,5.09,
2026-03-02,REEDR,dip,4.8,-0.075,5.87,1028.0,2026-03-02,6.0461,hedef,2.97,30.0,3.07,
2026-03-02,SAMAT,dip,9.6,0.098,5.19,1028.0,2026-03-02,5.3457,hedef,2.97,30.0,3.66,
2026-03-02,SANFM,dip,7.0,0.141,7.05,1028.0,2026-03-02,7.2615,hedef,2.97,30.0,5.82,
2026-03-02,SERNT,dip,4.7,-0.046,7.17,1028.0,2026-03-02,7.3851,hedef,2.97,30.0,3.91,
2026-03-02,SKYMD,dip,20.5,0.095,11.27,1028.0,2026-03-02,11.6081,hedef,2.97,30.0,4.17,
2026-03-02,SMRVA,dip,6.7,0.053,10.246,1028.0,2026-03-02,10.5534,hedef,2.97,30.0,3.84,
2026-03-02,SUNTK,dip,10.8,0.181,33.14,1028.0,2026-03-02,34.1342,hedef,2.97,30.0,7.18,
2026-03-02,TATEN,dip,6.2,0.017,8.16,1028.0,2026-03-02,8.4048,hedef,2.97,30.0,5.51,
2026-03-02,TEKTU,dip,4.4,0.155,8.15,1028.0,2026-03-02,8.3945,hedef,2.97,30.0,5.28,
2026-03-02,TRILC,dip,11.9,-0.094,2.2625,1028.0,2026-03-02,2.3303,hedef,2.97,30.0,5.24,
2026-03-02,TUREX,dip,5.4,-0.009,6.5,1028.0,2026-03-02,6.695,hedef,2.97,30.0,4.46,
2026-03-02,VERTU,dip,7.2,0.189,35.22,1028.0,2026-03-02,36.2766,hedef,2.97,30.0,5.22,
2026-03-02,VESBE,dip,6.3,-0.027,7.4,1028.0,2026-03-09,7.178,stop,-3.03,-31.0,2.3,
2026-03-02,VESTL,dip,4.7,-0.011,28.0,1028.0,2026-03-02,28.84,hedef,2.97,30.0,3.07,
2026-03-02,VRGYO,dip,7.7,-0.031,2.1,1028.0,2026-03-02,2.163,hedef,2.97,30.0,5.71,
2026-03-02,YAYLA,dip,6.9,0.15,23.0,1028.0,2026-03-02,23.69,hedef,2.97,30.0,3.74,
2026-03-02,YIGIT,dip,4.5,0.021,21.7,1028.0,2026-03-02,22.351,hedef,2.97,30.0,5.99,
2026-03-02,ZOREN,dip,4.3,0.147,3.04,1028.0,2026-03-04,2.9488,stop,-3.03,-31.0,2.96,
2026-03-03,AYGAZ,kirilim,6.9,1.011,259.0,11442.0,2026-03-04,251.23,stop,-3.03,-347.0,1.35,
2026-03-03,BANVT,dip,5.2,0.025,154.9,11442.0,2026-03-03,159.547,hedef,2.97,339.0,3.29,
2026-03-03,BEGYO,dip,4.3,0.008,4.09,11442.0,2026-03-05,4.2127,hedef,2.97,339.0,3.42,
2026-03-03,DESPC,dip,59.6,0.104,42.9,11442.0,2026-03-03,41.613,stop,-3.03,-347.0,1.91,
2026-03-03,INVES,dip,59.5,0.11,257.75,11442.0,2026-03-03,265.4825,hedef,2.97,339.0,3.98,
2026-03-03,MAKIM,dip,4.4,0.134,15.49,11442.0,2026-03-04,15.0253,stop,-3.03,-347.0,0.84,
2026-03-03,NTGAZ,kirilim,5.1,1.014,13.0,11442.0,2026-03-03,12.61,stop,-3.03,-347.0,0.0,
2026-03-03,SDTTR,kirilim,9.4,0.985,282.0,11442.0,2026-03-03,273.54,stop,-3.03,-347.0,0.0,
2026-03-03,SOKE,kirilim,4.1,1.076,14.28,11442.0,2026-03-03,13.8516,stop,-3.03,-347.0,0.0,
2026-03-04,AVTUR,kirilim,7.1,0.894,21.1,8750.0,2026-03-04,21.733,hedef,2.97,260.0,6.45,
2026-03-04,BIENY,dip,4.2,0.091,23.64,8750.0,2026-03-05,24.3492,hedef,2.97,260.0,8.29,
2026-03-04,BORLS,dip,4.2,0.018,3.15,8750.0,2026-03-04,3.2445,hedef,2.97,260.0,4.76,
2026-03-04,INVES,dip,18.6,0.156,286.5,8750.0,2026-03-04,295.095,hedef,2.97,260.0,4.54,
2026-03-04,ISGSY,kirilim,4.1,1.071,120.2,8750.0,2026-03-04,123.806,hedef,2.97,260.0,4.16,
2026-03-04,MOPAS,kirilim,5.8,0.929,57.35,8750.0,2026-03-04,59.0705,hedef,2.97,260.0,8.81,
2026-03-04,PKENT,dip,4.6,0.084,155.7,8750.0,2026-03-05,160.371,hedef,2.97,260.0,4.69,
2026-03-04,TUCLK,dip,6.8,0.038,4.07,8750.0,2026-03-04,4.1921,hedef,2.97,260.0,3.19,
2026-03-05,AVTUR,kirilim,4.3,1.0,22.7,7022.0,2026-03-05,22.019,stop,-3.03,-213.0,0.0,
2026-03-05,BIENY,dip,8.2,0.105,24.06,7022.0,2026-03-05,24.7818,hedef,2.97,208.0,7.23,
2026-03-05,BIOEN,dip,4.3,0.164,16.64,7022.0,2026-03-10,17.1392,hedef,2.97,208.0,3.55,
2026-03-05,BORLS,dip,22.2,0.03,3.51,7022.0,2026-03-05,3.4047,stop,-3.03,-213.0,0.0,
2026-03-05,GZNMI,dip,10.4,0.066,60.5,7022.0,2026-03-06,62.315,hedef,2.97,208.0,4.55,
2026-03-05,INVES,dip,5.8,0.18,302.0,7022.0,2026-03-05,311.06,hedef,2.97,208.0,3.48,
2026-03-05,KORDS,dip,4.5,0.153,51.2,7022.0,2026-03-05,49.664,stop,-3.03,-213.0,0.0,
2026-03-05,KRDMB,kirilim,37.6,0.976,37.0,7022.0,2026-03-05,38.11,hedef,2.97,208.0,4.65,
2026-03-05,MARTI,dip,4.4,0.04,1.38,7022.0,2026-03-09,1.3386,stop,-3.03,-213.0,2.17,
2026-03-05,PKENT,dip,9.4,0.119,162.0,7022.0,2026-03-05,166.86,hedef,2.97,208.0,5.62,
2026-03-05,QUAGR,dip,12.6,0.06,2.99,7022.0,2026-03-05,3.0797,hedef,2.97,208.0,7.02,
2026-03-06,BIOEN,dip,7.8,0.161,16.6,17911.0,2026-03-10,17.098,hedef,2.97,531.0,3.8,
2026-03-06,QUAGR,dip,9.7,0.082,3.2,17911.0,2026-03-06,3.104,stop,-3.03,-543.0,0.0,
2026-03-06,SEGMN,kirilim,4.8,0.987,55.8,17911.0,2026-03-06,54.126,stop,-3.03,-543.0,1.25,
2026-03-06,TKFEN,dip,4.5,0.105,77.25,17911.0,2026-03-06,74.9325,stop,-3.03,-543.0,0.26,
2026-03-06,TUCLK,dip,5.4,0.142,4.43,17911.0,2026-03-09,4.2971,stop,-3.03,-543.0,2.93,
2026-03-09,BJKAS,dip,4.7,0.033,1.5,8476.0,2026-03-09,1.455,stop,-3.03,-257.0,0.0,
2026-03-09,ESCAR,dip,15.8,0.134,26.5,8476.0,2026-03-09,27.295,hedef,2.97,251.0,3.32,
2026-03-09,HATEK,dip,12.2,-0.02,13.58,8476.0,2026-03-09,13.9874,hedef,2.97,251.0,3.24,
2026-03-09,HLGYO,kirilim,39.5,1.046,5.35,8476.0,2026-03-10,5.5105,hedef,2.97,251.0,5.42,
2026-03-09,KOTON,dip,5.8,0.098,14.39,8476.0,2026-03-10,14.8217,hedef,2.97,251.0,5.0,
2026-03-09,SOKE,kirilim,9.9,1.18,15.13,8476.0,2026-03-09,14.6761,stop,-3.03,-257.0,1.59,
2026-03-09,TATEN,dip,6.0,0.071,9.03,8476.0,2026-03-09,9.3009,hedef,2.97,251.0,4.87,
2026-03-10,BFREN,dip,5.5,0.037,141.4,7533.0,2026-03-12,145.642,hedef,2.97,223.0,3.11,
2026-03-10,BJKAS,dip,5.3,0.017,1.47,7533.0,2026-03-13,1.5141,hedef,2.97,223.0,3.4,
2026-03-10,CATES,kirilim,8.7,1.014,45.06,7533.0,2026-03-10,46.4118,hedef,2.97,223.0,7.19,
2026-03-10,GIPTA,dip,6.4,0.113,60.7,7533.0,2026-03-10,62.521,hedef,2.97,223.0,5.77,
2026-03-10,HALKB,kirilim,19.9,1.015,52.5,7533.0,2026-03-10,50.925,stop,-3.03,-228.0,0.0,
2026-03-10,KRDMA,dip,11.8,0.181,29.5,7533.0,2026-03-10,30.385,hedef,2.97,223.0,3.25,
2026-03-10,KRDMB,kirilim,13.9,0.993,39.7,7533.0,2026-03-12,40.891,hedef,2.97,223.0,7.51,
2026-03-10,MARKA,dip,13.5,-0.057,27.22,7533.0,2026-03-10,28.0366,hedef,2.97,223.0,3.53,
2026-03-10,TATEN,dip,17.2,0.173,10.65,7533.0,2026-03-11,10.9695,hedef,2.97,223.0,7.7,
2026-03-11,AKYHO,dip,4.2,0.157,2.79,11637.0,2026-03-11,2.7063,stop,-3.03,-353.0,2.15,
2026-03-11,KFEIN,dip,11.8,0.139,8.9,11637.0,2026-03-13,8.633,stop,-3.03,-353.0,1.12,
2026-03-11,LINK,dip,15.8,0.085,6.0853,11637.0,2026-03-11,5.9027,stop,-3.03,-353.0,0.0,
2026-03-11,ONRYT,dip,4.9,0.088,59.5,11637.0,2026-03-26,57.715,stop,-3.03,-353.0,2.02,
2026-03-11,REEDR,dip,8.1,0.098,6.53,11637.0,2026-03-11,6.3341,stop,-3.03,-353.0,0.0,
2026-03-11,YBTAS,dip,9.7,0.067,20.5,11637.0,2026-03-12,21.115,hedef,2.97,345.0,11.71,
2026-03-11,YGGYO,kirilim,4.6,1.002,165.3,11637.0,2026-03-12,170.259,hedef,2.97,345.0,4.9,
2026-03-12,ARASE,kirilim,7.9,1.045,92.2,3467.0,2026-03-12,89.434,stop,-3.03,-105.0,0.0,
2026-03-12,AYES,kirilim,5.7,1.136,31.7,3467.0,2026-03-13,32.651,hedef,2.97,103.0,3.41,
2026-03-12,DGNMO,dip,16.2,-0.017,3.99,3467.0,2026-03-12,3.8703,stop,-3.03,-105.0,2.01,
2026-03-12,ELITE,dip,13.0,0.136,29.88,3467.0,2026-03-13,28.9836,stop,-3.03,-105.0,1.07,
2026-03-12,ESEN,dip,4.1,0.021,3.82,3467.0,2026-03-12,3.9346,hedef,2.97,103.0,3.66,
2026-03-12,KRONT,kirilim,4.0,0.99,19.82,3467.0,2026-03-12,19.2254,stop,-3.03,-105.0,0.0,
2026-03-12,MARTI,dip,4.7,0.153,1.56,3467.0,2026-03-12,1.5132,stop,-3.03,-105.0,0.0,
2026-03-12,TBORG,dip,32.1,0.081,153.0,3467.0,2026-03-23,148.41,stop,-3.03,-105.0,2.42,
2026-03-12,TUREX,dip,5.0,0.02,7.37,3467.0,2026-03-12,7.5911,hedef,2.97,103.0,4.88,
2026-03-12,YATAS,kirilim,18.3,1.003,48.98,3467.0,2026-03-12,47.5106,stop,-3.03,-105.0,0.0,
2026-03-12,YBTAS,dip,22.5,0.111,23.1,3467.0,2026-03-13,22.407,stop,-3.03,-105.0,0.0,
2026-03-12,YGGYO,kirilim,5.4,1.011,168.9,3467.0,2026-03-12,173.967,hedef,2.97,103.0,3.67,
2026-03-13,AGYO,kirilim,4.3,0.962,8.62,11166.0,2026-03-13,8.3614,stop,-3.03,-339.0,0.0,
2026-03-13,ARENA,dip,4.0,0.11,26.74,11166.0,2026-03-17,25.9378,stop,-3.03,-339.0,1.65,
2026-03-13,CEOEM,dip,4.5,0.108,21.46,11166.0,2026-03-16,20.8162,stop,-3.03,-339.0,2.89,
2026-03-13,PAGYO,kirilim,5.3,0.888,100.5,11166.0,2026-03-13,103.515,hedef,2.97,331.0,3.28,
2026-03-13,SASA,dip,4.1,0.13,2.59,11166.0,2026-03-13,2.5123,stop,-3.03,-339.0,0.39,
2026-03-13,TUREX,dip,5.3,0.032,7.92,11166.0,2026-03-13,8.1576,hedef,2.97,331.0,3.79,
2026-03-16,AFYON,kirilim,4.3,1.227,17.33,9248.0,2026-03-16,17.8499,hedef,2.97,274.0,3.0,
2026-03-16,ARASE,kirilim,5.8,1.068,103.1,9248.0,2026-03-17,106.193,hedef,2.97,274.0,3.69,
2026-03-16,GIPTA,dip,6.9,0.189,69.2,9248.0,2026-03-17,71.276,hedef,2.97,274.0,7.51,
2026-03-16,KRDMB,kirilim,7.9,0.972,47.0,9248.0,2026-03-16,48.41,hedef,2.97,274.0,6.17,
2026-03-16,MARKA,dip,11.8,-0.042,22.16,9248.0,2026-03-16,22.8248,hedef,2.97,274.0,8.3,
2026-03-16,MEGAP,dip,5.0,0.074,2.58,9248.0,2026-03-19,2.5026,stop,-3.03,-280.0,2.33,
2026-03-16,REEDR,dip,5.6,0.121,6.72,9248.0,2026-03-17,6.9216,hedef,2.97,274.0,5.95,
2026-03-16,YBTAS,dip,5.8,0.05,19.52,9248.0,2026-03-16,20.1056,hedef,2.97,274.0,4.0,
2026-03-17,AVPGY,dip,5.3,0.182,50.25,5435.0,2026-03-18,51.7575,hedef,2.97,161.0,3.48,
2026-03-17,DYOBY,dip,7.7,0.102,13.79,5435.0,2026-03-18,13.3763,stop,-3.03,-165.0,1.96,
2026-03-17,EFOR,dip,5.2,0.097,13.92,5435.0,2026-03-18,13.5024,stop,-3.03,-165.0,0.0,
2026-03-17,KLSER,dip,7.1,0.082,25.52,5435.0,2026-03-19,26.2856,hedef,2.97,161.0,6.5,
2026-03-17,KRDMB,kirilim,5.0,0.976,49.22,5435.0,2026-03-17,50.6966,hedef,2.97,161.0,3.62,
2026-03-17,LINK,dip,5.7,0.089,6.14,5435.0,2026-03-18,6.3242,hedef,2.97,161.0,4.23,
2026-03-17,MARKA,dip,7.8,0.147,29.28,5435.0,2026-03-18,30.1584,hedef,2.97,161.0,4.64,
2026-03-17,REEDR,dip,24.2,0.142,6.9,5435.0,2026-03-17,7.107,hedef,2.97,161.0,3.77,
2026-03-17,VKING,dip,4.2,0.111,26.44,5435.0,2026-03-17,27.2332,hedef,2.97,161.0,3.78,
2026-03-18,EMKEL,dip,4.5,0.015,19.08,14046.0,2026-03-18,19.6524,hedef,2.97,417.0,6.29,
2026-03-18,LINK,dip,13.2,0.107,6.39,14046.0,2026-03-18,6.5817,hedef,2.97,417.0,3.29,
2026-03-18,MARKA,dip,7.7,0.173,30.64,14046.0,2026-03-18,31.5592,hedef,2.97,417.0,5.09,
2026-03-18,YESIL,dip,4.9,0.14,1.62,14046.0,2026-03-18,1.6686,hedef,2.97,417.0,11.73,
2026-03-19,ACSEL,dip,5.8,0.193,101.9,636.0,2026-03-23,104.957,hedef,2.97,19.0,7.07,
2026-03-19,ADESE,dip,4.4,0.152,0.99,636.0,2026-03-23,0.9603,stop,-3.03,-19.0,1.01,
2026-03-19,AGROT,dip,47.9,0.134,3.0,636.0,2026-03-19,3.09,hedef,2.97,19.0,3.33,
2026-03-19,AHGAZ,dip,10.7,0.154,21.88,636.0,2026-03-23,21.2236,stop,-3.03,-19.0,1.01,
2026-03-19,AKENR,dip,7.2,0.148,9.64,636.0,2026-03-27,9.3508,stop,-3.03,-19.0,2.59,
2026-03-19,AKFIS,kirilim,47.5,0.958,39.02,636.0,2026-03-19,40.1906,hedef,2.97,19.0,4.1,
2026-03-19,AKYHO,dip,5.8,0.11,2.63,636.0,2026-03-19,2.7089,hedef,2.97,19.0,4.56,
2026-03-19,ALCAR,dip,6.1,0.033,754.0,636.0,2026-03-27,731.38,stop,-3.03,-19.0,1.46,
2026-03-19,ALFAS,dip,12.1,0.075,37.84,636.0,2026-03-23,36.7048,stop,-3.03,-19.0,0.53,
2026-03-19,ALKLC,kirilim,22.3,1.05,311.5,636.0,2026-03-19,320.845,hedef,2.97,19.0,3.05,
2026-03-19,ALTNY,dip,6.5,0.07,14.98,636.0,2026-03-23,15.4294,hedef,2.97,19.0,4.74,
2026-03-19,ANELE,dip,12.7,0.054,14.03,636.0,2026-03-23,13.6091,stop,-3.03,-19.0,0.29,
2026-03-19,ANGEN,dip,5.7,0.148,10.3,636.0,2026-03-23,10.609,hedef,2.97,19.0,4.66,
2026-03-19,ARENA,dip,15.7,0.05,24.98,636.0,2026-03-23,24.2306,stop,-3.03,-19.0,0.0,
2026-03-19,AZTEK,dip,13.4,0.181,4.06,636.0,2026-03-23,3.9382,stop,-3.03,-19.0,0.74,
2026-03-19,BAHKM,kirilim,76.4,1.05,148.7,636.0,2026-03-19,144.239,stop,-3.03,-19.0,0.0,
2026-03-19,BALSU,dip,8.9,0.047,14.23,636.0,2026-03-23,13.8031,stop,-3.03,-19.0,0.35,
2026-03-19,BANVT,dip,36.5,0.04,154.7,636.0,2026-03-23,150.059,stop,-3.03,-19.0,0.19,
2026-03-19,BAYRK,dip,25.8,0.145,4.54,636.0,2026-03-24,4.6762,hedef,2.97,19.0,3.08,
2026-03-19,BEGYO,dip,11.8,0.014,4.19,636.0,2026-03-23,4.0643,stop,-3.03,-19.0,0.72,
2026-03-19,BFREN,dip,8.7,0.038,141.5,636.0,2026-03-27,137.255,stop,-3.03,-19.0,0.42,
2026-03-19,BIENY,dip,5.5,0.073,23.08,636.0,2026-03-27,22.3876,stop,-3.03,-19.0,1.65,
2026-03-19,BIGEN,dip,10.3,0.035,8.68,636.0,2026-03-23,8.9404,hedef,2.97,19.0,4.84,
2026-03-19,BIGTK,dip,118.1,0.162,248.5,636.0,2026-03-23,241.045,stop,-3.03,-19.0,0.44,
2026-03-19,BINBN,dip,16.0,0.15,160.0,636.0,2026-03-24,164.8,hedef,2.97,19.0,3.81,
2026-03-19,BOBET,dip,111.7,0.149,19.26,636.0,2026-03-23,18.6822,stop,-3.03,-19.0,1.35,
2026-03-19,BORLS,dip,9.0,0.007,2.81,636.0,2026-03-23,2.8943,hedef,2.97,19.0,3.56,
2026-03-19,BUCIM,dip,5.7,0.09,6.14,636.0,2026-04-07,5.9558,stop,-3.03,-19.0,0.49,
2026-03-19,CEMTS,dip,6.3,0.171,10.35,636.0,2026-03-26,10.6605,hedef,2.97,19.0,4.06,
2026-03-19,CEOEM,dip,19.4,0.116,21.68,636.0,2026-03-23,21.0296,stop,-3.03,-19.0,0.74,
2026-03-19,CLEBI,dip,16.7,0.192,1787.0,636.0,2026-03-27,1733.39,stop,-3.03,-19.0,2.35,
2026-03-19,CMBTN,dip,17.2,0.045,1720.0,636.0,2026-03-23,1668.4,stop,-3.03,-19.0,0.41,
2026-03-19,CRDFA,kirilim,22.9,1.033,27.6666,636.0,2026-03-19,28.4966,hedef,2.97,19.0,3.55,
2026-03-19,DCTTR,dip,38.1,0.134,8.38,636.0,2026-03-19,8.6314,hedef,2.97,19.0,4.3,
2026-03-19,DERHL,dip,7.8,0.01,14.41,636.0,2026-03-23,13.9777,stop,-3.03,-19.0,0.83,
2026-03-19,DESPC,dip,5.9,0.056,39.04,636.0,2026-03-23,37.8688,stop,-3.03,-19.0,0.92,
2026-03-19,DGNMO,dip,16.6,0.031,3.93,636.0,2026-03-23,3.8121,stop,-3.03,-19.0,0.76,
2026-03-19,DNISI,dip,7.7,0.111,19.64,636.0,2026-03-23,19.0508,stop,-3.03,-19.0,0.81,
2026-03-19,DYOBY,dip,29.8,0.066,13.19,636.0,2026-03-27,12.7943,stop,-3.03,-19.0,2.2,
2026-03-19,EFOR,dip,69.2,-0.031,11.28,636.0,2026-03-23,10.9416,stop,-3.03,-19.0,0.0,
2026-03-19,EGEEN,dip,9.8,0.035,5840.0,636.0,2026-03-23,5664.8,stop,-3.03,-19.0,1.84,
2026-03-19,EGSER,dip,5.8,0.098,2.89,636.0,2026-03-27,2.8033,stop,-3.03,-19.0,2.08,
2026-03-19,ELITE,dip,11.8,0.056,28.28,636.0,2026-03-23,27.4316,stop,-3.03,-19.0,1.06,
2026-03-19,EMKEL,dip,321.8,0.029,20.74,636.0,2026-03-19,21.3622,hedef,2.97,19.0,6.75,
2026-03-19,ENJSA,kirilim,62.7,0.994,121.8,636.0,2026-03-23,118.146,stop,-3.03,-19.0,2.63,
2026-03-19,ERCB,dip,17.2,0.013,51.8,636.0,2026-03-23,50.246,stop,-3.03,-19.0,0.0,
2026-03-19,ESCAR,dip,11.0,0.2,30.44,636.0,2026-03-23,29.5268,stop,-3.03,-19.0,1.84,
2026-03-19,ESEN,dip,15.2,0.029,3.95,636.0,2026-03-23,4.0685,hedef,2.97,19.0,3.29,
2026-03-19,ETILR,dip,9.8,0.106,3.84,636.0,2026-03-23,3.7248,stop,-3.03,-19.0,0.52,
2026-03-19,EUREN,dip,7.1,0.111,4.8,636.0,2026-03-23,4.944,hedef,2.97,19.0,3.33,
2026-03-19,FENER,dip,9.5,0.011,2.72,636.0,2026-03-19,2.8016,hedef,2.97,19.0,4.04,
2026-03-19,FORMT,dip,55.7,0.125,2.94,636.0,2026-03-19,3.0282,hedef,2.97,19.0,4.08,
2026-03-19,FZLGY,kirilim,235.3,1.035,17.8,636.0,2026-03-23,18.334,hedef,2.97,19.0,8.99,
2026-03-19,GIPTA,dip,19.4,0.189,69.2,636.0,2026-03-19,71.276,hedef,2.97,19.0,6.58,
2026-03-19,GOODY,dip,9.4,0.084,14.07,636.0,2026-03-26,14.4921,hedef,2.97,19.0,5.4,
2026-03-19,GRTHO,dip,66.4,0.067,238.9,636.0,2026-03-23,231.733,stop,-3.03,-19.0,1.17,
2026-03-19,GSRAY,dip,18.9,0.0,1.11,636.0,2026-03-23,1.0767,stop,-3.03,-19.0,0.9,
2026-03-19,GZNMI,dip,12.7,0.057,58.15,636.0,2026-03-19,59.8945,hedef,2.97,19.0,4.9,
2026-03-19,HATEK,dip,8.5,0.094,15.33,636.0,2026-03-23,15.7899,hedef,2.97,19.0,3.0,
2026-03-19,HATSN,dip,12.5,0.134,37.44,636.0,2026-03-27,38.5632,hedef,2.97,19.0,3.1,
2026-03-19,HEKTS,dip,9.5,0.076,2.96,636.0,2026-03-23,2.8712,stop,-3.03,-19.0,0.0,
2026-03-19,HTTBT,dip,17.2,0.084,37.14,636.0,2026-03-25,38.2542,hedef,2.97,19.0,3.07,
2026-03-19,HUNER,dip,23.9,0.078,3.1,636.0,2026-03-23,3.007,stop,-3.03,-19.0,0.65,
2026-03-19,IHLAS,dip,7.8,0.041,2.03,636.0,2026-03-23,1.9691,stop,-3.03,-19.0,0.49,
2026-03-19,IHYAY,dip,13.7,0.063,1.75,636.0,2026-03-23,1.6975,stop,-3.03,-19.0,1.14,
2026-03-19,INGRM,dip,8.6,0.176,383.0,636.0,2026-03-27,371.51,stop,-3.03,-19.0,2.09,
2026-03-19,INVEO,dip,5.0,0.175,7.35,636.0,2026-03-23,7.1295,stop,-3.03,-19.0,0.95,
2026-03-19,ISGSY,kirilim,16.5,1.033,153.0,636.0,2026-03-19,148.41,stop,-3.03,-19.0,0.52,
2026-03-19,ISSEN,dip,6.8,0.154,7.18,636.0,2026-03-24,7.3954,hedef,2.97,19.0,3.76,
2026-03-19,JANTS,dip,23.1,0.06,17.04,636.0,2026-03-23,16.5288,stop,-3.03,-19.0,0.12,
2026-03-19,KARTN,dip,8.2,0.064,70.2,636.0,2026-03-19,68.094,stop,-3.03,-19.0,0.0,
2026-03-19,KFEIN,dip,8.0,0.092,8.63,636.0,2026-03-23,8.3711,stop,-3.03,-19.0,0.93,
2026-03-19,KLRHO,dip,42.8,0.155,125.7,636.0,2026-03-19,121.929,stop,-3.03,-19.0,1.35,
2026-03-19,KLSER,dip,154.7,0.188,26.84,636.0,2026-03-23,26.0348,stop,-3.03,-19.0,2.98,
2026-03-19,KLSYN,kirilim,29.0,0.989,10.07,636.0,2026-03-23,9.7679,stop,-3.03,-19.0,0.5,
2026-03-19,KLYPV,dip,7.0,0.135,55.6,636.0,2026-03-23,57.268,hedef,2.97,19.0,3.15,
2026-03-19,KNFRT,dip,14.0,0.09,10.84,636.0,2026-03-23,10.5148,stop,-3.03,-19.0,0.0,
2026-03-19,KONTR,dip,13.0,0.064,8.84,636.0,2026-03-19,9.1052,hedef,2.97,19.0,4.52,
2026-03-19,KONYA,dip,10.0,0.026,4022.5,636.0,2026-03-23,3901.825,stop,-3.03,-19.0,0.62,
2026-03-19,KRGYO,dip,20.9,0.046,2.75,636.0,2026-03-23,2.6675,stop,-3.03,-19.0,1.09,
2026-03-19,KTLEV,kirilim,8.5,0.983,62.4,636.0,2026-03-19,64.272,hedef,2.97,19.0,4.89,
2026-03-19,LIDER,kirilim,5.7,1.018,97.25,636.0,2026-03-19,100.1675,hedef,2.97,19.0,3.34,
2026-03-19,LINK,dip,49.5,0.1,6.29,636.0,2026-03-19,6.4787,hedef,2.97,19.0,5.41,
2026-03-19,MAKIM,dip,13.2,0.122,15.38,636.0,2026-03-23,14.9186,stop,-3.03,-19.0,0.07,
2026-03-19,MARTI,dip,20.6,0.091,1.45,636.0,2026-03-23,1.4065,stop,-3.03,-19.0,0.69,
2026-03-19,MEDTR,dip,6.8,0.158,28.28,636.0,2026-03-23,27.4316,stop,-3.03,-19.0,0.0,
2026-03-19,MERCN,dip,9.0,0.065,16.84,636.0,2026-03-26,16.3348,stop,-3.03,-19.0,1.07,
2026-03-19,MRSHL,dip,14.6,0.178,1398.0,636.0,2026-03-30,1356.06,stop,-3.03,-19.0,0.86,
2026-03-19,NATEN,dip,19.3,0.065,7.31,636.0,2026-03-23,7.0907,stop,-3.03,-19.0,0.0,
2026-03-19,ONRYT,dip,10.1,0.064,58.55,636.0,2026-03-26,56.7935,stop,-3.03,-19.0,2.73,
2026-03-19,ORGE,dip,7.8,0.049,67.05,636.0,2026-03-24,65.0385,stop,-3.03,-19.0,0.97,
2026-03-19,OSMEN,dip,29.5,0.08,7.37,636.0,2026-03-26,7.1489,stop,-3.03,-19.0,1.76,
2026-03-19,OSTIM,dip,10.3,0.133,2.8,636.0,2026-03-23,2.716,stop,-3.03,-19.0,0.36,
2026-03-19,OTKAR,dip,34.5,0.159,387.75,636.0,2026-03-23,376.1175,stop,-3.03,-19.0,1.16,
2026-03-19,OTTO,dip,8.3,0.079,302.0,636.0,2026-03-19,311.06,hedef,2.97,19.0,3.31,
2026-03-19,PAMEL,dip,15.2,0.132,82.1,636.0,2026-03-24,79.637,stop,-3.03,-19.0,1.58,
2026-03-19,PAPIL,dip,14.6,0.027,15.81,636.0,2026-03-25,15.3357,stop,-3.03,-19.0,2.85,
2026-03-19,PATEK,dip,12.9,0.13,17.57,636.0,2026-03-24,18.0971,hedef,2.97,19.0,3.07,
2026-03-19,PENTA,dip,4.5,0.158,13.28,636.0,2026-03-26,12.8816,stop,-3.03,-19.0,0.9,
2026-03-19,PGSUS,dip,5.8,0.084,177.2,636.0,2026-03-23,171.884,stop,-3.03,-19.0,0.28,
2026-03-19,PKENT,dip,13.6,0.077,154.3,636.0,2026-03-23,149.671,stop,-3.03,-19.0,0.71,
2026-03-19,POLTK,dip,5.7,0.004,5010.0,636.0,2026-03-23,4859.7,stop,-3.03,-19.0,0.4,
2026-03-19,QUAGR,dip,9.9,0.064,3.03,636.0,2026-03-19,3.1209,hedef,2.97,19.0,3.3,
2026-03-19,RAYSG,dip,13.2,0.082,200.6,636.0,2026-03-26,194.582,stop,-3.03,-19.0,0.7,
2026-03-19,SANFM,dip,12.0,0.149,7.06,636.0,2026-03-23,6.8482,stop,-3.03,-19.0,0.42,
2026-03-19,SANKO,dip,25.6,0.193,20.02,636.0,2026-03-23,19.4194,stop,-3.03,-19.0,1.1,
2026-03-19,SASA,dip,11.8,0.085,2.43,636.0,2026-03-24,2.3571,stop,-3.03,-19.0,2.88,
2026-03-19,SEGMN,kirilim,93.4,0.998,58.75,636.0,2026-03-23,56.9875,stop,-3.03,-19.0,1.79,
2026-03-19,SERNT,dip,22.6,0.158,7.86,636.0,2026-03-26,8.0958,hedef,2.97,19.0,6.49,
2026-03-19,SMRTG,dip,18.4,0.077,7.17,636.0,2026-03-19,7.3851,hedef,2.97,19.0,5.16,
2026-03-19,SMRVA,dip,45.1,0.069,11.8094,636.0,2026-03-23,11.4552,stop,-3.03,-19.0,0.83,
2026-03-19,SNICA,dip,8.3,0.115,3.82,636.0,2026-03-23,3.7054,stop,-3.03,-19.0,0.52,
2026-03-19,SUWEN,dip,10.6,0.144,9.02,636.0,2026-03-23,8.7494,stop,-3.03,-19.0,0.67,
2026-03-19,TBORG,dip,5.3,0.029,150.0,636.0,2026-03-23,145.5,stop,-3.03,-19.0,0.27,
2026-03-19,TEKTU,dip,17.5,0.177,8.8,636.0,2026-03-23,8.536,stop,-3.03,-19.0,1.7,
2026-03-19,TKFEN,dip,17.8,0.131,79.85,636.0,2026-03-23,82.2455,hedef,2.97,19.0,3.38,
2026-03-19,TKNSA,dip,5.1,0.144,22.0,636.0,2026-03-23,21.34,stop,-3.03,-19.0,1.82,
2026-03-19,TRILC,dip,5.4,0.091,2.4606,636.0,2026-03-23,2.5344,hedef,2.97,19.0,3.8,
2026-03-19,TTRAK,dip,15.0,0.033,454.25,636.0,2026-03-23,440.6225,stop,-3.03,-19.0,0.99,
2026-03-19,TUCLK,dip,34.5,0.159,4.49,636.0,2026-03-19,4.6247,hedef,2.97,19.0,3.12,
2026-03-19,TUKAS,dip,8.6,0.193,2.34,636.0,2026-03-23,2.2698,stop,-3.03,-19.0,0.0,
2026-03-19,TUREX,dip,50.9,0.021,7.42,636.0,2026-03-23,7.1974,stop,-3.03,-19.0,1.48,
2026-03-19,TURGG,dip,14.6,0.176,27.98,636.0,2026-03-23,28.8194,hedef,2.97,19.0,3.36,
2026-03-19,USAK,dip,16.3,0.036,1.62,636.0,2026-03-23,1.5714,stop,-3.03,-19.0,1.23,
2026-03-19,VESBE,dip,12.1,0.038,7.33,636.0,2026-03-23,7.1101,stop,-3.03,-19.0,0.14,
2026-03-19,VESTL,dip,9.1,0.064,28.96,636.0,2026-03-23,28.0912,stop,-3.03,-19.0,0.83,
2026-03-19,VKING,dip,66.6,0.122,26.7,636.0,2026-03-19,25.899,stop,-3.03,-19.0,0.9,
2026-03-19,VRGYO,dip,4.9,0.081,2.27,636.0,2026-03-23,2.2019,stop,-3.03,-19.0,0.0,
2026-03-19,VSNMD,dip,10.4,0.006,76.0,636.0,2026-03-27,73.72,stop,-3.03,-19.0,2.63,
2026-03-19,YAPRK,dip,6.9,0.193,16.19,636.0,2026-03-19,16.6757,hedef,2.97,19.0,11.8,
2026-03-19,YAYLA,dip,40.7,0.171,23.6,636.0,2026-03-23,22.892,stop,-3.03,-19.0,0.93,
2026-03-19,YESIL,dip,94.3,0.09,1.51,636.0,2026-03-19,1.4647,stop,-3.03,-19.0,0.0,
2026-03-19,YIGIT,dip,10.4,0.098,22.3,636.0,2026-03-26,22.969,hedef,2.97,19.0,3.68,
2026-03-19,ZOREN,dip,6.6,0.067,2.91,636.0,2026-03-26,2.8227,stop,-3.03,-19.0,0.69,
2026-03-23,EFOR,dip,7.5,-0.05,10.16,6271.0,2026-03-24,9.8552,stop,-3.03,-190.0,0.0,
2026-03-23,EMKEL,dip,4.4,0.048,22.92,6271.0,2026-03-23,23.6076,hedef,2.97,186.0,3.58,
2026-03-23,IHAAS,kirilim,4.4,1.025,91.8,6271.0,2026-03-24,94.554,hedef,2.97,186.0,5.23,
2026-03-23,PRZMA,kirilim,5.0,1.0,16.8,6271.0,2026-03-23,16.296,stop,-3.03,-190.0,2.32,
2026-03-23,SEGMN,kirilim,4.4,0.896,55.25,6271.0,2026-03-23,53.5925,stop,-3.03,-190.0,2.26,
2026-03-24,CEOEM,dip,4.5,0.182,23.36,9991.0,2026-03-25,24.0608,hedef,2.97,296.0,4.88,
2026-03-24,DCTTR,dip,5.1,0.199,8.93,9991.0,2026-03-25,9.1979,hedef,2.97,296.0,3.36,
2026-03-24,EFOR,dip,5.8,-0.037,9.3,9991.0,2026-03-25,9.021,stop,-3.03,-303.0,0.0,
2026-03-24,EMKEL,dip,4.6,0.068,25.18,9991.0,2026-03-24,24.4246,stop,-3.03,-303.0,0.24,
2026-03-24,FZLGY,kirilim,4.8,0.946,18.91,9991.0,2026-03-24,18.3427,stop,-3.03,-303.0,0.0,
2026-03-24,MAKIM,dip,6.0,0.119,15.35,9991.0,2026-03-25,15.8105,hedef,2.97,296.0,5.34,
2026-03-24,YESIL,dip,8.1,0.054,1.43,9991.0,2026-03-25,1.4729,hedef,2.97,296.0,9.09,
2026-03-25,AKMGY,kirilim,4.9,0.827,257.25,9095.0,2026-03-25,264.9675,hedef,2.97,270.0,3.01,
2026-03-25,EFOR,dip,26.3,-0.029,8.44,9095.0,2026-03-25,8.6932,hedef,2.97,270.0,14.45,
2026-03-25,FORMT,dip,4.4,0.193,3.07,9095.0,2026-03-25,2.9779,stop,-3.03,-276.0,0.0,
2026-03-25,YYAPI,dip,23.4,0.181,1.21,9095.0,2026-03-25,1.2463,hedef,2.97,270.0,10.74,
2026-03-26,ARENA,dip,10.0,0.132,27.14,8903.0,2026-03-26,27.9542,hedef,2.97,264.0,3.24,
2026-03-26,BYDNR,kirilim,6.0,1.047,42.0,8903.0,2026-03-26,40.74,stop,-3.03,-270.0,0.05,
2026-03-26,EFOR,dip,4.1,0.024,9.01,8903.0,2026-03-27,9.2803,hedef,2.97,264.0,3.11,
2026-03-26,EMKEL,dip,4.6,0.093,28.0,8903.0,2026-03-26,27.16,stop,-3.03,-270.0,0.0,
2026-03-26,FZLGY,kirilim,5.0,1.013,20.02,8903.0,2026-03-26,19.4194,stop,-3.03,-270.0,0.9,
2026-03-26,GOODY,dip,11.6,0.199,14.84,8903.0,2026-03-27,15.2852,hedef,2.97,264.0,5.46,
2026-03-26,LILAK,kirilim,6.1,1.161,38.16,8903.0,2026-03-27,39.3048,hedef,2.97,264.0,3.51,
2026-03-26,SANFM,dip,4.8,0.191,7.67,8903.0,2026-03-26,7.4399,stop,-3.03,-270.0,0.0,
2026-03-26,SMRTG,dip,5.8,0.084,7.15,8903.0,2026-03-30,6.9355,stop,-3.03,-270.0,1.68,
2026-03-26,SNICA,dip,5.2,0.176,3.96,8903.0,2026-03-26,3.8412,stop,-3.03,-270.0,0.0,
2026-03-27,BIGEN,dip,8.5,0.081,9.18,17482.0,2026-03-27,9.4554,hedef,2.97,519.0,4.03,
2026-03-27,EFOR,dip,4.0,0.035,9.29,17482.0,2026-03-30,9.0113,stop,-3.03,-530.0,2.8,
2026-03-27,HATSN,dip,7.6,0.186,38.62,17482.0,2026-03-27,37.4614,stop,-3.03,-530.0,1.45,
2026-03-27,JANTS,dip,4.4,0.059,17.03,17482.0,2026-03-27,16.5191,stop,-3.03,-530.0,0.0,
2026-03-30,AYDEM,kirilim,4.4,0.996,28.94,14268.0,2026-03-30,29.8082,hedef,2.97,423.0,3.18,
2026-03-30,BIGEN,dip,4.6,0.128,9.7,14268.0,2026-03-30,9.409,stop,-3.03,-433.0,0.0,
2026-03-30,BIOEN,dip,4.4,0.18,17.06,14268.0,2026-03-31,16.5482,stop,-3.03,-433.0,1.23,
2026-03-30,FORMT,dip,4.2,0.021,2.73,14268.0,2026-04-03,2.6481,stop,-3.03,-433.0,2.93,
2026-03-30,GWIND,kirilim,4.5,0.995,28.58,14268.0,2026-03-31,29.4374,hedef,2.97,423.0,7.42,
2026-03-30,SNICA,dip,4.2,0.086,3.81,14268.0,2026-04-01,3.9243,hedef,2.97,423.0,3.15,
2026-03-31,AKFYE,kirilim,4.0,0.918,22.34,4975.0,2026-04-01,23.0102,hedef,2.97,148.0,3.31,
2026-03-31,ANELE,dip,4.3,0.168,15.52,4975.0,2026-03-31,15.0544,stop,-3.03,-151.0,0.0,
2026-03-31,AYEN,kirilim,11.7,0.91,32.14,4975.0,2026-03-31,33.1042,hedef,2.97,148.0,4.48,
2026-03-31,BINBN,dip,4.5,0.199,168.0,4975.0,2026-03-31,162.96,stop,-3.03,-151.0,0.0,
2026-03-31,GWIND,kirilim,6.6,1.132,29.72,4975.0,2026-04-01,28.8284,stop,-3.03,-151.0,1.62,
2026-03-31,MOBTL,kirilim,7.4,1.012,12.0,4975.0,2026-03-31,11.64,stop,-3.03,-151.0,0.0,
2026-03-31,SEKUR,kirilim,6.5,1.192,6.89,4975.0,2026-04-01,6.6833,stop,-3.03,-151.0,4.5,
2026-03-31,SMRTG,dip,4.0,-0.057,6.41,4975.0,2026-04-02,6.6023,hedef,2.97,148.0,3.43,
2026-03-31,ULAS,kirilim,8.0,1.03,44.34,4975.0,2026-04-01,43.0098,stop,-3.03,-151.0,0.32,
2026-03-31,VKING,dip,4.3,0.002,23.16,4975.0,2026-03-31,23.8548,hedef,2.97,148.0,4.84,
2026-03-31,YAYLA,dip,8.0,0.186,24.02,4975.0,2026-04-01,24.7406,hedef,2.97,148.0,7.41,
2026-04-01,ADEL,kirilim,5.7,0.974,41.6,7606.0,2026-04-01,42.848,hedef,2.97,226.0,4.71,
2026-04-01,AKSEN,kirilim,5.3,0.937,78.05,7606.0,2026-04-06,80.3915,hedef,2.97,226.0,4.16,
2026-04-01,ANELE,dip,33.8,0.13,15.02,7606.0,2026-04-01,15.4706,hedef,2.97,226.0,3.06,
2026-04-01,BIENY,dip,4.1,0.039,22.02,7606.0,2026-04-01,22.6806,hedef,2.97,226.0,3.27,
2026-04-01,RUBNS,kirilim,10.8,0.981,43.46,7606.0,2026-04-01,44.7638,hedef,2.97,226.0,3.08,
2026-04-01,TUREX,dip,4.0,0.03,7.82,7606.0,2026-04-02,7.5854,stop,-3.03,-231.0,4.09,
2026-04-01,VKING,dip,5.0,0.157,26.88,7606.0,2026-04-01,26.0736,stop,-3.03,-231.0,0.6,
2026-04-02,AYEN,kirilim,7.7,1.092,35.56,5580.0,2026-04-03,36.6268,hedef,2.97,166.0,7.2,
2026-04-02,BEGYO,dip,9.1,0.04,4.61,5580.0,2026-04-02,4.4717,stop,-3.03,-169.0,2.17,
2026-04-02,BIENY,dip,5.0,0.116,24.4,5580.0,2026-04-02,25.132,hedef,2.97,166.0,4.51,
2026-04-02,BIGTK,dip,32.2,0.094,234.3,5580.0,2026-04-02,227.271,stop,-3.03,-169.0,0.73,
2026-04-02,ERCB,dip,6.6,0.124,54.2,5580.0,2026-04-02,55.826,hedef,2.97,166.0,3.32,
2026-04-02,KNFRT,dip,5.2,0.079,10.68,5580.0,2026-04-07,11.0004,hedef,2.97,166.0,3.46,
2026-04-02,KONTR,dip,6.0,0.005,8.1,5580.0,2026-04-03,7.857,stop,-3.03,-169.0,1.36,
2026-04-02,MARTI,dip,5.4,0.136,1.53,5580.0,2026-04-02,1.5759,hedef,2.97,166.0,4.58,
2026-04-02,NIBAS,kirilim,39.2,1.075,11.25,5580.0,2026-04-03,10.9125,stop,-3.03,-169.0,2.67,
2026-04-02,QUAGR,dip,5.2,0.087,3.24,5580.0,2026-04-02,3.3372,hedef,2.97,166.0,4.32,
2026-04-02,SMRVA,dip,7.6,0.043,12.3896,5580.0,2026-04-02,12.7613,hedef,2.97,166.0,3.02,
2026-04-02,TSGYO,dip,26.8,0.15,6.41,5580.0,2026-04-06,6.6023,hedef,2.97,166.0,3.59,
2026-04-02,TUREX,dip,5.8,0.034,8.0,5580.0,2026-04-02,8.24,hedef,2.97,166.0,4.5,
2026-04-02,VRGYO,dip,5.8,0.085,2.28,5580.0,2026-04-07,2.2116,stop,-3.03,-169.0,2.63,
2026-04-03,ADEL,kirilim,5.1,1.183,48.44,4816.0,2026-04-06,49.8932,hedef,2.97,143.0,3.22,
2026-04-03,BEGYO,dip,4.3,0.047,4.72,4816.0,2026-04-03,4.8616,hedef,2.97,143.0,5.93,
2026-04-03,BIGTK,dip,7.1,0.093,239.6,4816.0,2026-04-06,232.412,stop,-3.03,-146.0,2.67,
2026-04-03,BLCYT,kirilim,5.0,1.0,52.95,4816.0,2026-04-03,51.3615,stop,-3.03,-146.0,1.04,
2026-04-03,BORLS,dip,9.0,0.022,3.25,4816.0,2026-04-03,3.1525,stop,-3.03,-146.0,0.0,
2026-04-03,DGNMO,dip,4.7,0.121,4.01,4816.0,2026-04-03,3.8897,stop,-3.03,-146.0,1.75,
2026-04-03,ERCB,dip,8.2,0.188,57.95,4816.0,2026-04-03,59.6885,hedef,2.97,143.0,4.06,
2026-04-03,FADE,kirilim,8.1,0.888,17.3,4816.0,2026-04-03,17.819,hedef,2.97,143.0,4.51,
2026-04-03,KARTN,dip,8.3,0.191,69.45,4816.0,2026-04-06,71.5335,hedef,2.97,143.0,6.98,
2026-04-03,POLTK,dip,4.1,0.081,5390.0,4816.0,2026-04-06,5551.7,hedef,2.97,143.0,6.68,
2026-04-03,RUBNS,kirilim,4.1,0.981,45.12,4816.0,2026-04-06,46.4736,hedef,2.97,143.0,3.28,
2026-04-03,VESBE,dip,4.5,0.026,7.11,4816.0,2026-04-07,6.8967,stop,-3.03,-146.0,0.28,
2026-04-06,AKMGY,kirilim,8.5,1.233,323.5,9881.0,2026-04-07,333.205,hedef,2.97,293.0,6.57,
2026-04-06,BALSU,dip,4.0,0.098,14.97,9881.0,2026-04-06,15.4191,hedef,2.97,293.0,3.07,
2026-04-06,GEREL,kirilim,13.5,1.06,33.02,9881.0,2026-04-07,34.0106,hedef,2.97,293.0,5.45,
2026-04-06,HEDEF,kirilim,5.9,0.996,91.5594,9881.0,2026-04-08,94.3061,hedef,2.97,293.0,5.54,
2026-04-06,PAMEL,dip,5.0,0.181,86.4,9881.0,2026-04-07,83.808,stop,-3.03,-300.0,1.22,
2026-04-06,YGGYO,kirilim,5.5,1.032,223.4,9881.0,2026-04-07,216.698,stop,-3.03,-300.0,0.94,
2026-04-07,AHGAZ,dip,4.6,0.153,22.54,2839.0,2026-04-07,23.2162,hedef,2.97,84.0,3.82,
2026-04-07,AYEN,kirilim,4.3,0.987,38.9,2839.0,2026-04-07,40.067,hedef,2.97,84.0,4.37,
2026-04-07,BALSU,dip,4.7,0.122,15.31,2839.0,2026-04-07,14.8507,stop,-3.03,-86.0,1.24,
2026-04-07,BUCIM,dip,7.0,0.07,6.08,2839.0,2026-04-17,6.2624,hedef,2.97,84.0,3.62,
2026-04-07,CEOEM,dip,5.7,0.171,23.08,2839.0,2026-04-08,23.7724,hedef,2.97,84.0,7.02,
2026-04-07,CRFSA,kirilim,41.4,0.999,145.4,2839.0,2026-04-08,149.762,hedef,2.97,84.0,3.78,
2026-04-07,DGNMO,dip,16.9,0.187,4.31,2839.0,2026-04-07,4.1807,stop,-3.03,-86.0,0.0,
2026-04-07,EUREN,dip,5.1,0.122,4.98,2839.0,2026-04-08,5.1294,hedef,2.97,84.0,3.01,
2026-04-07,GLRMK,kirilim,11.3,0.976,202.8,2839.0,2026-04-08,208.884,hedef,2.97,84.0,3.8,
2026-04-07,JANTS,dip,9.6,0.094,17.54,2839.0,2026-04-07,17.0138,stop,-3.03,-86.0,0.57,
2026-04-07,KRDMB,kirilim,4.5,1.006,70.95,2839.0,2026-04-07,68.8215,stop,-3.03,-86.0,1.2,
2026-04-07,MOGAN,kirilim,4.1,1.164,15.26,2839.0,2026-04-09,14.8022,stop,-3.03,-86.0,2.62,
2026-04-07,PAMEL,dip,4.4,0.155,84.75,2839.0,2026-04-07,82.2075,stop,-3.03,-86.0,0.35,
2026-04-07,POLHO,kirilim,5.8,1.035,25.02,2839.0,2026-04-07,24.2694,stop,-3.03,-86.0,0.0,
2026-04-07,SEGMN,kirilim,9.5,0.999,63.2,2839.0,2026-04-07,61.304,stop,-3.03,-86.0,0.24,
2026-04-07,SMRTG,dip,5.9,0.1,6.84,2839.0,2026-04-07,6.6348,stop,-3.03,-86.0,1.9,
2026-04-07,USAK,dip,11.3,0.074,1.75,2839.0,2026-04-07,1.6975,stop,-3.03,-86.0,1.71,
2026-04-08,ALFAS,dip,6.4,0.141,38.18,6184.0,2026-04-15,39.3254,hedef,2.97,183.0,3.56,
2026-04-08,BARMA,kirilim,5.0,0.955,50.35,6184.0,2026-04-08,51.8605,hedef,2.97,183.0,3.28,
2026-04-08,BLCYT,kirilim,7.0,0.797,51.7,6184.0,2026-04-08,53.251,hedef,2.97,183.0,6.29,
2026-04-08,BORLS,dip,5.8,0.021,3.22,6184.0,2026-04-09,3.3166,hedef,2.97,183.0,5.28,
2026-04-08,BUCIM,dip,6.1,0.078,6.08,6184.0,2026-04-17,6.2624,hedef,2.97,183.0,3.62,
2026-04-08,EUREN,dip,8.8,0.141,5.12,6184.0,2026-04-08,4.9664,stop,-3.03,-188.0,0.0,
2026-04-08,GEREL,kirilim,4.2,1.037,35.92,6184.0,2026-04-08,34.8424,stop,-3.03,-188.0,2.45,
2026-04-08,GLRMK,kirilim,4.4,1.184,221.2,6184.0,2026-04-09,227.836,hedef,2.97,183.0,4.39,
2026-04-08,HTTBT,dip,4.3,0.169,38.7,6184.0,2026-04-10,39.861,hedef,2.97,183.0,4.29,
2026-04-08,LKMNH,dip,7.3,0.147,15.03,6184.0,2026-04-13,15.4809,hedef,2.97,183.0,3.66,
2026-04-08,PGSUS,dip,4.2,0.162,185.3,6184.0,2026-04-16,190.859,hedef,2.97,183.0,3.02,
2026-04-08,RGYAS,kirilim,5.8,0.942,170.7,6184.0,2026-04-13,175.821,hedef,2.97,183.0,3.1,
2026-04-08,SNICA,dip,7.0,0.14,3.93,6184.0,2026-04-15,4.0479,hedef,2.97,183.0,3.05,
2026-04-08,TRILC,dip,4.0,0.106,2.4481,6184.0,2026-04-14,2.5216,hedef,2.97,183.0,3.76,
2026-04-09,EFOR,dip,4.1,-0.005,6.36,5824.0,2026-04-09,6.1692,stop,-3.03,-177.0,0.63,
2026-04-09,EUREN,dip,7.6,0.1,5.0,5824.0,2026-04-13,5.15,hedef,2.97,173.0,3.4,
2026-04-09,KBORU,kirilim,4.4,1.007,24.14,5824.0,2026-04-09,23.4158,stop,-3.03,-177.0,2.24,
2026-04-09,KONTR,dip,5.3,0.092,8.8,5824.0,2026-04-10,9.064,hedef,2.97,173.0,10.0,
2026-04-09,KRDMD,kirilim,4.0,1.168,37.54,5824.0,2026-04-10,36.4138,stop,-3.03,-177.0,0.53,
2026-04-09,SMRVA,dip,5.2,0.034,13.3237,5824.0,2026-04-10,13.7234,hedef,2.97,173.0,5.17,
2026-04-09,VRGYO,dip,5.7,0.094,2.3,5824.0,2026-04-09,2.369,hedef,2.97,173.0,7.39,
2026-04-09,YAYLA,dip,4.0,0.15,23.88,5824.0,2026-04-09,23.1636,stop,-3.03,-177.0,0.0,
2026-04-10,ADESE,dip,7.0,0.157,1.03,2956.0,2026-04-13,0.9991,stop,-3.03,-90.0,0.97,
2026-04-10,AKYHO,dip,4.5,0.134,2.67,2956.0,2026-04-13,2.5899,stop,-3.03,-90.0,1.87,
2026-04-10,BAKAB,kirilim,7.1,1.055,49.42,2956.0,2026-04-13,50.9026,hedef,2.97,88.0,4.01,
2026-04-10,BANVT,dip,4.4,0.094,160.3,2956.0,2026-04-16,165.109,hedef,2.97,88.0,4.24,
2026-04-10,BORLS,dip,13.6,0.044,3.92,2956.0,2026-04-13,4.0376,hedef,2.97,88.0,11.73,
2026-04-10,GLRMK,kirilim,9.0,1.137,259.5,2956.0,2026-04-10,251.715,stop,-3.03,-90.0,0.0,
2026-04-10,GRTHO,dip,7.7,0.144,276.0,2956.0,2026-04-13,284.28,hedef,2.97,88.0,6.52,
2026-04-10,IHYAY,dip,13.5,0.106,1.83,2956.0,2026-04-13,1.7751,stop,-3.03,-90.0,2.73,
2026-04-10,KAPLM,kirilim,4.9,1.053,617.5,2956.0,2026-04-10,598.975,stop,-3.03,-90.0,0.0,
2026-04-10,KONTR,dip,27.3,0.159,9.68,2956.0,2026-04-13,9.9704,hedef,2.97,88.0,4.55,
2026-04-10,KRDMD,kirilim,4.1,0.887,35.92,2956.0,2026-04-16,36.9976,hedef,2.97,88.0,3.06,
2026-04-10,KTSKR,kirilim,4.6,1.124,105.2,2956.0,2026-04-13,108.356,hedef,2.97,88.0,9.98,
2026-04-10,VSNMD,dip,9.0,0.017,85.2,2956.0,2026-04-10,87.756,hedef,2.97,88.0,3.58,
2026-04-13,ALCAR,dip,5.3,0.056,740.0,2049.0,2026-04-14,762.2,hedef,2.97,61.0,3.24,
2026-04-13,BAKAB,kirilim,4.4,0.838,46.92,2049.0,2026-04-14,48.3276,hedef,2.97,61.0,4.13,
2026-04-13,BJKAS,dip,4.3,0.068,1.51,2049.0,2026-04-15,1.5553,hedef,2.97,61.0,3.31,
2026-04-13,BORLS,dip,13.4,0.059,4.38,2049.0,2026-04-14,4.5114,hedef,2.97,61.0,9.82,
2026-04-13,EGSER,dip,4.1,0.142,2.87,2049.0,2026-04-16,2.9561,hedef,2.97,61.0,4.18,
2026-04-13,ESEN,dip,4.6,0.036,4.07,2049.0,2026-04-13,4.1921,hedef,2.97,61.0,3.44,
2026-04-13,FENER,dip,5.2,0.161,3.02,2049.0,2026-04-14,3.1106,hedef,2.97,61.0,3.64,
2026-04-13,GRTHO,dip,27.0,0.178,293.0,2049.0,2026-04-13,301.79,hedef,2.97,61.0,3.58,
2026-04-13,IHYAY,dip,5.1,0.143,1.9,2049.0,2026-04-13,1.843,stop,-3.03,-62.0,2.11,
2026-04-13,KONTR,dip,11.5,0.193,10.12,2049.0,2026-04-13,10.4236,hedef,2.97,61.0,3.06,
2026-04-13,OZATD,kirilim,22.5,1.008,258.75,2049.0,2026-04-13,266.5125,hedef,2.97,61.0,4.15,
2026-04-13,PENTA,dip,4.2,0.142,13.16,2049.0,2026-04-14,13.5548,hedef,2.97,61.0,3.12,
2026-04-13,SAMAT,dip,5.5,0.027,5.21,2049.0,2026-04-15,5.3663,hedef,2.97,61.0,3.26,
2026-04-13,SMRVA,dip,6.0,0.058,15.5558,2049.0,2026-04-13,16.0225,hedef,2.97,61.0,3.41,
2026-04-13,SOKE,kirilim,6.8,1.134,16.76,2049.0,2026-04-14,17.2628,hedef,2.97,61.0,6.68,
2026-04-13,TUCLK,dip,4.6,0.029,4.04,2049.0,2026-04-14,4.1612,hedef,2.97,61.0,3.22,
2026-04-14,ARENA,dip,4.2,0.161,27.9,3672.0,2026-04-15,28.737,hedef,2.97,109.0,4.52,
2026-04-14,AZTEK,dip,12.1,0.185,4.07,3672.0,2026-04-15,4.1921,hedef,2.97,109.0,7.13,
2026-04-14,BANVT,dip,5.3,0.12,162.0,3672.0,2026-04-16,166.86,hedef,2.97,109.0,3.15,
2026-04-14,BFREN,dip,9.0,0.164,148.9,3672.0,2026-04-15,153.367,hedef,2.97,109.0,5.51,
2026-04-14,BORLS,dip,8.8,0.072,4.8,3672.0,2026-04-15,4.944,hedef,2.97,109.0,10.21,
2026-04-14,EBEBK,kirilim,4.8,1.097,69.65,3672.0,2026-04-16,67.5605,stop,-3.03,-111.0,1.51,
2026-04-14,EGEPO,kirilim,4.0,1.073,16.19,3672.0,2026-04-16,16.6757,hedef,2.97,109.0,4.01,
2026-04-14,ESEN,dip,4.7,0.04,4.15,3672.0,2026-04-14,4.0255,stop,-3.03,-111.0,0.0,
2026-04-14,EUREN,dip,10.5,0.165,5.59,3672.0,2026-04-14,5.4223,stop,-3.03,-111.0,0.0,
2026-04-14,GRTHO,dip,4.7,0.114,261.5,3672.0,2026-04-14,269.345,hedef,2.97,109.0,4.78,
2026-04-14,HATEK,dip,4.2,0.139,16.0,3672.0,2026-04-14,15.52,stop,-3.03,-111.0,1.25,
2026-04-14,KNFRT,dip,4.5,0.143,11.62,3672.0,2026-04-14,11.9686,hedef,2.97,109.0,3.87,
2026-04-14,KRTEK,dip,4.7,0.062,23.86,3672.0,2026-04-15,24.5758,hedef,2.97,109.0,3.44,
2026-04-14,RYSAS,kirilim,5.0,1.015,22.68,3672.0,2026-04-15,23.3604,hedef,2.97,109.0,3.62,
2026-04-14,VSNMD,dip,10.2,0.021,88.55,3672.0,2026-04-15,91.2065,hedef,2.97,109.0,3.44,
2026-04-15,ADESE,dip,4.4,0.161,1.05,2813.0,2026-04-15,1.0815,hedef,2.97,83.0,4.76,
2026-04-15,ANELE,kirilim,8.5,1.178,28.78,2813.0,2026-04-16,29.6434,hedef,2.97,83.0,9.94,
2026-04-15,ARENA,dip,15.8,0.189,28.64,2813.0,2026-04-15,27.7808,stop,-3.03,-85.0,2.58,
2026-04-15,BIGEN,dip,5.0,0.183,10.3,2813.0,2026-04-16,10.609,hedef,2.97,83.0,3.98,
2026-04-15,CMBTN,dip,4.3,0.118,1804.0,2813.0,2026-04-16,1858.12,hedef,2.97,83.0,3.77,
2026-04-15,GENTS,dip,31.7,-0.053,6.92,2813.0,2026-04-15,7.1276,hedef,2.97,83.0,3.03,
2026-04-15,KNFRT,dip,4.0,0.175,12.09,2813.0,2026-04-16,12.4527,hedef,2.97,83.0,3.14,
2026-04-15,KONYA,dip,4.8,0.116,4105.0,2813.0,2026-04-15,4228.15,hedef,2.97,83.0,3.65,
2026-04-15,OZATD,kirilim,9.4,1.0,280.5,2813.0,2026-04-15,288.915,hedef,2.97,83.0,3.03,
2026-04-15,PKENT,dip,5.7,0.19,175.1,2813.0,2026-04-15,169.847,stop,-3.03,-85.0,1.31,
2026-04-15,SNPAM,dip,6.0,0.109,21.2,2813.0,2026-04-24,20.564,stop,-3.03,-85.0,2.74,
2026-04-15,TRILC,dip,5.1,0.195,2.6135,2813.0,2026-04-16,2.6919,hedef,2.97,83.0,3.16,
2026-04-15,TUREX,dip,6.3,0.056,8.97,2813.0,2026-04-16,9.2391,hedef,2.97,83.0,4.68,
2026-04-15,VSNMD,dip,11.4,0.025,91.6,2813.0,2026-04-15,94.348,hedef,2.97,83.0,6.33,
2026-04-16,ADESE,dip,8.7,0.182,1.14,3960.0,2026-04-17,1.1742,hedef,2.97,117.0,3.51,
2026-04-16,AGROT,dip,19.5,0.195,3.1,3960.0,2026-04-16,3.007,stop,-3.03,-120.0,0.0,
2026-04-16,BIENY,dip,4.4,0.192,26.74,3960.0,2026-04-16,25.9378,stop,-3.03,-120.0,1.8,
2026-04-16,BORLS,dip,11.7,0.105,5.81,3960.0,2026-04-16,5.6357,stop,-3.03,-120.0,0.0,
2026-04-16,CMBTN,dip,4.4,0.128,1819.0,3960.0,2026-04-17,1873.57,hedef,2.97,117.0,5.72,
2026-04-16,CWENE,kirilim,10.6,1.017,36.42,3960.0,2026-04-17,35.3274,stop,-3.03,-120.0,2.75,
2026-04-16,DERHL,dip,6.3,0.02,15.95,3960.0,2026-04-16,16.4285,hedef,2.97,117.0,4.08,
2026-04-16,DGNMO,kirilim,13.5,0.991,8.02,3960.0,2026-04-17,8.2606,hedef,2.97,117.0,7.36,
2026-04-16,IZFAS,kirilim,4.9,1.056,66.85,3960.0,2026-04-17,68.8555,hedef,2.97,117.0,3.96,
2026-04-16,KONYA,dip,4.2,0.162,4240.0,3960.0,2026-04-17,4367.2,hedef,2.97,117.0,7.49,
2026-04-16,MERCN,dip,5.8,0.117,18.85,3960.0,2026-04-17,19.4155,hedef,2.97,117.0,4.83,
2026-04-16,PAMEL,dip,4.1,0.183,86.5,3960.0,2026-04-16,89.095,hedef,2.97,117.0,3.41,
2026-04-16,SMRVA,dip,6.5,0.112,20.5116,3960.0,2026-04-16,19.8963,stop,-3.03,-120.0,0.19,
2026-04-16,SUWEN,dip,5.4,0.18,9.4,3960.0,2026-04-16,9.682,hedef,2.97,117.0,3.3,
2026-04-16,TUREX,dip,4.2,0.061,9.2,3960.0,2026-04-16,8.924,stop,-3.03,-120.0,0.76,
2026-04-16,VSNMD,dip,30.3,0.039,102.1,3960.0,2026-04-16,99.037,stop,-3.03,-120.0,0.69,
2026-04-17,BORLS,dip,4.0,0.124,6.39,9792.0,2026-04-20,6.5817,hedef,2.97,291.0,6.26,
2026-04-17,EGPRO,kirilim,4.6,0.993,36.26,9792.0,2026-04-17,37.3478,hedef,2.97,291.0,4.14,
2026-04-17,FLAP,kirilim,4.3,0.98,14.35,9792.0,2026-04-17,13.9195,stop,-3.03,-297.0,2.79,
2026-04-17,GZNMI,dip,4.9,0.14,82.0,9792.0,2026-04-17,79.54,stop,-3.03,-297.0,0.0,
2026-04-17,HATEK,dip,4.1,0.127,15.78,9792.0,2026-04-17,16.2534,hedef,2.97,291.0,3.8,
2026-04-17,MEGAP,dip,4.2,0.106,2.62,9792.0,2026-04-17,2.6986,hedef,2.97,291.0,3.82,
2026-04-17,MERCN,dip,16.5,0.141,19.74,9792.0,2026-04-17,20.3322,hedef,2.97,291.0,6.08,
2026-04-17,PRZMA,kirilim,6.2,0.978,17.3,9792.0,2026-04-17,17.819,hedef,2.97,291.0,4.05,
2026-04-20,AKCNS,kirilim,35.5,1.02,223.0,5350.0,2026-04-20,216.31,stop,-3.03,-162.0,0.0,
2026-04-20,AKYHO,dip,7.2,0.148,2.69,5350.0,2026-04-20,2.7707,hedef,2.97,159.0,5.95,
2026-04-20,ALCAR,dip,9.9,0.186,807.5,5350.0,2026-04-28,783.275,stop,-3.03,-162.0,2.23,
2026-04-20,BANVT,dip,9.9,0.125,162.5,5350.0,2026-04-20,167.375,hedef,2.97,159.0,3.38,
2026-04-20,BURVA,kirilim,5.3,1.107,1127.0,5350.0,2026-04-21,1160.81,hedef,2.97,159.0,5.32,
2026-04-20,CRFSA,kirilim,10.3,1.029,200.0,5350.0,2026-04-20,194.0,stop,-3.03,-162.0,0.0,
2026-04-20,DERHL,dip,4.1,0.02,16.02,5350.0,2026-04-21,15.5394,stop,-3.03,-162.0,2.06,
2026-04-20,ELITE,dip,7.4,0.183,30.44,5350.0,2026-04-20,31.3532,hedef,2.97,159.0,3.15,
2026-04-20,FENER,dip,18.9,0.124,2.91,5350.0,2026-04-22,2.8227,stop,-3.03,-162.0,0.0,
2026-04-20,HATEK,dip,10.4,0.167,16.54,5350.0,2026-04-20,16.0438,stop,-3.03,-162.0,1.15,
2026-04-20,KLRHO,dip,5.0,0.145,121.8,5350.0,2026-04-20,125.454,hedef,2.97,159.0,6.08,
2026-04-20,KRGYO,dip,11.0,0.087,2.91,5350.0,2026-04-30,2.8227,stop,-3.03,-162.0,2.75,
2026-04-20,MEGAP,dip,5.3,0.171,2.9,5350.0,2026-04-20,2.987,hedef,2.97,159.0,3.1,
2026-04-20,MERCN,dip,4.9,0.194,21.8,5350.0,2026-04-21,22.454,hedef,2.97,159.0,6.15,
2026-04-20,OYLUM,dip,4.6,0.15,7.9,5350.0,2026-04-20,8.137,hedef,2.97,159.0,6.71,
2026-04-20,PAPIL,dip,11.4,0.138,18.51,5350.0,2026-04-20,17.9547,stop,-3.03,-162.0,0.0,
2026-04-20,PRDGS,kirilim,20.1,0.957,8.11,5350.0,2026-04-21,8.3533,hedef,2.97,159.0,5.67,
2026-04-20,SKYLP,kirilim,5.4,0.885,327.75,5350.0,2026-04-20,337.5825,hedef,2.97,159.0,10.22,
2026-04-20,TUCLK,dip,4.6,0.14,4.4,5350.0,2026-04-22,4.268,stop,-3.03,-162.0,2.73,
2026-04-20,VSNMD,dip,4.1,0.039,102.2,5350.0,2026-04-20,99.134,stop,-3.03,-162.0,0.39,
2026-04-21,ESEN,dip,4.2,0.05,4.31,14916.0,2026-04-21,4.1807,stop,-3.03,-452.0,1.16,
2026-04-21,KARTN,kirilim,7.5,0.961,100.9,14916.0,2026-04-21,97.873,stop,-3.03,-452.0,2.97,
2026-04-21,SAMAT,dip,4.6,0.116,5.56,14916.0,2026-04-21,5.7268,hedef,2.97,443.0,3.78,
2026-04-21,ULUSE,kirilim,6.8,0.981,247.6,14916.0,2026-04-21,255.028,hedef,2.97,443.0,5.41,
2026-04-21,USAK,dip,5.6,0.134,1.95,14916.0,2026-04-21,1.8915,stop,-3.03,-452.0,0.0,
2026-04-22,BORLS,dip,4.4,0.154,7.29,10647.0,2026-04-22,7.5087,hedef,2.97,316.0,4.8,
2026-04-22,CIMSA,kirilim,4.7,0.948,56.65,10647.0,2026-04-28,54.9505,stop,-3.03,-323.0,0.97,
2026-04-22,DYOBY,kirilim,4.3,1.022,18.13,10647.0,2026-04-22,17.5861,stop,-3.03,-323.0,2.04,
2026-04-22,EGPRO,kirilim,5.0,1.0,45.84,10647.0,2026-04-22,47.2152,hedef,2.97,316.0,3.18,
2026-04-22,ESEN,dip,29.5,0.084,4.89,10647.0,2026-04-22,4.7433,stop,-3.03,-323.0,1.02,
2026-04-22,NATEN,dip,5.4,0.123,7.52,10647.0,2026-04-22,7.2944,stop,-3.03,-323.0,0.4,
2026-04-22,PKART,kirilim,14.2,1.083,100.0,10647.0,2026-04-22,103.0,hedef,2.97,316.0,4.0,
2026-04-22,SAMAT,dip,8.7,0.16,5.74,10647.0,2026-04-22,5.5678,stop,-3.03,-323.0,0.0,
2026-04-22,SMRVA,dip,4.0,0.086,18.1517,10647.0,2026-04-22,18.6963,hedef,2.97,316.0,3.14,
2026-04-24,BORLS,dip,4.0,0.165,7.64,19104.0,2026-04-27,7.8692,hedef,2.97,567.0,4.71,
2026-04-24,ESEN,dip,4.9,0.036,4.08,19104.0,2026-04-24,3.9576,stop,-3.03,-579.0,0.25,
2026-04-24,EUREN,dip,5.7,0.158,5.54,19104.0,2026-04-24,5.7062,hedef,2.97,567.0,3.79,
2026-04-24,GMTAS,kirilim,4.0,0.939,47.94,19104.0,2026-04-24,49.3782,hedef,2.97,567.0,8.47,
2026-04-24,HOROZ,kirilim,50.3,0.952,72.9,19104.0,2026-04-24,75.087,hedef,2.97,567.0,3.57,
2026-04-27,ADESE,dip,5.2,0.18,1.13,11467.0,2026-04-27,1.0961,stop,-3.03,-348.0,1.77,
2026-04-27,ARDYZ,kirilim,4.2,1.005,48.9,11467.0,2026-04-28,47.433,stop,-3.03,-348.0,2.25,
2026-04-27,DYOBY,kirilim,4.2,1.069,18.94,11467.0,2026-04-27,18.3718,stop,-3.03,-348.0,0.26,
2026-04-27,KLSYN,kirilim,4.2,1.132,12.9,11467.0,2026-04-28,13.287,hedef,2.97,340.0,4.03,
2026-04-27,MEGMT,kirilim,5.6,0.973,81.55,11467.0,2026-04-27,83.9965,hedef,2.97,340.0,4.72,
2026-04-27,YESIL,dip,11.0,0.199,1.71,11467.0,2026-04-27,1.7613,hedef,2.97,340.0,5.85,
2026-04-27,YYAPI,dip,4.3,0.104,1.06,11467.0,2026-04-27,1.0918,hedef,2.97,340.0,3.77,
2026-04-28,BIENY,dip,4.0,0.119,24.48,15466.0,2026-04-29,23.7456,stop,-3.03,-469.0,0.0,
2026-04-28,CEMZY,kirilim,4.6,1.017,14.33,15466.0,2026-04-29,14.7599,hedef,2.97,459.0,3.0,
2026-04-28,EUPWR,kirilim,9.5,0.991,45.26,15466.0,2026-04-28,46.6178,hedef,2.97,459.0,8.44,
2026-04-28,KRDMB,kirilim,9.0,0.99,77.85,15466.0,2026-04-28,80.1855,hedef,2.97,459.0,3.92,
2026-04-28,OZSUB,kirilim,21.0,1.132,27.54,15466.0,2026-04-28,26.7138,stop,-3.03,-469.0,0.51,
2026-04-29,ARASE,kirilim,9.6,1.006,111.1,14214.0,2026-04-29,107.767,stop,-3.03,-431.0,0.0,
2026-04-29,BIENY,dip,10.7,0.051,22.38,14214.0,2026-04-29,23.0514,hedef,2.97,422.0,3.31,
2026-04-29,GZNMI,dip,6.6,0.08,64.6,14214.0,2026-04-30,66.538,hedef,2.97,422.0,3.33,
2026-04-29,HUNER,dip,4.0,0.126,3.19,14214.0,2026-04-29,3.2857,hedef,2.97,422.0,3.45,
2026-04-29,OZSUB,kirilim,5.0,0.996,27.64,14214.0,2026-04-29,26.8108,stop,-3.03,-431.0,0.87,
2026-04-29,PEKGY,kirilim,4.3,0.97,16.31,14214.0,2026-05-04,16.7993,hedef,2.97,422.0,3.25,
2026-04-30,A1YEN,kirilim,11.5,0.967,3.4393,14626.0,2026-05-04,3.5425,hedef,2.97,434.0,4.96,
2026-04-30,AGYO,kirilim,5.4,1.135,9.94,14626.0,2026-04-30,9.6418,stop,-3.03,-444.0,0.0,
2026-04-30,GSDDE,kirilim,11.7,1.161,13.09,14626.0,2026-05-04,13.4827,hedef,2.97,434.0,9.93,
2026-04-30,HOROZ,kirilim,5.0,0.993,88.1,14626.0,2026-04-30,90.743,hedef,2.97,434.0,8.06,
2026-04-30,KRGYO,dip,5.3,0.1,2.96,14626.0,2026-04-30,2.8712,stop,-3.03,-444.0,0.0,
2026-04-30,MANAS,kirilim,13.3,1.043,29.64,14626.0,2026-04-30,28.7508,stop,-3.03,-444.0,0.0,
2026-05-04,ALGYO,kirilim,11.2,1.043,6.55,8604.0,2026-05-04,6.7465,hedef,2.97,255.0,4.73,
2026-05-04,DESPC,dip,12.2,0.151,41.8,8604.0,2026-05-05,43.054,hedef,2.97,255.0,5.45,
2026-05-04,DGATE,kirilim,5.4,0.969,91.65,8604.0,2026-05-04,94.3995,hedef,2.97,255.0,3.27,
2026-05-04,LINK,dip,27.1,0.072,5.91,8604.0,2026-05-05,6.0873,hedef,2.97,255.0,6.09,
2026-05-04,LKMNH,dip,13.8,0.136,14.94,8604.0,2026-05-06,15.3882,hedef,2.97,255.0,3.35,
2026-05-04,TUKAS,dip,4.1,0.153,2.53,8604.0,2026-05-07,2.6059,hedef,2.97,255.0,3.16,
2026-05-04,VESBE,dip,6.1,0.038,7.16,8604.0,2026-05-04,6.9452,stop,-3.03,-261.0,0.0,
2026-05-04,YEOTK,kirilim,4.3,1.155,61.35,8604.0,2026-05-05,63.1905,hedef,2.97,255.0,5.79,
2026-05-04,YONGA,dip,4.1,0.138,57.0,8604.0,2026-05-04,55.29,stop,-3.03,-261.0,0.0,
2026-05-05,ACSEL,kirilim,23.0,0.885,133.7,9895.0,2026-05-05,137.711,hedef,2.97,294.0,5.91,
2026-05-05,CELHA,kirilim,5.3,1.018,14.64,9895.0,2026-05-05,15.0792,hedef,2.97,294.0,6.63,
2026-05-05,HURGZ,kirilim,5.5,1.02,8.95,9895.0,2026-05-05,9.2185,hedef,2.97,294.0,5.47,
2026-05-05,IHLAS,dip,4.5,0.114,2.18,9895.0,2026-05-05,2.2454,hedef,2.97,294.0,3.21,
2026-05-05,KGYO,kirilim,16.1,0.981,11.88,9895.0,2026-05-05,12.2364,hedef,2.97,294.0,3.28,
2026-05-05,KNFRT,dip,4.1,0.154,11.79,9895.0,2026-05-07,12.1437,hedef,2.97,294.0,3.22,
2026-05-05,LINK,dip,18.4,0.098,6.27,9895.0,2026-05-05,6.0819,stop,-3.03,-300.0,2.23,
2026-05-05,NTGAZ,kirilim,34.3,0.927,13.39,9895.0,2026-05-05,13.7917,hedef,2.97,294.0,3.58,
2026-05-06,CCOLA,kirilim,4.1,1.062,84.65,16217.0,2026-05-07,87.1895,hedef,2.97,481.0,3.07,
2026-05-06,DMRGD,kirilim,10.5,1.14,6.85,16217.0,2026-05-07,7.0555,hedef,2.97,481.0,5.69,
2026-05-06,EMNIS,dip,4.2,0.052,150.9,16217.0,2026-05-06,155.427,hedef,2.97,481.0,4.71,
2026-05-06,GSDHO,kirilim,6.6,1.226,6.01,16217.0,2026-05-06,5.8297,stop,-3.03,-492.0,0.0,
2026-05-06,IHYAY,dip,9.0,0.106,1.83,16217.0,2026-05-08,1.8849,hedef,2.97,481.0,3.28,
2026-05-06,OTKAR,dip,6.6,0.085,370.5,16217.0,2026-05-07,381.615,hedef,2.97,481.0,4.39,
2026-05-07,DGATE,kirilim,6.7,1.121,103.1,5160.0,2026-05-07,100.007,stop,-3.03,-157.0,0.58,
2026-05-07,EKOS,kirilim,5.1,1.025,7.48,5160.0,2026-05-07,7.7044,hedef,2.97,153.0,3.34,
2026-05-07,GEDZA,kirilim,14.6,1.0,34.44,5160.0,2026-05-07,33.4068,stop,-3.03,-157.0,0.0,
2026-05-07,ICUGS,kirilim,8.4,1.071,6.93,5160.0,2026-05-07,6.7221,stop,-3.03,-157.0,0.0,
2026-05-07,KAREL,kirilim,4.3,0.9,12.57,5160.0,2026-05-07,12.9471,hedef,2.97,153.0,3.02,
2026-05-07,MERKO,kirilim,18.5,0.919,2.44,5160.0,2026-05-07,2.5132,hedef,2.97,153.0,4.1,
2026-05-07,RGYAS,kirilim,7.3,1.028,195.0,5160.0,2026-05-07,189.15,stop,-3.03,-157.0,0.0,
2026-05-07,SURGY,kirilim,15.2,0.925,75.1,5160.0,2026-05-08,72.847,stop,-3.03,-157.0,1.2,
2026-05-08,ASUZU,kirilim,4.1,0.883,71.55,35032.0,2026-05-12,69.4035,stop,-3.03,-1063.0,0.98,
2026-05-08,BIGEN,kirilim,11.8,1.142,24.54,35032.0,2026-05-11,25.2762,hedef,2.97,1039.0,9.94,
2026-05-08,TRILC,kirilim,11.0,0.744,3.65,35032.0,2026-05-08,3.7595,hedef,2.97,1039.0,5.75,
2026-05-11,ANGEN,kirilim,32.4,0.96,14.13,4127.0,2026-05-11,14.5539,hedef,2.97,122.0,4.03,
2026-05-11,BIGTK,dip,6.0,0.027,215.0,4127.0,2026-05-11,208.55,stop,-3.03,-125.0,0.47,
2026-05-11,BIZIM,kirilim,31.9,1.086,35.0,4127.0,2026-05-11,33.95,stop,-3.03,-125.0,0.0,
2026-05-11,BVSAN,kirilim,14.2,1.032,158.0,4127.0,2026-05-11,153.26,stop,-3.03,-125.0,0.0,
2026-05-11,ENSRI,dip,4.2,0.178,10.11,4127.0,2026-05-12,9.8067,stop,-3.03,-125.0,0.79,
2026-05-11,ERBOS,kirilim,4.6,1.031,222.2,4127.0,2026-05-12,215.534,stop,-3.03,-125.0,1.71,
2026-05-11,FONET,kirilim,10.7,0.951,5.99,4127.0,2026-05-11,6.1697,hedef,2.97,122.0,6.68,
2026-05-11,GRTHO,dip,4.4,0.1,254.75,4127.0,2026-05-12,247.1075,stop,-3.03,-125.0,1.08,
2026-05-11,HOROZ,kirilim,4.1,0.957,93.0,4127.0,2026-05-11,95.79,hedef,2.97,122.0,3.12,
2026-05-11,KERVN,kirilim,10.4,1.099,5.11,4127.0,2026-05-12,4.9567,stop,-3.03,-125.0,0.0,
2026-05-11,LRSHO,dip,4.1,0.199,4.18,4127.0,2026-05-11,4.0546,stop,-3.03,-125.0,2.87,
2026-05-11,PNSUT,kirilim,4.8,0.986,15.89,4127.0,2026-05-11,16.3667,hedef,2.97,122.0,5.29,
2026-05-11,TBORG,dip,7.6,0.171,150.0,4127.0,2026-05-12,145.5,stop,-3.03,-125.0,0.0,
2026-05-11,ZEDUR,kirilim,21.2,1.095,11.31,4127.0,2026-05-11,11.6493,hedef,2.97,122.0,5.66,
2026-05-12,A1YEN,kirilim,5.8,0.956,3.99,4583.0,2026-05-12,4.1097,hedef,2.97,136.0,3.76,
2026-05-12,ARASE,kirilim,19.4,1.036,114.8,4583.0,2026-05-12,118.244,hedef,2.97,136.0,3.92,
2026-05-12,BALSU,dip,5.5,0.114,15.2,4583.0,2026-05-13,14.744,stop,-3.03,-139.0,0.53,
2026-05-12,BIGTK,dip,17.3,0.058,227.2,4583.0,2026-05-13,234.016,hedef,2.97,136.0,5.02,
2026-05-12,BIMAS,kirilim,6.8,1.006,402.25,4583.0,2026-05-12,390.1825,stop,-3.03,-139.0,0.31,
2026-05-12,ESEN,dip,8.0,0.042,4.17,4583.0,2026-05-12,4.2951,hedef,2.97,136.0,3.12,
2026-05-12,KARSN,kirilim,16.4,1.08,13.1,4583.0,2026-05-12,13.493,hedef,2.97,136.0,6.11,
2026-05-12,KORDS,kirilim,7.3,1.041,73.0,4583.0,2026-05-12,75.19,hedef,2.97,136.0,8.08,
2026-05-12,KRVGD,kirilim,15.9,1.006,3.36,4583.0,2026-05-12,3.2592,stop,-3.03,-139.0,0.0,
2026-05-12,PETUN,kirilim,4.7,0.892,14.98,4583.0,2026-05-12,15.4294,hedef,2.97,136.0,3.14,
2026-05-12,RTALB,kirilim,9.0,0.986,4.77,4583.0,2026-05-12,4.6269,stop,-3.03,-139.0,1.47,
2026-05-12,SEGMN,kirilim,4.3,0.938,67.85,4583.0,2026-05-13,69.8855,hedef,2.97,136.0,3.39,
2026-05-12,SELEC,kirilim,7.4,0.913,114.5,4583.0,2026-05-12,111.065,stop,-3.03,-139.0,2.45,
2026-05-12,TBORG,dip,16.2,0.067,142.5,4583.0,2026-05-20,138.225,stop,-3.03,-139.0,0.84,
2026-05-12,TTRAK,dip,5.2,0.169,471.0,4583.0,2026-05-14,485.13,hedef,2.97,136.0,3.18,
2026-05-12,YEOTK,kirilim,4.1,0.944,85.5,4583.0,2026-05-12,88.065,hedef,2.97,136.0,10.94,
2026-05-13,A1YEN,kirilim,4.3,0.951,4.05,14969.0,2026-05-13,4.1715,hedef,2.97,444.0,4.2,
2026-05-13,AKENR,kirilim,7.0,0.922,13.85,14969.0,2026-05-13,14.2655,hedef,2.97,444.0,6.64,
2026-05-13,ATATP,kirilim,8.6,1.024,193.7,14969.0,2026-05-13,199.511,hedef,2.97,444.0,3.3,
2026-05-13,BAKAB,kirilim,13.2,0.962,50.5,14969.0,2026-05-13,48.985,stop,-3.03,-454.0,1.09,
2026-05-13,BIGTK,dip,10.7,0.085,238.0,14969.0,2026-05-13,230.86,stop,-3.03,-454.0,4.12,
2026-05-13,ULUSE,kirilim,8.7,0.929,266.0,14969.0,2026-05-13,273.98,hedef,2.97,444.0,6.3,
2026-05-13,ZRGYO,dip,4.2,0.14,21.3,14969.0,2026-05-18,20.661,stop,-3.03,-454.0,1.31,
2026-05-14,ALCAR,dip,32.9,0.197,777.0,20913.0,2026-05-18,753.69,stop,-3.03,-634.0,1.16,
2026-05-14,BRLSM,kirilim,50.5,0.826,18.11,20913.0,2026-05-14,18.6533,hedef,2.97,620.0,6.9,
2026-05-14,RGYAS,kirilim,6.2,1.144,207.4,20913.0,2026-05-14,201.178,stop,-3.03,-634.0,0.05,
2026-05-14,RTALB,kirilim,4.2,0.96,4.75,20913.0,2026-05-14,4.6075,stop,-3.03,-634.0,0.0,
2026-05-14,VRGYO,dip,4.4,0.124,2.37,20913.0,2026-05-15,2.2989,stop,-3.03,-634.0,2.11,
2026-05-15,BUCIM,dip,4.4,0.148,6.21,22270.0,2026-05-18,6.0237,stop,-3.03,-675.0,0.64,
2026-05-15,FORMT,dip,5.1,-0.005,2.6,22270.0,2026-05-18,2.522,stop,-3.03,-675.0,1.15,
2026-05-15,IHLAS,dip,4.5,0.092,2.12,22270.0,2026-05-18,2.0564,stop,-3.03,-675.0,0.47,
2026-05-18,CEMAS,dip,4.6,0.142,5.13,2535.0,2026-05-18,4.9761,stop,-3.03,-77.0,0.0,
2026-05-18,ELITE,kirilim,4.5,1.098,42.98,2535.0,2026-05-18,41.6906,stop,-3.03,-77.0,0.37,
2026-05-18,GARFA,kirilim,6.8,0.983,35.66,2535.0,2026-05-18,34.5902,stop,-3.03,-77.0,0.0,
2026-05-18,GSDHO,kirilim,8.1,0.992,5.99,2535.0,2026-05-18,6.1697,hedef,2.97,75.0,5.34,
2026-05-18,ICBCT,kirilim,7.4,1.214,20.26,2535.0,2026-05-20,20.8678,hedef,2.97,75.0,3.65,
2026-05-18,ISSEN,kirilim,119.0,1.067,10.03,2535.0,2026-05-18,10.3309,hedef,2.97,75.0,4.89,
2026-05-18,JANTS,dip,6.5,0.191,18.98,2535.0,2026-05-18,18.4106,stop,-3.03,-77.0,0.84,
2026-05-18,ODINE,kirilim,33.1,0.931,1227.0,2535.0,2026-05-18,1263.81,hedef,2.97,75.0,3.1,
2026-05-20,BIGCH,dip,4.2,0.137,6.61,23448.0,2026-05-21,6.4117,stop,-3.03,-711.0,1.82,
2026-05-20,EKSUN,kirilim,9.8,0.907,7.41,23448.0,2026-05-20,7.6323,hedef,2.97,696.0,6.61,
2026-05-20,EUPWR,kirilim,7.9,1.072,68.8,23448.0,2026-05-21,70.864,hedef,2.97,696.0,5.23,
2026-05-20,LKMNH,dip,17.0,0.17,15.21,23448.0,2026-05-20,15.6663,hedef,2.97,696.0,3.55,
2026-05-20,SNPAM,dip,4.4,0.135,21.92,23448.0,2026-05-21,21.2624,stop,-3.03,-711.0,2.74,
2026-05-21,BAKAB,kirilim,9.4,1.0,52.0,6149.0,2026-05-21,50.44,stop,-3.03,-186.0,0.0,
2026-05-21,BIGTK,dip,56.0,0.019,212.0,6149.0,2026-05-21,218.36,hedef,2.97,182.0,6.08,
2026-05-21,DAPGM,dip,6.2,0.124,9.77,6149.0,2026-05-21,10.0631,hedef,2.97,182.0,3.38,
2026-05-21,GEDZA,kirilim,4.2,1.06,35.68,6149.0,2026-05-21,34.6096,stop,-3.03,-186.0,0.9,
2026-05-21,GESAN,kirilim,4.8,1.011,66.0,6149.0,2026-05-21,67.98,hedef,2.97,182.0,3.56,
2026-05-21,GUNDG,kirilim,5.1,1.103,1097.0,6149.0,2026-05-21,1064.09,stop,-3.03,-186.0,0.0,
2026-05-21,ORGE,kirilim,4.3,1.047,106.3,6149.0,2026-05-21,103.111,stop,-3.03,-186.0,0.66,
2026-05-21,VERUS,kirilim,5.7,0.983,573.0,6149.0,2026-05-22,590.19,hedef,2.97,182.0,4.71,
2026-05-21,VRGYO,dip,5.4,0.056,2.21,6149.0,2026-05-21,2.1437,stop,-3.03,-186.0,0.0,
2026-05-22,ALVES,dip,8.0,0.11,2.61,8459.0,2026-05-22,2.6883,hedef,2.97,251.0,5.75,
2026-05-22,EGEEN,dip,4.4,-0.007,5385.0,8459.0,2026-05-22,5546.55,hedef,2.97,251.0,3.85,
2026-05-22,GUNDG,kirilim,9.2,1.011,1109.0,8459.0,2026-05-22,1142.27,hedef,2.97,251.0,6.85,
2026-05-22,ICBCT,kirilim,14.2,1.136,22.34,8459.0,2026-05-22,23.0102,hedef,2.97,251.0,3.94,
2026-05-22,IEYHO,kirilim,5.5,1.015,113.1,8459.0,2026-05-25,116.493,hedef,2.97,251.0,3.27,
2026-05-22,KONYA,dip,4.4,-0.004,3677.5,8459.0,2026-05-22,3787.825,hedef,2.97,251.0,3.26,
2026-05-22,KOPOL,dip,44.1,0.151,5.11,8459.0,2026-05-22,5.2633,hedef,2.97,251.0,8.81,
2026-05-22,KRGYO,dip,4.0,0.014,2.62,8459.0,2026-05-25,2.6986,hedef,2.97,251.0,3.82,
2026-05-22,NTHOL,dip,5.6,-0.027,35.48,8459.0,2026-05-22,36.5444,hedef,2.97,251.0,3.27,
2026-05-22,OTTO,dip,4.1,-0.074,223.6,8459.0,2026-05-22,230.308,hedef,2.97,251.0,4.65,
2026-05-22,OYAKC,dip,4.1,-0.012,19.4,8459.0,2026-05-22,19.982,hedef,2.97,251.0,4.54,
2026-05-22,TSKB,dip,4.4,0.163,11.23,8459.0,2026-06-02,11.5669,hedef,2.97,251.0,3.03,
2026-05-22,VERUS,kirilim,10.4,0.97,574.5,8459.0,2026-05-22,591.735,hedef,2.97,251.0,3.05,
2026-05-22,ZRGYO,dip,6.9,-0.034,17.07,8459.0,2026-05-22,17.5821,hedef,2.97,251.0,5.33,
2026-05-25,CEMTS,dip,6.9,0.18,10.35,25535.0,2026-05-25,10.6605,hedef,2.97,758.0,3.96,
2026-05-25,DURDO,kirilim,23.5,0.911,5.01,25535.0,2026-05-25,5.1603,hedef,2.97,758.0,3.99,
2026-05-25,GEDZA,kirilim,4.5,1.019,36.82,25535.0,2026-05-25,35.7154,stop,-3.03,-774.0,1.52,
2026-05-25,GESAN,kirilim,6.8,1.008,70.4,25535.0,2026-05-25,72.512,hedef,2.97,758.0,4.55,
2026-05-26,ADEL,dip,14.1,0.192,33.26,1131.0,2026-06-03,32.2622,stop,-3.03,-34.0,1.98,
2026-05-26,ADESE,dip,5.2,0.105,1.01,1131.0,2026-06-01,1.0403,hedef,2.97,34.0,3.96,
2026-05-26,AFYON,dip,13.6,0.157,12.73,1131.0,2026-06-01,13.1119,hedef,2.97,34.0,3.22,
2026-05-26,AGROT,dip,8.3,0.12,2.91,1131.0,2026-06-01,2.9973,hedef,2.97,34.0,3.44,
2026-05-26,ALCAR,dip,28.0,0.081,731.0,1131.0,2026-06-01,752.93,hedef,2.97,34.0,4.58,
2026-05-26,ALFAS,kirilim,111.3,0.944,56.15,1131.0,2026-05-26,54.4655,stop,-3.03,-34.0,0.0,
2026-05-26,ALVES,dip,12.6,0.123,2.64,1131.0,2026-06-01,2.7192,hedef,2.97,34.0,3.03,
2026-05-26,ARCLK,dip,12.2,0.095,104.2,1131.0,2026-06-02,107.326,hedef,2.97,34.0,3.07,
2026-05-26,ARENA,dip,10.3,0.187,27.66,1131.0,2026-06-01,28.4898,hedef,2.97,34.0,4.05,
2026-05-26,AYCES,dip,15.2,0.154,517.5,1131.0,2026-06-03,533.025,hedef,2.97,34.0,9.18,
2026-05-26,BALSU,dip,35.4,0.024,13.29,1131.0,2026-06-01,13.6887,hedef,2.97,34.0,4.44,
2026-05-26,BANVT,dip,14.8,0.042,150.3,1131.0,2026-06-01,154.809,hedef,2.97,34.0,3.33,
2026-05-26,BEGYO,dip,9.2,0.026,4.22,1131.0,2026-06-03,4.3466,hedef,2.97,34.0,3.08,
2026-05-26,BFREN,dip,22.2,0.088,138.1,1131.0,2026-06-01,142.243,hedef,2.97,34.0,4.34,
2026-05-26,BIENY,dip,30.3,0.095,23.74,1131.0,2026-05-26,24.4522,hedef,2.97,34.0,3.96,
2026-05-26,BIGCH,dip,11.6,0.109,6.34,1131.0,2026-06-01,6.5302,hedef,2.97,34.0,3.31,
2026-05-26,BIGTK,dip,6.4,0.032,216.9,1131.0,2026-06-01,223.407,hedef,2.97,34.0,7.7,
2026-05-26,BIOEN,dip,12.8,0.185,17.13,1131.0,2026-06-05,17.6439,hedef,2.97,34.0,6.77,
2026-05-26,BOBET,dip,19.2,0.091,18.64,1131.0,2026-06-08,18.98,acik_kaldi,1.79,20.0,2.58,
2026-05-26,BUCIM,dip,26.5,0.158,6.08,1131.0,2026-06-03,6.2624,hedef,2.97,34.0,3.62,
2026-05-26,CEMAS,dip,18.9,0.102,4.8,1131.0,2026-06-01,4.944,hedef,2.97,34.0,3.33,
2026-05-26,CMBTN,dip,13.0,0.097,1598.0,1131.0,2026-06-01,1645.94,hedef,2.97,34.0,3.13,
2026-05-26,CONSE,dip,18.5,0.149,2.89,1131.0,2026-06-01,2.9767,hedef,2.97,34.0,3.11,
2026-05-26,DAPGM,dip,9.4,0.097,9.47,1131.0,2026-06-01,9.7541,hedef,2.97,34.0,3.38,
2026-05-26,DENGE,dip,11.4,0.184,2.3,1131.0,2026-06-01,2.369,hedef,2.97,34.0,3.04,
2026-05-26,DERHL,dip,13.0,0.02,14.37,1131.0,2026-06-01,14.8011,hedef,2.97,34.0,3.2,
2026-05-26,DNISI,dip,16.7,0.122,19.25,1131.0,2026-06-01,19.8275,hedef,2.97,34.0,3.84,
2026-05-26,DOFER,dip,26.1,0.186,34.4,1131.0,2026-05-26,35.432,hedef,2.97,34.0,3.55,
2026-05-26,DURDO,kirilim,45.4,1.012,5.3,1131.0,2026-05-26,5.141,stop,-3.03,-34.0,0.57,
2026-05-26,EGEEN,dip,10.7,0.079,5630.0,1131.0,2026-06-01,5798.9,hedef,2.97,34.0,5.33,
2026-05-26,EMKEL,dip,39.9,0.036,21.9,1131.0,2026-06-01,22.557,hedef,2.97,34.0,3.84,
2026-05-26,ESEN,dip,5.6,0.023,3.86,1131.0,2026-05-26,3.9758,hedef,2.97,34.0,3.63,
2026-05-26,EYGYO,dip,7.6,0.145,2.59,1131.0,2026-05-26,2.6677,hedef,2.97,34.0,5.41,
2026-05-26,FMIZP,dip,9.6,0.188,291.75,1131.0,2026-06-01,300.5025,hedef,2.97,34.0,3.17,
2026-05-26,FORMT,dip,16.0,0.073,2.21,1131.0,2026-05-26,2.2763,hedef,2.97,34.0,3.17,
2026-05-26,FROTO,dip,23.6,0.141,86.85,1131.0,2026-05-26,84.2445,stop,-3.03,-34.0,0.98,
2026-05-26,GENTS,dip,9.9,0.064,7.19,1131.0,2026-06-01,7.4057,hedef,2.97,34.0,3.76,
2026-05-26,GIPTA,dip,15.9,0.196,72.35,1131.0,2026-05-26,74.5205,hedef,2.97,34.0,5.39,
2026-05-26,GLCVY,dip,8.3,0.169,58.4,1131.0,2026-06-01,60.152,hedef,2.97,34.0,3.17,
2026-05-26,GRTHO,dip,23.4,0.019,211.4,1131.0,2026-06-01,217.742,hedef,2.97,34.0,4.35,
2026-05-26,GSRAY,dip,4.2,0.041,1.04,1131.0,2026-06-01,1.0712,hedef,2.97,34.0,3.85,
2026-05-26,GZNMI,dip,53.0,0.085,66.0,1131.0,2026-06-01,67.98,hedef,2.97,34.0,4.24,
2026-05-26,HATEK,dip,12.2,0.177,16.42,1131.0,2026-06-01,16.9126,hedef,2.97,34.0,3.29,
2026-05-26,HATSN,kirilim,69.3,1.044,58.05,1131.0,2026-06-01,59.7915,hedef,2.97,34.0,5.6,
2026-05-26,IEYHO,kirilim,29.3,1.009,117.8,1131.0,2026-06-03,114.266,stop,-3.03,-34.0,1.53,
2026-05-26,IHLAS,dip,6.0,0.059,2.03,1131.0,2026-06-02,2.0909,hedef,2.97,34.0,3.45,
2026-05-26,IHLGM,dip,7.9,0.151,2.01,1131.0,2026-06-02,2.0703,hedef,2.97,34.0,4.48,
2026-05-26,IHYAY,dip,16.7,0.048,1.72,1131.0,2026-06-01,1.7716,hedef,2.97,34.0,3.49,
2026-05-26,IMASM,dip,13.0,0.177,3.32,1131.0,2026-06-01,3.4196,hedef,2.97,34.0,3.01,
2026-05-26,JANTS,dip,8.0,0.086,17.43,1131.0,2026-06-08,16.9071,stop,-3.03,-34.0,2.81,
2026-05-26,KLGYO,dip,20.3,0.108,4.84,1131.0,2026-06-03,4.9852,hedef,2.97,34.0,3.1,
2026-05-26,KLRHO,dip,24.5,0.084,93.1,1131.0,2026-05-26,90.307,stop,-3.03,-34.0,0.32,
2026-05-26,KONTR,dip,10.7,0.008,7.72,1131.0,2026-05-26,7.9516,hedef,2.97,34.0,6.61,
2026-05-26,KONYA,dip,11.8,0.085,3820.0,1131.0,2026-06-01,3934.6,hedef,2.97,34.0,3.34,
2026-05-26,KOTON,dip,7.4,0.138,14.69,1131.0,2026-06-01,15.1307,hedef,2.97,34.0,3.4,
2026-05-26,KRDMB,kirilim,13.5,0.966,102.5,1131.0,2026-05-26,105.575,hedef,2.97,34.0,3.02,
2026-05-26,KRGYO,dip,24.1,0.037,2.71,1131.0,2026-06-01,2.7913,hedef,2.97,34.0,3.32,
2026-05-26,KZBGY,dip,22.2,0.184,3.19,1131.0,2026-06-02,3.0943,stop,-3.03,-34.0,0.94,
2026-05-26,LINK,dip,74.0,0.161,7.14,1131.0,2026-05-26,7.3542,hedef,2.97,34.0,4.2,
2026-05-26,LRSHO,dip,19.2,0.059,3.51,1131.0,2026-06-01,3.6153,hedef,2.97,34.0,3.42,
2026-05-26,MIATK,kirilim,67.6,1.026,52.2,1131.0,2026-05-26,50.634,stop,-3.03,-34.0,0.0,
2026-05-26,MNDRS,dip,18.9,0.161,11.42,1131.0,2026-06-01,11.7626,hedef,2.97,34.0,3.06,
2026-05-26,MNDTR,dip,21.0,0.184,5.79,1131.0,2026-06-02,5.9637,hedef,2.97,34.0,3.45,
2026-05-26,MOBTL,kirilim,49.0,1.018,15.41,1131.0,2026-06-02,15.8723,hedef,2.97,34.0,3.5,
2026-05-26,NATEN,dip,7.8,0.092,6.87,1131.0,2026-05-26,7.0761,hedef,2.97,34.0,6.84,
2026-05-26,NTHOL,dip,30.5,0.124,37.48,1131.0,2026-06-01,38.6044,hedef,2.97,34.0,4.0,
2026-05-26,NUHCM,dip,8.1,0.151,221.4,1131.0,2026-06-05,214.758,stop,-3.03,-34.0,1.9,
2026-05-26,OSMEN,dip,11.6,0.135,7.47,1131.0,2026-06-01,7.6941,hedef,2.97,34.0,3.88,
2026-05-26,OSTIM,dip,17.0,0.078,2.67,1131.0,2026-06-01,2.7501,hedef,2.97,34.0,4.12,
2026-05-26,OTKAR,dip,15.0,0.076,367.75,1131.0,2026-06-01,378.7825,hedef,2.97,34.0,3.26,
2026-05-26,OTTO,dip,29.2,0.016,229.4,1131.0,2026-06-01,236.282,hedef,2.97,34.0,4.4,
2026-05-26,OYAKC,dip,12.6,0.155,20.82,1131.0,2026-06-04,21.4446,hedef,2.97,34.0,3.17,
2026-05-26,PAMEL,dip,4.8,0.139,83.7,1131.0,2026-06-01,86.211,hedef,2.97,34.0,4.42,
2026-05-26,PAPIL,dip,14.0,0.038,15.32,1131.0,2026-06-01,15.7796,hedef,2.97,34.0,3.2,
2026-05-26,PGSUS,dip,15.0,0.084,171.0,1131.0,2026-06-08,165.87,stop,-3.03,-34.0,1.29,
2026-05-26,PKENT,dip,50.8,0.053,149.9,1131.0,2026-06-01,154.397,hedef,2.97,34.0,3.14,
2026-05-26,POLTK,dip,30.1,0.042,5060.0,1131.0,2026-06-01,5211.8,hedef,2.97,34.0,4.74,
2026-05-26,PRKME,dip,8.9,0.153,17.52,1131.0,2026-06-01,18.0456,hedef,2.97,34.0,3.77,
2026-05-26,QUAGR,dip,47.9,0.143,3.77,1131.0,2026-06-01,3.8831,hedef,2.97,34.0,3.71,
2026-05-26,RAYSG,dip,9.9,0.086,184.9,1131.0,2026-06-01,190.447,hedef,2.97,34.0,10.87,
2026-05-26,REEDR,dip,23.1,0.197,7.08,1131.0,2026-06-01,7.2924,hedef,2.97,34.0,3.39,
2026-05-26,SASA,dip,5.2,0.153,2.67,1131.0,2026-06-02,2.7501,hedef,2.97,34.0,4.12,
2026-05-26,SMRVA,dip,19.0,0.064,16.12,1131.0,2026-06-01,16.6036,hedef,2.97,34.0,4.78,
2026-05-26,SNGYO,dip,9.4,0.116,3.55,1131.0,2026-06-01,3.6565,hedef,2.97,34.0,3.1,
2026-05-26,SUNTK,dip,28.3,0.107,32.68,1131.0,2026-05-26,33.6604,hedef,2.97,34.0,7.1,
2026-05-26,SUWEN,dip,26.3,0.08,7.72,1131.0,2026-06-02,7.9516,hedef,2.97,34.0,3.24,
2026-05-26,TARKM,kirilim,37.2,0.958,541.5,1131.0,2026-05-26,557.745,hedef,2.97,34.0,6.46,
2026-05-26,TBORG,dip,8.6,0.097,136.8,1131.0,2026-06-08,132.696,stop,-3.03,-34.0,2.85,
2026-05-26,TDGYO,dip,9.4,0.058,13.97,1131.0,2026-05-26,14.3891,hedef,2.97,34.0,7.3,
2026-05-26,TKNSA,dip,8.8,0.163,20.54,1131.0,2026-06-01,21.1562,hedef,2.97,34.0,3.21,
2026-05-26,TMSN,dip,16.1,0.136,98.45,1131.0,2026-06-01,101.4035,hedef,2.97,34.0,5.54,
2026-05-26,TRILC,dip,4.4,0.073,2.41,1131.0,2026-06-01,2.4823,hedef,2.97,34.0,3.32,
2026-05-26,TSGYO,dip,8.1,0.144,6.38,1131.0,2026-06-01,6.5714,hedef,2.97,34.0,3.13,
2026-05-26,TSKB,dip,39.2,0.153,11.19,1131.0,2026-06-02,11.5257,hedef,2.97,34.0,3.04,
2026-05-26,TTRAK,dip,11.1,0.1,447.75,1131.0,2026-06-08,434.3175,stop,-3.03,-34.0,2.12,
2026-05-26,TUCLK,dip,71.2,0.161,4.47,1131.0,2026-06-01,4.6041,hedef,2.97,34.0,3.8,
2026-05-26,TUKAS,dip,10.9,0.096,2.41,1131.0,2026-06-01,2.4823,hedef,2.97,34.0,3.32,
2026-05-26,TUREX,dip,11.4,0.098,8.21,1131.0,2026-06-01,8.4563,hedef,2.97,34.0,3.05,
2026-05-26,UNLU,dip,10.0,0.147,13.23,1131.0,2026-06-02,13.6269,hedef,2.97,34.0,4.23,
2026-05-26,USAK,dip,6.2,0.043,1.58,1131.0,2026-06-01,1.6274,hedef,2.97,34.0,3.16,
2026-05-26,VESBE,dip,8.0,0.029,6.74,1131.0,2026-06-02,6.9422,hedef,2.97,34.0,3.12,
2026-05-26,VESTL,dip,8.5,0.066,26.04,1131.0,2026-06-01,26.8212,hedef,2.97,34.0,3.3,
2026-05-26,VKING,dip,15.4,0.112,25.7,1131.0,2026-06-02,26.471,hedef,2.97,34.0,3.27,
2026-05-26,VRGYO,dip,8.0,0.043,2.17,1131.0,2026-06-01,2.2351,hedef,2.97,34.0,3.69,
2026-05-26,VSNMD,dip,94.6,0.011,80.5,1131.0,2026-06-01,82.915,hedef,2.97,34.0,3.04,
2026-05-26,YESIL,dip,38.1,0.15,1.6,1131.0,2026-06-01,1.552,stop,-3.03,-34.0,0.63,
2026-05-26,ZRGYO,dip,59.0,0.041,17.15,1131.0,2026-05-26,16.6355,stop,-3.03,-34.0,0.0,
2026-06-01,ARASE,kirilim,4.9,1.057,123.7,3621.0,2026-06-02,127.411,hedef,2.97,107.0,3.96,
2026-06-01,FROTO,dip,4.4,0.117,85.45,3621.0,2026-06-02,88.0135,hedef,2.97,107.0,3.22,
2026-06-01,HRKET,kirilim,6.3,1.1,96.5,3621.0,2026-06-02,99.395,hedef,2.97,107.0,3.63,
2026-06-01,IEYHO,kirilim,4.6,0.992,117.2,3621.0,2026-06-04,113.684,stop,-3.03,-110.0,0.34,
2026-06-01,TSKB,dip,5.8,0.175,11.28,3621.0,2026-06-02,11.6184,hedef,2.97,107.0,3.37,
2026-06-01,ZRGYO,dip,39.3,-0.149,14.98,3621.0,2026-06-01,15.4294,hedef,2.97,107.0,4.21,
2026-06-02,DERHL,dip,8.1,0.047,15.42,18972.0,2026-06-02,14.9574,stop,-3.03,-575.0,0.0,
2026-06-02,DGNMO,kirilim,9.1,0.858,9.5,18972.0,2026-06-02,9.785,hedef,2.97,563.0,3.37,
2026-06-02,VSNMD,dip,5.3,0.033,97.75,18972.0,2026-06-03,100.6825,hedef,2.97,563.0,5.06,
2026-06-02,ZRGYO,dip,4.6,0.106,15.96,18972.0,2026-06-03,16.4388,hedef,2.97,563.0,3.07,
2026-06-03,ALCTL,kirilim,4.2,0.959,152.5,8385.0,2026-06-03,147.925,stop,-3.03,-254.0,1.64,
2026-06-03,CGCAM,kirilim,6.6,0.901,46.48,8385.0,2026-06-03,45.0856,stop,-3.03,-254.0,2.28,
2026-06-03,DGNMO,kirilim,7.5,0.993,10.48,8385.0,2026-06-03,10.1656,stop,-3.03,-254.0,1.24,
2026-06-03,GEDZA,kirilim,4.3,1.051,38.76,8385.0,2026-06-03,39.9228,hedef,2.97,249.0,3.87,
2026-06-03,IHLAS,dip,5.8,0.099,2.14,8385.0,2026-06-03,2.0758,stop,-3.03,-254.0,0.0,
2026-06-03,KARTN,kirilim,7.7,0.979,130.1,8385.0,2026-06-03,134.003,hedef,2.97,249.0,4.23,
2026-06-03,KRGYO,dip,5.0,0.105,2.79,8385.0,2026-06-08,2.78,acik_kaldi,-0.39,-33.0,2.15,
2026-06-03,SAYAS,kirilim,5.7,1.086,64.1,8385.0,2026-06-04,66.023,hedef,2.97,249.0,5.3,
2026-06-03,VSNMD,dip,6.1,0.035,99.0,8385.0,2026-06-03,96.03,stop,-3.03,-254.0,2.02,
2026-06-04,DAPGM,dip,4.3,0.191,10.53,25961.0,2026-06-05,10.8459,hedef,2.97,770.0,3.51,
2026-06-04,PRZMA,kirilim,6.5,1.074,60.4,25961.0,2026-06-04,58.588,stop,-3.03,-787.0,0.17,
2026-06-04,TUREX,dip,5.1,0.155,9.2,25961.0,2026-06-04,9.476,hedef,2.97,770.0,4.46,
2026-06-04,ZRGYO,dip,7.6,0.189,16.87,25961.0,2026-06-08,16.78,acik_kaldi,-0.57,-147.0,2.07,
2026-06-05,CGCAM,kirilim,4.8,1.136,52.55,13043.0,2026-06-08,50.9735,stop,-3.03,-396.0,0.0,
2026-06-05,CMBTN,dip,19.5,0.104,1606.0,13043.0,2026-06-08,1577.0,acik_kaldi,-1.84,-240.0,1.93,
2026-06-05,EMKEL,dip,9.8,0.071,25.92,13043.0,2026-06-05,25.1424,stop,-3.03,-396.0,0.0,
2026-06-05,KRTEK,dip,6.5,0.118,24.86,13043.0,2026-06-08,24.48,acik_kaldi,-1.56,-204.0,0.48,
2026-06-05,YBTAS,dip,4.3,0.042,16.74,13043.0,2026-06-08,16.81,acik_kaldi,0.39,50.0,2.75,
2026-06-08,AKFYE,kirilim,20.5,1.057,26.0,6940.0,2026-06-08,26.78,hedef,2.97,206.0,6.46,
2026-06-08,DAPGM,dip,6.5,0.173,10.33,6940.0,2026-06-08,10.6399,hedef,2.97,206.0,4.55,
2026-06-08,DERHL,dip,7.5,0.033,14.2,6940.0,2026-06-08,13.774,stop,-3.03,-210.0,0.0,
2026-06-08,OZGYO,kirilim,8.5,0.907,2.42,6940.0,2026-06-08,2.3474,stop,-3.03,-210.0,2.48,
2026-06-08,POLTK,dip,9.1,0.064,5250.0,6940.0,2026-06-08,5092.5,stop,-3.03,-210.0,0.0,
2026-06-08,RAYSG,dip,5.2,0.2,199.4,6940.0,2026-06-08,200.2,acik_kaldi,0.37,26.0,0.4,
