giris_tarih,hisse,grup,kat,pos52,giris,poz_tl,cikis_tarih,cikis,sebep,getiri_%,tl_kar,max_gordugu_%,dakika
2026-01-02,ARENA,dip,7.0,0.096,28.8,6250.0,2026-01-05,27.936,stop,-3.03,-190.0,2.36,
2026-01-02,AVPGY,dip,3.5,0.091,51.5,6250.0,2026-01-06,53.045,hedef,2.97,185.0,3.01,
2026-01-02,BIENY,dip,2.6,0.057,26.0,6250.0,2026-01-02,26.78,hedef,2.97,185.0,4.85,
2026-01-02,BMSCH,kirilim,6.5,0.96,30.4,6250.0,2026-01-02,31.312,hedef,2.97,185.0,8.55,
2026-01-02,BTCIM,dip,2.3,0.196,3.82,6250.0,2026-01-07,3.7054,stop,-3.03,-190.0,1.31,
2026-01-02,ESCAR,dip,2.9,0.106,24.8,6250.0,2026-01-02,25.544,hedef,2.97,185.0,3.23,
2026-01-02,HKTM,dip,2.2,0.127,10.96,6250.0,2026-01-02,11.2888,hedef,2.97,185.0,3.19,
2026-01-02,KARTN,dip,2.9,0.07,79.4,6250.0,2026-01-15,81.782,hedef,2.97,185.0,3.46,
2026-01-02,KONYA,dip,2.6,0.037,4577.5,6250.0,2026-01-14,4440.175,stop,-3.03,-190.0,1.86,
2026-01-02,MARKA,dip,4.6,0.137,38.92,6250.0,2026-01-02,37.7524,stop,-3.03,-190.0,0.77,
2026-01-02,MARTI,dip,3.1,0.095,1.7653,6250.0,2026-01-05,1.8183,hedef,2.97,185.0,3.27,
2026-01-02,NATEN,dip,2.4,0.094,8.68,6250.0,2026-01-02,8.9404,hedef,2.97,185.0,3.23,
2026-01-02,PKENT,dip,7.1,0.031,183.0,6250.0,2026-01-02,188.49,hedef,2.97,185.0,5.41,
2026-01-02,SASA,dip,2.5,0.08,2.9,6250.0,2026-01-07,2.813,stop,-3.03,-190.0,1.72,
2026-01-02,SMRVA,dip,4.1,0.163,20.7673,6250.0,2026-01-02,21.3903,hedef,2.97,185.0,3.79,
2026-01-02,TTRAK,dip,3.1,0.027,519.5,6250.0,2026-01-06,535.085,hedef,2.97,185.0,3.08,
2026-01-05,ALCAR,dip,7.4,0.102,869.5,1022.0,2026-01-08,843.415,stop,-3.03,-31.0,1.38,
2026-01-05,ALTNY,dip,2.1,0.12,15.48,1022.0,2026-01-09,15.9444,hedef,2.97,30.0,4.91,
2026-01-05,ANELE,dip,2.4,0.164,15.75,1022.0,2026-01-09,16.2225,hedef,2.97,30.0,5.46,
2026-01-05,ARENA,dip,2.1,0.075,28.2,1022.0,2026-01-07,27.354,stop,-3.03,-31.0,1.35,
2026-01-05,AVPGY,dip,2.7,0.113,51.95,1022.0,2026-01-09,53.5085,hedef,2.97,30.0,3.18,
2026-01-05,BEGYO,dip,2.2,0.024,5.0,1022.0,2026-01-07,4.85,stop,-3.03,-31.0,2.6,
2026-01-05,BESLR,dip,4.9,0.097,12.61,1022.0,2026-01-15,12.9883,hedef,2.97,30.0,3.49,
2026-01-05,BIENY,dip,11.6,0.03,25.26,1022.0,2026-01-07,24.5022,stop,-3.03,-31.0,1.35,
2026-01-05,BOBET,dip,2.2,0.18,19.62,1022.0,2026-01-05,20.2086,hedef,2.97,30.0,3.67,
2026-01-05,BORLS,dip,2.3,0.004,4.0,1022.0,2026-01-06,4.12,hedef,2.97,30.0,5.0,
2026-01-05,CMBTN,dip,2.8,0.15,1957.0,1022.0,2026-01-07,2015.71,hedef,2.97,30.0,3.99,
2026-01-05,DCTTR,dip,2.7,0.124,9.06,1022.0,2026-01-05,8.7882,stop,-3.03,-31.0,0.0,
2026-01-05,DGGYO,dip,3.5,0.173,31.58,1022.0,2026-01-20,32.5274,hedef,2.97,30.0,4.37,
2026-01-05,EDATA,kirilim,2.5,0.904,6.79,1022.0,2026-01-05,6.9937,hedef,2.97,30.0,7.51,
2026-01-05,EMKEL,dip,2.5,0.157,32.52,1022.0,2026-01-05,31.5444,stop,-3.03,-31.0,1.29,
2026-01-05,EMNIS,dip,3.8,0.017,161.8,1022.0,2026-01-07,166.654,hedef,2.97,30.0,3.83,
2026-01-05,ESCAR,dip,9.5,0.118,25.54,1022.0,2026-01-05,24.7738,stop,-3.03,-31.0,0.39,
2026-01-05,ESEN,dip,4.1,0.098,4.9,1022.0,2026-01-05,5.047,hedef,2.97,30.0,3.27,
2026-01-05,FENER,dip,4.0,0.182,3.7,1022.0,2026-01-05,3.589,stop,-3.03,-31.0,0.0,
2026-01-05,GOKNR,dip,5.0,0.09,20.0,1022.0,2026-01-09,20.6,hedef,2.97,30.0,4.1,
2026-01-05,GOLTS,dip,2.5,0.1,319.0,1022.0,2026-01-08,328.57,hedef,2.97,30.0,3.06,
2026-01-05,GZNMI,dip,6.0,0.035,58.0,1022.0,2026-01-05,59.74,hedef,2.97,30.0,3.62,
2026-01-05,HEKTS,dip,2.5,0.135,3.16,1022.0,2026-01-08,3.0652,stop,-3.03,-31.0,1.9,
2026-01-05,HKTM,dip,4.5,0.176,11.49,1022.0,2026-01-23,11.8347,hedef,2.97,30.0,3.22,
2026-01-05,IHLAS,dip,2.9,0.138,2.34,1022.0,2026-01-05,2.4102,hedef,2.97,30.0,3.42,
2026-01-05,IHYAY,dip,2.1,0.062,2.01,1022.0,2026-01-09,1.9497,stop,-3.03,-31.0,1.0,
2026-01-05,ISSEN,dip,7.8,0.195,7.35,1022.0,2026-01-26,7.5705,hedef,2.97,30.0,4.22,
2026-01-05,JANTS,dip,22.6,0.169,20.58,1022.0,2026-01-05,21.1974,hedef,2.97,30.0,3.89,
2026-01-05,KARSN,dip,4.1,0.173,9.43,1022.0,2026-01-08,9.1471,stop,-3.03,-31.0,1.38,
2026-01-05,KCAER,dip,3.9,0.089,10.51,1022.0,2026-01-07,10.8253,hedef,2.97,30.0,3.9,
2026-01-05,KNFRT,dip,2.5,0.157,11.83,1022.0,2026-01-06,11.4751,stop,-3.03,-31.0,2.37,
2026-01-05,KRVGD,kirilim,2.2,0.981,2.81,1022.0,2026-01-05,2.7257,stop,-3.03,-31.0,0.0,
2026-01-05,KSTUR,dip,2.3,0.103,2970.0,1022.0,2026-01-05,3059.1,hedef,2.97,30.0,4.38,
2026-01-05,MACKO,dip,2.8,0.13,26.48,1022.0,2026-01-05,25.6856,stop,-3.03,-31.0,1.28,
2026-01-05,MARKA,dip,6.1,0.19,41.0,1022.0,2026-01-05,39.77,stop,-3.03,-31.0,0.0,
2026-01-05,MARTI,dip,2.3,0.104,1.7782,1022.0,2026-01-08,1.7248,stop,-3.03,-31.0,2.53,
2026-01-05,NATEN,dip,3.2,0.121,8.97,1022.0,2026-01-05,8.7009,stop,-3.03,-31.0,0.0,
2026-01-05,PENTA,dip,2.4,0.188,13.5,1022.0,2026-01-14,13.905,hedef,2.97,30.0,3.19,
2026-01-05,PKENT,dip,4.8,-0.02,168.5,1022.0,2026-01-05,163.445,stop,-3.03,-31.0,0.0,
2026-01-05,QUAGR,dip,20.5,0.039,2.92,1022.0,2026-01-05,2.8324,stop,-3.03,-31.0,0.0,
2026-01-05,RAYSG,dip,4.3,0.022,220.8,1022.0,2026-01-07,227.424,hedef,2.97,30.0,6.66,
2026-01-05,SASA,dip,2.3,0.087,2.92,1022.0,2026-01-07,2.8324,stop,-3.03,-31.0,1.03,
2026-01-05,SDTTR,dip,3.6,0.168,186.1,1022.0,2026-01-05,191.683,hedef,2.97,30.0,4.78,
2026-01-05,SONME,kirilim,10.0,0.992,185.0,1022.0,2026-01-05,179.45,stop,-3.03,-31.0,2.11,
2026-01-05,TAVHL,kirilim,2.2,0.997,310.75,1022.0,2026-01-08,320.0725,hedef,2.97,30.0,3.54,
2026-01-05,TCKRC,kirilim,2.4,0.997,62.45,1022.0,2026-01-06,64.3235,hedef,2.97,30.0,7.29,
2026-01-05,TKNSA,dip,2.1,0.155,22.24,1022.0,2026-01-08,22.9072,hedef,2.97,30.0,3.24,
2026-01-05,TRILC,dip,3.8,0.03,2.5199,1022.0,2026-01-07,2.5955,hedef,2.97,30.0,4.95,
2026-01-05,VSNMD,dip,2.4,0.063,92.5,1022.0,2026-01-05,95.275,hedef,2.97,30.0,3.24,
2026-01-05,ZOREN,dip,3.0,0.151,3.08,1022.0,2026-01-26,3.1724,hedef,2.97,30.0,3.25,
2026-01-06,ALFAS,dip,2.3,0.079,41.66,1217.0,2026-01-08,40.4102,stop,-3.03,-37.0,0.29,
2026-01-06,ALGYO,kirilim,2.0,1.015,4.8914,1217.0,2026-01-06,5.0382,hedef,2.97,36.0,5.37,
2026-01-06,ALVES,dip,2.7,0.195,2.72,1217.0,2026-01-07,2.6384,stop,-3.03,-37.0,1.84,
2026-01-06,CEMAS,dip,2.1,0.16,4.11,1217.0,2026-01-21,3.9867,stop,-3.03,-37.0,1.22,
2026-01-06,EMNIS,dip,2.1,0.013,161.0,1217.0,2026-01-07,165.83,hedef,2.97,36.0,4.35,
2026-01-06,ESCAR,dip,5.5,0.103,24.64,1217.0,2026-01-06,25.3792,hedef,2.97,36.0,3.17,
2026-01-06,FENER,dip,4.1,-0.04,3.19,1217.0,2026-01-07,3.0943,stop,-3.03,-37.0,0.0,
2026-01-06,HALKB,kirilim,4.1,1.047,43.08,1217.0,2026-01-07,44.3724,hedef,2.97,36.0,3.76,
2026-01-06,IEYHO,kirilim,2.5,0.991,68.4,1217.0,2026-01-06,70.452,hedef,2.97,36.0,3.8,
2026-01-06,JANTS,dip,2.6,0.132,20.12,1217.0,2026-01-06,20.7236,hedef,2.97,36.0,4.27,
2026-01-06,KRGYO,dip,2.9,0.127,3.07,1217.0,2026-01-07,2.9779,stop,-3.03,-37.0,2.28,
2026-01-06,MARKA,dip,2.2,0.174,40.36,1217.0,2026-01-07,39.1492,stop,-3.03,-37.0,0.15,
2026-01-06,MARTI,dip,2.2,0.086,1.7525,1217.0,2026-01-20,1.6999,stop,-3.03,-37.0,2.93,
2026-01-06,ODINE,kirilim,20.0,0.996,323.0,1217.0,2026-01-08,313.31,stop,-3.03,-37.0,0.7,
2026-01-06,PAMEL,dip,2.0,0.179,85.15,1217.0,2026-01-07,82.5955,stop,-3.03,-37.0,0.7,
2026-01-06,PKENT,dip,2.1,0.014,158.3,1217.0,2026-01-07,153.551,stop,-3.03,-37.0,2.72,
2026-01-06,RAYSG,dip,2.2,0.021,220.4,1217.0,2026-01-07,227.012,hedef,2.97,36.0,6.85,
2026-01-06,RYSAS,dip,2.2,0.172,13.88,1217.0,2026-01-07,14.2964,hedef,2.97,36.0,3.89,
2026-01-06,SARKY,kirilim,2.9,1.015,20.14,1217.0,2026-01-06,20.7442,hedef,2.97,36.0,6.75,
2026-01-06,SOKM,kirilim,2.4,1.02,52.25,1217.0,2026-01-09,53.8175,hedef,2.97,36.0,3.06,
2026-01-06,TCKRC,kirilim,2.2,1.094,66.75,1217.0,2026-01-07,68.7525,hedef,2.97,36.0,3.75,
2026-01-06,TDGYO,kirilim,2.2,1.05,41.42,1217.0,2026-01-09,40.1774,stop,-3.03,-37.0,2.75,
2026-01-06,TEKTU,dip,2.2,0.178,8.81,1217.0,2026-01-06,8.5457,stop,-3.03,-37.0,0.34,
2026-01-06,TKFEN,dip,4.6,0.139,73.45,1217.0,2026-01-08,71.2465,stop,-3.03,-37.0,1.7,
2026-01-06,TKNSA,dip,2.7,0.148,22.08,1217.0,2026-01-07,22.7424,hedef,2.97,36.0,3.17,
2026-01-06,TTRAK,dip,2.4,0.109,549.0,1217.0,2026-01-14,565.47,hedef,2.97,36.0,3.37,
2026-01-06,VAKBN,kirilim,3.7,0.99,33.44,1217.0,2026-01-09,32.4368,stop,-3.03,-37.0,1.61,
2026-01-07,AHSGY,kirilim,2.5,1.024,18.0,616.0,2026-01-07,18.54,hedef,2.97,18.0,4.0,
2026-01-07,ALCAR,dip,3.1,0.116,878.0,616.0,2026-01-07,851.66,stop,-3.03,-19.0,0.28,
2026-01-07,ALGYO,kirilim,2.1,1.019,5.2114,616.0,2026-01-08,5.3678,hedef,2.97,18.0,3.67,
2026-01-07,BAHKM,kirilim,2.1,0.989,79.55,616.0,2026-01-08,81.9365,hedef,2.97,18.0,5.22,
2026-01-07,CMBTN,dip,6.2,0.194,2014.0,616.0,2026-01-08,1953.58,stop,-3.03,-19.0,1.94,
2026-01-07,COSMO,kirilim,7.6,1.014,300.0,616.0,2026-01-08,291.0,stop,-3.03,-19.0,3.08,
2026-01-07,DGNMO,dip,4.9,0.04,4.94,616.0,2026-01-08,4.7918,stop,-3.03,-19.0,0.2,
2026-01-07,DNISI,dip,2.4,0.14,20.14,616.0,2026-01-08,19.5358,stop,-3.03,-19.0,1.49,
2026-01-07,EMNIS,dip,2.1,0.053,170.0,616.0,2026-01-12,164.9,stop,-3.03,-19.0,0.35,
2026-01-07,ESCAR,dip,2.4,0.117,25.48,616.0,2026-01-07,26.2444,hedef,2.97,18.0,3.22,
2026-01-07,FENER,dip,4.2,0.004,3.12,616.0,2026-01-07,3.2136,hedef,2.97,18.0,3.53,
2026-01-07,FORTE,kirilim,16.6,0.999,90.1,616.0,2026-01-07,92.803,hedef,2.97,18.0,3.22,
2026-01-07,GRTHO,dip,3.6,0.188,251.25,616.0,2026-01-07,258.7875,hedef,2.97,18.0,3.48,
2026-01-07,HALKB,kirilim,2.3,0.984,43.26,616.0,2026-01-08,41.9622,stop,-3.03,-19.0,0.65,
2026-01-07,HATEK,dip,3.1,0.164,15.46,616.0,2026-01-07,14.9962,stop,-3.03,-19.0,1.75,
2026-01-07,HEKTS,dip,2.3,0.148,3.19,616.0,2026-01-08,3.0943,stop,-3.03,-19.0,0.31,
2026-01-07,KCAER,dip,8.8,0.117,10.7,616.0,2026-01-07,10.379,stop,-3.03,-19.0,1.21,
2026-01-07,KONYA,dip,2.4,0.053,4615.0,616.0,2026-01-14,4476.55,stop,-3.03,-19.0,0.98,
2026-01-07,KRGYO,dip,15.0,0.133,3.09,616.0,2026-01-07,2.9973,stop,-3.03,-19.0,0.0,
2026-01-07,MACKO,dip,2.2,0.099,25.72,616.0,2026-01-08,24.9484,stop,-3.03,-19.0,0.7,
2026-01-07,MARTI,dip,3.2,0.099,1.7717,616.0,2026-01-08,1.7186,stop,-3.03,-19.0,1.81,
2026-01-07,MOBTL,kirilim,2.1,1.015,9.46,616.0,2026-01-08,9.1762,stop,-3.03,-19.0,0.85,
2026-01-07,NATEN,dip,2.7,0.173,9.53,616.0,2026-01-08,9.2441,stop,-3.03,-19.0,0.42,
2026-01-07,POLTK,dip,2.1,0.158,6725.0,616.0,2026-01-08,6523.25,stop,-3.03,-19.0,1.45,
2026-01-07,PRKME,dip,2.3,0.187,17.99,616.0,2026-01-16,17.4503,stop,-3.03,-19.0,2.11,
2026-01-07,RALYH,kirilim,2.1,1.0,234.4,616.0,2026-01-09,227.368,stop,-3.03,-19.0,0.17,
2026-01-07,RAYSG,dip,2.1,0.041,232.0,616.0,2026-01-07,225.04,stop,-3.03,-19.0,1.29,
2026-01-07,SASA,dip,2.9,0.097,2.95,616.0,2026-01-07,2.8615,stop,-3.03,-19.0,0.0,
2026-01-07,SEGMN,dip,3.8,0.128,18.87,616.0,2026-01-07,18.3039,stop,-3.03,-19.0,0.21,
2026-01-07,SERNT,dip,4.0,0.097,8.45,616.0,2026-01-07,8.1965,stop,-3.03,-19.0,1.18,
2026-01-07,SOKM,kirilim,2.3,0.995,52.85,616.0,2026-01-12,54.4355,hedef,2.97,18.0,3.5,
2026-01-07,TAVHL,kirilim,2.4,0.99,317.0,616.0,2026-01-12,326.51,hedef,2.97,18.0,3.15,
2026-01-07,TKFEN,dip,2.0,0.14,73.5,616.0,2026-01-08,71.295,stop,-3.03,-19.0,1.63,
2026-01-07,TKNSA,dip,3.5,0.167,22.52,616.0,2026-01-09,23.1956,hedef,2.97,18.0,3.37,
2026-01-07,TRILC,dip,3.1,0.048,2.5558,616.0,2026-01-07,2.6325,hedef,2.97,18.0,3.48,
2026-01-07,TTRAK,dip,2.7,0.133,557.5,616.0,2026-01-08,540.775,stop,-3.03,-19.0,0.0,
2026-01-07,YATAS,kirilim,2.0,1.022,41.18,616.0,2026-01-07,39.9446,stop,-3.03,-19.0,0.0,
2026-01-07,ZOREN,dip,2.5,0.183,3.14,616.0,2026-01-08,3.0458,stop,-3.03,-19.0,0.0,
2026-01-08,AGROT,dip,2.5,0.155,3.33,1736.0,2026-01-09,3.4299,hedef,2.97,52.0,5.11,
2026-01-08,ALGYO,kirilim,2.5,1.009,5.3229,1736.0,2026-01-12,5.1632,stop,-3.03,-53.0,2.52,
2026-01-08,ANGEN,dip,5.0,0.169,10.76,1736.0,2026-01-13,11.0828,hedef,2.97,52.0,3.07,
2026-01-08,ARENA,dip,2.7,0.078,28.26,1736.0,2026-01-08,29.1078,hedef,2.97,52.0,3.04,
2026-01-08,BTCIM,dip,2.6,0.128,3.66,1736.0,2026-01-08,3.7698,hedef,2.97,52.0,3.28,
2026-01-08,ELITE,dip,2.2,0.002,27.62,1736.0,2026-01-13,28.4486,hedef,2.97,52.0,3.55,
2026-01-08,FORMT,dip,2.1,0.146,2.95,1736.0,2026-01-08,3.0385,hedef,2.97,52.0,4.41,
2026-01-08,FORTE,kirilim,3.1,0.978,92.45,1736.0,2026-01-08,89.6765,stop,-3.03,-53.0,0.0,
2026-01-08,GMTAS,kirilim,2.2,0.918,22.9967,1736.0,2026-01-08,23.6866,hedef,2.97,52.0,8.67,
2026-01-08,GOODY,dip,4.3,0.163,14.77,1736.0,2026-01-15,15.2131,hedef,2.97,52.0,3.05,
2026-01-08,GRTHO,dip,2.8,0.153,233.5,1736.0,2026-01-08,240.505,hedef,2.97,52.0,3.04,
2026-01-08,HEKTS,dip,4.8,0.061,2.98,1736.0,2026-01-14,2.8906,stop,-3.03,-53.0,2.01,
2026-01-08,KLSYN,kirilim,19.5,1.076,8.24,1736.0,2026-01-08,7.9928,stop,-3.03,-53.0,0.0,
2026-01-08,KRDMA,dip,6.6,0.052,25.26,1736.0,2026-01-13,26.0178,hedef,2.97,52.0,3.72,
2026-01-08,LINK,dip,2.4,0.022,5.2634,1736.0,2026-01-08,5.4213,hedef,2.97,52.0,5.05,
2026-01-08,MTRYO,kirilim,3.4,1.083,11.48,1736.0,2026-01-08,11.1356,stop,-3.03,-53.0,0.0,
2026-01-08,NATEN,dip,3.8,0.158,9.37,1736.0,2026-01-08,9.6511,hedef,2.97,52.0,3.95,
2026-01-08,ORGE,dip,2.4,0.029,66.15,1736.0,2026-01-13,68.1345,hedef,2.97,52.0,3.55,
2026-01-08,RAYSG,dip,3.5,0.019,219.2,1736.0,2026-01-19,225.776,hedef,2.97,52.0,3.01,
2026-01-08,REEDR,dip,2.3,0.016,6.64,1736.0,2026-01-08,6.8392,hedef,2.97,52.0,5.72,
2026-01-08,RUBNS,kirilim,2.5,1.041,29.7,1736.0,2026-01-08,30.591,hedef,2.97,52.0,3.7,
2026-01-08,SANFM,dip,2.0,0.136,7.28,1736.0,2026-01-09,7.0616,stop,-3.03,-53.0,2.06,
2026-01-08,SARKY,kirilim,2.5,1.049,24.5,1736.0,2026-01-08,23.765,stop,-3.03,-53.0,0.0,
2026-01-08,SASA,dip,5.6,0.0,2.66,1736.0,2026-01-08,2.5802,stop,-3.03,-53.0,0.0,
2026-01-08,TKNSA,dip,2.1,0.152,22.18,1736.0,2026-01-09,22.8454,hedef,2.97,52.0,3.25,
2026-01-08,VESBE,dip,2.7,0.018,7.79,1736.0,2026-01-16,8.0237,hedef,2.97,52.0,3.21,
2026-01-09,ALTNY,dip,2.3,0.176,16.05,2133.0,2026-01-09,16.5315,hedef,2.97,63.0,3.86,
2026-01-09,ARENA,dip,2.3,0.088,28.56,2133.0,2026-01-12,29.4168,hedef,2.97,63.0,3.85,
2026-01-09,BORLS,dip,2.0,-0.009,3.62,2133.0,2026-01-12,3.5114,stop,-3.03,-65.0,0.28,
2026-01-09,EDATA,kirilim,2.3,1.084,8.95,2133.0,2026-01-09,9.2185,hedef,2.97,63.0,3.35,
2026-01-09,GOKNR,dip,3.3,0.137,20.4,2133.0,2026-01-09,21.012,hedef,2.97,63.0,7.65,
2026-01-09,IHYAY,dip,4.4,0.021,1.93,2133.0,2026-01-12,1.9879,hedef,2.97,63.0,3.11,
2026-01-09,KRDMA,dip,3.3,0.051,25.22,2133.0,2026-01-13,25.9766,hedef,2.97,63.0,3.89,
2026-01-09,KRGYO,dip,2.2,0.115,3.02,2133.0,2026-01-21,2.9294,stop,-3.03,-65.0,2.98,
2026-01-09,LINK,dip,3.0,0.032,5.4121,2133.0,2026-01-12,5.5745,hedef,2.97,63.0,4.78,
2026-01-09,NATEN,dip,3.4,0.193,9.74,2133.0,2026-01-12,9.4478,stop,-3.03,-65.0,0.1,
2026-01-09,NUHCM,dip,2.9,0.197,219.5,2133.0,2026-01-14,226.085,hedef,2.97,63.0,3.05,
2026-01-09,ORGE,dip,2.2,0.047,66.95,2133.0,2026-01-13,68.9585,hedef,2.97,63.0,4.63,
2026-01-09,PGSUS,dip,4.7,0.19,209.8,2133.0,2026-01-09,203.506,stop,-3.03,-65.0,0.05,
2026-01-09,REEDR,dip,2.3,0.04,6.85,2133.0,2026-01-12,6.6445,stop,-3.03,-65.0,2.77,
2026-01-09,SARKY,kirilim,3.9,0.994,24.72,2133.0,2026-01-12,25.4616,hedef,2.97,63.0,7.2,
2026-01-09,SASA,dip,8.5,-0.051,2.37,2133.0,2026-01-09,2.2989,stop,-3.03,-65.0,1.27,
2026-01-09,SOKM,kirilim,2.6,0.998,53.55,2133.0,2026-01-12,55.1565,hedef,2.97,63.0,3.55,
2026-01-09,TEZOL,dip,2.2,0.03,11.89,2133.0,2026-01-16,12.2467,hedef,2.97,63.0,4.21,
2026-01-09,TKNSA,dip,2.3,0.18,22.82,2133.0,2026-01-16,23.5046,hedef,2.97,63.0,3.42,
2026-01-09,TRILC,dip,2.7,0.115,2.6962,2133.0,2026-01-15,2.6153,stop,-3.03,-65.0,2.26,
2026-01-09,TUCLK,dip,4.3,0.162,4.5,2133.0,2026-01-12,4.365,stop,-3.03,-65.0,1.33,
2026-01-12,AKYHO,dip,2.5,0.131,2.69,592.0,2026-01-14,2.6093,stop,-3.03,-18.0,1.12,
2026-01-12,ALCAR,dip,2.0,0.082,857.5,592.0,2026-01-15,883.225,hedef,2.97,18.0,3.21,
2026-01-12,ALFAS,dip,2.0,0.049,40.2,592.0,2026-01-14,41.406,hedef,2.97,18.0,3.58,
2026-01-12,ARENA,dip,2.4,0.103,28.98,592.0,2026-01-12,29.8494,hedef,2.97,18.0,3.45,
2026-01-12,ASTOR,kirilim,2.3,1.016,131.4,592.0,2026-01-12,135.342,hedef,2.97,18.0,3.04,
2026-01-12,BANVT,dip,3.4,0.085,171.2,592.0,2026-01-13,176.336,hedef,2.97,18.0,4.15,
2026-01-12,BORLS,dip,9.0,-0.004,3.46,592.0,2026-01-12,3.3562,stop,-3.03,-18.0,0.0,
2026-01-12,BRLSM,dip,5.1,0.191,13.66,592.0,2026-01-14,14.0698,hedef,2.97,18.0,7.61,
2026-01-12,CCOLA,kirilim,2.2,0.997,63.2,592.0,2026-01-14,65.096,hedef,2.97,18.0,3.8,
2026-01-12,EDATA,kirilim,3.4,0.973,9.09,592.0,2026-01-12,9.3627,hedef,2.97,18.0,4.51,
2026-01-12,EMNIS,dip,2.5,0.018,162.0,592.0,2026-01-12,166.86,hedef,2.97,18.0,3.15,
2026-01-12,ESEN,dip,2.2,0.12,5.72,592.0,2026-01-13,5.8916,hedef,2.97,18.0,3.15,
2026-01-12,FENER,dip,5.1,0.053,3.18,592.0,2026-01-12,3.0846,stop,-3.03,-18.0,0.0,
2026-01-12,FORTE,kirilim,2.1,1.012,97.95,592.0,2026-01-14,95.0115,stop,-3.03,-18.0,2.91,
2026-01-12,GOLTS,dip,2.4,0.172,331.0,592.0,2026-01-14,340.93,hedef,2.97,18.0,3.02,
2026-01-12,GRTHO,dip,2.4,0.185,250.75,592.0,2026-01-13,243.2275,stop,-3.03,-18.0,0.7,
2026-01-12,HATEK,dip,2.0,0.123,14.99,592.0,2026-01-13,15.4397,hedef,2.97,18.0,3.94,
2026-01-12,IHLAS,dip,2.8,0.138,2.34,592.0,2026-01-12,2.4102,hedef,2.97,18.0,4.27,
2026-01-12,IHYAY,dip,4.4,0.0,1.89,592.0,2026-01-12,1.9467,hedef,2.97,18.0,4.23,
2026-01-12,KCAER,dip,2.1,0.117,10.7,592.0,2026-01-13,11.021,hedef,2.97,18.0,4.67,
2026-01-12,KENT,dip,2.0,0.105,463.5803,592.0,2026-01-19,477.4877,hedef,2.97,18.0,7.63,
2026-01-12,KLGYO,kirilim,17.4,0.992,7.69,592.0,2026-01-12,7.9207,hedef,2.97,18.0,6.89,
2026-01-12,KONYA,dip,2.9,0.018,4530.0,592.0,2026-02-16,4665.9,hedef,2.97,18.0,3.09,
2026-01-12,KRGYO,dip,2.1,0.11,3.0,592.0,2026-01-13,3.09,hedef,2.97,18.0,3.67,
2026-01-12,KRVGD,kirilim,3.7,1.054,2.96,592.0,2026-01-14,2.8712,stop,-3.03,-18.0,1.69,
2026-01-12,LINK,dip,2.3,0.047,5.617,592.0,2026-01-13,5.7855,hedef,2.97,18.0,4.91,
2026-01-12,MAGEN,kirilim,8.2,0.996,41.5,592.0,2026-01-13,42.745,hedef,2.97,18.0,3.37,
2026-01-12,MARTI,dip,2.4,0.086,1.7525,592.0,2026-01-20,1.6999,stop,-3.03,-18.0,2.56,
2026-01-12,MEDTR,dip,4.4,0.119,29.04,592.0,2026-01-13,29.9112,hedef,2.97,18.0,5.79,
2026-01-12,MOBTL,kirilim,3.1,1.013,9.62,592.0,2026-01-13,9.3314,stop,-3.03,-18.0,0.83,
2026-01-12,MOGAN,dip,3.2,0.181,8.28,592.0,2026-01-15,8.5284,hedef,2.97,18.0,3.74,
2026-01-12,NATEN,dip,3.9,0.156,9.35,592.0,2026-01-13,9.0695,stop,-3.03,-18.0,2.35,
2026-01-12,ORGE,dip,10.2,0.051,67.15,592.0,2026-01-13,69.1645,hedef,2.97,18.0,4.32,
2026-01-12,PRKME,dip,2.4,0.2,18.16,592.0,2026-01-15,17.6152,stop,-3.03,-18.0,1.16,
2026-01-12,RAYSG,dip,2.6,0.016,217.5,592.0,2026-01-15,224.025,hedef,2.97,18.0,3.4,
2026-01-12,REEDR,dip,2.1,0.041,6.85,592.0,2026-01-13,7.0555,hedef,2.97,18.0,3.21,
2026-01-12,SARKY,kirilim,5.1,1.007,25.42,592.0,2026-01-12,26.1826,hedef,2.97,18.0,5.66,
2026-01-12,SASA,dip,2.9,0.018,2.35,592.0,2026-01-19,2.4205,hedef,2.97,18.0,3.83,
2026-01-12,SMRVA,dip,2.4,0.174,21.7703,592.0,2026-01-12,21.1172,stop,-3.03,-18.0,0.0,
2026-01-12,SOKM,kirilim,2.5,1.045,55.1,592.0,2026-01-16,56.753,hedef,2.97,18.0,3.27,
2026-01-12,TEKTU,dip,2.1,0.178,8.81,592.0,2026-01-12,8.5457,stop,-3.03,-18.0,0.0,
2026-01-12,TKNSA,dip,2.1,0.196,23.18,592.0,2026-01-19,23.8754,hedef,2.97,18.0,3.8,
2026-01-12,TRILC,dip,3.8,0.113,2.6916,592.0,2026-01-15,2.6108,stop,-3.03,-18.0,2.43,
2026-01-12,TUCLK,dip,3.7,0.162,4.5,592.0,2026-01-13,4.365,stop,-3.03,-18.0,0.89,
2026-01-13,AHSGY,kirilim,3.7,1.067,24.2,937.0,2026-01-14,24.926,hedef,2.97,28.0,3.39,
2026-01-13,ARENA,dip,9.9,0.152,30.4,937.0,2026-01-13,31.312,hedef,2.97,28.0,5.39,
2026-01-13,BANVT,dip,2.0,0.083,170.9,937.0,2026-01-13,176.027,hedef,2.97,28.0,3.63,
2026-01-13,BIMAS,kirilim,2.1,1.045,321.25,937.0,2026-01-14,311.6125,stop,-3.03,-28.0,2.02,
2026-01-13,BORLS,dip,8.0,-0.007,3.03,937.0,2026-01-13,3.1209,hedef,2.97,28.0,3.63,
2026-01-13,BRMEN,kirilim,7.2,1.062,12.79,937.0,2026-01-14,12.4063,stop,-3.03,-28.0,0.0,
2026-01-13,BRSAN,kirilim,3.1,1.031,595.5,937.0,2026-01-13,613.365,hedef,2.97,28.0,3.27,
2026-01-13,ELITE,dip,2.3,0.041,27.96,937.0,2026-01-14,28.7988,hedef,2.97,28.0,3.72,
2026-01-13,EMKEL,dip,2.0,0.071,22.34,937.0,2026-01-13,23.0102,hedef,2.97,28.0,7.61,
2026-01-13,FENER,dip,4.5,0.045,3.16,937.0,2026-01-13,3.2548,hedef,2.97,28.0,3.8,
2026-01-13,GSRAY,dip,3.3,0.033,1.16,937.0,2026-01-15,1.1948,hedef,2.97,28.0,3.45,
2026-01-13,GZNMI,dip,2.1,0.007,44.34,937.0,2026-01-13,43.0098,stop,-3.03,-28.0,1.13,
2026-01-13,HATEK,dip,3.0,0.15,15.92,937.0,2026-01-13,16.3976,hedef,2.97,28.0,3.08,
2026-01-13,HUNER,dip,3.6,0.016,3.1,937.0,2026-01-14,3.193,hedef,2.97,28.0,3.23,
2026-01-13,KARSN,dip,2.2,0.162,9.38,937.0,2026-01-14,9.6614,hedef,2.97,28.0,5.01,
2026-01-13,KCAER,dip,2.1,0.144,10.88,937.0,2026-01-14,11.2064,hedef,2.97,28.0,3.22,
2026-01-13,KORDS,dip,4.9,0.135,51.25,937.0,2026-01-23,52.7875,hedef,2.97,28.0,3.8,
2026-01-13,KRGYO,dip,2.2,0.117,3.03,937.0,2026-01-21,2.9391,stop,-3.03,-28.0,0.99,
2026-01-13,KRTEK,dip,2.3,0.169,25.3,937.0,2026-01-14,26.059,hedef,2.97,28.0,5.14,
2026-01-13,LILAK,kirilim,2.4,1.042,32.5,937.0,2026-01-13,33.475,hedef,2.97,28.0,3.14,
2026-01-13,MOBTL,kirilim,2.1,1.072,10.15,937.0,2026-01-15,9.8455,stop,-3.03,-28.0,0.2,
2026-01-13,NATEN,dip,3.3,0.17,9.5,937.0,2026-01-13,9.215,stop,-3.03,-28.0,0.0,
2026-01-13,ORGE,dip,10.5,0.081,68.5,937.0,2026-01-16,70.555,hedef,2.97,28.0,3.36,
2026-01-13,PAMEL,dip,2.0,0.151,83.35,937.0,2026-01-16,85.8505,hedef,2.97,28.0,3.48,
2026-01-13,PAPIL,dip,2.2,0.174,17.22,937.0,2026-01-13,16.7034,stop,-3.03,-28.0,0.29,
2026-01-13,PLTUR,dip,4.0,0.087,21.14,937.0,2026-01-20,21.7742,hedef,2.97,28.0,3.03,
2026-01-13,SKYMD,dip,3.8,0.135,12.34,937.0,2026-01-14,11.9698,stop,-3.03,-28.0,0.89,
2026-01-13,SMRVA,dip,2.4,0.142,18.663,937.0,2026-01-13,19.2229,hedef,2.97,28.0,3.27,
2026-01-13,TCKRC,kirilim,2.4,1.024,82.7,937.0,2026-01-13,80.219,stop,-3.03,-28.0,0.36,
2026-01-13,TRILC,dip,2.1,0.088,2.6401,937.0,2026-01-16,2.7193,hedef,2.97,28.0,3.07,
2026-01-13,VSNMD,dip,2.2,0.061,91.35,937.0,2026-01-15,94.0905,hedef,2.97,28.0,3.12,
2026-01-13,ZOREN,dip,2.6,0.174,3.1,937.0,2026-01-26,3.193,hedef,2.97,28.0,3.23,
2026-01-14,ALCAR,dip,2.9,0.103,870.0,733.0,2026-01-19,896.1,hedef,2.97,22.0,3.16,
2026-01-14,ALFAS,dip,2.4,0.068,41.12,733.0,2026-01-16,42.3536,hedef,2.97,22.0,5.45,
2026-01-14,ARENA,dip,2.2,0.173,30.98,733.0,2026-01-14,30.0506,stop,-3.03,-22.0,0.0,
2026-01-14,ASTOR,kirilim,2.2,1.053,145.5,733.0,2026-01-15,149.865,hedef,2.97,22.0,4.12,
2026-01-14,BESLR,dip,2.3,0.111,12.71,733.0,2026-01-15,13.0913,hedef,2.97,22.0,4.01,
2026-01-14,BORLS,dip,8.6,-0.001,2.97,733.0,2026-01-14,2.8809,stop,-3.03,-22.0,0.0,
2026-01-14,BSOKE,kirilim,12.9,0.912,22.0,733.0,2026-01-14,22.66,hedef,2.97,22.0,6.73,
2026-01-14,CCOLA,kirilim,3.6,1.086,65.25,733.0,2026-01-14,67.2075,hedef,2.97,22.0,3.14,
2026-01-14,CEMAS,dip,2.8,0.161,4.12,733.0,2026-01-21,3.9964,stop,-3.03,-22.0,0.97,
2026-01-14,CLEBI,dip,2.5,0.097,1610.0,733.0,2026-01-14,1658.3,hedef,2.97,22.0,8.88,
2026-01-14,DCTTR,dip,9.2,0.155,9.21,733.0,2026-01-14,9.4863,hedef,2.97,22.0,3.47,
2026-01-14,DNISI,dip,6.5,0.138,20.0,733.0,2026-01-23,20.6,hedef,2.97,22.0,3.0,
2026-01-14,DYOBY,dip,2.2,0.062,13.27,733.0,2026-01-15,13.6681,hedef,2.97,22.0,3.84,
2026-01-14,FENER,dip,2.2,0.109,3.32,733.0,2026-01-14,3.4196,hedef,2.97,22.0,3.01,
2026-01-14,GSRAY,dip,2.1,0.033,1.16,733.0,2026-01-15,1.1948,hedef,2.97,22.0,3.45,
2026-01-14,HUNER,dip,2.3,0.052,3.17,733.0,2026-01-19,3.2651,hedef,2.97,22.0,3.79,
2026-01-14,ISSEN,dip,2.4,0.192,7.34,733.0,2026-01-26,7.5602,hedef,2.97,22.0,4.36,
2026-01-14,KARSN,dip,3.4,0.193,9.52,733.0,2026-01-14,9.8056,hedef,2.97,22.0,3.47,
2026-01-14,KARTN,dip,2.1,0.058,78.65,733.0,2026-01-15,81.0095,hedef,2.97,22.0,3.37,
2026-01-14,KCAER,dip,2.4,0.153,10.94,733.0,2026-01-16,11.2682,hedef,2.97,22.0,3.29,
2026-01-14,KENT,dip,2.1,0.118,466.9154,733.0,2026-01-15,452.9079,stop,-3.03,-22.0,0.07,
2026-01-14,KLSER,dip,2.7,0.037,26.88,733.0,2026-01-19,27.6864,hedef,2.97,22.0,3.05,
2026-01-14,KTLEV,kirilim,2.2,0.993,34.16,733.0,2026-01-14,33.1352,stop,-3.03,-22.0,0.0,
2026-01-14,LILAK,kirilim,2.9,0.998,33.5,733.0,2026-01-14,32.495,stop,-3.03,-22.0,0.66,
2026-01-14,MARKA,dip,2.3,0.026,34.54,733.0,2026-01-14,35.5762,hedef,2.97,22.0,4.46,
2026-01-14,MARTI,dip,2.7,0.095,1.7653,733.0,2026-01-20,1.7124,stop,-3.03,-22.0,1.45,
2026-01-14,MEDTR,dip,2.3,0.195,30.84,733.0,2026-01-14,29.9148,stop,-3.03,-22.0,0.0,
2026-01-14,MEGAP,dip,3.9,0.152,2.9,733.0,2026-01-20,2.813,stop,-3.03,-22.0,1.38,
2026-01-14,MEGMT,kirilim,2.0,0.985,58.65,733.0,2026-01-15,56.8905,stop,-3.03,-22.0,1.02,
2026-01-14,MERCN,dip,2.7,0.089,16.49,733.0,2026-01-14,16.9847,hedef,2.97,22.0,3.27,
2026-01-14,MTRYO,kirilim,2.5,0.857,12.08,733.0,2026-01-14,12.4424,hedef,2.97,22.0,5.63,
2026-01-14,NATEN,dip,6.3,0.169,9.49,733.0,2026-01-15,9.2053,stop,-3.03,-22.0,2.74,
2026-01-14,ODINE,kirilim,2.3,1.004,336.0,733.0,2026-01-14,346.08,hedef,2.97,22.0,3.57,
2026-01-14,ORGE,dip,2.1,0.07,68.0,733.0,2026-01-16,70.04,hedef,2.97,22.0,3.53,
2026-01-14,PENTA,dip,2.8,0.195,13.55,733.0,2026-01-19,13.9565,hedef,2.97,22.0,3.99,
2026-01-14,POLTK,dip,18.1,0.085,6160.0,733.0,2026-01-16,6344.8,hedef,2.97,22.0,5.19,
2026-01-14,REEDR,dip,3.0,0.072,7.09,733.0,2026-01-14,7.3027,hedef,2.97,22.0,4.8,
2026-01-14,SARKY,kirilim,3.4,1.004,29.96,733.0,2026-01-14,30.8588,hedef,2.97,22.0,5.07,
2026-01-14,TOASO,kirilim,2.5,1.009,288.0,733.0,2026-01-14,279.36,stop,-3.03,-22.0,0.0,
2026-01-14,TUPRS,kirilim,2.4,1.041,213.1,733.0,2026-01-14,219.493,hedef,2.97,22.0,3.47,
2026-01-14,VANGD,kirilim,23.4,1.033,59.85,733.0,2026-01-14,58.0545,stop,-3.03,-22.0,0.0,
2026-01-14,VESBE,dip,2.3,0.032,7.92,733.0,2026-01-16,8.1576,hedef,2.97,22.0,4.29,
2026-01-14,VESTL,dip,2.2,0.027,29.54,733.0,2026-01-19,30.4262,hedef,2.97,22.0,3.79,
2026-01-14,YEOTK,dip,3.7,0.19,37.78,733.0,2026-01-15,38.9134,hedef,2.97,22.0,3.55,
2026-01-15,AKYHO,dip,5.3,0.104,2.63,1089.0,2026-01-16,2.7089,hedef,2.97,32.0,3.04,
2026-01-15,ALFAS,dip,2.2,0.069,41.2,1089.0,2026-01-16,42.436,hedef,2.97,32.0,5.24,
2026-01-15,ASTOR,kirilim,2.1,0.992,147.0,1089.0,2026-01-16,151.41,hedef,2.97,32.0,3.06,
2026-01-15,ATAKP,kirilim,13.9,1.0,58.0,1089.0,2026-01-15,59.74,hedef,2.97,32.0,6.29,
2026-01-15,BESLR,dip,5.3,0.163,13.09,1089.0,2026-01-16,13.4827,hedef,2.97,32.0,3.36,
2026-01-15,BFREN,dip,4.8,0.158,159.7,1089.0,2026-01-15,164.491,hedef,2.97,32.0,3.38,
2026-01-15,BIENY,dip,4.0,0.026,23.44,1089.0,2026-01-27,24.1432,hedef,2.97,32.0,3.5,
2026-01-15,BORLS,dip,5.4,-0.006,2.65,1089.0,2026-01-15,2.7295,hedef,2.97,32.0,10.57,
2026-01-15,CCOLA,kirilim,2.7,1.013,68.35,1089.0,2026-01-16,70.4005,hedef,2.97,32.0,3.29,
2026-01-15,ELITE,dip,6.6,0.092,29.0,1089.0,2026-01-16,29.87,hedef,2.97,32.0,3.17,
2026-01-15,EMKEL,dip,2.2,0.078,23.56,1089.0,2026-01-15,22.8532,stop,-3.03,-33.0,0.0,
2026-01-15,ESCAR,dip,5.3,0.165,28.36,1089.0,2026-01-16,27.5092,stop,-3.03,-33.0,1.13,
2026-01-15,FENER,dip,3.6,0.166,3.46,1089.0,2026-01-15,3.5638,hedef,2.97,32.0,3.76,
2026-01-15,FORMT,dip,3.8,0.131,2.92,1089.0,2026-01-16,3.0076,hedef,2.97,32.0,4.11,
2026-01-15,GOKNR,dip,2.4,0.192,20.86,1089.0,2026-01-15,21.4858,hedef,2.97,32.0,3.07,
2026-01-15,GSRAY,dip,2.2,0.066,1.18,1089.0,2026-01-15,1.2154,hedef,2.97,32.0,3.39,
2026-01-15,HUNER,dip,2.9,0.067,3.2,1089.0,2026-01-19,3.296,hedef,2.97,32.0,3.12,
2026-01-15,ISSEN,dip,2.9,0.182,7.31,1089.0,2026-01-20,7.5293,hedef,2.97,32.0,3.15,
2026-01-15,KARTN,dip,2.5,0.08,80.0,1089.0,2026-01-15,82.4,hedef,2.97,32.0,3.5,
2026-01-15,KENT,dip,3.2,0.119,467.2489,1089.0,2026-01-19,481.2664,hedef,2.97,32.0,6.78,
2026-01-15,LIDFA,kirilim,2.9,0.984,2.52,1089.0,2026-01-15,2.5956,hedef,2.97,32.0,3.57,
2026-01-15,MACKO,dip,2.1,0.142,26.78,1089.0,2026-01-15,25.9766,stop,-3.03,-33.0,0.15,
2026-01-15,MARKA,dip,2.3,0.089,37.0,1089.0,2026-01-15,35.89,stop,-3.03,-33.0,0.7,
2026-01-15,MEGAP,dip,2.4,0.133,2.82,1089.0,2026-01-15,2.9046,hedef,2.97,32.0,3.55,
2026-01-15,MTRYO,kirilim,3.6,0.97,12.9,1089.0,2026-01-15,12.513,stop,-3.03,-33.0,3.88,
2026-01-15,ONCSM,kirilim,18.6,0.993,299.5,1089.0,2026-01-15,308.485,hedef,2.97,32.0,4.26,
2026-01-15,QUAGR,dip,2.8,0.024,2.65,1089.0,2026-01-16,2.7295,hedef,2.97,32.0,3.4,
2026-01-15,RUBNS,kirilim,2.8,0.954,31.34,1089.0,2026-01-15,32.2802,hedef,2.97,32.0,3.7,
2026-01-15,RYGYO,kirilim,2.5,1.012,26.08,1089.0,2026-01-15,26.8624,hedef,2.97,32.0,3.45,
2026-01-15,SMRVA,dip,2.9,0.128,17.3847,1089.0,2026-01-15,16.8632,stop,-3.03,-33.0,0.0,
2026-01-15,TRILC,dip,2.3,0.075,2.612,1089.0,2026-01-15,2.6903,hedef,2.97,32.0,3.94,
2026-01-15,TTRAK,dip,2.4,0.171,571.0,1089.0,2026-01-21,553.87,stop,-3.03,-33.0,1.75,
2026-01-15,TUREX,dip,2.5,0.008,7.25,1089.0,2026-01-23,7.4675,hedef,2.97,32.0,4.0,
2026-01-15,VRGYO,dip,3.4,0.191,2.6,1089.0,2026-01-15,2.522,stop,-3.03,-33.0,1.92,
2026-01-15,VSNMD,dip,2.2,0.064,93.75,1089.0,2026-01-15,90.9375,stop,-3.03,-33.0,0.0,
2026-01-15,YIGIT,dip,2.9,0.107,22.98,1089.0,2026-01-15,23.6694,hedef,2.97,32.0,3.05,
2026-01-15,ZOREN,dip,2.0,0.141,3.03,1089.0,2026-01-19,3.1209,hedef,2.97,32.0,3.96,
2026-01-16,ADGYO,kirilim,3.2,1.0,66.05,1303.0,2026-01-16,64.0685,stop,-3.03,-40.0,0.68,
2026-01-16,ALFAS,dip,8.3,0.099,42.64,1303.0,2026-01-21,41.3608,stop,-3.03,-40.0,1.74,
2026-01-16,ALGYO,kirilim,2.4,1.003,5.58,1303.0,2026-01-16,5.4126,stop,-3.03,-40.0,0.54,
2026-01-16,ARENA,dip,2.8,0.17,30.9,1303.0,2026-01-20,29.973,stop,-3.03,-40.0,1.17,
2026-01-16,ARSAN,kirilim,3.3,1.02,4.18,1303.0,2026-01-16,4.0546,stop,-3.03,-40.0,0.72,
2026-01-16,ATAKP,kirilim,3.8,1.004,61.75,1303.0,2026-01-16,59.8975,stop,-3.03,-40.0,0.0,
2026-01-16,BANVT,dip,2.1,0.112,175.8,1303.0,2026-01-16,181.074,hedef,2.97,39.0,4.84,
2026-01-16,BEGYO,dip,2.9,0.025,5.01,1303.0,2026-01-16,5.1603,hedef,2.97,39.0,4.59,
2026-01-16,BESLR,dip,5.1,0.197,13.33,1303.0,2026-01-16,13.7299,hedef,2.97,39.0,3.23,
2026-01-16,BORLS,dip,2.9,0.019,3.19,1303.0,2026-01-16,3.0943,stop,-3.03,-40.0,0.63,
2026-01-16,BYDNR,kirilim,4.6,1.083,32.9,1303.0,2026-01-16,31.913,stop,-3.03,-40.0,0.0,
2026-01-16,CCOLA,kirilim,2.0,1.041,70.45,1303.0,2026-01-16,72.5635,hedef,2.97,39.0,3.83,
2026-01-16,DCTTR,dip,3.8,0.072,8.58,1303.0,2026-01-16,8.3226,stop,-3.03,-40.0,2.56,
2026-01-16,DNISI,dip,2.1,0.131,19.92,1303.0,2026-01-23,20.5176,hedef,2.97,39.0,3.41,
2026-01-16,EBEBK,kirilim,3.8,0.987,61.65,1303.0,2026-01-19,63.4995,hedef,2.97,39.0,3.41,
2026-01-16,EKGYO,kirilim,2.9,1.036,22.46,1303.0,2026-01-19,23.1338,hedef,2.97,39.0,3.65,
2026-01-16,FORMT,dip,2.4,0.152,2.96,1303.0,2026-01-16,3.0488,hedef,2.97,39.0,3.04,
2026-01-16,GSRAY,dip,2.3,0.082,1.19,1303.0,2026-02-09,1.2257,hedef,2.97,39.0,3.36,
2026-01-16,KCAER,dip,3.5,0.18,11.12,1303.0,2026-01-19,11.4536,hedef,2.97,39.0,3.33,
2026-01-16,KENT,dip,2.2,0.125,468.583,1303.0,2026-01-19,482.6404,hedef,2.97,39.0,6.48,
2026-01-16,KRDMA,dip,2.4,0.108,27.1,1303.0,2026-01-19,27.913,hedef,2.97,39.0,3.32,
2026-01-16,LINK,dip,3.3,0.062,5.8219,1303.0,2026-01-19,5.9965,hedef,2.97,39.0,4.19,
2026-01-16,MEGMT,kirilim,2.1,0.977,60.25,1303.0,2026-01-22,62.0575,hedef,2.97,39.0,4.9,
2026-01-16,MGROS,kirilim,2.6,1.091,642.5,1303.0,2026-01-20,623.225,stop,-3.03,-40.0,1.95,
2026-01-16,MPARK,kirilim,2.0,1.173,434.5,1303.0,2026-01-21,421.465,stop,-3.03,-40.0,1.96,
2026-01-16,ONCSM,kirilim,2.8,1.031,319.5,1303.0,2026-01-16,309.915,stop,-3.03,-40.0,0.0,
2026-01-16,ORGE,dip,2.5,0.142,71.25,1303.0,2026-01-21,69.1125,stop,-3.03,-40.0,1.61,
2026-01-16,PGSUS,dip,2.8,0.104,201.5,1303.0,2026-02-03,207.545,hedef,2.97,39.0,3.13,
2026-01-16,POLTK,dip,2.4,0.134,6537.5,1303.0,2026-01-16,6733.625,hedef,2.97,39.0,3.1,
2026-01-16,PRKME,dip,4.0,0.178,17.86,1303.0,2026-01-16,17.3242,stop,-3.03,-40.0,0.0,
2026-01-16,SEGMN,kirilim,19.2,1.034,27.98,1303.0,2026-01-16,28.8194,hedef,2.97,39.0,3.43,
2026-01-16,SMRVA,dip,3.3,0.087,13.3335,1303.0,2026-01-19,12.9335,stop,-3.03,-40.0,0.81,
2026-01-16,TEZOL,dip,5.8,0.055,12.15,1303.0,2026-01-26,12.5145,hedef,2.97,39.0,3.05,
2026-01-16,TOASO,kirilim,2.0,1.011,289.5,1303.0,2026-01-20,280.815,stop,-3.03,-40.0,0.0,
2026-01-16,TRILC,dip,2.2,0.115,2.6962,1303.0,2026-01-21,2.6153,stop,-3.03,-40.0,1.45,
2026-01-16,VRGYO,dip,4.5,0.142,2.49,1303.0,2026-01-19,2.5647,hedef,2.97,39.0,3.21,
2026-01-19,BANVT,dip,3.4,0.153,182.5,1094.0,2026-01-21,177.025,stop,-3.03,-33.0,1.26,
2026-01-19,BEGYO,dip,3.7,0.026,5.02,1094.0,2026-01-21,4.8694,stop,-3.03,-33.0,2.79,
2026-01-19,BIGEN,dip,2.4,0.071,9.31,1094.0,2026-01-21,9.0307,stop,-3.03,-33.0,0.64,
2026-01-19,DCTTR,dip,3.1,-0.048,7.55,1094.0,2026-01-19,7.7765,hedef,2.97,32.0,3.18,
2026-01-19,DERHL,dip,2.3,0.01,14.36,1094.0,2026-01-19,13.9292,stop,-3.03,-33.0,0.0,
2026-01-19,DGNMO,dip,9.1,0.067,5.04,1094.0,2026-01-21,4.8888,stop,-3.03,-33.0,0.4,
2026-01-19,DYOBY,dip,2.3,0.088,13.76,1094.0,2026-01-21,13.3472,stop,-3.03,-33.0,0.87,
2026-01-19,EMNIS,dip,2.4,0.068,173.3,1094.0,2026-01-21,168.101,stop,-3.03,-33.0,0.4,
2026-01-19,EUPWR,kirilim,2.4,0.975,39.82,1094.0,2026-01-19,41.0146,hedef,2.97,32.0,5.37,
2026-01-19,FORMT,dip,3.9,0.167,2.99,1094.0,2026-01-19,3.0797,hedef,2.97,32.0,6.02,
2026-01-19,GENTS,kirilim,4.5,1.015,12.25,1094.0,2026-01-19,11.8825,stop,-3.03,-33.0,0.9,
2026-01-19,GMTAS,kirilim,2.8,1.069,31.42,1094.0,2026-01-19,30.4774,stop,-3.03,-33.0,0.0,
2026-01-19,GRNYO,kirilim,7.9,0.999,18.49,1094.0,2026-01-19,17.9353,stop,-3.03,-33.0,0.0,
2026-01-19,GSRAY,dip,2.5,0.066,1.18,1094.0,2026-01-28,1.2154,hedef,2.97,32.0,3.39,
2026-01-19,HATEK,dip,2.6,0.052,15.05,1094.0,2026-01-20,15.5015,hedef,2.97,32.0,3.65,
2026-01-19,HUNER,dip,2.1,0.098,3.26,1094.0,2026-01-19,3.3578,hedef,2.97,32.0,3.68,
2026-01-19,KARTN,dip,2.2,0.185,86.5,1094.0,2026-01-19,83.905,stop,-3.03,-33.0,0.0,
2026-01-19,KAYSE,kirilim,2.4,0.995,5.32,1094.0,2026-01-19,5.1604,stop,-3.03,-33.0,0.0,
2026-01-19,KLSER,dip,2.7,0.08,27.32,1094.0,2026-01-22,28.1396,hedef,2.97,32.0,3.07,
2026-01-19,KONYA,dip,3.4,0.03,4492.5,1094.0,2026-01-19,4627.275,hedef,2.97,32.0,3.01,
2026-01-19,KORDS,dip,3.4,0.179,52.0,1094.0,2026-01-23,53.56,hedef,2.97,32.0,3.27,
2026-01-19,KRDMA,dip,5.1,0.144,28.28,1094.0,2026-01-19,27.4316,stop,-3.03,-33.0,0.07,
2026-01-19,KRPLS,kirilim,3.5,1.02,10.64,1094.0,2026-01-19,10.9592,hedef,2.97,32.0,3.2,
2026-01-19,LINK,dip,2.7,0.077,6.0268,1094.0,2026-01-19,6.2076,hedef,2.97,32.0,4.31,
2026-01-19,MARTI,dip,2.3,0.09,1.7589,1094.0,2026-01-20,1.7061,stop,-3.03,-33.0,1.09,
2026-01-19,MERCN,dip,2.8,0.11,17.32,1094.0,2026-01-19,16.8004,stop,-3.03,-33.0,0.35,
2026-01-19,MPARK,kirilim,3.2,1.007,436.75,1094.0,2026-01-21,423.6475,stop,-3.03,-33.0,0.0,
2026-01-19,ODINE,kirilim,2.5,0.953,350.5,1094.0,2026-01-19,361.015,hedef,2.97,32.0,3.42,
2026-01-19,ONCSM,kirilim,5.8,1.032,328.5,1094.0,2026-01-19,338.355,hedef,2.97,32.0,3.81,
2026-01-19,OTTO,dip,2.3,0.144,348.75,1094.0,2026-01-19,338.2875,stop,-3.03,-33.0,0.0,
2026-01-19,PAPIL,dip,2.1,0.199,18.06,1094.0,2026-01-19,17.5182,stop,-3.03,-33.0,0.0,
2026-01-19,POLTK,dip,2.7,0.2,7050.0,1094.0,2026-01-19,7261.5,hedef,2.97,32.0,3.51,
2026-01-19,PRKME,dip,3.7,0.16,17.62,1094.0,2026-01-19,18.1486,hedef,2.97,32.0,3.29,
2026-01-19,SELVA,kirilim,3.5,1.046,3.92,1094.0,2026-01-19,3.8024,stop,-3.03,-33.0,0.0,
2026-01-19,SMRVA,dip,2.1,0.084,13.2156,1094.0,2026-01-19,13.612,hedef,2.97,32.0,3.57,
2026-01-19,SNGYO,kirilim,3.5,0.983,5.17,1094.0,2026-01-22,5.0149,stop,-3.03,-33.0,2.9,
2026-01-19,TABGD,kirilim,2.9,1.009,259.0,1094.0,2026-01-23,251.23,stop,-3.03,-33.0,2.32,
2026-01-19,TCKRC,kirilim,2.8,0.946,88.0,1094.0,2026-01-19,90.64,hedef,2.97,32.0,3.07,
2026-01-19,TEZOL,dip,7.9,0.055,12.15,1094.0,2026-01-26,12.5145,hedef,2.97,32.0,3.05,
2026-01-19,VESBE,dip,3.4,0.076,8.25,1094.0,2026-01-20,8.0025,stop,-3.03,-33.0,0.85,
2026-01-19,YATAS,kirilim,2.2,1.015,41.74,1094.0,2026-01-22,42.9922,hedef,2.97,32.0,3.02,
2026-01-20,BRSAN,kirilim,2.3,0.984,671.0,2169.0,2026-01-20,650.87,stop,-3.03,-66.0,0.0,
2026-01-20,BYDNR,kirilim,3.5,0.952,33.6,2169.0,2026-01-21,32.592,stop,-3.03,-66.0,1.79,
2026-01-20,CEMAS,dip,3.2,0.157,4.08,2169.0,2026-01-22,4.2024,hedef,2.97,64.0,4.66,
2026-01-20,CMBTN,dip,3.1,0.158,1968.0,2169.0,2026-01-21,1908.96,stop,-3.03,-66.0,0.56,
2026-01-20,FORMT,dip,3.2,0.152,2.96,2169.0,2026-01-20,2.8712,stop,-3.03,-66.0,0.0,
2026-01-20,GENTS,kirilim,2.3,0.977,12.7,2169.0,2026-01-20,13.081,hedef,2.97,64.0,4.02,
2026-01-20,GRNYO,kirilim,2.0,1.0,18.5,2169.0,2026-01-21,19.055,hedef,2.97,64.0,8.05,
2026-01-20,HUNER,dip,2.2,0.166,3.39,2169.0,2026-01-20,3.2883,stop,-3.03,-66.0,0.0,
2026-01-20,IHYAY,dip,2.3,0.031,1.94,2169.0,2026-01-21,1.9982,hedef,2.97,64.0,4.12,
2026-01-20,JANTS,dip,2.0,0.147,20.3,2169.0,2026-01-21,19.691,stop,-3.03,-66.0,0.0,
2026-01-20,LINK,dip,22.3,0.112,6.5121,2169.0,2026-01-20,6.3168,stop,-3.03,-66.0,0.0,
2026-01-20,MARKA,dip,2.3,0.087,36.92,2169.0,2026-01-20,35.8124,stop,-3.03,-66.0,0.0,
2026-01-20,MARTI,dip,2.5,0.077,1.7396,2169.0,2026-01-20,1.6875,stop,-3.03,-66.0,0.0,
2026-01-20,NATEN,dip,2.7,0.141,9.18,2169.0,2026-01-26,8.9046,stop,-3.03,-66.0,2.94,
2026-01-20,OTTO,dip,2.2,0.106,338.25,2169.0,2026-01-21,328.1025,stop,-3.03,-66.0,2.88,
2026-01-20,SASA,dip,2.2,0.039,2.42,2169.0,2026-01-21,2.3474,stop,-3.03,-66.0,0.83,
2026-01-20,TCKRC,kirilim,2.3,1.003,94.3,2169.0,2026-01-20,91.471,stop,-3.03,-66.0,0.0,
2026-01-20,TEKTU,dip,2.3,0.17,8.58,2169.0,2026-01-20,8.3226,stop,-3.03,-66.0,1.28,
2026-01-20,TEZOL,dip,5.4,0.061,12.21,2169.0,2026-01-26,12.5763,hedef,2.97,64.0,3.69,
2026-01-20,TURGG,dip,5.3,0.185,28.26,2169.0,2026-01-20,27.4122,stop,-3.03,-66.0,0.0,
2026-01-20,YBTAS,dip,5.2,0.0,20.0,2169.0,2026-01-20,20.6,hedef,2.97,64.0,3.3,
2026-01-20,YKSLN,dip,6.2,0.195,3.14,2169.0,2026-01-27,3.2342,hedef,2.97,64.0,3.18,
2026-01-21,ACSEL,dip,2.6,0.196,102.0,1598.0,2026-01-27,105.06,hedef,2.97,47.0,3.04,
2026-01-21,ARSAN,kirilim,2.8,1.078,4.72,1598.0,2026-01-21,4.5784,stop,-3.03,-48.0,0.0,
2026-01-21,ASELS,kirilim,2.8,1.002,338.75,1598.0,2026-01-21,328.5875,stop,-3.03,-48.0,0.0,
2026-01-21,BIGEN,dip,6.3,0.049,9.07,1598.0,2026-01-27,9.3421,hedef,2.97,47.0,3.31,
2026-01-21,DYOBY,dip,2.0,0.06,13.22,1598.0,2026-01-23,13.6166,hedef,2.97,47.0,3.03,
2026-01-21,ESEN,dip,2.8,0.155,6.37,1598.0,2026-01-21,6.1789,stop,-3.03,-48.0,0.0,
2026-01-21,GATEG,kirilim,8.0,1.005,305.25,1598.0,2026-01-21,296.0925,stop,-3.03,-48.0,0.0,
2026-01-21,GLYHO,kirilim,2.4,1.035,13.48,1598.0,2026-01-23,13.8844,hedef,2.97,47.0,3.41,
2026-01-21,GUBRF,kirilim,2.7,1.058,416.25,1598.0,2026-01-22,428.7375,hedef,2.97,47.0,3.18,
2026-01-21,HALKB,kirilim,2.2,0.941,43.12,1598.0,2026-01-21,41.8264,stop,-3.03,-48.0,1.35,
2026-01-21,IHYAY,dip,2.1,0.041,1.96,1598.0,2026-01-21,2.0188,hedef,2.97,47.0,3.06,
2026-01-21,LIDFA,kirilim,3.3,1.0,2.86,1598.0,2026-01-22,2.7742,stop,-3.03,-48.0,1.75,
2026-01-21,MARKA,dip,3.1,0.102,37.54,1598.0,2026-01-21,36.4138,stop,-3.03,-48.0,0.0,
2026-01-21,NATEN,dip,2.4,0.159,9.38,1598.0,2026-01-21,9.0986,stop,-3.03,-48.0,0.0,
2026-01-21,PAPIL,dip,2.1,0.191,17.8,1598.0,2026-01-21,18.334,hedef,2.97,47.0,3.37,
2026-01-21,SMART,dip,3.5,0.181,24.34,1598.0,2026-01-21,23.6098,stop,-3.03,-48.0,0.0,
2026-01-21,TRENJ,kirilim,2.1,1.027,116.8,1598.0,2026-01-23,113.296,stop,-3.03,-48.0,1.8,
2026-01-21,TURGG,dip,12.6,0.151,27.2,1598.0,2026-01-21,28.016,hedef,2.97,47.0,3.16,
2026-01-21,VAKBN,kirilim,2.1,1.05,34.68,1598.0,2026-01-22,33.6396,stop,-3.03,-48.0,1.04,
2026-01-21,VBTYZ,dip,2.0,0.116,16.36,1598.0,2026-01-26,16.8508,hedef,2.97,47.0,6.72,
2026-01-21,VESBE,dip,2.8,0.048,8.02,1598.0,2026-01-26,8.2606,hedef,2.97,47.0,3.74,
2026-01-21,VKFYO,kirilim,2.6,1.0,60.5,1598.0,2026-01-21,58.685,stop,-3.03,-48.0,0.0,
2026-01-21,VSNMD,dip,17.9,0.077,103.9,1598.0,2026-01-21,100.783,stop,-3.03,-48.0,0.0,
2026-01-22,ALFAS,dip,4.8,0.07,41.24,2446.0,2026-01-26,42.4772,hedef,2.97,73.0,3.2,
2026-01-22,CEMAS,dip,2.6,0.171,4.22,2446.0,2026-01-22,4.3466,hedef,2.97,73.0,3.08,
2026-01-22,CVKMD,kirilim,2.5,0.953,30.8,2446.0,2026-01-23,31.724,hedef,2.97,73.0,3.44,
2026-01-22,DERHL,dip,2.1,0.006,13.77,2446.0,2026-01-22,14.1831,hedef,2.97,73.0,3.85,
2026-01-22,DGNMO,dip,9.0,0.092,5.12,2446.0,2026-01-27,5.2736,hedef,2.97,73.0,3.32,
2026-01-22,ECILC,kirilim,2.3,1.023,116.9,2446.0,2026-01-23,120.407,hedef,2.97,73.0,4.11,
2026-01-22,EGEEN,dip,2.1,0.154,7400.0,2446.0,2026-02-06,7178.0,stop,-3.03,-74.0,2.8,
2026-01-22,ELITE,dip,2.4,0.145,30.08,2446.0,2026-01-30,30.9824,hedef,2.97,73.0,4.45,
2026-01-22,EPLAS,kirilim,3.1,0.997,7.61,2446.0,2026-01-22,7.3817,stop,-3.03,-74.0,1.84,
2026-01-22,ESEN,dip,9.3,0.114,5.69,2446.0,2026-01-22,5.5193,stop,-3.03,-74.0,0.0,
2026-01-22,FORMT,dip,2.7,0.095,2.85,2446.0,2026-01-22,2.9355,hedef,2.97,73.0,5.96,
2026-01-22,GSRAY,dip,2.6,0.098,1.2,2446.0,2026-02-05,1.164,stop,-3.03,-74.0,1.67,
2026-01-22,IHLAS,dip,2.1,0.138,2.34,2446.0,2026-01-23,2.4102,hedef,2.97,73.0,3.85,
2026-01-22,IHYAY,dip,2.5,0.082,2.04,2446.0,2026-01-27,1.9788,stop,-3.03,-74.0,2.45,
2026-01-22,KLSER,dip,3.2,0.134,27.88,2446.0,2026-01-23,28.7164,hedef,2.97,73.0,3.3,
2026-01-22,KLYPV,dip,2.2,0.195,57.15,2446.0,2026-01-23,58.8645,hedef,2.97,73.0,3.24,
2026-01-22,KRDMA,dip,3.1,0.095,26.68,2446.0,2026-01-23,27.4804,hedef,2.97,73.0,3.45,
2026-01-22,MANAS,kirilim,2.7,1.009,11.2008,2446.0,2026-01-22,10.8648,stop,-3.03,-74.0,0.0,
2026-01-22,MEPET,kirilim,2.1,0.933,22.7,2446.0,2026-01-22,22.019,stop,-3.03,-74.0,0.26,
2026-01-22,TABGD,kirilim,5.5,0.998,264.5,2446.0,2026-01-22,256.565,stop,-3.03,-74.0,0.0,
2026-01-22,TEZOL,dip,3.0,0.051,12.1,2446.0,2026-01-26,12.463,hedef,2.97,73.0,3.06,
2026-01-22,TTKOM,kirilim,2.3,0.989,63.45,2446.0,2026-01-23,65.3535,hedef,2.97,73.0,3.31,
2026-01-23,ANHYT,kirilim,2.5,1.046,116.2,1826.0,2026-01-30,119.686,hedef,2.97,54.0,3.44,
2026-01-23,CEMAS,dip,14.5,0.177,4.28,1826.0,2026-01-23,4.1516,stop,-3.03,-55.0,0.0,
2026-01-23,CEOEM,dip,7.0,0.097,23.26,1826.0,2026-01-26,22.5622,stop,-3.03,-55.0,0.86,
2026-01-23,CRDFA,kirilim,2.4,1.0,23.2166,1826.0,2026-01-26,23.9131,hedef,2.97,54.0,5.53,
2026-01-23,DERHL,dip,17.5,0.01,14.41,1826.0,2026-01-23,13.9777,stop,-3.03,-55.0,0.0,
2026-01-23,ESEN,dip,3.7,0.05,4.64,1826.0,2026-01-26,4.5008,stop,-3.03,-55.0,0.22,
2026-01-23,GLYHO,kirilim,2.5,1.023,13.93,1826.0,2026-01-28,14.3479,hedef,2.97,54.0,4.02,
2026-01-23,HEKTS,dip,3.1,0.119,3.12,1826.0,2026-01-26,3.2136,hedef,2.97,54.0,3.85,
2026-01-23,IHLAS,dip,2.9,0.176,2.44,1826.0,2026-01-23,2.5132,hedef,2.97,54.0,3.28,
2026-01-23,IHYAY,dip,7.0,0.067,2.01,1826.0,2026-01-23,2.0703,hedef,2.97,54.0,3.48,
2026-01-23,KLKIM,kirilim,3.5,1.068,39.82,1826.0,2026-01-23,41.0146,hedef,2.97,54.0,3.21,
2026-01-23,KLSER,dip,3.0,0.191,28.48,1826.0,2026-01-23,29.3344,hedef,2.97,54.0,3.93,
2026-01-23,KRDMA,dip,3.0,0.123,27.6,1826.0,2026-01-27,28.428,hedef,2.97,54.0,3.91,
2026-01-23,OTTO,dip,2.4,0.051,295.75,1826.0,2026-01-27,304.6225,hedef,2.97,54.0,5.83,
2026-01-23,PLTUR,dip,2.1,0.124,21.7,1826.0,2026-01-27,22.351,hedef,2.97,54.0,4.7,
2026-01-23,TUREX,dip,2.1,0.014,7.49,1826.0,2026-01-23,7.7147,hedef,2.97,54.0,4.67,
2026-01-23,TURGG,dip,2.2,0.166,27.68,1826.0,2026-01-28,28.5104,hedef,2.97,54.0,4.91,
2026-01-26,AKGRT,kirilim,3.0,1.01,8.48,1127.0,2026-01-30,8.2256,stop,-3.03,-34.0,0.71,
2026-01-26,ALFAS,dip,3.9,0.084,41.88,1127.0,2026-01-27,43.1364,hedef,2.97,33.0,3.49,
2026-01-26,ASTOR,kirilim,2.9,0.989,162.9,1127.0,2026-01-26,167.787,hedef,2.97,33.0,3.44,
2026-01-26,BALSU,dip,3.7,0.159,16.08,1127.0,2026-02-03,16.5624,hedef,2.97,33.0,3.3,
2026-01-26,BEGYO,dip,3.8,0.018,4.9,1127.0,2026-02-02,4.753,stop,-3.03,-34.0,1.84,
2026-01-26,BIENY,dip,2.5,0.044,23.98,1127.0,2026-01-27,24.6994,hedef,2.97,33.0,3.25,
2026-01-26,BIZIM,kirilim,6.1,0.998,30.98,1127.0,2026-01-26,31.9094,hedef,2.97,33.0,4.84,
2026-01-26,CATES,kirilim,10.5,0.98,41.04,1127.0,2026-01-26,42.2712,hedef,2.97,33.0,6.19,
2026-01-26,CEMAS,dip,2.6,0.189,4.4,1127.0,2026-01-26,4.532,hedef,2.97,33.0,3.41,
2026-01-26,CEOEM,dip,3.0,0.117,23.72,1127.0,2026-01-27,24.4316,hedef,2.97,33.0,3.29,
2026-01-26,CVKMD,kirilim,3.2,1.034,34.04,1127.0,2026-01-27,35.0612,hedef,2.97,33.0,4.23,
2026-01-26,DERHL,dip,5.7,0.01,14.39,1127.0,2026-01-26,14.8217,hedef,2.97,33.0,3.68,
2026-01-26,EGEEN,dip,2.0,0.192,7547.5,1127.0,2026-01-26,7321.075,stop,-3.03,-34.0,0.1,
2026-01-26,ELITE,dip,3.7,0.152,30.22,1127.0,2026-01-30,31.1266,hedef,2.97,33.0,3.97,
2026-01-26,ESEN,dip,5.1,0.023,4.19,1127.0,2026-01-27,4.0643,stop,-3.03,-34.0,2.63,
2026-01-26,FORMT,dip,2.0,0.177,3.01,1127.0,2026-01-27,3.1003,hedef,2.97,33.0,7.97,
2026-01-26,GENIL,dip,2.7,0.185,8.7399,1127.0,2026-01-26,8.4777,stop,-3.03,-34.0,0.0,
2026-01-26,HALKB,kirilim,2.5,0.985,44.98,1127.0,2026-01-26,46.3294,hedef,2.97,33.0,4.45,
2026-01-26,HEKTS,dip,2.1,0.152,3.2,1127.0,2026-01-27,3.296,hedef,2.97,33.0,3.12,
2026-01-26,IHLAS,dip,2.4,0.134,2.33,1127.0,2026-02-02,2.2601,stop,-3.03,-34.0,2.58,
2026-01-26,KERVN,dip,5.4,0.183,2.11,1127.0,2026-01-27,2.0467,stop,-3.03,-34.0,0.0,
2026-01-26,KLYPV,dip,4.4,0.18,56.8,1127.0,2026-01-26,58.504,hedef,2.97,33.0,3.43,
2026-01-26,KRDMA,dip,6.9,0.105,27.0,1127.0,2026-01-26,27.81,hedef,2.97,33.0,3.41,
2026-01-26,KRGYO,dip,2.3,0.115,3.02,1127.0,2026-02-03,3.1106,hedef,2.97,33.0,3.64,
2026-01-26,LILAK,kirilim,2.6,1.007,34.44,1127.0,2026-01-28,33.4068,stop,-3.03,-34.0,1.22,
2026-01-26,MARTI,dip,3.6,0.108,1.7846,1127.0,2026-01-26,1.8381,hedef,2.97,33.0,5.04,
2026-01-26,PLTUR,dip,2.5,0.124,21.7,1127.0,2026-01-27,22.351,hedef,2.97,33.0,4.7,
2026-01-26,POLTK,dip,2.6,0.14,6585.0,1127.0,2026-01-26,6782.55,hedef,2.97,33.0,3.42,
2026-01-26,SARKY,kirilim,2.0,1.016,38.66,1127.0,2026-01-27,39.8198,hedef,2.97,33.0,3.72,
2026-01-26,SASA,dip,2.1,0.05,2.46,1127.0,2026-01-28,2.5338,hedef,2.97,33.0,4.07,
2026-01-26,SEKUR,dip,4.0,0.199,3.77,1127.0,2026-01-27,3.6569,stop,-3.03,-34.0,0.8,
2026-01-26,SKYMD,dip,2.8,0.125,12.18,1127.0,2026-01-29,12.5454,hedef,2.97,33.0,3.78,
2026-01-26,SMRTG,dip,3.4,0.087,8.0333,1127.0,2026-01-27,8.2743,hedef,2.97,33.0,4.15,
2026-01-26,TEZOL,dip,2.1,0.066,12.26,1127.0,2026-01-26,12.6278,hedef,2.97,33.0,3.26,
2026-01-26,TRILC,dip,7.2,0.186,2.8429,1127.0,2026-01-26,2.9282,hedef,2.97,33.0,4.39,
2026-01-26,TUREX,dip,10.0,0.02,7.79,1127.0,2026-01-27,8.0237,hedef,2.97,33.0,3.34,
2026-01-26,VESBE,dip,2.1,0.071,8.21,1127.0,2026-02-04,8.4563,hedef,2.97,33.0,3.65,
2026-01-26,VESTL,dip,2.9,0.064,30.8,1127.0,2026-01-28,31.724,hedef,2.97,33.0,3.05,
2026-01-27,ALKLC,kirilim,3.1,1.051,247.9,1324.0,2026-01-27,240.463,stop,-3.03,-40.0,0.0,
2026-01-27,ARDYZ,kirilim,2.2,0.991,46.0,1324.0,2026-01-27,44.62,stop,-3.03,-40.0,1.22,
2026-01-27,BAKAB,kirilim,13.1,0.983,45.62,1324.0,2026-01-27,46.9886,hedef,2.97,39.0,5.83,
2026-01-27,BEGYO,dip,3.9,0.017,4.89,1324.0,2026-02-02,4.7433,stop,-3.03,-40.0,2.04,
2026-01-27,BJKAS,dip,2.7,0.017,1.61,1324.0,2026-02-02,1.5617,stop,-3.03,-40.0,1.24,
2026-01-27,BORSK,kirilim,4.2,1.035,7.26,1324.0,2026-01-27,7.4778,hedef,2.97,39.0,3.03,
2026-01-27,CEOEM,dip,2.6,0.105,23.46,1324.0,2026-01-28,22.7562,stop,-3.03,-40.0,0.43,
2026-01-27,CMBTN,dip,2.0,0.149,1956.0,1324.0,2026-02-02,1897.32,stop,-3.03,-40.0,2.04,
2026-01-27,CWENE,kirilim,3.7,1.015,32.26,1324.0,2026-01-28,31.2922,stop,-3.03,-40.0,2.05,
2026-01-27,DERHL,dip,2.1,0.009,14.17,1324.0,2026-01-30,14.5951,hedef,2.97,39.0,3.74,
2026-01-27,DGNMO,dip,3.0,0.127,5.27,1324.0,2026-01-27,5.4281,hedef,2.97,39.0,3.04,
2026-01-27,ECILC,kirilim,2.5,1.018,128.2,1324.0,2026-01-29,124.354,stop,-3.03,-40.0,2.5,
2026-01-27,ELITE,dip,2.6,0.177,30.72,1324.0,2026-01-30,31.6416,hedef,2.97,39.0,3.06,
2026-01-27,ESEN,dip,2.0,0.018,4.11,1324.0,2026-01-27,3.9867,stop,-3.03,-40.0,1.95,
2026-01-27,GENIL,dip,2.4,0.136,8.3999,1324.0,2026-01-27,8.6519,hedef,2.97,39.0,3.17,
2026-01-27,ISBIR,dip,2.1,0.19,82.95,1324.0,2026-01-29,85.4385,hedef,2.97,39.0,3.68,
2026-01-27,KARTN,dip,2.3,0.148,84.2,1324.0,2026-01-30,81.674,stop,-3.03,-40.0,0.42,
2026-01-27,KONYA,dip,2.9,0.077,4580.0,1324.0,2026-02-02,4442.6,stop,-3.03,-40.0,1.8,
2026-01-27,KRDMB,kirilim,2.1,1.017,30.5,1324.0,2026-01-27,31.415,hedef,2.97,39.0,3.21,
2026-01-27,KZGYO,kirilim,2.6,0.987,27.82,1324.0,2026-01-28,26.9854,stop,-3.03,-40.0,1.8,
2026-01-27,MARTI,dip,2.2,0.153,1.8488,1324.0,2026-01-27,1.7933,stop,-3.03,-40.0,0.0,
2026-01-27,MEGMT,kirilim,3.9,0.996,64.6,1324.0,2026-01-28,66.538,hedef,2.97,39.0,6.04,
2026-01-27,NATEN,dip,2.0,0.118,8.94,1324.0,2026-01-27,8.6718,stop,-3.03,-40.0,0.0,
2026-01-27,OTTO,dip,2.2,0.101,311.0,1324.0,2026-01-27,320.33,hedef,2.97,39.0,3.38,
2026-01-27,PLTUR,dip,2.1,0.159,22.22,1324.0,2026-01-30,21.5534,stop,-3.03,-40.0,1.8,
2026-01-27,POLTK,dip,2.2,0.128,6497.5,1324.0,2026-01-30,6302.575,stop,-3.03,-40.0,2.31,
2026-01-27,SANFM,dip,24.7,0.175,7.97,1324.0,2026-01-27,7.7309,stop,-3.03,-40.0,0.0,
2026-01-27,SERNT,dip,4.2,0.104,8.52,1324.0,2026-01-28,8.7756,hedef,2.97,39.0,3.52,
2026-01-27,TKFEN,dip,2.6,0.142,73.7,1324.0,2026-01-28,75.911,hedef,2.97,39.0,3.8,
2026-01-27,TOASO,kirilim,3.4,1.022,310.0,1324.0,2026-01-29,319.3,hedef,2.97,39.0,3.06,
2026-01-27,TUREX,dip,2.3,0.019,7.73,1324.0,2026-01-27,7.9619,hedef,2.97,39.0,4.53,
2026-01-27,YAPRK,dip,2.5,0.036,12.5952,1324.0,2026-02-02,12.2174,stop,-3.03,-40.0,0.28,
2026-01-28,ALFAS,dip,4.3,0.125,43.48,1370.0,2026-01-30,42.1756,stop,-3.03,-42.0,0.6,
2026-01-28,ALVES,kirilim,15.1,0.956,4.15,1370.0,2026-01-29,4.2745,hedef,2.97,41.0,9.64,
2026-01-28,ATLAS,kirilim,7.2,0.892,6.78,1370.0,2026-01-28,6.9834,hedef,2.97,41.0,8.26,
2026-01-28,BFREN,dip,2.5,0.142,158.4,1370.0,2026-02-06,163.152,hedef,2.97,41.0,7.32,
2026-01-28,BIGEN,dip,2.0,0.092,9.53,1370.0,2026-01-28,9.8159,hedef,2.97,41.0,6.72,
2026-01-28,BJKAS,dip,2.6,0.012,1.6,1370.0,2026-02-06,1.552,stop,-3.03,-42.0,1.87,
2026-01-28,BORSK,kirilim,3.1,0.923,7.26,1370.0,2026-01-28,7.0422,stop,-3.03,-42.0,0.0,
2026-01-28,CMBTN,dip,2.2,0.129,1930.0,1370.0,2026-01-28,1987.9,hedef,2.97,41.0,3.42,
2026-01-28,CVKMD,kirilim,2.4,1.003,37.92,1370.0,2026-01-28,39.0576,hedef,2.97,41.0,3.32,
2026-01-28,DERHL,dip,2.3,0.009,14.24,1370.0,2026-01-30,14.6672,hedef,2.97,41.0,3.23,
2026-01-28,EGEEN,dip,2.4,0.144,7362.5,1370.0,2026-02-19,7141.625,stop,-3.03,-42.0,2.41,
2026-01-28,EGEGY,kirilim,3.3,1.029,32.5,1370.0,2026-01-28,31.525,stop,-3.03,-42.0,0.0,
2026-01-28,ENJSA,kirilim,2.2,1.026,101.8,1370.0,2026-01-29,104.854,hedef,2.97,41.0,3.34,
2026-01-28,ENKAI,kirilim,3.5,1.059,87.55,1370.0,2026-01-28,90.1765,hedef,2.97,41.0,3.2,
2026-01-28,ERBOS,kirilim,6.8,1.008,212.8,1370.0,2026-01-29,219.184,hedef,2.97,41.0,3.2,
2026-01-28,ESCAR,dip,10.3,0.11,25.06,1370.0,2026-01-28,25.8118,hedef,2.97,41.0,3.99,
2026-01-28,GLYHO,kirilim,2.5,1.044,14.61,1370.0,2026-02-03,15.0483,hedef,2.97,41.0,3.01,
2026-01-28,GSRAY,dip,2.8,0.082,1.19,1370.0,2026-02-09,1.2257,hedef,2.97,41.0,3.36,
2026-01-28,INTEM,kirilim,2.5,1.063,364.0,1370.0,2026-01-29,374.92,hedef,2.97,41.0,4.4,
2026-01-28,KONYA,dip,2.7,0.081,4587.5,1370.0,2026-02-02,4449.875,stop,-3.03,-42.0,1.63,
2026-01-28,KZGYO,kirilim,2.1,0.971,27.86,1370.0,2026-01-28,27.0242,stop,-3.03,-42.0,1.51,
2026-01-28,MEGMT,kirilim,3.9,0.991,67.65,1370.0,2026-01-28,65.6205,stop,-3.03,-42.0,1.11,
2026-01-28,NATEN,dip,2.8,0.142,9.18,1370.0,2026-01-28,8.9046,stop,-3.03,-42.0,0.0,
2026-01-28,OTTO,dip,3.5,0.172,332.75,1370.0,2026-01-28,322.7675,stop,-3.03,-42.0,1.5,
2026-01-28,PRKAB,kirilim,4.0,1.056,48.78,1370.0,2026-01-28,50.2434,hedef,2.97,41.0,3.32,
2026-01-28,REEDR,dip,4.3,0.083,7.14,1370.0,2026-01-28,7.3542,hedef,2.97,41.0,4.9,
2026-01-28,SANFM,dip,6.0,0.148,7.49,1370.0,2026-01-28,7.7147,hedef,2.97,41.0,3.2,
2026-01-28,SASA,dip,2.1,0.062,2.5,1370.0,2026-01-28,2.575,hedef,2.97,41.0,4.4,
2026-01-28,SERNT,dip,2.7,0.11,8.59,1370.0,2026-01-28,8.8477,hedef,2.97,41.0,3.26,
2026-01-28,SMRTG,dip,2.2,0.132,8.3867,1370.0,2026-01-29,8.6383,hedef,2.97,41.0,3.14,
2026-01-28,SMRVA,dip,2.2,0.101,14.897,1370.0,2026-01-28,15.3439,hedef,2.97,41.0,4.95,
2026-01-28,TEZOL,dip,2.4,0.087,12.47,1370.0,2026-01-28,12.8441,hedef,2.97,41.0,3.29,
2026-01-28,TUREX,dip,5.3,0.031,8.27,1370.0,2026-01-28,8.0219,stop,-3.03,-42.0,0.0,
2026-01-28,VESBE,dip,2.0,0.074,8.22,1370.0,2026-02-04,8.4666,hedef,2.97,41.0,3.53,
2026-01-28,VSNMD,dip,3.3,0.064,93.3,1370.0,2026-01-28,90.501,stop,-3.03,-42.0,0.64,
2026-01-28,YONGA,dip,2.9,0.138,55.0,1370.0,2026-02-03,56.65,hedef,2.97,41.0,3.09,
2026-01-29,ALCAR,dip,4.8,0.146,896.0,1413.0,2026-02-02,869.12,stop,-3.03,-43.0,1.23,
2026-01-29,BANVT,dip,3.0,0.101,173.9,1413.0,2026-02-02,168.683,stop,-3.03,-43.0,0.92,
2026-01-29,BIGEN,dip,7.3,0.107,9.69,1413.0,2026-01-29,9.3993,stop,-3.03,-43.0,0.21,
2026-01-29,CVKMD,kirilim,2.1,0.996,39.8,1413.0,2026-01-29,38.606,stop,-3.03,-43.0,2.81,
2026-01-29,DOHOL,kirilim,34.0,1.02,21.92,1413.0,2026-01-30,21.2624,stop,-3.03,-43.0,0.36,
2026-01-29,ELITE,dip,2.1,0.164,30.46,1413.0,2026-01-30,31.3738,hedef,2.97,42.0,3.15,
2026-01-29,ENKAI,kirilim,3.2,1.002,92.2,1413.0,2026-01-29,94.966,hedef,2.97,42.0,3.15,
2026-01-29,ERBOS,kirilim,10.8,1.0,215.0,1413.0,2026-01-30,208.55,stop,-3.03,-43.0,0.88,
2026-01-29,ERCB,dip,2.5,0.193,71.0,1413.0,2026-02-02,68.87,stop,-3.03,-43.0,1.62,
2026-01-29,GARAN,kirilim,2.0,1.093,159.7,1413.0,2026-02-02,154.909,stop,-3.03,-43.0,1.44,
2026-01-29,GENIL,dip,6.0,0.153,8.5266,1413.0,2026-01-29,8.7824,hedef,2.97,42.0,3.75,
2026-01-29,GOZDE,kirilim,2.2,1.024,25.94,1413.0,2026-02-02,25.1618,stop,-3.03,-43.0,0.62,
2026-01-29,GUBRF,kirilim,2.1,1.048,527.0,1413.0,2026-01-29,511.19,stop,-3.03,-43.0,0.0,
2026-01-29,HEKTS,dip,2.1,0.193,3.3,1413.0,2026-01-29,3.399,hedef,2.97,42.0,3.03,
2026-01-29,HLGYO,kirilim,2.9,0.937,4.56,1413.0,2026-01-30,4.4232,stop,-3.03,-43.0,0.44,
2026-01-29,ISFIN,kirilim,51.2,1.027,20.84,1413.0,2026-01-29,21.4652,hedef,2.97,42.0,3.26,
2026-01-29,KCHOL,kirilim,2.0,1.053,207.1,1413.0,2026-02-02,200.887,stop,-3.03,-43.0,1.3,
2026-01-29,KONTR,dip,3.2,0.023,9.76,1413.0,2026-01-29,10.0528,hedef,2.97,42.0,5.53,
2026-01-29,KONYA,dip,2.1,0.097,4625.0,1413.0,2026-02-02,4486.25,stop,-3.03,-43.0,0.22,
2026-01-29,KRGYO,dip,3.1,0.122,3.05,1413.0,2026-02-03,3.1415,hedef,2.97,42.0,3.28,
2026-01-29,KZGYO,kirilim,4.3,0.962,27.9,1413.0,2026-01-29,27.063,stop,-3.03,-43.0,0.57,
2026-01-29,MEGMT,kirilim,4.0,0.989,68.0,1413.0,2026-01-29,70.04,hedef,2.97,42.0,5.88,
2026-01-29,ORGE,dip,2.9,0.182,73.05,1413.0,2026-01-30,70.8585,stop,-3.03,-43.0,1.44,
2026-01-29,PGSUS,dip,2.2,0.121,203.2,1413.0,2026-02-03,209.296,hedef,2.97,42.0,3.2,
2026-01-29,SASA,dip,2.5,0.083,2.57,1413.0,2026-01-29,2.6471,hedef,2.97,42.0,3.5,
2026-01-29,SERNT,dip,2.7,0.125,8.75,1413.0,2026-01-29,8.4875,stop,-3.03,-43.0,0.0,
2026-01-29,SMRTG,dip,2.5,0.135,8.41,1413.0,2026-01-29,8.6623,hedef,2.97,42.0,5.83,
2026-01-29,TEKTU,dip,2.0,0.198,9.42,1413.0,2026-01-29,9.7026,hedef,2.97,42.0,6.05,
2026-01-29,TRCAS,kirilim,4.4,1.014,47.34,1413.0,2026-02-03,48.7602,hedef,2.97,42.0,3.08,
2026-01-29,VESTL,dip,2.1,0.093,31.86,1413.0,2026-01-30,30.9042,stop,-3.03,-43.0,0.82,
2026-01-29,YBTAS,dip,3.7,-0.005,19.5,1413.0,2026-02-02,18.915,stop,-3.03,-43.0,0.0,
2026-01-29,YKBNK,kirilim,2.1,1.005,39.0,1413.0,2026-01-29,40.17,hedef,2.97,42.0,3.59,
2026-01-30,ALKLC,kirilim,2.6,1.011,272.5,1462.0,2026-01-30,264.325,stop,-3.03,-44.0,0.37,
2026-01-30,BIGEN,dip,2.3,0.086,9.47,1462.0,2026-01-30,9.1859,stop,-3.03,-44.0,2.22,
2026-01-30,CVKMD,kirilim,2.3,0.973,40.34,1462.0,2026-01-30,41.5502,hedef,2.97,43.0,4.71,
2026-01-30,DERHL,dip,3.8,0.01,14.31,1462.0,2026-01-30,14.7393,hedef,2.97,43.0,3.63,
2026-01-30,EGEPO,kirilim,2.5,1.03,10.64,1462.0,2026-01-30,10.3208,stop,-3.03,-44.0,2.73,
2026-01-30,ENKAI,kirilim,2.4,1.034,97.6,1462.0,2026-02-02,94.672,stop,-3.03,-44.0,0.26,
2026-01-30,GATEG,kirilim,64.2,1.05,370.0,1462.0,2026-01-30,358.9,stop,-3.03,-44.0,0.0,
2026-01-30,GENIL,dip,51.1,0.169,8.6532,1462.0,2026-01-30,8.3936,stop,-3.03,-44.0,0.0,
2026-01-30,GRTHO,dip,2.7,0.141,226.8,1462.0,2026-01-30,219.996,stop,-3.03,-44.0,0.71,
2026-01-30,HUNER,dip,2.1,0.14,3.34,1462.0,2026-02-02,3.2398,stop,-3.03,-44.0,0.6,
2026-01-30,INTEK,dip,4.6,0.122,297.0,1462.0,2026-01-30,288.09,stop,-3.03,-44.0,0.0,
2026-01-30,ISFIN,kirilim,4.9,1.011,21.74,1462.0,2026-02-02,21.0878,stop,-3.03,-44.0,0.0,
2026-01-30,KLSER,dip,2.1,0.16,28.16,1462.0,2026-02-05,29.0048,hedef,2.97,43.0,3.98,
2026-01-30,MARTI,dip,4.4,0.162,1.8616,1462.0,2026-02-02,1.8058,stop,-3.03,-44.0,0.34,
2026-01-30,ORGE,dip,4.1,0.195,73.65,1462.0,2026-01-30,71.4405,stop,-3.03,-44.0,0.0,
2026-01-30,OTTO,dip,2.2,0.168,331.5,1462.0,2026-02-02,341.445,hedef,2.97,43.0,7.16,
2026-01-30,SEGMN,kirilim,2.1,0.982,38.0,1462.0,2026-01-30,39.14,hedef,2.97,43.0,4.16,
2026-01-30,SNGYO,kirilim,2.0,0.996,5.31,1462.0,2026-02-02,5.1507,stop,-3.03,-44.0,2.64,
2026-01-30,TKFEN,dip,2.2,0.164,76.05,1462.0,2026-02-02,78.3315,hedef,2.97,43.0,4.08,
2026-01-30,VESBE,dip,2.3,0.081,8.28,1462.0,2026-02-02,8.0316,stop,-3.03,-44.0,0.0,
2026-01-30,VESTL,dip,4.0,0.086,31.48,1462.0,2026-02-02,30.5356,stop,-3.03,-44.0,0.64,
2026-01-30,YATAS,kirilim,2.1,1.05,48.64,1462.0,2026-01-30,47.1808,stop,-3.03,-44.0,0.16,
2026-01-30,YBTAS,dip,2.1,0.0,19.5,1462.0,2026-02-02,18.915,stop,-3.03,-44.0,0.0,
2026-02-02,A1CAP,kirilim,2.2,1.052,16.51,1662.0,2026-02-04,16.0147,stop,-3.03,-50.0,1.88,
2026-02-02,ALCAR,dip,2.8,0.128,885.0,1662.0,2026-02-05,911.55,hedef,2.97,49.0,4.35,
2026-02-02,ALFAS,dip,5.0,0.055,40.06,1662.0,2026-02-04,41.2618,hedef,2.97,49.0,11.83,
2026-02-02,BIGEN,dip,2.4,0.066,9.26,1662.0,2026-02-03,9.5378,hedef,2.97,49.0,3.67,
2026-02-02,BJKAS,dip,2.4,0.008,1.59,1662.0,2026-02-13,1.6377,hedef,2.97,49.0,3.14,
2026-02-02,BYDNR,kirilim,5.3,0.977,34.04,1662.0,2026-02-02,33.0188,stop,-3.03,-50.0,3.41,
2026-02-02,DERHL,dip,2.8,0.016,15.33,1662.0,2026-02-03,15.7899,hedef,2.97,49.0,4.17,
2026-02-02,DGGYO,dip,2.2,0.19,31.32,1662.0,2026-02-10,32.2596,hedef,2.97,49.0,3.77,
2026-02-02,EGEEN,dip,2.8,0.154,7400.0,1662.0,2026-02-06,7178.0,stop,-3.03,-50.0,0.78,
2026-02-02,GENIL,dip,14.7,0.129,8.3466,1662.0,2026-02-03,8.0962,stop,-3.03,-50.0,1.04,
2026-02-02,GSRAY,dip,4.0,0.082,1.19,1662.0,2026-02-09,1.2257,hedef,2.97,49.0,3.36,
2026-02-02,HUNER,dip,7.5,0.067,3.2,1662.0,2026-02-02,3.296,hedef,2.97,49.0,3.12,
2026-02-02,IHLAS,dip,4.6,0.111,2.27,1662.0,2026-02-02,2.3381,hedef,2.97,49.0,3.96,
2026-02-02,KNFRT,dip,4.5,0.158,11.84,1662.0,2026-02-03,12.1952,hedef,2.97,49.0,3.8,
2026-02-02,KONYA,dip,5.0,0.043,4500.0,1662.0,2026-02-16,4635.0,hedef,2.97,49.0,3.78,
2026-02-02,KRDMA,dip,3.2,0.135,28.0,1662.0,2026-02-02,27.16,stop,-3.03,-50.0,0.0,
2026-02-02,MACKO,dip,3.5,0.187,27.9,1662.0,2026-02-03,28.737,hedef,2.97,49.0,3.87,
2026-02-02,MARTI,dip,2.2,0.135,1.8231,1662.0,2026-02-02,1.8778,hedef,2.97,49.0,3.17,
2026-02-02,PGSUS,dip,2.0,0.135,204.5,1662.0,2026-02-04,210.635,hedef,2.97,49.0,3.18,
2026-02-02,RAYSG,dip,2.1,0.042,223.8,1662.0,2026-02-04,230.514,hedef,2.97,49.0,3.66,
2026-02-02,SANFM,dip,3.0,0.141,7.32,1662.0,2026-02-02,7.5396,hedef,2.97,49.0,3.01,
2026-02-02,SMRTG,dip,6.2,0.07,7.9,1662.0,2026-02-04,8.137,hedef,2.97,49.0,10.0,
2026-02-02,TEZOL,dip,6.5,0.117,12.78,1662.0,2026-02-04,13.1634,hedef,2.97,49.0,4.85,
2026-02-02,TTRAK,dip,2.2,0.182,575.0,1662.0,2026-02-03,592.25,hedef,2.97,49.0,3.13,
2026-02-02,VESBE,dip,3.9,0.076,8.24,1662.0,2026-02-02,7.9928,stop,-3.03,-50.0,0.0,
2026-02-03,AEFES,kirilim,3.1,1.035,20.12,2234.0,2026-02-12,20.7236,hedef,2.97,66.0,3.18,
2026-02-03,ARASE,kirilim,2.2,1.003,83.0,2234.0,2026-02-05,80.51,stop,-3.03,-68.0,2.53,
2026-02-03,AYDEM,kirilim,2.3,1.084,26.84,2234.0,2026-02-03,26.0348,stop,-3.03,-68.0,0.0,
2026-02-03,BALSU,dip,2.3,0.155,16.02,2234.0,2026-02-03,16.5006,hedef,2.97,66.0,3.68,
2026-02-03,BEGYO,dip,2.0,0.019,4.92,2234.0,2026-02-05,4.7724,stop,-3.03,-68.0,0.0,
2026-02-03,BIMAS,kirilim,2.3,0.979,337.25,2234.0,2026-02-03,347.3675,hedef,2.97,66.0,3.56,
2026-02-03,DERHL,dip,11.1,0.018,15.74,2234.0,2026-02-03,16.2122,hedef,2.97,66.0,3.75,
2026-02-03,DGNMO,dip,3.1,0.133,5.24,2234.0,2026-02-05,5.0828,stop,-3.03,-68.0,0.95,
2026-02-03,EUYO,kirilim,2.9,1.069,5.6633,2234.0,2026-02-04,5.8332,hedef,2.97,66.0,5.06,
2026-02-03,FONET,kirilim,2.8,1.041,3.6,2234.0,2026-02-04,3.708,hedef,2.97,66.0,8.61,
2026-02-03,IHLAS,dip,2.3,0.142,2.35,2234.0,2026-02-06,2.2795,stop,-3.03,-68.0,2.13,
2026-02-03,KCHOL,kirilim,2.1,0.986,208.7,2234.0,2026-02-06,202.439,stop,-3.03,-68.0,1.44,
2026-02-03,MGROS,kirilim,5.8,0.95,643.0,2234.0,2026-02-03,662.29,hedef,2.97,66.0,3.11,
2026-02-03,PGSUS,dip,2.3,0.16,206.9,2234.0,2026-02-12,213.107,hedef,2.97,66.0,3.19,
2026-02-03,SAHOL,kirilim,2.1,0.974,109.8,2234.0,2026-02-05,106.506,stop,-3.03,-68.0,1.0,
2026-02-03,SEGMN,kirilim,5.1,1.107,42.34,2234.0,2026-02-04,43.6102,hedef,2.97,66.0,9.97,
2026-02-03,SKYLP,kirilim,2.8,1.087,329.75,2234.0,2026-02-04,339.6425,hedef,2.97,66.0,3.79,
2026-02-03,SOKM,kirilim,2.5,1.0,65.85,2234.0,2026-02-05,63.8745,stop,-3.03,-68.0,2.35,
2026-02-03,TABGD,kirilim,2.9,1.045,281.5,2234.0,2026-02-03,273.055,stop,-3.03,-68.0,0.53,
2026-02-03,TKFEN,dip,2.0,0.196,79.45,2234.0,2026-02-04,81.8335,hedef,2.97,66.0,3.59,
2026-02-03,YAPRK,dip,2.1,0.034,12.4762,2234.0,2026-02-05,12.1019,stop,-3.03,-68.0,1.34,
2026-02-04,AKFYE,kirilim,2.0,0.959,21.2,1115.0,2026-02-04,21.836,hedef,2.97,33.0,3.02,
2026-02-04,AKSEN,kirilim,2.1,0.99,74.65,1115.0,2026-02-05,72.4105,stop,-3.03,-34.0,1.94,
2026-02-04,ALFAS,dip,17.3,0.182,44.8,1115.0,2026-02-04,43.456,stop,-3.03,-34.0,0.0,
2026-02-04,ATLAS,kirilim,2.2,1.025,10.59,1115.0,2026-02-04,10.2723,stop,-3.03,-34.0,0.09,
2026-02-04,BIGEN,dip,5.6,0.164,10.3,1115.0,2026-02-04,9.991,stop,-3.03,-34.0,0.0,
2026-02-04,CMBTN,dip,5.4,0.108,1903.0,1115.0,2026-02-09,1960.09,hedef,2.97,33.0,5.1,
2026-02-04,DERHL,dip,7.3,0.028,17.31,1115.0,2026-02-04,17.8293,hedef,2.97,33.0,4.74,
2026-02-04,ENJSA,kirilim,2.4,1.083,112.4,1115.0,2026-02-05,109.028,stop,-3.03,-34.0,0.0,
2026-02-04,ESCAR,dip,13.0,0.142,27.0,1115.0,2026-02-09,27.81,hedef,2.97,33.0,3.04,
2026-02-04,ESEN,dip,2.4,0.006,3.91,1115.0,2026-02-11,4.0273,hedef,2.97,33.0,4.6,
2026-02-04,EUPWR,kirilim,3.4,0.991,43.5,1115.0,2026-02-04,42.195,stop,-3.03,-34.0,0.0,
2026-02-04,GESAN,kirilim,10.5,1.185,60.7,1115.0,2026-02-04,58.879,stop,-3.03,-34.0,0.0,
2026-02-04,GLYHO,kirilim,3.4,1.02,15.91,1115.0,2026-02-05,15.4327,stop,-3.03,-34.0,0.0,
2026-02-04,GRTHO,dip,2.8,0.14,226.7,1115.0,2026-02-04,233.501,hedef,2.97,33.0,6.04,
2026-02-04,HUNER,dip,2.1,0.15,3.36,1115.0,2026-02-05,3.2592,stop,-3.03,-34.0,1.19,
2026-02-04,IEYHO,kirilim,2.4,0.999,77.2,1115.0,2026-02-05,79.516,hedef,2.97,33.0,3.24,
2026-02-04,KBORU,kirilim,2.4,1.043,17.5,1115.0,2026-02-05,18.025,hedef,2.97,33.0,7.43,
2026-02-04,KONTR,dip,7.8,0.033,9.86,1115.0,2026-02-04,10.1558,hedef,2.97,33.0,3.75,
2026-02-04,KRGYO,dip,2.0,0.158,3.19,1115.0,2026-02-06,3.0943,stop,-3.03,-34.0,0.0,
2026-02-04,NATEN,dip,2.7,0.121,8.79,1115.0,2026-02-04,8.5263,stop,-3.03,-34.0,0.0,
2026-02-04,ORGE,dip,2.5,0.147,71.5,1115.0,2026-02-16,73.645,hedef,2.97,33.0,3.22,
2026-02-04,PRKAB,kirilim,2.3,1.084,58.0,1115.0,2026-02-04,56.26,stop,-3.03,-34.0,0.0,
2026-02-04,RAYSG,dip,10.0,0.067,227.2,1115.0,2026-02-06,220.384,stop,-3.03,-34.0,0.22,
2026-02-04,SKYMD,dip,9.6,0.141,12.45,1115.0,2026-02-06,12.0765,stop,-3.03,-34.0,0.0,
2026-02-04,SMART,dip,3.3,0.113,23.1,1115.0,2026-02-10,23.793,hedef,2.97,33.0,3.2,
2026-02-04,SMRTG,dip,9.3,0.175,8.69,1115.0,2026-02-04,8.4293,stop,-3.03,-34.0,0.0,
2026-02-04,TATEN,dip,2.3,0.195,11.01,1115.0,2026-02-04,10.6797,stop,-3.03,-34.0,0.18,
2026-02-04,TEZOL,dip,2.5,0.144,13.06,1115.0,2026-02-06,13.4518,hedef,2.97,33.0,4.13,
2026-02-04,TKFEN,dip,2.3,0.198,79.75,1115.0,2026-02-04,82.1425,hedef,2.97,33.0,3.2,
2026-02-04,VESBE,dip,2.1,0.106,8.48,1115.0,2026-02-06,8.2256,stop,-3.03,-34.0,1.42,
2026-02-04,VESTL,dip,2.3,0.144,33.4,1115.0,2026-02-05,32.398,stop,-3.03,-34.0,0.0,
2026-02-05,ADESE,dip,7.1,0.168,1.06,2836.0,2026-02-05,1.0918,hedef,2.97,84.0,8.49,
2026-02-05,BURVA,kirilim,2.5,0.971,765.5,2836.0,2026-02-05,788.465,hedef,2.97,84.0,5.09,
2026-02-05,DERHL,dip,3.9,0.019,15.8,2836.0,2026-02-05,15.326,stop,-3.03,-86.0,0.0,
2026-02-05,DEVA,kirilim,2.4,0.998,74.85,2836.0,2026-02-10,77.0955,hedef,2.97,84.0,3.27,
2026-02-05,DYOBY,dip,6.2,0.126,14.19,2836.0,2026-02-05,14.6157,hedef,2.97,84.0,4.72,
2026-02-05,GSRAY,dip,3.0,0.082,1.19,2836.0,2026-02-09,1.2257,hedef,2.97,84.0,3.36,
2026-02-05,KBORU,kirilim,4.2,1.0,18.02,2836.0,2026-02-05,18.5606,hedef,2.97,84.0,3.77,
2026-02-05,KONTR,dip,2.7,0.072,10.29,2836.0,2026-02-05,10.5987,hedef,2.97,84.0,3.01,
2026-02-05,PRKAB,kirilim,2.1,1.107,61.6,2836.0,2026-02-06,63.448,hedef,2.97,84.0,7.71,
2026-02-05,SKBNK,kirilim,2.6,1.02,9.27,2836.0,2026-02-09,9.5481,hedef,2.97,84.0,3.34,
2026-02-05,SMRTG,dip,2.4,0.137,8.4,2836.0,2026-02-05,8.148,stop,-3.03,-86.0,0.0,
2026-02-05,TUREX,dip,3.7,0.015,7.57,2836.0,2026-02-06,7.3429,stop,-3.03,-86.0,0.0,
2026-02-05,VSNMD,dip,2.5,0.066,95.4,2836.0,2026-02-05,98.262,hedef,2.97,84.0,3.35,
2026-02-05,YAPRK,dip,2.7,0.031,12.3809,2836.0,2026-02-09,12.7524,hedef,2.97,84.0,3.46,
2026-02-06,ALCAR,dip,3.4,0.12,880.5,2900.0,2026-02-06,906.915,hedef,2.97,86.0,3.01,
2026-02-06,BAYRK,dip,3.8,0.192,4.76,2900.0,2026-02-06,4.6172,stop,-3.03,-88.0,0.0,
2026-02-06,DEVA,kirilim,2.7,0.97,74.9,2900.0,2026-02-10,77.147,hedef,2.97,86.0,3.2,
2026-02-06,DYOBY,dip,3.0,0.13,14.25,2900.0,2026-02-06,13.8225,stop,-3.03,-88.0,1.96,
2026-02-06,EMKEL,dip,2.0,0.047,20.82,2900.0,2026-02-06,21.4446,hedef,2.97,86.0,4.51,
2026-02-06,ERCB,dip,2.6,0.042,64.6,2900.0,2026-02-06,62.662,stop,-3.03,-88.0,0.85,
2026-02-06,GRTHO,dip,2.0,0.136,243.0,2900.0,2026-02-06,250.29,hedef,2.97,86.0,3.09,
2026-02-06,KRGYO,dip,2.0,0.138,3.11,2900.0,2026-02-10,3.2033,hedef,2.97,86.0,3.22,
2026-02-06,LINK,dip,5.4,0.057,5.7536,2900.0,2026-02-06,5.9262,hedef,2.97,86.0,3.65,
2026-02-06,OBAMS,dip,2.3,0.189,7.94,2900.0,2026-02-09,8.1782,hedef,2.97,86.0,3.15,
2026-02-06,PKENT,dip,2.5,0.016,144.9,2900.0,2026-02-09,149.247,hedef,2.97,86.0,3.11,
2026-02-06,PLTUR,dip,2.1,0.147,21.82,2900.0,2026-02-10,22.4746,hedef,2.97,86.0,3.02,
2026-02-06,QUAGR,dip,2.1,0.034,2.74,2900.0,2026-02-09,2.8222,hedef,2.97,86.0,3.28,
2026-02-06,RAYSG,dip,2.6,0.08,224.0,2900.0,2026-02-10,230.72,hedef,2.97,86.0,3.57,
2026-02-06,TEKTU,dip,2.2,0.186,9.07,2900.0,2026-02-09,9.3421,hedef,2.97,86.0,4.41,
2026-02-06,TEZOL,dip,4.6,0.144,13.06,2900.0,2026-02-06,13.4518,hedef,2.97,86.0,4.13,
2026-02-06,VSNMD,dip,2.6,0.069,97.35,2900.0,2026-02-06,100.2705,hedef,2.97,86.0,3.24,
2026-02-09,ARENA,dip,34.3,0.072,28.1,1798.0,2026-02-16,28.943,hedef,2.97,53.0,3.35,
2026-02-09,BANVT,dip,5.1,0.076,168.7,1798.0,2026-02-09,173.761,hedef,2.97,53.0,3.14,
2026-02-09,BERA,kirilim,5.8,0.992,19.75,1798.0,2026-02-09,20.3425,hedef,2.97,53.0,4.91,
2026-02-09,BIENY,dip,2.2,0.057,24.34,1798.0,2026-02-12,25.0702,hedef,2.97,53.0,5.26,
2026-02-09,BRKO,kirilim,2.4,1.033,14.1,1798.0,2026-02-10,13.677,stop,-3.03,-55.0,2.91,
2026-02-09,CMBTN,dip,4.4,0.117,1915.0,1798.0,2026-02-09,1972.45,hedef,2.97,53.0,3.66,
2026-02-09,EBEBK,kirilim,5.8,0.937,62.2,1798.0,2026-02-17,64.066,hedef,2.97,53.0,3.86,
2026-02-09,EDATA,kirilim,3.3,1.005,10.0,1798.0,2026-02-09,10.3,hedef,2.97,53.0,3.4,
2026-02-09,EMKEL,dip,11.4,0.062,22.58,1798.0,2026-02-09,21.9026,stop,-3.03,-55.0,2.75,
2026-02-09,ERCB,dip,2.4,0.009,62.1,1798.0,2026-02-16,63.963,hedef,2.97,53.0,3.46,
2026-02-09,GENIL,dip,2.6,0.092,8.0666,1798.0,2026-02-09,8.3086,hedef,2.97,53.0,3.47,
2026-02-09,GRTHO,dip,10.4,0.151,251.75,1798.0,2026-02-09,244.1975,stop,-3.03,-55.0,0.89,
2026-02-09,GSRAY,dip,3.6,0.115,1.21,1798.0,2026-02-13,1.2463,hedef,2.97,53.0,3.31,
2026-02-09,HATEK,dip,2.1,0.077,15.81,1798.0,2026-02-10,15.3357,stop,-3.03,-55.0,1.52,
2026-02-09,ISDMR,kirilim,2.9,1.145,44.98,1798.0,2026-02-10,46.3294,hedef,2.97,53.0,5.91,
2026-02-09,JANTS,dip,2.1,0.073,19.38,1798.0,2026-02-11,19.9614,hedef,2.97,53.0,4.23,
2026-02-09,KFEIN,dip,2.8,0.176,9.24,1798.0,2026-02-09,9.5172,hedef,2.97,53.0,3.14,
2026-02-09,MARKA,dip,2.9,0.063,36.0,1798.0,2026-02-10,37.08,hedef,2.97,53.0,3.5,
2026-02-09,MERCN,dip,5.8,0.127,17.99,1798.0,2026-02-10,18.5297,hedef,2.97,53.0,3.34,
2026-02-09,SKYMD,dip,2.3,0.128,12.22,1798.0,2026-02-16,12.5866,hedef,2.97,53.0,3.6,
2026-02-09,SUWEN,dip,17.5,0.105,8.7,1798.0,2026-02-11,8.961,hedef,2.97,53.0,3.79,
2026-02-09,TATEN,dip,2.0,0.153,10.34,1798.0,2026-02-11,10.0298,stop,-3.03,-55.0,1.35,
2026-02-09,TEKTU,dip,13.7,0.195,9.31,1798.0,2026-02-09,9.5893,hedef,2.97,53.0,5.37,
2026-02-09,VSNMD,dip,2.1,0.074,101.7,1798.0,2026-02-09,98.649,stop,-3.03,-55.0,0.0,
2026-02-09,YAPRK,dip,2.6,0.043,12.7619,1798.0,2026-02-09,13.1447,hedef,2.97,53.0,3.26,
2026-02-09,YUNSA,kirilim,4.6,1.048,9.99,1798.0,2026-02-10,10.2897,hedef,2.97,53.0,3.1,
2026-02-09,YYLGD,kirilim,2.7,0.952,13.63,1798.0,2026-02-09,14.0389,hedef,2.97,53.0,3.74,
2026-02-10,ALCAR,dip,2.3,0.168,909.0,1645.0,2026-02-13,936.27,hedef,2.97,49.0,3.36,
2026-02-10,BEGYO,dip,3.1,0.008,4.74,1645.0,2026-02-13,4.8822,hedef,2.97,49.0,3.59,
2026-02-10,BERA,kirilim,2.8,0.969,21.4,1645.0,2026-02-10,22.042,hedef,2.97,49.0,3.46,
2026-02-10,BIENY,dip,2.4,0.062,24.5,1645.0,2026-02-12,25.235,hedef,2.97,49.0,4.57,
2026-02-10,BIGEN,dip,3.5,0.175,10.42,1645.0,2026-02-10,10.7326,hedef,2.97,49.0,3.17,
2026-02-10,CMBTN,dip,5.1,0.16,1970.0,1645.0,2026-02-10,2029.1,hedef,2.97,49.0,4.31,
2026-02-10,DYOBY,dip,2.4,0.141,14.44,1645.0,2026-02-10,14.8732,hedef,2.97,49.0,3.12,
2026-02-10,EGEPO,kirilim,2.5,1.0,11.6,1645.0,2026-02-10,11.252,stop,-3.03,-50.0,0.0,
2026-02-10,EUREN,dip,2.2,0.197,5.44,1645.0,2026-02-16,5.6032,hedef,2.97,49.0,3.31,
2026-02-10,GIPTA,dip,2.0,0.16,61.95,1645.0,2026-02-10,63.8085,hedef,2.97,49.0,3.39,
2026-02-10,GZNMI,dip,3.1,0.025,48.84,1645.0,2026-02-10,50.3052,hedef,2.97,49.0,7.6,
2026-02-10,HATEK,dip,2.4,0.068,15.63,1645.0,2026-02-16,16.0989,hedef,2.97,49.0,4.86,
2026-02-10,ISDMR,kirilim,2.6,1.038,46.42,1645.0,2026-02-18,47.8126,hedef,2.97,49.0,3.88,
2026-02-10,KBORU,kirilim,2.6,0.966,18.99,1645.0,2026-02-12,19.5597,hedef,2.97,49.0,4.32,
2026-02-10,KERVN,dip,2.1,0.158,2.05,1645.0,2026-02-13,2.1115,hedef,2.97,49.0,11.22,
2026-02-10,KRDMA,dip,2.7,0.173,29.24,1645.0,2026-02-12,30.1172,hedef,2.97,49.0,3.01,
2026-02-10,LINK,dip,2.1,0.071,5.9512,1645.0,2026-02-19,5.7726,stop,-3.03,-50.0,2.05,
2026-02-10,MANAS,kirilim,4.2,1.008,11.6,1645.0,2026-02-10,11.948,hedef,2.97,49.0,6.12,
2026-02-10,MARKA,dip,4.3,0.05,35.48,1645.0,2026-02-10,36.5444,hedef,2.97,49.0,5.02,
2026-02-10,MERCN,dip,6.0,0.141,18.57,1645.0,2026-02-10,19.1271,hedef,2.97,49.0,7.43,
2026-02-10,OBAMS,dip,3.0,0.183,7.89,1645.0,2026-02-11,7.6533,stop,-3.03,-50.0,1.14,
2026-02-10,PKENT,dip,2.7,0.055,152.0,1645.0,2026-02-10,156.56,hedef,2.97,49.0,5.13,
2026-02-10,PRKAB,kirilim,2.4,0.853,62.3,1645.0,2026-02-10,64.169,hedef,2.97,49.0,3.13,
2026-02-10,QUAGR,dip,2.4,0.064,3.03,1645.0,2026-02-10,2.9391,stop,-3.03,-50.0,0.0,
2026-02-10,RAYSG,dip,2.8,0.088,225.7,1645.0,2026-02-10,232.471,hedef,2.97,49.0,5.58,
2026-02-10,SMART,dip,3.0,0.12,23.2,1645.0,2026-02-10,23.896,hedef,2.97,49.0,3.53,
2026-02-10,SUWEN,dip,2.8,0.11,8.74,1645.0,2026-02-11,9.0022,hedef,2.97,49.0,3.32,
2026-02-10,VAKBN,kirilim,4.2,0.99,37.7,1645.0,2026-02-10,36.569,stop,-3.03,-50.0,0.48,
2026-02-10,VSNMD,dip,3.7,0.069,97.7,1645.0,2026-02-10,94.769,stop,-3.03,-50.0,0.36,
2026-02-10,YAPRK,dip,3.4,0.051,13.0,1645.0,2026-02-10,13.39,hedef,2.97,49.0,3.3,
2026-02-11,ARSAN,kirilim,2.1,0.972,4.87,2447.0,2026-02-12,4.7239,stop,-3.03,-74.0,0.41,
2026-02-11,BIENY,dip,2.4,0.057,24.34,2447.0,2026-02-12,25.0702,hedef,2.97,73.0,5.26,
2026-02-11,CEOEM,dip,3.1,0.1,23.34,2447.0,2026-02-16,24.0402,hedef,2.97,73.0,3.68,
2026-02-11,DERHL,dip,2.2,0.009,14.13,2447.0,2026-02-19,13.7061,stop,-3.03,-74.0,2.05,
2026-02-11,DYOBY,dip,11.9,0.199,15.39,2447.0,2026-02-11,15.8517,hedef,2.97,73.0,3.44,
2026-02-11,DZGYO,kirilim,3.5,1.074,9.7,2447.0,2026-02-12,9.991,hedef,2.97,73.0,6.91,
2026-02-11,EDATA,kirilim,2.4,0.968,10.64,2447.0,2026-02-11,10.9592,hedef,2.97,73.0,3.1,
2026-02-11,EGEEN,dip,3.4,0.154,7402.5,2447.0,2026-02-19,7180.425,stop,-3.03,-74.0,1.86,
2026-02-11,GIPTA,dip,3.1,0.151,61.45,2447.0,2026-02-11,63.2935,hedef,2.97,73.0,3.34,
2026-02-11,GRTHO,dip,6.9,0.16,265.0,2447.0,2026-02-11,257.05,stop,-3.03,-74.0,0.0,
2026-02-11,GZNMI,dip,7.8,0.044,54.3,2447.0,2026-02-11,52.671,stop,-3.03,-74.0,3.31,
2026-02-11,IHLAS,dip,2.2,0.134,2.33,2447.0,2026-02-16,2.3999,hedef,2.97,73.0,5.15,
2026-02-11,JANTS,dip,6.1,0.126,20.04,2447.0,2026-02-18,20.6412,hedef,2.97,73.0,3.29,
2026-02-11,MANAS,kirilim,2.0,0.918,11.7,2447.0,2026-02-11,12.051,hedef,2.97,73.0,3.85,
2026-02-11,MARKA,dip,11.6,0.155,39.6,2447.0,2026-02-11,38.412,stop,-3.03,-74.0,0.0,
2026-02-11,MERCN,dip,4.8,0.178,20.02,2447.0,2026-02-11,19.4194,stop,-3.03,-74.0,1.2,
2026-02-11,MOBTL,kirilim,2.7,0.991,10.91,2447.0,2026-02-12,11.2373,hedef,2.97,73.0,3.57,
2026-02-11,PKENT,dip,40.0,0.153,169.8,2447.0,2026-02-11,174.894,hedef,2.97,73.0,4.65,
2026-02-11,QUAGR,dip,2.2,0.055,2.94,2447.0,2026-02-11,2.8518,stop,-3.03,-74.0,0.0,
2026-02-11,RAYSG,dip,3.2,0.13,233.6,2447.0,2026-02-16,226.592,stop,-3.03,-74.0,0.26,
2026-02-11,SASA,dip,2.1,0.104,2.64,2447.0,2026-02-11,2.5608,stop,-3.03,-74.0,0.0,
2026-02-11,SERNT,dip,2.1,0.119,8.68,2447.0,2026-02-13,8.9404,hedef,2.97,73.0,3.57,
2026-02-11,SUWEN,dip,2.0,0.147,9.04,2447.0,2026-02-18,9.3112,hedef,2.97,73.0,4.98,
2026-02-11,TTRAK,dip,3.0,0.137,559.0,2447.0,2026-02-19,542.23,stop,-3.03,-74.0,1.52,
2026-02-12,ADESE,dip,2.6,0.196,1.18,1836.0,2026-02-12,1.2154,hedef,2.97,54.0,3.39,
2026-02-12,GRTHO,dip,2.8,0.148,259.5,1836.0,2026-02-13,267.285,hedef,2.97,54.0,4.82,
2026-02-12,HUBVC,kirilim,2.8,1.0,4.1,1836.0,2026-02-12,4.223,hedef,2.97,54.0,3.66,
2026-02-12,JANTS,dip,2.6,0.139,20.2,1836.0,2026-02-19,19.594,stop,-3.03,-56.0,2.48,
2026-02-12,KAYSE,kirilim,2.5,0.988,5.39,1836.0,2026-02-12,5.2283,stop,-3.03,-56.0,2.97,
2026-02-12,KBORU,kirilim,2.0,1.012,19.5,1836.0,2026-02-12,20.085,hedef,2.97,54.0,3.79,
2026-02-12,KONTR,dip,3.3,0.121,10.84,1836.0,2026-02-12,11.1652,hedef,2.97,54.0,3.14,
2026-02-12,KONYA,dip,2.2,0.043,4500.0,1836.0,2026-02-16,4635.0,hedef,2.97,54.0,3.78,
2026-02-12,KRDMA,dip,2.5,0.174,29.28,1836.0,2026-02-12,30.1584,hedef,2.97,54.0,3.01,
2026-02-12,KRGYO,dip,2.8,0.176,3.26,1836.0,2026-02-13,3.1622,stop,-3.03,-56.0,1.53,
2026-02-12,MARTI,dip,2.3,0.189,1.9001,1836.0,2026-02-12,1.9571,hedef,2.97,54.0,3.04,
2026-02-12,MERCN,dip,2.6,0.183,20.22,1836.0,2026-02-13,19.6134,stop,-3.03,-56.0,1.68,
2026-02-12,ODINE,kirilim,83.7,0.937,346.0,1836.0,2026-02-12,356.38,hedef,2.97,54.0,5.2,
2026-02-12,PKENT,dip,2.5,0.121,164.1,1836.0,2026-02-13,169.023,hedef,2.97,54.0,6.64,
2026-02-12,SKYLP,kirilim,3.0,0.982,338.25,1836.0,2026-02-12,348.3975,hedef,2.97,54.0,6.65,
2026-02-12,SMRTG,dip,2.2,0.141,8.43,1836.0,2026-02-18,8.1771,stop,-3.03,-56.0,2.85,
2026-02-12,SUWEN,dip,2.7,0.163,9.17,1836.0,2026-02-18,9.4451,hedef,2.97,54.0,3.49,
2026-02-12,VAKBN,kirilim,2.4,1.084,39.64,1836.0,2026-02-12,40.8292,hedef,2.97,54.0,3.18,
2026-02-12,VSNMD,dip,13.1,0.064,93.95,1836.0,2026-02-12,96.7685,hedef,2.97,54.0,4.2,
2026-02-12,YAPRK,dip,3.1,0.073,13.6905,1836.0,2026-02-12,14.1012,hedef,2.97,54.0,3.22,
2026-02-13,AGHOL,kirilim,4.3,1.021,36.56,1835.0,2026-02-13,35.4632,stop,-3.03,-56.0,0.0,
2026-02-13,AGROT,dip,2.0,0.177,3.25,1835.0,2026-02-16,3.3475,hedef,2.97,54.0,4.0,
2026-02-13,BEGYO,dip,2.3,0.017,4.89,1835.0,2026-02-17,5.0367,hedef,2.97,54.0,3.07,
2026-02-13,BIENY,dip,3.0,0.097,25.5,1835.0,2026-02-13,26.265,hedef,2.97,54.0,6.98,
2026-02-13,BORLS,dip,2.2,0.006,2.77,1835.0,2026-02-16,2.8531,hedef,2.97,54.0,3.61,
2026-02-13,CEMZY,kirilim,2.5,1.01,11.623,1835.0,2026-02-17,11.2743,stop,-3.03,-56.0,0.75,
2026-02-13,CMBTN,dip,2.3,0.199,2020.0,1835.0,2026-02-16,2080.6,hedef,2.97,54.0,8.37,
2026-02-13,DURKN,kirilim,4.0,1.076,21.26,1835.0,2026-02-13,21.8978,hedef,2.97,54.0,3.01,
2026-02-13,EGEPO,kirilim,3.3,0.99,11.79,1835.0,2026-02-13,11.4363,stop,-3.03,-56.0,0.0,
2026-02-13,EMKEL,dip,2.0,0.056,21.92,1835.0,2026-02-16,22.5776,hedef,2.97,54.0,3.92,
2026-02-13,ENJSA,kirilim,3.4,1.046,115.4,1835.0,2026-02-13,111.938,stop,-3.03,-56.0,0.0,
2026-02-13,GEREL,kirilim,9.0,1.004,27.44,1835.0,2026-02-13,26.6168,stop,-3.03,-56.0,0.58,
2026-02-13,GZNMI,dip,12.4,0.056,57.7,1835.0,2026-02-13,59.431,hedef,2.97,54.0,7.02,
2026-02-13,HALKB,kirilim,2.0,1.033,49.36,1835.0,2026-02-19,47.8792,stop,-3.03,-56.0,2.21,
2026-02-13,JANTS,dip,2.0,0.134,20.14,1835.0,2026-02-19,19.5358,stop,-3.03,-56.0,2.78,
2026-02-13,KARTN,dip,3.2,0.183,83.55,1835.0,2026-02-19,81.0435,stop,-3.03,-56.0,2.45,
2026-02-13,KIMMR,kirilim,3.1,0.993,17.43,1835.0,2026-02-13,17.9529,hedef,2.97,54.0,4.3,
2026-02-13,QUAGR,dip,8.8,0.071,3.09,1835.0,2026-02-13,3.1827,hedef,2.97,54.0,7.77,
2026-02-13,REEDR,dip,2.5,0.076,7.09,1835.0,2026-02-19,6.8773,stop,-3.03,-56.0,1.27,
2026-02-13,SUWEN,dip,2.4,0.171,9.24,1835.0,2026-02-18,9.5172,hedef,2.97,54.0,3.25,
2026-02-13,THYAO,kirilim,2.5,1.015,347.75,1835.0,2026-02-18,337.3175,stop,-3.03,-56.0,1.37,
2026-02-13,TUREX,dip,3.4,0.027,8.09,1835.0,2026-02-16,8.3327,hedef,2.97,54.0,3.58,
2026-02-13,USAK,dip,2.1,0.142,1.85,1835.0,2026-02-16,1.9055,hedef,2.97,54.0,3.78,
2026-02-13,YAPRK,dip,25.9,0.093,14.3333,1835.0,2026-02-13,14.7633,hedef,2.97,54.0,7.56,
2026-02-16,AKFIS,kirilim,13.2,0.836,25.6,859.0,2026-02-16,26.368,hedef,2.97,26.0,5.08,
2026-02-16,ALBRK,kirilim,19.3,1.043,10.25,859.0,2026-02-19,9.9425,stop,-3.03,-26.0,2.15,
2026-02-16,ALTNY,dip,4.4,0.192,16.21,859.0,2026-02-17,16.6963,hedef,2.97,26.0,3.08,
2026-02-16,ASUZU,kirilim,7.5,0.985,67.0,859.0,2026-02-16,69.01,hedef,2.97,26.0,4.63,
2026-02-16,BEGYO,dip,2.0,0.022,4.96,859.0,2026-02-18,4.8112,stop,-3.03,-26.0,2.22,
2026-02-16,BIENY,dip,6.7,0.155,27.2,859.0,2026-02-17,26.384,stop,-3.03,-26.0,2.94,
2026-02-16,BJKAS,dip,2.4,0.07,1.7,859.0,2026-02-17,1.649,stop,-3.03,-26.0,1.76,
2026-02-16,BORLS,dip,4.3,0.012,2.95,859.0,2026-02-17,3.0385,hedef,2.97,26.0,4.41,
2026-02-16,BRKO,kirilim,2.5,1.002,14.53,859.0,2026-02-17,14.0941,stop,-3.03,-26.0,0.48,
2026-02-16,CEOEM,dip,6.7,0.091,23.12,859.0,2026-02-16,23.8136,hedef,2.97,26.0,3.2,
2026-02-16,CIMSA,kirilim,4.5,0.942,55.0,859.0,2026-02-18,56.65,hedef,2.97,26.0,3.91,
2026-02-16,EGEEN,dip,2.2,0.168,7455.0,859.0,2026-02-19,7231.35,stop,-3.03,-26.0,1.14,
2026-02-16,EKGYO,kirilim,5.0,1.028,26.52,859.0,2026-02-17,25.7244,stop,-3.03,-26.0,1.81,
2026-02-16,ESCOM,kirilim,3.0,1.017,4.03,859.0,2026-02-19,3.9091,stop,-3.03,-26.0,1.99,
2026-02-16,FADE,kirilim,8.2,1.027,17.65,859.0,2026-02-16,17.1205,stop,-3.03,-26.0,1.98,
2026-02-16,FENER,dip,3.8,0.109,3.32,859.0,2026-02-19,3.2204,stop,-3.03,-26.0,1.81,
2026-02-16,GSRAY,dip,5.4,0.148,1.23,859.0,2026-02-18,1.2669,hedef,2.97,26.0,3.25,
2026-02-16,GZNMI,dip,12.1,0.081,65.05,859.0,2026-02-16,67.0015,hedef,2.97,26.0,4.38,
2026-02-16,HATEK,dip,4.2,0.068,15.64,859.0,2026-02-16,16.1092,hedef,2.97,26.0,5.12,
2026-02-16,HLGYO,kirilim,8.0,1.056,5.0,859.0,2026-02-17,5.15,hedef,2.97,26.0,3.0,
2026-02-16,IHLAS,dip,14.3,0.184,2.46,859.0,2026-02-16,2.3862,stop,-3.03,-26.0,0.0,
2026-02-16,IHYAY,dip,16.3,0.065,1.98,859.0,2026-02-19,1.9206,stop,-3.03,-26.0,1.52,
2026-02-16,INVES,dip,2.2,0.107,239.7,859.0,2026-02-17,246.891,hedef,2.97,26.0,3.0,
2026-02-16,JANTS,dip,3.4,0.155,20.4,859.0,2026-02-19,19.788,stop,-3.03,-26.0,1.47,
2026-02-16,KLSYN,kirilim,3.2,1.027,9.36,859.0,2026-02-16,9.6408,hedef,2.97,26.0,3.42,
2026-02-16,KONYA,dip,3.6,0.117,4670.0,859.0,2026-02-16,4810.1,hedef,2.97,26.0,4.18,
2026-02-16,KRGYO,dip,3.9,0.183,3.29,859.0,2026-02-19,3.1913,stop,-3.03,-26.0,2.13,
2026-02-16,LINK,dip,2.5,0.068,5.9024,859.0,2026-02-19,5.7253,stop,-3.03,-26.0,1.12,
2026-02-16,MAVI,kirilim,2.4,0.998,50.15,859.0,2026-02-18,48.6455,stop,-3.03,-26.0,1.2,
2026-02-16,MERCN,dip,4.1,0.165,19.5,859.0,2026-02-18,18.915,stop,-3.03,-26.0,0.77,
2026-02-16,MGROS,kirilim,2.5,0.991,690.0,859.0,2026-02-19,669.3,stop,-3.03,-26.0,1.23,
2026-02-16,ORGE,dip,2.0,0.166,72.35,859.0,2026-02-17,74.5205,hedef,2.97,26.0,5.11,
2026-02-16,OZKGY,kirilim,12.7,1.017,16.11,859.0,2026-02-19,15.6267,stop,-3.03,-26.0,2.3,
2026-02-16,OZRDN,kirilim,3.8,1.127,22.8,859.0,2026-02-17,23.484,hedef,2.97,26.0,6.05,
2026-02-16,PKENT,dip,2.4,0.19,176.7,859.0,2026-02-17,171.399,stop,-3.03,-26.0,1.87,
2026-02-16,QUAGR,dip,13.3,0.111,3.47,859.0,2026-02-16,3.5741,hedef,2.97,26.0,3.17,
2026-02-16,SANFM,dip,5.3,0.152,7.38,859.0,2026-02-17,7.6014,hedef,2.97,26.0,3.39,
2026-02-16,TRGYO,kirilim,3.8,1.04,88.0,859.0,2026-02-19,85.36,stop,-3.03,-26.0,0.91,
2026-02-16,TTRAK,dip,2.1,0.13,556.5,859.0,2026-02-19,539.805,stop,-3.03,-26.0,1.53,
2026-02-16,UNLU,kirilim,2.1,0.986,18.08,859.0,2026-02-16,18.6224,hedef,2.97,26.0,4.65,
2026-02-16,USAK,dip,2.9,0.151,1.88,859.0,2026-02-16,1.9364,hedef,2.97,26.0,3.19,
2026-02-16,VESTL,dip,2.6,0.129,32.88,859.0,2026-02-18,31.8936,stop,-3.03,-26.0,2.43,
2026-02-16,YAPRK,dip,22.6,0.138,15.7619,859.0,2026-02-16,15.289,stop,-3.03,-26.0,0.38,
2026-02-17,ALFAS,dip,2.1,0.186,44.56,1644.0,2026-02-18,43.2232,stop,-3.03,-50.0,0.81,
2026-02-17,ASUZU,kirilim,2.4,0.921,69.35,1644.0,2026-02-17,71.4305,hedef,2.97,49.0,3.32,
2026-02-17,AYGAZ,kirilim,2.2,0.979,246.0,1644.0,2026-02-23,253.38,hedef,2.97,49.0,3.76,
2026-02-17,BEGYO,dip,2.2,0.026,5.02,1644.0,2026-02-18,4.8694,stop,-3.03,-50.0,1.0,
2026-02-17,BORLS,dip,5.0,0.016,3.09,1644.0,2026-02-17,2.9973,stop,-3.03,-50.0,2.59,
2026-02-17,BULGS,kirilim,4.3,1.017,52.8,1644.0,2026-02-18,54.384,hedef,2.97,49.0,3.03,
2026-02-17,CEOEM,dip,4.0,0.129,24.0,1644.0,2026-02-17,23.28,stop,-3.03,-50.0,0.0,
2026-02-17,DGNMO,dip,4.1,0.186,5.35,1644.0,2026-02-18,5.1895,stop,-3.03,-50.0,0.75,
2026-02-17,DSTKF,kirilim,3.3,0.994,987.5,1644.0,2026-02-17,1017.125,hedef,2.97,49.0,3.09,
2026-02-17,EGEEN,dip,2.4,0.174,7477.5,1644.0,2026-02-18,7253.175,stop,-3.03,-50.0,0.84,
2026-02-17,EGEPO,kirilim,2.7,0.988,12.01,1644.0,2026-02-17,11.6497,stop,-3.03,-50.0,0.0,
2026-02-17,GIPTA,dip,3.3,0.162,66.15,1644.0,2026-02-18,68.1345,hedef,2.97,49.0,4.16,
2026-02-17,GSRAY,dip,2.7,0.164,1.24,1644.0,2026-02-18,1.2772,hedef,2.97,49.0,4.84,
2026-02-17,GZNMI,dip,4.0,0.097,69.65,1644.0,2026-02-17,67.5605,stop,-3.03,-50.0,0.0,
2026-02-17,HATEK,dip,50.9,0.14,17.09,1644.0,2026-02-17,17.6027,hedef,2.97,49.0,5.27,
2026-02-17,IHLAS,dip,2.9,0.161,2.4,1644.0,2026-02-17,2.472,hedef,2.97,49.0,3.75,
2026-02-17,KAYSE,kirilim,13.4,1.011,5.57,1644.0,2026-02-17,5.7371,hedef,2.97,49.0,3.05,
2026-02-17,KLSYN,kirilim,3.6,1.023,9.79,1644.0,2026-02-17,9.4963,stop,-3.03,-50.0,1.63,
2026-02-17,KONTR,dip,2.8,0.157,11.24,1644.0,2026-02-18,10.9028,stop,-3.03,-50.0,0.62,
2026-02-17,LILAK,kirilim,2.0,1.013,35.04,1644.0,2026-02-18,33.9888,stop,-3.03,-50.0,1.14,
2026-02-17,ODINE,kirilim,5.3,1.053,417.5,1644.0,2026-02-17,430.025,hedef,2.97,49.0,4.55,
2026-02-17,OZKGY,kirilim,2.2,0.999,16.36,1644.0,2026-02-18,15.8692,stop,-3.03,-50.0,0.67,
2026-02-17,QUAGR,dip,2.4,0.093,3.3,1644.0,2026-02-17,3.201,stop,-3.03,-50.0,0.61,
2026-02-17,RAYSG,dip,3.9,0.148,237.0,1644.0,2026-02-17,244.11,hedef,2.97,49.0,7.28,
2026-02-17,SANFM,dip,2.6,0.169,7.66,1644.0,2026-02-18,7.4302,stop,-3.03,-50.0,0.91,
2026-02-17,TATGD,kirilim,2.2,1.055,15.99,1644.0,2026-02-18,16.4697,hedef,2.97,49.0,5.07,
2026-02-17,YAPRK,dip,2.1,0.102,14.619,1644.0,2026-02-17,15.0576,hedef,2.97,49.0,3.75,
2026-02-18,AKCNS,kirilim,2.1,0.993,216.2,1258.0,2026-02-25,209.714,stop,-3.03,-38.0,2.17,
2026-02-18,AYEN,kirilim,6.8,0.962,32.26,1258.0,2026-02-18,31.2922,stop,-3.03,-38.0,2.67,
2026-02-18,AYGAZ,kirilim,2.1,0.989,248.2,1258.0,2026-02-23,255.646,hedef,2.97,37.0,3.75,
2026-02-18,BASGZ,kirilim,3.5,1.049,49.42,1258.0,2026-02-18,50.9026,hedef,2.97,37.0,4.51,
2026-02-18,BEGYO,dip,2.4,0.024,5.0,1258.0,2026-02-18,4.85,stop,-3.03,-38.0,0.2,
2026-02-18,BJKAS,dip,2.6,0.033,1.62,1258.0,2026-02-19,1.5714,stop,-3.03,-38.0,0.0,
2026-02-18,BORLS,dip,2.5,0.01,2.9,1258.0,2026-02-18,2.813,stop,-3.03,-38.0,2.41,
2026-02-18,BRISA,kirilim,2.3,1.027,99.9,1258.0,2026-02-18,102.897,hedef,2.97,37.0,3.1,
2026-02-18,DSTKF,kirilim,2.5,0.984,1070.0,1258.0,2026-02-18,1102.1,hedef,2.97,37.0,4.49,
2026-02-18,DYOBY,dip,2.6,0.171,14.94,1258.0,2026-02-18,14.4918,stop,-3.03,-38.0,0.54,
2026-02-18,EMKEL,dip,2.2,0.054,22.0,1258.0,2026-02-18,21.34,stop,-3.03,-38.0,0.64,
2026-02-18,ESCAR,dip,2.0,0.142,26.98,1258.0,2026-02-18,26.1706,stop,-3.03,-38.0,0.07,
2026-02-18,FADE,kirilim,4.4,0.984,17.9,1258.0,2026-02-18,17.363,stop,-3.03,-38.0,0.45,
2026-02-18,GENIL,dip,2.6,0.124,8.36,1258.0,2026-02-18,8.1092,stop,-3.03,-38.0,0.0,
2026-02-18,GUNDG,kirilim,2.4,1.09,323.25,1258.0,2026-02-18,332.9475,hedef,2.97,37.0,8.82,
2026-02-18,HATEK,dip,3.5,0.133,16.95,1258.0,2026-02-18,16.4415,stop,-3.03,-38.0,0.0,
2026-02-18,IHLAS,dip,2.2,0.149,2.37,1258.0,2026-02-19,2.2989,stop,-3.03,-38.0,0.42,
2026-02-18,INDES,kirilim,2.8,1.0,9.1,1258.0,2026-02-18,8.827,stop,-3.03,-38.0,0.0,
2026-02-18,INTEK,dip,2.1,0.152,301.0,1258.0,2026-02-19,291.97,stop,-3.03,-38.0,0.0,
2026-02-18,ISDMR,kirilim,2.1,0.916,46.76,1258.0,2026-02-18,45.3572,stop,-3.03,-38.0,0.0,
2026-02-18,KONTR,dip,5.7,0.084,10.42,1258.0,2026-02-19,10.1074,stop,-3.03,-38.0,1.73,
2026-02-18,KONYA,dip,2.4,0.148,4742.5,1258.0,2026-02-19,4600.225,stop,-3.03,-38.0,0.32,
2026-02-18,MOGAN,kirilim,27.4,1.274,11.6,1258.0,2026-02-18,11.252,stop,-3.03,-38.0,0.0,
2026-02-18,NTHOL,kirilim,2.2,0.909,52.15,1258.0,2026-02-19,50.5855,stop,-3.03,-38.0,0.48,
2026-02-18,ORGE,dip,5.5,0.197,73.75,1258.0,2026-02-18,75.9625,hedef,2.97,37.0,3.05,
2026-02-18,OYYAT,kirilim,13.0,1.034,64.05,1258.0,2026-02-18,62.1285,stop,-3.03,-38.0,1.48,
2026-02-18,SASA,dip,2.1,0.092,2.6,1258.0,2026-02-19,2.522,stop,-3.03,-38.0,2.69,
2026-02-18,TATEN,dip,2.1,0.154,10.36,1258.0,2026-02-19,10.0492,stop,-3.03,-38.0,0.29,
2026-02-18,TATGD,kirilim,21.6,1.096,16.7,1258.0,2026-02-18,17.201,hedef,2.97,37.0,4.55,
2026-02-18,TMPOL,kirilim,2.1,0.971,437.75,1258.0,2026-02-19,424.6175,stop,-3.03,-38.0,1.48,
2026-02-18,VSNMD,dip,2.1,0.067,98.75,1258.0,2026-02-18,95.7875,stop,-3.03,-38.0,1.47,
2026-02-19,BIENY,dip,4.9,0.104,25.72,6355.0,2026-02-19,24.9484,stop,-3.03,-193.0,0.0,
2026-02-19,BJKAS,dip,2.1,0.026,1.6,6355.0,2026-02-19,1.552,stop,-3.03,-193.0,0.0,
2026-02-19,DGNMO,dip,2.0,0.09,5.02,6355.0,2026-02-19,4.8694,stop,-3.03,-193.0,0.0,
2026-02-19,DURKN,kirilim,2.7,0.982,24.58,6355.0,2026-02-19,23.8426,stop,-3.03,-193.0,0.08,
2026-02-19,KRGYO,dip,3.6,0.188,3.31,6355.0,2026-02-19,3.2107,stop,-3.03,-193.0,0.0,
2026-02-19,MARTI,dip,2.1,0.162,1.8616,6355.0,2026-02-19,1.8058,stop,-3.03,-193.0,0.0,
2026-02-19,NIBAS,kirilim,6.1,0.984,5.7,6355.0,2026-02-19,5.871,hedef,2.97,189.0,5.26,
2026-02-19,ODINE,kirilim,2.2,0.99,474.75,6355.0,2026-02-19,488.9925,hedef,2.97,189.0,3.42,
2026-02-19,OYAYO,kirilim,4.4,1.055,65.25,6355.0,2026-02-19,63.2925,stop,-3.03,-193.0,1.92,
2026-02-19,VSNMD,dip,7.9,0.059,93.0,6355.0,2026-02-19,95.79,hedef,2.97,189.0,3.06,
2026-02-20,ADESE,dip,4.5,0.185,1.13,7335.0,2026-02-20,1.1639,hedef,2.97,218.0,6.19,
2026-02-20,ARASE,kirilim,3.5,1.014,89.55,7335.0,2026-02-20,86.8635,stop,-3.03,-222.0,0.0,
2026-02-20,EMKEL,dip,3.8,0.051,21.68,7335.0,2026-02-20,21.0296,stop,-3.03,-222.0,0.0,
2026-02-20,GUNDG,kirilim,2.7,1.004,353.0,7335.0,2026-02-20,363.59,hedef,2.97,218.0,5.31,
2026-02-20,INTEM,kirilim,2.9,0.959,472.25,7335.0,2026-02-20,458.0825,stop,-3.03,-222.0,1.22,
2026-02-20,ISKPL,kirilim,3.7,0.913,12.03,7335.0,2026-02-20,12.3909,hedef,2.97,218.0,6.15,
2026-02-20,KONYA,dip,5.0,0.041,4495.0,7335.0,2026-02-27,4360.15,stop,-3.03,-222.0,1.28,
2026-02-20,KRDMA,dip,2.5,0.198,30.06,7335.0,2026-02-23,30.9618,hedef,2.97,218.0,3.46,
2026-02-20,KZGYO,kirilim,5.9,0.945,27.88,7335.0,2026-02-20,27.0436,stop,-3.03,-222.0,0.0,
2026-02-20,MARKA,dip,2.6,0.039,35.06,7335.0,2026-02-23,36.1118,hedef,2.97,218.0,3.48,
2026-02-20,OZRDN,kirilim,2.1,0.965,25.22,7335.0,2026-02-20,24.4634,stop,-3.03,-222.0,0.0,
2026-02-20,RAYSG,dip,2.3,0.116,230.8,7335.0,2026-02-20,237.724,hedef,2.97,218.0,3.16,
2026-02-20,TATGD,kirilim,5.6,1.031,19.38,7335.0,2026-02-20,18.7986,stop,-3.03,-222.0,0.26,
2026-02-20,TKNSA,dip,2.1,0.171,22.62,7335.0,2026-02-23,23.2986,hedef,2.97,218.0,3.36,
2026-02-23,AYGAZ,kirilim,2.0,1.022,256.25,5206.0,2026-02-26,248.5625,stop,-3.03,-158.0,0.0,
2026-02-23,BJKAS,dip,2.6,0.022,1.58,5206.0,2026-02-23,1.6274,hedef,2.97,154.0,3.16,
2026-02-23,CRDFA,kirilim,2.2,0.98,25.75,5206.0,2026-02-24,24.9775,stop,-3.03,-158.0,1.62,
2026-02-23,ESCAR,dip,3.4,0.128,26.14,5206.0,2026-02-24,26.9242,hedef,2.97,154.0,3.14,
2026-02-23,ESCOM,kirilim,11.6,1.168,4.43,5206.0,2026-02-24,4.5629,hedef,2.97,154.0,8.35,
2026-02-23,FENER,dip,4.7,0.113,3.33,5206.0,2026-02-23,3.4299,hedef,2.97,154.0,3.3,
2026-02-23,HEDEF,kirilim,4.6,0.957,60.4331,5206.0,2026-02-23,62.2461,hedef,2.97,154.0,4.3,
2026-02-23,INVES,dip,2.0,0.087,242.9,5206.0,2026-02-24,235.613,stop,-3.03,-158.0,2.02,
2026-02-23,MANAS,kirilim,8.3,1.007,12.8,5206.0,2026-02-23,12.416,stop,-3.03,-158.0,0.0,
2026-02-23,OYAYO,kirilim,4.4,0.945,64.5,5206.0,2026-02-23,66.435,hedef,2.97,154.0,3.57,
2026-02-23,OYYAT,kirilim,3.0,1.048,67.95,5206.0,2026-02-24,69.9885,hedef,2.97,154.0,5.37,
2026-02-23,SOKE,kirilim,2.2,0.94,13.66,5206.0,2026-02-24,13.2502,stop,-3.03,-158.0,1.98,
2026-02-23,SOKM,kirilim,5.0,0.997,70.05,5206.0,2026-02-24,67.9485,stop,-3.03,-158.0,0.0,
2026-02-23,TMPOL,kirilim,3.7,0.998,465.0,5206.0,2026-02-23,478.95,hedef,2.97,154.0,3.6,
2026-02-24,A1CAP,kirilim,52.8,1.013,18.84,3382.0,2026-02-24,18.2748,stop,-3.03,-103.0,0.0,
2026-02-24,ANELE,dip,4.7,0.149,15.61,3382.0,2026-02-25,15.1417,stop,-3.03,-103.0,0.58,
2026-02-24,BEGYO,dip,2.8,0.003,4.65,3382.0,2026-02-24,4.5105,stop,-3.03,-103.0,0.65,
2026-02-24,EMKEL,dip,3.0,0.044,21.04,3382.0,2026-02-25,20.4088,stop,-3.03,-103.0,1.05,
2026-02-24,FENER,dip,7.3,0.073,3.23,3382.0,2026-02-24,3.1331,stop,-3.03,-103.0,0.0,
2026-02-24,GLYHO,kirilim,2.1,1.003,16.23,3382.0,2026-03-02,15.7431,stop,-3.03,-103.0,1.79,
2026-02-24,HATEK,dip,6.1,0.134,16.98,3382.0,2026-02-24,17.4894,hedef,2.97,100.0,4.89,
2026-02-24,KRGYO,dip,2.8,0.168,3.23,3382.0,2026-02-24,3.1331,stop,-3.03,-103.0,0.0,
2026-02-24,MAGEN,kirilim,5.3,0.999,47.06,3382.0,2026-02-24,48.4718,hedef,2.97,100.0,3.82,
2026-02-24,MARKA,dip,2.6,0.066,36.1,3382.0,2026-02-24,37.183,hedef,2.97,100.0,4.99,
2026-02-24,MEGAP,dip,3.1,0.197,3.1,3382.0,2026-02-25,3.007,stop,-3.03,-103.0,0.0,
2026-02-24,RYGYO,kirilim,2.4,1.009,31.16,3382.0,2026-02-27,32.0948,hedef,2.97,100.0,4.24,
2026-02-24,SEKUR,kirilim,2.1,0.901,5.89,3382.0,2026-02-24,6.0667,hedef,2.97,100.0,3.4,
2026-02-24,SKYMD,dip,6.3,0.195,12.59,3382.0,2026-02-24,12.9677,hedef,2.97,100.0,4.77,
2026-02-24,SUWEN,dip,3.1,0.188,9.38,3382.0,2026-02-24,9.0986,stop,-3.03,-103.0,0.0,
2026-02-24,USAK,dip,2.2,0.114,1.75,3382.0,2026-02-25,1.6975,stop,-3.03,-103.0,2.86,
2026-02-24,VAKKO,kirilim,12.5,1.058,82.3,3382.0,2026-02-24,79.831,stop,-3.03,-103.0,0.0,
2026-02-25,ASUZU,kirilim,8.3,1.028,73.0,4315.0,2026-02-25,70.81,stop,-3.03,-131.0,0.0,
2026-02-25,BIOEN,dip,2.8,0.199,17.12,4315.0,2026-02-27,16.6064,stop,-3.03,-131.0,0.12,
2026-02-25,BORLS,dip,2.4,0.009,2.85,4315.0,2026-02-25,2.7645,stop,-3.03,-131.0,2.11,
2026-02-25,CEOEM,dip,3.5,0.023,21.54,4315.0,2026-02-25,20.8938,stop,-3.03,-131.0,0.0,
2026-02-25,DERHL,dip,3.3,0.017,15.58,4315.0,2026-02-26,16.0474,hedef,2.97,128.0,5.65,
2026-02-25,GENIL,dip,2.0,0.049,7.5,4315.0,2026-02-25,7.725,hedef,2.97,128.0,4.27,
2026-02-25,HALKB,kirilim,5.1,1.0,51.6,4315.0,2026-02-25,50.052,stop,-3.03,-131.0,0.0,
2026-02-25,IEYHO,kirilim,2.2,0.997,82.05,4315.0,2026-02-27,84.5115,hedef,2.97,128.0,4.2,
2026-02-25,KTLEV,kirilim,3.0,0.953,40.84,4315.0,2026-02-25,42.0652,hedef,2.97,128.0,4.6,
2026-02-25,ORGE,dip,4.2,0.137,71.05,4315.0,2026-02-27,68.9185,stop,-3.03,-131.0,0.63,
2026-02-25,OYYAT,kirilim,2.6,1.004,74.6,4315.0,2026-02-25,72.362,stop,-3.03,-131.0,0.0,
2026-02-25,POLTK,dip,50.1,0.065,6010.0,4315.0,2026-02-25,6190.3,hedef,2.97,128.0,6.16,
2026-02-25,SANFM,dip,3.4,0.142,7.22,4315.0,2026-02-25,7.4366,hedef,2.97,128.0,3.46,
2026-02-25,SERNT,dip,2.3,0.134,8.11,4315.0,2026-02-25,7.8667,stop,-3.03,-131.0,0.0,
2026-02-25,TKNSA,dip,55.4,0.136,21.82,4315.0,2026-02-25,21.1654,stop,-3.03,-131.0,0.0,
2026-02-25,VESBE,dip,3.2,0.133,8.7,4315.0,2026-02-25,8.439,stop,-3.03,-131.0,0.0,
2026-02-25,VESTL,dip,3.1,0.124,32.56,4315.0,2026-02-25,31.5832,stop,-3.03,-131.0,0.0,
2026-02-26,CEOEM,dip,3.7,0.008,20.8,4361.0,2026-03-02,20.176,stop,-3.03,-132.0,1.73,
2026-02-26,CLEBI,dip,3.1,0.176,1756.0,4361.0,2026-02-27,1808.68,hedef,2.97,129.0,3.02,
2026-02-26,DERHL,dip,11.4,0.023,16.46,4361.0,2026-02-26,15.9662,stop,-3.03,-132.0,4.74,
2026-02-26,IEYHO,kirilim,2.1,1.013,83.55,4361.0,2026-02-27,86.0565,hedef,2.97,129.0,4.79,
2026-02-26,KARTN,dip,2.7,0.162,80.45,4361.0,2026-02-26,78.0365,stop,-3.03,-132.0,0.0,
2026-02-26,KRGYO,dip,2.6,0.107,2.99,4361.0,2026-03-02,2.9003,stop,-3.03,-132.0,1.0,
2026-02-26,MARTI,dip,2.4,-0.058,1.5,4361.0,2026-02-26,1.455,stop,-3.03,-132.0,0.0,
2026-02-26,MEKAG,kirilim,3.6,1.0,6.1,4361.0,2026-02-26,6.283,hedef,2.97,129.0,4.26,
2026-02-26,RAYSG,dip,5.1,0.153,238.0,4361.0,2026-02-26,230.86,stop,-3.03,-132.0,0.63,
2026-02-26,SANFM,dip,3.7,0.157,7.47,4361.0,2026-02-26,7.6941,hedef,2.97,129.0,3.21,
2026-02-26,SUMAS,dip,7.0,0.197,270.0,4361.0,2026-03-02,261.9,stop,-3.03,-132.0,2.87,
2026-02-26,TATEN,dip,4.3,0.083,9.22,4361.0,2026-02-27,8.9434,stop,-3.03,-132.0,0.98,
2026-02-26,TRILC,dip,4.5,0.071,2.6042,4361.0,2026-02-26,2.526,stop,-3.03,-132.0,0.0,
2026-02-26,VESBE,dip,2.9,0.068,8.17,4361.0,2026-02-26,8.4151,hedef,2.97,129.0,3.92,
2026-02-26,VESTL,dip,2.8,0.066,30.6,4361.0,2026-02-26,31.518,hedef,2.97,129.0,5.82,
2026-02-26,YAPRK,dip,6.1,0.153,16.25,4361.0,2026-02-26,15.7625,stop,-3.03,-132.0,0.0,
2026-02-27,BORLS,dip,3.0,0.012,2.97,3301.0,2026-03-02,2.8809,stop,-3.03,-100.0,0.67,
2026-02-27,ESCOM,kirilim,2.7,1.046,5.42,3301.0,2026-02-27,5.2574,stop,-3.03,-100.0,0.0,
2026-02-27,IEYHO,kirilim,3.0,1.026,85.55,3301.0,2026-03-02,82.9835,stop,-3.03,-100.0,1.05,
2026-02-27,KARTN,dip,2.4,0.099,78.15,3301.0,2026-02-27,75.8055,stop,-3.03,-100.0,0.7,
2026-02-27,KORDS,dip,3.8,0.161,51.4,3301.0,2026-03-02,49.858,stop,-3.03,-100.0,1.95,
2026-02-27,KRGYO,dip,3.4,0.102,2.97,3301.0,2026-03-02,2.8809,stop,-3.03,-100.0,1.68,
2026-02-27,MANAS,kirilim,3.3,1.057,17.84,3301.0,2026-03-02,17.3048,stop,-3.03,-100.0,0.78,
2026-02-27,MARTI,dip,3.8,-0.031,1.39,3301.0,2026-02-27,1.4317,hedef,2.97,98.0,4.32,
2026-02-27,MEPET,kirilim,2.9,1.01,25.98,3301.0,2026-02-27,25.2006,stop,-3.03,-100.0,0.0,
2026-02-27,PATEK,dip,5.8,0.177,18.61,3301.0,2026-02-27,19.1683,hedef,2.97,98.0,5.05,
2026-02-27,POLTK,dip,2.8,0.068,6032.5,3301.0,2026-03-02,5851.525,stop,-3.03,-100.0,0.12,
2026-02-27,RYGYO,kirilim,3.0,1.091,33.98,3301.0,2026-02-27,32.9606,stop,-3.03,-100.0,0.94,
2026-02-27,SANFM,dip,2.3,0.179,7.81,3301.0,2026-02-27,8.0443,hedef,2.97,98.0,3.07,
2026-02-27,SMART,kirilim,6.8,1.171,36.14,3301.0,2026-03-02,35.0558,stop,-3.03,-100.0,0.0,
2026-02-27,VESBE,dip,2.2,0.071,8.2,3301.0,2026-02-27,7.954,stop,-3.03,-100.0,1.34,
2026-02-27,YAPRK,dip,2.7,0.11,14.89,3301.0,2026-02-27,14.4433,stop,-3.03,-100.0,0.0,
2026-03-02,ACSEL,dip,3.6,0.023,94.05,508.0,2026-03-02,96.8715,hedef,2.97,15.0,6.96,
2026-03-02,AGROT,dip,2.5,-0.074,2.74,508.0,2026-03-04,2.8222,hedef,2.97,15.0,3.28,
2026-03-02,AKENR,dip,3.7,0.196,9.9,508.0,2026-03-02,10.197,hedef,2.97,15.0,3.03,
2026-03-02,AKSA,dip,2.6,0.14,9.28,508.0,2026-03-02,9.5584,hedef,2.97,15.0,7.0,
2026-03-02,ALCAR,dip,9.0,-0.099,750.0,508.0,2026-03-02,772.5,hedef,2.97,15.0,5.33,
2026-03-02,ANELE,dip,3.9,-0.043,13.33,508.0,2026-03-02,13.7299,hedef,2.97,15.0,6.08,
2026-03-02,ANGEN,dip,13.4,0.072,9.94,508.0,2026-03-02,10.2382,hedef,2.97,15.0,3.12,
2026-03-02,ARENA,dip,2.1,-0.055,24.46,508.0,2026-03-02,25.1938,hedef,2.97,15.0,3.27,
2026-03-02,ASELS,kirilim,4.7,0.94,324.0,508.0,2026-03-02,333.72,hedef,2.97,15.0,5.56,
2026-03-02,AVHOL,dip,14.7,0.174,35.02,508.0,2026-03-05,36.0706,hedef,2.97,15.0,3.48,
2026-03-02,AVPGY,dip,6.9,-0.09,47.8,508.0,2026-03-02,49.234,hedef,2.97,15.0,5.33,
2026-03-02,AZTEK,dip,3.6,0.135,3.92,508.0,2026-03-02,4.0376,hedef,2.97,15.0,5.1,
2026-03-02,BALSU,dip,2.2,0.014,14.0,508.0,2026-03-02,14.42,hedef,2.97,15.0,3.93,
2026-03-02,BANVT,dip,4.9,-0.041,151.1,508.0,2026-03-02,155.633,hedef,2.97,15.0,5.63,
2026-03-02,BAYRK,dip,5.0,0.056,4.04,508.0,2026-03-02,4.1612,hedef,2.97,15.0,3.96,
2026-03-02,BEGYO,dip,9.1,-0.024,3.99,508.0,2026-03-02,4.1097,hedef,2.97,15.0,3.76,
2026-03-02,BFREN,dip,3.6,-0.069,141.5,508.0,2026-03-02,145.745,hedef,2.97,15.0,3.82,
2026-03-02,BIENY,dip,11.6,-0.065,20.82,508.0,2026-03-02,21.4446,hedef,2.97,15.0,4.71,
2026-03-02,BIGEN,dip,3.9,-0.014,8.4,508.0,2026-03-02,8.652,hedef,2.97,15.0,3.93,
2026-03-02,BIGTK,dip,3.4,0.165,250.0,508.0,2026-03-02,257.5,hedef,2.97,15.0,3.4,
2026-03-02,BIOEN,dip,6.8,0.018,14.67,508.0,2026-03-02,15.1101,hedef,2.97,15.0,6.27,
2026-03-02,BORLS,dip,6.1,0.009,2.85,508.0,2026-03-02,2.9355,hedef,2.97,15.0,5.96,
2026-03-02,BTCIM,kirilim,5.2,0.821,5.29,508.0,2026-03-02,5.4487,hedef,2.97,15.0,8.7,
2026-03-02,CEOEM,dip,8.2,-0.074,18.73,508.0,2026-03-02,19.2919,hedef,2.97,15.0,5.34,
2026-03-02,CLEBI,dip,3.3,0.092,1600.0,508.0,2026-03-02,1648.0,hedef,2.97,15.0,3.06,
2026-03-02,CMBTN,dip,3.6,-0.075,1669.0,508.0,2026-03-02,1719.07,hedef,2.97,15.0,6.29,
2026-03-02,DCTTR,dip,3.7,0.012,7.36,508.0,2026-03-02,7.5808,hedef,2.97,15.0,3.12,
2026-03-02,DERHL,dip,2.2,0.002,13.12,508.0,2026-03-02,13.5136,hedef,2.97,15.0,6.02,
2026-03-02,DESPC,dip,4.8,0.172,44.9,508.0,2026-03-02,43.553,stop,-3.03,-15.0,1.38,
2026-03-02,DGGYO,dip,50.2,-0.087,27.14,508.0,2026-03-02,27.9542,hedef,2.97,15.0,5.82,
2026-03-02,DNISI,dip,27.3,0.066,19.17,508.0,2026-03-02,19.7451,hedef,2.97,15.0,3.5,
2026-03-02,DOFER,dip,6.1,0.158,29.2,508.0,2026-03-02,30.076,hedef,2.97,15.0,5.34,
2026-03-02,DYOBY,dip,2.3,0.012,12.3,508.0,2026-03-02,12.669,hedef,2.97,15.0,4.8,
2026-03-02,EGEEN,dip,9.6,-0.138,6002.5,508.0,2026-03-02,6182.575,hedef,2.97,15.0,3.33,
2026-03-02,EGSER,dip,8.3,0.078,2.9,508.0,2026-03-05,2.987,hedef,2.97,15.0,3.45,
2026-03-02,EKSUN,dip,7.4,0.061,4.91,508.0,2026-03-02,5.0573,hedef,2.97,15.0,4.28,
2026-03-02,ELITE,dip,3.6,0.062,28.4,508.0,2026-03-02,29.252,hedef,2.97,15.0,3.66,
2026-03-02,EMNIS,dip,2.1,-0.024,152.5,508.0,2026-03-05,157.075,hedef,2.97,15.0,3.61,
2026-03-02,ENDAE,dip,2.1,0.146,12.44,508.0,2026-03-02,12.8132,hedef,2.97,15.0,4.74,
2026-03-02,ERCB,dip,3.7,-0.082,51.5,508.0,2026-03-02,53.045,hedef,2.97,15.0,3.88,
2026-03-02,ESCAR,dip,5.6,0.102,24.56,508.0,2026-03-02,25.2968,hedef,2.97,15.0,9.12,
2026-03-02,ESEN,dip,3.7,-0.018,3.52,508.0,2026-03-02,3.6256,hedef,2.97,15.0,3.41,
2026-03-02,ETILR,dip,3.9,0.159,3.37,508.0,2026-03-02,3.4711,hedef,2.97,15.0,6.23,
2026-03-02,FMIZP,dip,7.4,0.141,285.0,508.0,2026-03-05,293.55,hedef,2.97,15.0,3.25,
2026-03-02,GENIL,dip,2.1,0.125,8.1,508.0,2026-03-03,8.343,hedef,2.97,15.0,6.79,
2026-03-02,GIPTA,dip,7.8,0.026,50.85,508.0,2026-03-02,52.3755,hedef,2.97,15.0,5.41,
2026-03-02,GOKNR,dip,2.6,0.104,20.12,508.0,2026-03-02,20.7236,hedef,2.97,15.0,3.48,
2026-03-02,GOLTS,dip,14.2,0.106,320.0,508.0,2026-03-02,329.6,hedef,2.97,15.0,5.16,
2026-03-02,GRTHO,dip,4.2,-0.001,207.4,508.0,2026-03-02,213.622,hedef,2.97,15.0,5.54,
2026-03-02,GZNMI,dip,2.1,0.029,49.82,508.0,2026-03-02,51.3146,hedef,2.97,15.0,3.07,
2026-03-02,HATEK,dip,2.6,-0.004,14.18,508.0,2026-03-02,14.6054,hedef,2.97,15.0,3.1,
2026-03-02,HATSN,dip,3.8,0.0,34.5,508.0,2026-03-02,35.535,hedef,2.97,15.0,5.86,
2026-03-02,HUNER,dip,2.4,-0.057,2.96,508.0,2026-03-02,3.0488,hedef,2.97,15.0,3.38,
2026-03-02,IHEVA,dip,15.4,0.125,2.07,508.0,2026-03-02,2.1321,hedef,2.97,15.0,5.8,
2026-03-02,IHGZT,dip,2.4,0.185,1.41,508.0,2026-03-02,1.4523,hedef,2.97,15.0,3.55,
2026-03-02,IHYAY,dip,4.0,-0.081,1.66,508.0,2026-03-02,1.7098,hedef,2.97,15.0,3.61,
2026-03-02,INGRM,dip,58.4,0.078,354.75,508.0,2026-03-02,365.3925,hedef,2.97,15.0,5.99,
2026-03-02,INTEK,dip,2.9,0.064,267.5,508.0,2026-03-02,275.525,hedef,2.97,15.0,5.79,
2026-03-02,INVEO,dip,16.7,0.158,7.2,508.0,2026-03-02,7.416,hedef,2.97,15.0,3.47,
2026-03-02,INVES,dip,13.1,0.033,208.6,508.0,2026-03-02,214.858,hedef,2.97,15.0,6.86,
2026-03-02,ISBIR,dip,2.3,0.007,71.95,508.0,2026-03-03,74.1085,hedef,2.97,15.0,4.17,
2026-03-02,JANTS,dip,2.9,-0.108,17.0,508.0,2026-03-02,17.51,hedef,2.97,15.0,3.12,
2026-03-02,KARTN,dip,4.9,-0.08,72.55,508.0,2026-03-02,74.7265,hedef,2.97,15.0,3.24,
2026-03-02,KCAER,dip,3.2,0.023,10.07,508.0,2026-03-02,10.3721,hedef,2.97,15.0,5.36,
2026-03-02,KFEIN,dip,5.5,-0.029,8.11,508.0,2026-03-02,8.3533,hedef,2.97,15.0,4.93,
2026-03-02,KLSER,dip,3.5,-0.139,25.02,508.0,2026-03-02,25.7706,hedef,2.97,15.0,3.68,
2026-03-02,KMPUR,dip,6.0,0.142,13.9,508.0,2026-03-03,13.483,stop,-3.03,-15.0,0.86,
2026-03-02,KONYA,dip,2.6,-0.092,4100.0,508.0,2026-03-02,3977.0,stop,-3.03,-15.0,1.28,
2026-03-02,KORDS,dip,2.8,0.043,48.5,508.0,2026-03-02,49.955,hedef,2.97,15.0,3.51,
2026-03-02,KOTON,dip,5.4,0.099,14.4,508.0,2026-03-02,14.832,hedef,2.97,15.0,3.26,
2026-03-02,KRGYO,dip,4.0,0.018,2.64,508.0,2026-03-02,2.7192,hedef,2.97,15.0,6.44,
2026-03-02,KSTUR,dip,2.6,0.045,2925.0,508.0,2026-03-04,2837.25,stop,-3.03,-15.0,2.91,
2026-03-02,LINK,dip,4.3,-0.004,4.9146,508.0,2026-03-02,5.062,hedef,2.97,15.0,4.47,
2026-03-02,LKMNH,dip,2.6,0.188,15.35,508.0,2026-03-02,15.8105,hedef,2.97,15.0,3.06,
2026-03-02,MAKIM,dip,2.4,-0.042,14.26,508.0,2026-03-02,14.6878,hedef,2.97,15.0,3.09,
2026-03-02,MARBL,dip,6.3,0.151,11.3,508.0,2026-03-02,11.639,hedef,2.97,15.0,3.89,
2026-03-02,MARTI,dip,4.6,-0.042,1.31,508.0,2026-03-02,1.3493,hedef,2.97,15.0,3.05,
2026-03-02,MEDTR,dip,4.3,0.055,26.64,508.0,2026-03-02,27.4392,hedef,2.97,15.0,3.08,
2026-03-02,MEGAP,dip,2.0,0.081,2.61,508.0,2026-03-02,2.6883,hedef,2.97,15.0,4.98,
2026-03-02,MERCN,dip,5.0,0.052,15.42,508.0,2026-03-02,15.8826,hedef,2.97,15.0,3.11,
2026-03-02,MRSHL,dip,4.3,0.183,1403.0,508.0,2026-03-02,1445.09,hedef,2.97,15.0,3.49,
2026-03-02,NATEN,dip,5.5,-0.052,7.26,508.0,2026-03-02,7.4778,hedef,2.97,15.0,4.27,
2026-03-02,OBAMS,dip,4.6,0.176,7.83,508.0,2026-03-02,8.0649,hedef,2.97,15.0,3.45,
2026-03-02,ORGE,dip,6.2,0.004,65.05,508.0,2026-03-02,67.0015,hedef,2.97,15.0,3.84,
2026-03-02,OSMEN,dip,4.1,0.093,7.45,508.0,2026-03-02,7.6735,hedef,2.97,15.0,4.97,
2026-03-02,OSTIM,dip,3.4,0.112,2.73,508.0,2026-03-02,2.8119,hedef,2.97,15.0,4.03,
2026-03-02,OTKAR,dip,3.2,0.008,359.75,508.0,2026-03-02,370.5425,hedef,2.97,15.0,6.25,
2026-03-02,OTTO,dip,8.3,0.012,284.0,508.0,2026-03-02,292.52,hedef,2.97,15.0,3.17,
2026-03-02,PAMEL,dip,5.6,0.055,77.1,508.0,2026-03-03,79.413,hedef,2.97,15.0,5.06,
2026-03-02,PARSN,dip,20.3,0.194,80.0,508.0,2026-03-02,82.4,hedef,2.97,15.0,3.56,
2026-03-02,PATEK,dip,8.2,0.189,18.89,508.0,2026-03-02,19.4567,hedef,2.97,15.0,9.48,
2026-03-02,PENTA,dip,11.5,0.081,12.71,508.0,2026-03-02,13.0913,hedef,2.97,15.0,4.01,
2026-03-02,PGSUS,dip,2.9,-0.133,178.9,508.0,2026-03-02,184.267,hedef,2.97,15.0,3.8,
2026-03-02,PKENT,dip,3.1,-0.01,140.1,508.0,2026-03-02,144.303,hedef,2.97,15.0,4.21,
2026-03-02,PLTUR,dip,6.8,0.018,20.08,508.0,2026-03-02,20.6824,hedef,2.97,15.0,6.37,
2026-03-02,POLTK,dip,2.1,0.002,5515.0,508.0,2026-03-02,5680.45,hedef,2.97,15.0,3.17,
2026-03-02,RAYSG,dip,6.5,-0.048,198.5,508.0,2026-03-02,204.455,hedef,2.97,15.0,5.09,
2026-03-02,REEDR,dip,4.8,-0.075,5.87,508.0,2026-03-02,6.0461,hedef,2.97,15.0,3.07,
2026-03-02,SAMAT,dip,9.6,0.098,5.19,508.0,2026-03-02,5.3457,hedef,2.97,15.0,3.66,
2026-03-02,SANFM,dip,7.0,0.141,7.05,508.0,2026-03-02,7.2615,hedef,2.97,15.0,5.82,
2026-03-02,SERNT,dip,4.7,-0.046,7.17,508.0,2026-03-02,7.3851,hedef,2.97,15.0,3.91,
2026-03-02,SKYMD,dip,20.5,0.095,11.27,508.0,2026-03-02,11.6081,hedef,2.97,15.0,4.17,
2026-03-02,SMRTG,dip,2.8,-0.081,6.74,508.0,2026-03-02,6.9422,hedef,2.97,15.0,3.56,
2026-03-02,SMRVA,dip,6.7,0.053,10.246,508.0,2026-03-02,10.5534,hedef,2.97,15.0,3.84,
2026-03-02,SNICA,dip,3.0,0.031,3.63,508.0,2026-03-02,3.7389,hedef,2.97,15.0,5.23,
2026-03-02,SUNTK,dip,10.8,0.181,33.14,508.0,2026-03-02,34.1342,hedef,2.97,15.0,7.18,
2026-03-02,SUWEN,dip,3.4,0.087,8.55,508.0,2026-03-02,8.8065,hedef,2.97,15.0,7.72,
2026-03-02,TATEN,dip,6.2,0.017,8.16,508.0,2026-03-02,8.4048,hedef,2.97,15.0,5.51,
2026-03-02,TEHOL,dip,3.7,0.187,13.6,508.0,2026-03-02,13.192,stop,-3.03,-15.0,0.0,
2026-03-02,TEKTU,dip,4.4,0.155,8.15,508.0,2026-03-02,8.3945,hedef,2.97,15.0,5.28,
2026-03-02,TKFEN,dip,2.1,0.008,67.8,508.0,2026-03-02,69.834,hedef,2.97,15.0,4.57,
2026-03-02,TRILC,dip,11.9,-0.094,2.2625,508.0,2026-03-02,2.3303,hedef,2.97,15.0,5.24,
2026-03-02,TTRAK,dip,2.4,-0.056,490.0,508.0,2026-03-02,475.3,stop,-3.03,-15.0,1.94,
2026-03-02,TUCLK,dip,2.1,0.073,4.19,508.0,2026-03-02,4.3157,hedef,2.97,15.0,5.97,
2026-03-02,TUREX,dip,5.4,-0.009,6.5,508.0,2026-03-02,6.695,hedef,2.97,15.0,4.46,
2026-03-02,TURGG,dip,3.3,0.128,26.5,508.0,2026-03-02,27.295,hedef,2.97,15.0,4.38,
2026-03-02,USAK,dip,2.9,0.048,1.52,508.0,2026-03-02,1.5656,hedef,2.97,15.0,4.61,
2026-03-02,VERTU,dip,7.2,0.189,35.22,508.0,2026-03-02,36.2766,hedef,2.97,15.0,5.22,
2026-03-02,VESBE,dip,6.3,-0.027,7.4,508.0,2026-03-09,7.178,stop,-3.03,-15.0,2.3,
2026-03-02,VESTL,dip,4.7,-0.011,28.0,508.0,2026-03-02,28.84,hedef,2.97,15.0,3.07,
2026-03-02,VKING,dip,3.9,0.126,26.68,508.0,2026-03-02,27.4804,hedef,2.97,15.0,3.82,
2026-03-02,VRGYO,dip,7.7,-0.031,2.1,508.0,2026-03-02,2.163,hedef,2.97,15.0,5.71,
2026-03-02,VSNMD,dip,2.0,-0.009,72.2,508.0,2026-03-02,74.366,hedef,2.97,15.0,3.67,
2026-03-02,YAYLA,dip,6.9,0.15,23.0,508.0,2026-03-02,23.69,hedef,2.97,15.0,3.74,
2026-03-02,YEOTK,dip,3.0,0.183,37.58,508.0,2026-03-02,38.7074,hedef,2.97,15.0,3.03,
2026-03-02,YESIL,dip,2.2,0.186,1.72,508.0,2026-03-02,1.7716,hedef,2.97,15.0,3.49,
2026-03-02,YIGIT,dip,4.5,0.021,21.7,508.0,2026-03-02,22.351,hedef,2.97,15.0,5.99,
2026-03-02,YKSLN,dip,3.2,0.198,3.15,508.0,2026-03-10,3.2445,hedef,2.97,15.0,3.17,
2026-03-02,YONGA,dip,3.2,0.07,52.5,508.0,2026-03-03,54.075,hedef,2.97,15.0,4.76,
2026-03-02,ZOREN,dip,4.3,0.147,3.04,508.0,2026-03-04,2.9488,stop,-3.03,-15.0,2.96,
2026-03-03,AYGAZ,kirilim,6.9,1.011,259.0,4496.0,2026-03-04,251.23,stop,-3.03,-136.0,1.35,
2026-03-03,BANVT,dip,5.2,0.025,154.9,4496.0,2026-03-03,159.547,hedef,2.97,133.0,3.29,
2026-03-03,BEGYO,dip,4.3,0.008,4.09,4496.0,2026-03-05,4.2127,hedef,2.97,133.0,3.42,
2026-03-03,DCTTR,dip,2.2,0.042,7.61,4496.0,2026-03-03,7.8383,hedef,2.97,133.0,3.15,
2026-03-03,DESPC,dip,59.6,0.104,42.9,4496.0,2026-03-03,41.613,stop,-3.03,-136.0,1.91,
2026-03-03,DGNMO,dip,3.8,0.046,4.45,4496.0,2026-03-03,4.3165,stop,-3.03,-136.0,0.0,
2026-03-03,DNISI,dip,2.6,0.181,20.38,4496.0,2026-03-06,19.7686,stop,-3.03,-136.0,2.55,
2026-03-03,EGEEN,dip,2.6,0.055,6185.0,4496.0,2026-03-03,5999.45,stop,-3.03,-136.0,0.0,
2026-03-03,EMKEL,dip,2.0,0.014,18.64,4496.0,2026-03-04,19.1992,hedef,2.97,133.0,4.08,
2026-03-03,FONET,kirilim,2.1,0.971,3.85,4496.0,2026-03-03,3.9655,hedef,2.97,133.0,4.94,
2026-03-03,GENIL,dip,3.0,0.198,8.67,4496.0,2026-03-03,8.4099,stop,-3.03,-136.0,1.04,
2026-03-03,IHLAS,dip,2.3,0.019,1.98,4496.0,2026-03-04,1.9206,stop,-3.03,-136.0,0.51,
2026-03-03,INVES,dip,59.5,0.11,257.75,4496.0,2026-03-03,265.4825,hedef,2.97,133.0,3.98,
2026-03-03,KONYA,dip,2.0,0.109,4250.0,4496.0,2026-03-03,4122.5,stop,-3.03,-136.0,0.59,
2026-03-03,MAKIM,dip,4.4,0.134,15.49,4496.0,2026-03-04,15.0253,stop,-3.03,-136.0,0.84,
2026-03-03,MEKAG,kirilim,3.8,0.993,6.35,4496.0,2026-03-03,6.5405,hedef,2.97,133.0,6.61,
2026-03-03,NTGAZ,kirilim,5.1,1.014,13.0,4496.0,2026-03-03,12.61,stop,-3.03,-136.0,0.0,
2026-03-03,SDTTR,kirilim,9.4,0.985,282.0,4496.0,2026-03-03,273.54,stop,-3.03,-136.0,0.0,
2026-03-03,SOKE,kirilim,4.1,1.076,14.28,4496.0,2026-03-03,13.8516,stop,-3.03,-136.0,0.0,
2026-03-03,TKNSA,dip,2.3,0.187,22.96,4496.0,2026-03-03,22.2712,stop,-3.03,-136.0,0.0,
2026-03-03,TRILC,dip,2.1,0.093,2.4653,4496.0,2026-03-04,2.3913,stop,-3.03,-136.0,1.71,
2026-03-03,TUCLK,dip,2.3,0.099,4.28,4496.0,2026-03-03,4.4084,hedef,2.97,133.0,3.97,
2026-03-04,AKSUE,kirilim,2.4,1.026,28.12,4640.0,2026-03-04,27.2764,stop,-3.03,-141.0,1.35,
2026-03-04,AVTUR,kirilim,7.1,0.894,21.1,4640.0,2026-03-04,21.733,hedef,2.97,138.0,6.45,
2026-03-04,BIENY,dip,2.8,0.075,23.14,4640.0,2026-03-05,23.8342,hedef,2.97,138.0,3.98,
2026-03-04,BORLS,dip,4.2,0.018,3.15,4640.0,2026-03-04,3.2445,hedef,2.97,138.0,4.76,
2026-03-04,DCTTR,dip,2.6,0.116,8.23,4640.0,2026-03-05,8.4769,hedef,2.97,138.0,3.77,
2026-03-04,DESPC,dip,2.4,0.013,40.26,4640.0,2026-03-04,39.0522,stop,-3.03,-141.0,1.34,
2026-03-04,FONET,kirilim,2.9,1.013,4.07,4640.0,2026-03-04,4.1921,hedef,2.97,138.0,3.19,
2026-03-04,INVES,dip,18.6,0.156,286.5,4640.0,2026-03-04,295.095,hedef,2.97,138.0,4.54,
2026-03-04,ISGSY,kirilim,4.1,1.071,120.2,4640.0,2026-03-04,123.806,hedef,2.97,138.0,4.16,
2026-03-04,KORDS,dip,3.1,0.047,48.6,4640.0,2026-03-05,50.058,hedef,2.97,138.0,3.6,
2026-03-04,KTLEV,kirilim,3.2,1.013,43.2,4640.0,2026-03-05,44.496,hedef,2.97,138.0,10.0,
2026-03-04,PKENT,dip,4.6,0.084,155.7,4640.0,2026-03-05,160.371,hedef,2.97,138.0,4.69,
2026-03-04,SMRVA,dip,2.2,0.056,10.5705,4640.0,2026-03-04,10.8876,hedef,2.97,138.0,3.26,
2026-03-04,TUCLK,dip,2.3,0.064,4.16,4640.0,2026-03-04,4.0352,stop,-3.03,-141.0,0.0,
2026-03-04,VESTL,dip,2.4,0.002,27.9,4640.0,2026-03-06,28.737,hedef,2.97,138.0,3.37,
2026-03-05,AVTUR,kirilim,4.3,1.0,22.7,3460.0,2026-03-05,22.019,stop,-3.03,-105.0,0.0,
2026-03-05,BIENY,dip,8.2,0.105,24.06,3460.0,2026-03-05,24.7818,hedef,2.97,103.0,7.23,
2026-03-05,BIOEN,dip,2.2,0.065,15.3,3460.0,2026-03-05,15.759,hedef,2.97,103.0,5.69,
2026-03-05,BORLS,dip,22.2,0.03,3.51,3460.0,2026-03-05,3.4047,stop,-3.03,-105.0,0.0,
2026-03-05,DCTTR,dip,2.3,0.096,8.06,3460.0,2026-03-09,7.8182,stop,-3.03,-105.0,2.98,
2026-03-05,DESPC,dip,3.0,0.034,39.4,3460.0,2026-03-05,38.218,stop,-3.03,-105.0,0.51,
2026-03-05,ESCAR,dip,2.1,0.159,27.98,3460.0,2026-03-05,27.1406,stop,-3.03,-105.0,1.07,
2026-03-05,ESEN,dip,3.3,0.03,3.98,3460.0,2026-03-06,3.8606,stop,-3.03,-105.0,2.01,
2026-03-05,EUREN,dip,2.2,0.12,4.87,3460.0,2026-03-05,4.7239,stop,-3.03,-105.0,0.0,
2026-03-05,GZNMI,dip,10.4,0.066,60.5,3460.0,2026-03-06,62.315,hedef,2.97,103.0,4.55,
2026-03-05,INVES,dip,5.8,0.18,302.0,3460.0,2026-03-05,311.06,hedef,2.97,103.0,3.48,
2026-03-05,KARTN,dip,2.4,0.013,71.35,3460.0,2026-03-09,69.2095,stop,-3.03,-105.0,1.96,
2026-03-05,KORDS,dip,2.8,0.087,49.58,3460.0,2026-03-05,51.0674,hedef,2.97,103.0,5.69,
2026-03-05,KRDMB,kirilim,37.6,0.976,37.0,3460.0,2026-03-05,38.11,hedef,2.97,103.0,4.65,
2026-03-05,MARTI,dip,4.4,0.04,1.38,3460.0,2026-03-09,1.3386,stop,-3.03,-105.0,2.17,
2026-03-05,PAPIL,dip,2.9,0.14,18.1,3460.0,2026-03-05,17.557,stop,-3.03,-105.0,0.0,
2026-03-05,PKENT,dip,9.4,0.119,162.0,3460.0,2026-03-05,166.86,hedef,2.97,103.0,5.62,
2026-03-05,POLTK,dip,2.9,0.051,5770.0,3460.0,2026-03-05,5596.9,stop,-3.03,-105.0,0.0,
2026-03-05,QUAGR,dip,12.6,0.06,2.99,3460.0,2026-03-05,3.0797,hedef,2.97,103.0,7.02,
2026-03-06,ARENA,dip,2.6,0.038,25.42,5645.0,2026-03-06,24.6574,stop,-3.03,-171.0,0.0,
2026-03-06,AYCES,kirilim,2.1,0.969,543.0,5645.0,2026-03-06,559.29,hedef,2.97,167.0,3.5,
2026-03-06,BIENY,dip,2.2,0.132,24.9,5645.0,2026-03-06,24.153,stop,-3.03,-171.0,0.0,
2026-03-06,BIOEN,dip,7.8,0.161,16.6,5645.0,2026-03-10,17.098,hedef,2.97,167.0,3.8,
2026-03-06,DESPC,dip,2.3,0.009,38.3,5645.0,2026-03-10,39.449,hedef,2.97,167.0,3.08,
2026-03-06,GZNMI,dip,3.9,0.075,63.15,5645.0,2026-03-06,61.2555,stop,-3.03,-171.0,0.0,
2026-03-06,ISGSY,kirilim,2.4,1.003,137.3,5645.0,2026-03-06,133.181,stop,-3.03,-171.0,0.66,
2026-03-06,MARKA,dip,2.6,0.017,31.52,5645.0,2026-03-09,30.5744,stop,-3.03,-171.0,1.52,
2026-03-06,MARTI,dip,2.7,0.046,1.39,5645.0,2026-03-09,1.3483,stop,-3.03,-171.0,1.44,
2026-03-06,QUAGR,dip,9.7,0.082,3.2,5645.0,2026-03-06,3.104,stop,-3.03,-171.0,0.0,
2026-03-06,SEGMN,kirilim,4.8,0.987,55.8,5645.0,2026-03-06,54.126,stop,-3.03,-171.0,1.25,
2026-03-06,TEKTU,dip,3.2,0.194,9.28,5645.0,2026-03-06,9.0016,stop,-3.03,-171.0,0.0,
2026-03-06,TKFEN,dip,4.5,0.105,77.25,5645.0,2026-03-06,74.9325,stop,-3.03,-171.0,0.26,
2026-03-06,TUCLK,dip,5.4,0.142,4.43,5645.0,2026-03-09,4.2971,stop,-3.03,-171.0,2.93,
2026-03-09,AVHOL,dip,2.1,0.185,35.32,3127.0,2026-03-09,34.2604,stop,-3.03,-95.0,0.0,
2026-03-09,AYDEM,kirilim,2.9,1.073,28.5,3127.0,2026-03-09,27.645,stop,-3.03,-95.0,0.21,
2026-03-09,AYGAZ,kirilim,3.0,0.963,257.25,3127.0,2026-03-09,249.5325,stop,-3.03,-95.0,1.85,
2026-03-09,BJKAS,dip,4.7,0.033,1.5,3127.0,2026-03-09,1.455,stop,-3.03,-95.0,0.0,
2026-03-09,EGSER,dip,2.8,0.0,2.8,3127.0,2026-03-10,2.884,hedef,2.97,93.0,3.21,
2026-03-09,ESCAR,dip,15.8,0.134,26.5,3127.0,2026-03-09,27.295,hedef,2.97,93.0,3.32,
2026-03-09,GIPTA,dip,2.0,0.096,58.75,3127.0,2026-03-10,60.5125,hedef,2.97,93.0,3.32,
2026-03-09,HATEK,dip,12.2,-0.02,13.58,3127.0,2026-03-09,13.9874,hedef,2.97,93.0,3.24,
2026-03-09,HLGYO,kirilim,39.5,1.046,5.35,3127.0,2026-03-10,5.5105,hedef,2.97,93.0,5.42,
2026-03-09,ICBCT,dip,2.4,0.182,12.88,3127.0,2026-03-09,12.4936,stop,-3.03,-95.0,0.0,
2026-03-09,KOTON,dip,5.8,0.098,14.39,3127.0,2026-03-10,14.8217,hedef,2.97,93.0,5.0,
2026-03-09,MARTI,dip,2.6,0.006,1.32,3127.0,2026-03-09,1.3596,hedef,2.97,93.0,3.03,
2026-03-09,SOKE,kirilim,2.2,0.971,14.2,3127.0,2026-03-09,14.626,hedef,2.97,93.0,8.1,
2026-03-09,TATEN,dip,6.0,0.071,9.03,3127.0,2026-03-09,9.3009,hedef,2.97,93.0,4.87,
2026-03-09,TKFEN,dip,2.1,0.085,75.3,3127.0,2026-03-10,77.559,hedef,2.97,93.0,4.58,
2026-03-09,TMPOL,kirilim,2.1,1.082,539.0,3127.0,2026-03-10,555.17,hedef,2.97,93.0,3.34,
2026-03-09,TUCLK,dip,2.5,0.09,4.25,3127.0,2026-03-10,4.3775,hedef,2.97,93.0,3.29,
2026-03-09,TUPRS,kirilim,2.7,1.09,277.0,3127.0,2026-03-09,268.69,stop,-3.03,-95.0,0.0,
2026-03-09,VRGYO,dip,3.5,0.021,2.13,3127.0,2026-03-10,2.1939,hedef,2.97,93.0,4.69,
2026-03-09,YBTAS,dip,2.2,-0.016,16.63,3127.0,2026-03-09,17.1289,hedef,2.97,93.0,4.27,
2026-03-09,YIGIT,dip,2.3,0.055,22.06,3127.0,2026-03-09,21.3982,stop,-3.03,-95.0,0.0,
2026-03-10,ALCAR,dip,3.5,0.064,775.0,2701.0,2026-03-16,751.75,stop,-3.03,-82.0,1.03,
2026-03-10,ATEKS,dip,3.4,0.178,88.25,2701.0,2026-03-11,85.6025,stop,-3.03,-82.0,0.0,
2026-03-10,BFREN,dip,5.5,0.037,141.4,2701.0,2026-03-12,145.642,hedef,2.97,80.0,3.11,
2026-03-10,BIENY,dip,2.3,0.049,22.34,2701.0,2026-03-11,23.0102,hedef,2.97,80.0,4.3,
2026-03-10,BJKAS,dip,5.3,0.017,1.47,2701.0,2026-03-13,1.5141,hedef,2.97,80.0,3.4,
2026-03-10,CATES,kirilim,8.7,1.014,45.06,2701.0,2026-03-10,46.4118,hedef,2.97,80.0,7.19,
2026-03-10,DGNMO,dip,3.3,0.013,4.23,2701.0,2026-03-11,4.1031,stop,-3.03,-82.0,0.47,
2026-03-10,GIPTA,dip,6.4,0.113,60.7,2701.0,2026-03-10,62.521,hedef,2.97,80.0,5.77,
2026-03-10,GRTHO,dip,2.5,0.101,255.0,2701.0,2026-03-10,262.65,hedef,2.97,80.0,3.53,
2026-03-10,HALKB,kirilim,19.9,1.015,52.5,2701.0,2026-03-10,50.925,stop,-3.03,-82.0,0.0,
2026-03-10,ICBCT,dip,2.9,0.168,12.78,2701.0,2026-03-11,13.1634,hedef,2.97,80.0,3.13,
2026-03-10,KLRHO,dip,2.8,0.199,155.5,2701.0,2026-03-10,160.165,hedef,2.97,80.0,12.28,
2026-03-10,KRDMA,dip,11.8,0.181,29.5,2701.0,2026-03-10,30.385,hedef,2.97,80.0,3.25,
2026-03-10,KRDMB,kirilim,13.9,0.993,39.7,2701.0,2026-03-12,40.891,hedef,2.97,80.0,7.51,
2026-03-10,MARKA,dip,13.5,-0.057,27.22,2701.0,2026-03-10,28.0366,hedef,2.97,80.0,3.53,
2026-03-10,MEKAG,kirilim,2.2,0.959,7.54,2701.0,2026-03-10,7.7662,hedef,2.97,80.0,4.24,
2026-03-10,ODINE,kirilim,3.3,0.958,635.5,2701.0,2026-03-10,654.565,hedef,2.97,80.0,4.33,
2026-03-10,ORGE,dip,2.5,0.081,68.5,2701.0,2026-03-23,66.445,stop,-3.03,-82.0,2.55,
2026-03-10,PGSUS,dip,2.9,0.123,182.0,2701.0,2026-03-11,176.54,stop,-3.03,-82.0,0.0,
2026-03-10,PLTUR,dip,2.6,0.135,21.66,2701.0,2026-03-10,22.3098,hedef,2.97,80.0,3.6,
2026-03-10,SASA,dip,2.1,0.023,2.21,2701.0,2026-03-12,2.2763,hedef,2.97,80.0,3.62,
2026-03-10,TATEN,dip,17.2,0.173,10.65,2701.0,2026-03-11,10.9695,hedef,2.97,80.0,7.7,
2026-03-10,TTRAK,dip,3.0,0.019,448.0,2701.0,2026-03-12,461.44,hedef,2.97,80.0,3.12,
2026-03-10,YIGIT,dip,2.5,0.096,22.28,2701.0,2026-03-26,22.9484,hedef,2.97,80.0,3.77,
2026-03-10,ZOREN,dip,2.2,0.098,2.96,2701.0,2026-03-23,2.8712,stop,-3.03,-82.0,2.03,
2026-03-11,AKYHO,dip,4.2,0.157,2.79,3277.0,2026-03-11,2.7063,stop,-3.03,-99.0,2.15,
2026-03-11,CATES,kirilim,3.8,1.027,49.34,3277.0,2026-03-11,47.8598,stop,-3.03,-99.0,0.0,
2026-03-11,DCTTR,dip,2.6,0.143,8.46,3277.0,2026-03-11,8.7138,hedef,2.97,97.0,4.37,
2026-03-11,DGNMO,dip,2.8,-0.01,4.14,3277.0,2026-03-12,4.0158,stop,-3.03,-99.0,0.24,
2026-03-11,FONET,kirilim,2.6,0.931,4.8,3277.0,2026-03-11,4.944,hedef,2.97,97.0,5.21,
2026-03-11,GIPTA,dip,2.7,0.159,65.8,3277.0,2026-03-11,63.826,stop,-3.03,-99.0,2.36,
2026-03-11,GZNMI,dip,2.5,0.081,65.05,3277.0,2026-03-11,67.0015,hedef,2.97,97.0,3.31,
2026-03-11,IHLAS,dip,2.6,0.049,2.05,3277.0,2026-03-23,1.9885,stop,-3.03,-99.0,2.44,
2026-03-11,KFEIN,dip,11.8,0.139,8.9,3277.0,2026-03-13,8.633,stop,-3.03,-99.0,1.12,
2026-03-11,KMPUR,dip,2.4,0.158,14.02,3277.0,2026-03-12,14.4406,hedef,2.97,97.0,6.99,
2026-03-11,KNFRT,dip,2.6,0.123,11.32,3277.0,2026-03-11,10.9804,stop,-3.03,-99.0,0.0,
2026-03-11,LINK,dip,15.8,0.085,6.0853,3277.0,2026-03-11,5.9027,stop,-3.03,-99.0,0.0,
2026-03-11,MARKA,dip,3.2,-0.038,25.08,3277.0,2026-03-11,24.3276,stop,-3.03,-99.0,2.71,
2026-03-11,ONRYT,dip,4.9,0.088,59.5,3277.0,2026-03-26,57.715,stop,-3.03,-99.0,2.02,
2026-03-11,PAMEL,dip,2.6,0.118,81.2,3277.0,2026-03-11,83.636,hedef,2.97,97.0,3.39,
2026-03-11,REEDR,dip,8.1,0.098,6.53,3277.0,2026-03-11,6.3341,stop,-3.03,-99.0,0.0,
2026-03-11,SMRTG,dip,2.3,0.129,7.51,3277.0,2026-03-13,7.2847,stop,-3.03,-99.0,0.67,
2026-03-11,TKFEN,dip,3.1,0.137,80.4,3277.0,2026-03-11,82.812,hedef,2.97,97.0,4.17,
2026-03-11,YAPRK,dip,2.3,0.058,11.9,3277.0,2026-03-11,12.257,hedef,2.97,97.0,5.71,
2026-03-11,YBTAS,dip,9.7,0.067,20.5,3277.0,2026-03-12,21.115,hedef,2.97,97.0,11.71,
2026-03-12,AKSEN,kirilim,2.4,1.037,77.8,1834.0,2026-03-13,80.134,hedef,2.97,54.0,3.21,
2026-03-12,ARASE,kirilim,7.9,1.045,92.2,1834.0,2026-03-12,89.434,stop,-3.03,-56.0,0.0,
2026-03-12,AYCES,kirilim,2.7,0.944,680.0,1834.0,2026-03-16,700.4,hedef,2.97,54.0,4.71,
2026-03-12,AYES,kirilim,5.7,1.136,31.7,1834.0,2026-03-13,32.651,hedef,2.97,54.0,3.41,
2026-03-12,BSOKE,kirilim,2.1,0.99,34.76,1834.0,2026-03-12,33.7172,stop,-3.03,-56.0,0.46,
2026-03-12,CATES,kirilim,2.1,1.044,50.85,1834.0,2026-03-13,49.3245,stop,-3.03,-56.0,2.26,
2026-03-12,DCTTR,dip,3.5,0.179,8.76,1834.0,2026-03-13,8.4972,stop,-3.03,-56.0,2.85,
2026-03-12,DGNMO,dip,16.2,-0.017,3.99,1834.0,2026-03-12,3.8703,stop,-3.03,-56.0,2.01,
2026-03-12,ELITE,dip,13.0,0.136,29.88,1834.0,2026-03-13,28.9836,stop,-3.03,-56.0,1.07,
2026-03-12,ENJSA,kirilim,2.2,1.041,119.6,1834.0,2026-03-19,123.188,hedef,2.97,54.0,4.18,
2026-03-12,ESEN,dip,4.1,0.021,3.82,1834.0,2026-03-12,3.9346,hedef,2.97,54.0,3.66,
2026-03-12,GRTHO,dip,2.0,0.132,270.5,1834.0,2026-03-13,262.385,stop,-3.03,-56.0,0.65,
2026-03-12,HEKTS,dip,2.5,0.12,3.07,1834.0,2026-03-13,3.1621,hedef,2.97,54.0,3.26,
2026-03-12,KLSER,dip,2.2,0.1,25.74,1834.0,2026-03-19,26.5122,hedef,2.97,54.0,5.59,
2026-03-12,KRDMB,kirilim,2.7,1.161,43.92,1834.0,2026-03-13,45.2376,hedef,2.97,54.0,6.51,
2026-03-12,KRONT,kirilim,4.0,0.99,19.82,1834.0,2026-03-12,19.2254,stop,-3.03,-56.0,0.0,
2026-03-12,LINK,dip,2.0,0.055,5.6658,1834.0,2026-03-12,5.8358,hedef,2.97,54.0,3.06,
2026-03-12,MARTI,dip,3.4,0.136,1.53,1834.0,2026-03-12,1.5759,hedef,2.97,54.0,3.27,
2026-03-12,MERCN,dip,2.6,0.132,18.55,1834.0,2026-03-12,17.9935,stop,-3.03,-56.0,0.0,
2026-03-12,NATEN,dip,2.4,0.056,7.28,1834.0,2026-03-13,7.0616,stop,-3.03,-56.0,1.1,
2026-03-12,OSMEN,dip,2.1,0.161,7.77,1834.0,2026-03-13,7.5369,stop,-3.03,-56.0,1.16,
2026-03-12,OTTO,dip,2.1,0.136,319.5,1834.0,2026-03-12,309.915,stop,-3.03,-56.0,0.47,
2026-03-12,REEDR,dip,2.6,0.047,6.09,1834.0,2026-03-16,6.2727,hedef,2.97,54.0,10.34,
2026-03-12,SERNT,dip,2.0,0.116,7.62,1834.0,2026-03-13,7.8486,hedef,2.97,54.0,3.28,
2026-03-12,TBORG,dip,32.1,0.081,153.0,1834.0,2026-03-23,148.41,stop,-3.03,-56.0,2.42,
2026-03-12,TUREX,dip,5.0,0.02,7.37,1834.0,2026-03-12,7.5911,hedef,2.97,54.0,4.88,
2026-03-12,VESTL,dip,2.0,0.016,27.34,1834.0,2026-03-12,28.1602,hedef,2.97,54.0,4.17,
2026-03-12,YAPRK,dip,2.2,0.092,12.98,1834.0,2026-03-12,13.3694,hedef,2.97,54.0,3.78,
2026-03-12,YATAS,kirilim,18.3,1.003,48.98,1834.0,2026-03-12,47.5106,stop,-3.03,-56.0,0.0,
2026-03-12,YBTAS,dip,22.5,0.111,23.1,1834.0,2026-03-13,22.407,stop,-3.03,-56.0,0.0,
2026-03-12,YGGYO,kirilim,5.4,1.011,168.9,1834.0,2026-03-12,173.967,hedef,2.97,54.0,3.67,
2026-03-12,YONGA,dip,2.5,0.126,56.1,1834.0,2026-03-12,54.417,stop,-3.03,-56.0,0.0,
2026-03-13,AFYON,kirilim,2.2,0.98,16.2,2309.0,2026-03-16,16.686,hedef,2.97,69.0,3.46,
2026-03-13,AGYO,kirilim,4.3,0.962,8.62,2309.0,2026-03-13,8.3614,stop,-3.03,-70.0,0.0,
2026-03-13,ARENA,dip,3.0,0.101,26.5,2309.0,2026-03-13,27.295,hedef,2.97,69.0,3.02,
2026-03-13,AVPGY,dip,2.1,0.04,48.66,2309.0,2026-03-13,47.2002,stop,-3.03,-70.0,0.0,
2026-03-13,BIGTK,dip,2.1,0.149,243.2,2309.0,2026-03-19,250.496,hedef,2.97,69.0,6.81,
2026-03-13,CATES,kirilim,2.2,0.931,50.05,2309.0,2026-03-13,51.5515,hedef,2.97,69.0,3.9,
2026-03-13,CEOEM,dip,2.5,0.106,21.42,2309.0,2026-03-13,22.0626,hedef,2.97,69.0,4.76,
2026-03-13,HEKTS,dip,2.0,0.116,3.06,2309.0,2026-03-13,3.1518,hedef,2.97,69.0,3.59,
2026-03-13,IEYHO,kirilim,2.0,0.993,87.0,2309.0,2026-03-18,89.61,hedef,2.97,69.0,5.46,
2026-03-13,INTEK,dip,2.0,0.06,266.0,2309.0,2026-03-13,273.98,hedef,2.97,69.0,3.38,
2026-03-13,KIMMR,kirilim,3.2,1.048,19.4,2309.0,2026-03-13,19.982,hedef,2.97,69.0,3.4,
2026-03-13,KRDMA,dip,3.5,0.197,30.02,2309.0,2026-03-13,29.1194,stop,-3.03,-70.0,0.13,
2026-03-13,KRONT,kirilim,2.1,1.011,20.1,2309.0,2026-03-16,20.703,hedef,2.97,69.0,4.58,
2026-03-13,KSTUR,dip,2.6,0.112,3190.0,2309.0,2026-03-13,3094.3,stop,-3.03,-70.0,0.0,
2026-03-13,MARTI,dip,2.3,0.136,1.53,2309.0,2026-03-17,1.4841,stop,-3.03,-70.0,1.96,
2026-03-13,PAGYO,kirilim,5.3,0.888,100.5,2309.0,2026-03-13,103.515,hedef,2.97,69.0,3.28,
2026-03-13,SASA,dip,2.6,0.082,2.42,2309.0,2026-03-13,2.4926,hedef,2.97,69.0,6.2,
2026-03-13,TUREX,dip,5.3,0.032,7.92,2309.0,2026-03-13,8.1576,hedef,2.97,69.0,3.79,
2026-03-13,YAPRK,dip,2.2,0.135,14.33,2309.0,2026-03-13,13.9001,stop,-3.03,-70.0,1.54,
2026-03-13,YBTAS,dip,2.6,0.071,20.74,2309.0,2026-03-16,20.1178,stop,-3.03,-70.0,0.0,
2026-03-13,YGGYO,kirilim,2.2,1.023,178.9,2309.0,2026-03-13,184.267,hedef,2.97,69.0,3.07,
2026-03-16,AFYON,kirilim,3.4,1.065,16.59,2750.0,2026-03-16,17.0877,hedef,2.97,82.0,3.92,
2026-03-16,AGROT,dip,3.0,0.092,2.91,2750.0,2026-03-16,2.9973,hedef,2.97,82.0,3.78,
2026-03-16,ANELE,dip,3.3,0.082,14.4,2750.0,2026-03-19,13.968,stop,-3.03,-83.0,0.0,
2026-03-16,ARASE,kirilim,5.8,1.068,103.1,2750.0,2026-03-17,106.193,hedef,2.97,82.0,3.69,
2026-03-16,BANVT,dip,2.4,0.03,153.5,2750.0,2026-03-18,158.105,hedef,2.97,82.0,3.19,
2026-03-16,DGNMO,dip,3.1,0.018,3.88,2750.0,2026-03-16,3.9964,hedef,2.97,82.0,3.35,
2026-03-16,DYOBY,dip,2.2,0.069,13.25,2750.0,2026-03-17,13.6475,hedef,2.97,82.0,4.08,
2026-03-16,ESCAR,dip,2.1,0.174,28.88,2750.0,2026-03-16,29.7464,hedef,2.97,82.0,3.12,
2026-03-16,FENER,dip,3.5,-0.022,2.78,2750.0,2026-03-17,2.6966,stop,-3.03,-83.0,0.0,
2026-03-16,GIPTA,dip,6.9,0.189,69.2,2750.0,2026-03-17,71.276,hedef,2.97,82.0,7.51,
2026-03-16,GOODY,dip,3.3,0.094,14.14,2750.0,2026-03-23,13.7158,stop,-3.03,-83.0,1.27,
2026-03-16,KOTON,dip,3.0,0.139,14.7,2750.0,2026-03-18,15.141,hedef,2.97,82.0,3.06,
2026-03-16,KRDMB,kirilim,7.9,0.972,47.0,2750.0,2026-03-16,48.41,hedef,2.97,82.0,6.17,
2026-03-16,MARKA,dip,11.8,-0.042,22.16,2750.0,2026-03-16,22.8248,hedef,2.97,82.0,8.3,
2026-03-16,MEGAP,dip,5.0,0.074,2.58,2750.0,2026-03-19,2.5026,stop,-3.03,-83.0,2.33,
2026-03-16,MSGYO,kirilim,2.6,0.958,7.15,2750.0,2026-03-16,7.3645,hedef,2.97,82.0,3.08,
2026-03-16,NUHCM,kirilim,2.1,1.0,322.0,2750.0,2026-03-16,331.66,hedef,2.97,82.0,4.66,
2026-03-16,OTKAR,dip,2.1,0.131,381.25,2750.0,2026-03-16,369.8125,stop,-3.03,-83.0,0.0,
2026-03-16,OTTO,dip,4.0,0.15,323.75,2750.0,2026-03-16,314.0375,stop,-3.03,-83.0,0.0,
2026-03-16,REEDR,dip,5.6,0.121,6.72,2750.0,2026-03-17,6.9216,hedef,2.97,82.0,5.95,
2026-03-16,TRILC,dip,2.4,0.121,2.5277,2750.0,2026-03-23,2.4519,stop,-3.03,-83.0,1.48,
2026-03-16,TUREX,dip,2.7,0.034,8.02,2750.0,2026-03-18,7.7794,stop,-3.03,-83.0,2.0,
2026-03-16,YAPRK,dip,3.1,0.157,15.05,2750.0,2026-03-17,15.5015,hedef,2.97,82.0,3.12,
2026-03-16,YBTAS,dip,5.8,0.05,19.52,2750.0,2026-03-16,20.1056,hedef,2.97,82.0,4.0,
2026-03-17,AGROT,dip,2.4,0.12,2.97,2105.0,2026-03-17,3.0591,hedef,2.97,62.0,4.04,
2026-03-17,ARASE,kirilim,2.0,1.012,106.7,2105.0,2026-03-17,103.499,stop,-3.03,-64.0,0.0,
2026-03-17,AVPGY,dip,2.2,0.123,48.82,2105.0,2026-03-17,50.2846,hedef,2.97,62.0,5.49,
2026-03-17,AYCES,kirilim,2.3,0.996,755.5,2105.0,2026-03-17,732.835,stop,-3.03,-64.0,2.65,
2026-03-17,DYOBY,dip,7.7,0.102,13.79,2105.0,2026-03-18,13.3763,stop,-3.03,-64.0,1.96,
2026-03-17,EFOR,dip,5.2,0.097,13.92,2105.0,2026-03-18,13.5024,stop,-3.03,-64.0,0.0,
2026-03-17,HEKTS,dip,2.2,0.08,2.97,2105.0,2026-03-17,3.0591,hedef,2.97,62.0,3.03,
2026-03-17,IEYHO,kirilim,2.4,1.002,87.75,2105.0,2026-03-18,90.3825,hedef,2.97,62.0,4.56,
2026-03-17,KLSER,dip,7.1,0.082,25.52,2105.0,2026-03-19,26.2856,hedef,2.97,62.0,6.5,
2026-03-17,KRDMB,kirilim,5.0,0.976,49.22,2105.0,2026-03-17,50.6966,hedef,2.97,62.0,3.62,
2026-03-17,KRONT,kirilim,2.4,1.121,23.64,2105.0,2026-03-18,24.3492,hedef,2.97,62.0,4.74,
2026-03-17,LINK,dip,5.7,0.089,6.14,2105.0,2026-03-18,6.3242,hedef,2.97,62.0,4.23,
2026-03-17,MARKA,dip,7.8,0.147,29.28,2105.0,2026-03-18,30.1584,hedef,2.97,62.0,4.64,
2026-03-17,MSGYO,kirilim,2.3,1.113,7.8,2105.0,2026-03-17,8.034,hedef,2.97,62.0,3.08,
2026-03-17,NATEN,dip,3.1,0.004,7.02,2105.0,2026-03-18,7.2306,hedef,2.97,62.0,3.28,
2026-03-17,REEDR,dip,24.2,0.142,6.9,2105.0,2026-03-17,7.107,hedef,2.97,62.0,3.77,
2026-03-17,SASA,dip,2.1,0.11,2.52,2105.0,2026-03-18,2.4444,stop,-3.03,-64.0,0.0,
2026-03-17,SUMAS,dip,2.2,0.156,264.75,2105.0,2026-03-23,272.6925,hedef,2.97,62.0,5.76,
2026-03-17,TATEN,dip,2.9,0.141,10.14,2105.0,2026-03-17,10.4442,hedef,2.97,62.0,3.45,
2026-03-17,VKING,dip,4.2,0.111,26.44,2105.0,2026-03-17,27.2332,hedef,2.97,62.0,3.78,
2026-03-17,YAPRK,dip,4.0,0.172,15.52,2105.0,2026-03-17,15.9856,hedef,2.97,62.0,6.64,
2026-03-18,AGROT,dip,2.2,0.148,3.03,2844.0,2026-03-23,2.9391,stop,-3.03,-86.0,2.64,
2026-03-18,CEOEM,dip,2.4,0.142,22.34,2844.0,2026-03-18,21.6698,stop,-3.03,-86.0,0.09,
2026-03-18,EFOR,dip,2.3,0.026,12.53,2844.0,2026-03-19,12.1541,stop,-3.03,-86.0,0.0,
2026-03-18,EMKEL,dip,4.5,0.015,19.08,2844.0,2026-03-18,19.6524,hedef,2.97,84.0,6.29,
2026-03-18,HATEK,dip,2.5,0.106,15.59,2844.0,2026-03-18,16.0577,hedef,2.97,84.0,3.78,
2026-03-18,HUBVC,kirilim,3.5,1.052,5.4,2844.0,2026-03-18,5.238,stop,-3.03,-86.0,0.0,
2026-03-18,IEYHO,kirilim,3.3,1.043,91.8,2844.0,2026-03-19,89.046,stop,-3.03,-86.0,0.65,
2026-03-18,KRDMB,kirilim,2.0,1.037,53.15,2844.0,2026-03-18,51.5555,stop,-3.03,-86.0,0.0,
2026-03-18,LINK,dip,13.2,0.107,6.39,2844.0,2026-03-18,6.5817,hedef,2.97,84.0,3.29,
2026-03-18,MARKA,dip,7.7,0.173,30.64,2844.0,2026-03-18,31.5592,hedef,2.97,84.0,5.09,
2026-03-18,MSGYO,kirilim,2.5,1.044,8.23,2844.0,2026-03-19,8.4769,hedef,2.97,84.0,4.5,
2026-03-18,SUMAS,dip,2.1,0.142,263.0,2844.0,2026-03-23,270.89,hedef,2.97,84.0,6.46,
2026-03-18,TURSG,kirilim,2.0,0.991,14.11,2844.0,2026-03-18,13.6867,stop,-3.03,-86.0,0.0,
2026-03-18,VKING,dip,2.1,0.126,26.82,2844.0,2026-03-19,26.0154,stop,-3.03,-86.0,0.45,
2026-03-18,YESIL,dip,4.9,0.14,1.62,2844.0,2026-03-18,1.6686,hedef,2.97,84.0,11.73,
2026-03-19,ACSEL,dip,5.8,0.193,101.9,395.0,2026-03-23,104.957,hedef,2.97,12.0,7.07,
2026-03-19,ADESE,dip,4.4,0.152,0.99,395.0,2026-03-23,0.9603,stop,-3.03,-12.0,1.01,
2026-03-19,AGROT,dip,47.9,0.134,3.0,395.0,2026-03-19,3.09,hedef,2.97,12.0,3.33,
2026-03-19,AHGAZ,dip,10.7,0.154,21.88,395.0,2026-03-23,21.2236,stop,-3.03,-12.0,1.01,
2026-03-19,AKENR,dip,7.2,0.148,9.64,395.0,2026-03-27,9.3508,stop,-3.03,-12.0,2.59,
2026-03-19,AKFIS,kirilim,47.5,0.958,39.02,395.0,2026-03-19,40.1906,hedef,2.97,12.0,4.1,
2026-03-19,AKYHO,dip,5.8,0.11,2.63,395.0,2026-03-19,2.7089,hedef,2.97,12.0,4.56,
2026-03-19,ALCAR,dip,6.1,0.033,754.0,395.0,2026-03-27,731.38,stop,-3.03,-12.0,1.46,
2026-03-19,ALFAS,dip,12.1,0.075,37.84,395.0,2026-03-23,36.7048,stop,-3.03,-12.0,0.53,
2026-03-19,ALKLC,kirilim,22.3,1.05,311.5,395.0,2026-03-19,320.845,hedef,2.97,12.0,3.05,
2026-03-19,ALTNY,dip,6.5,0.07,14.98,395.0,2026-03-23,15.4294,hedef,2.97,12.0,4.74,
2026-03-19,ANELE,dip,12.7,0.054,14.03,395.0,2026-03-23,13.6091,stop,-3.03,-12.0,0.29,
2026-03-19,ANGEN,dip,5.7,0.148,10.3,395.0,2026-03-23,10.609,hedef,2.97,12.0,4.66,
2026-03-19,ARENA,dip,15.7,0.05,24.98,395.0,2026-03-23,24.2306,stop,-3.03,-12.0,0.0,
2026-03-19,AZTEK,dip,13.4,0.181,4.06,395.0,2026-03-23,3.9382,stop,-3.03,-12.0,0.74,
2026-03-19,BAHKM,kirilim,76.4,1.05,148.7,395.0,2026-03-19,144.239,stop,-3.03,-12.0,0.0,
2026-03-19,BALSU,dip,8.9,0.047,14.23,395.0,2026-03-23,13.8031,stop,-3.03,-12.0,0.35,
2026-03-19,BANVT,dip,36.5,0.04,154.7,395.0,2026-03-23,150.059,stop,-3.03,-12.0,0.19,
2026-03-19,BAYRK,dip,25.8,0.145,4.54,395.0,2026-03-24,4.6762,hedef,2.97,12.0,3.08,
2026-03-19,BEGYO,dip,11.8,0.014,4.19,395.0,2026-03-23,4.0643,stop,-3.03,-12.0,0.72,
2026-03-19,BFREN,dip,8.7,0.038,141.5,395.0,2026-03-27,137.255,stop,-3.03,-12.0,0.42,
2026-03-19,BIENY,dip,5.5,0.073,23.08,395.0,2026-03-27,22.3876,stop,-3.03,-12.0,1.65,
2026-03-19,BIGEN,dip,10.3,0.035,8.68,395.0,2026-03-23,8.9404,hedef,2.97,12.0,4.84,
2026-03-19,BIGTK,dip,118.1,0.162,248.5,395.0,2026-03-23,241.045,stop,-3.03,-12.0,0.44,
2026-03-19,BINBN,dip,16.0,0.15,160.0,395.0,2026-03-24,164.8,hedef,2.97,12.0,3.81,
2026-03-19,BJKAS,dip,3.1,0.04,1.5,395.0,2026-03-23,1.455,stop,-3.03,-12.0,0.67,
2026-03-19,BOBET,dip,111.7,0.149,19.26,395.0,2026-03-23,18.6822,stop,-3.03,-12.0,1.35,
2026-03-19,BORLS,dip,9.0,0.007,2.81,395.0,2026-03-23,2.8943,hedef,2.97,12.0,3.56,
2026-03-19,BUCIM,dip,5.7,0.09,6.14,395.0,2026-04-07,5.9558,stop,-3.03,-12.0,0.49,
2026-03-19,CEMTS,dip,6.3,0.171,10.35,395.0,2026-03-26,10.6605,hedef,2.97,12.0,4.06,
2026-03-19,CEOEM,dip,19.4,0.116,21.68,395.0,2026-03-23,21.0296,stop,-3.03,-12.0,0.74,
2026-03-19,CLEBI,dip,16.7,0.192,1787.0,395.0,2026-03-27,1733.39,stop,-3.03,-12.0,2.35,
2026-03-19,CMBTN,dip,17.2,0.045,1720.0,395.0,2026-03-23,1668.4,stop,-3.03,-12.0,0.41,
2026-03-19,CRDFA,kirilim,22.9,1.033,27.6666,395.0,2026-03-19,28.4966,hedef,2.97,12.0,3.55,
2026-03-19,DCTTR,dip,38.1,0.134,8.38,395.0,2026-03-19,8.6314,hedef,2.97,12.0,4.3,
2026-03-19,DERHL,dip,7.8,0.01,14.41,395.0,2026-03-23,13.9777,stop,-3.03,-12.0,0.83,
2026-03-19,DESPC,dip,5.9,0.056,39.04,395.0,2026-03-23,37.8688,stop,-3.03,-12.0,0.92,
2026-03-19,DGNMO,dip,16.6,0.031,3.93,395.0,2026-03-23,3.8121,stop,-3.03,-12.0,0.76,
2026-03-19,DNISI,dip,7.7,0.111,19.64,395.0,2026-03-23,19.0508,stop,-3.03,-12.0,0.81,
2026-03-19,DYOBY,dip,29.8,0.066,13.19,395.0,2026-03-27,12.7943,stop,-3.03,-12.0,2.2,
2026-03-19,EFOR,dip,69.2,-0.031,11.28,395.0,2026-03-23,10.9416,stop,-3.03,-12.0,0.0,
2026-03-19,EGEEN,dip,9.8,0.035,5840.0,395.0,2026-03-23,5664.8,stop,-3.03,-12.0,1.84,
2026-03-19,EGSER,dip,5.8,0.098,2.89,395.0,2026-03-27,2.8033,stop,-3.03,-12.0,2.08,
2026-03-19,ELITE,dip,11.8,0.056,28.28,395.0,2026-03-23,27.4316,stop,-3.03,-12.0,1.06,
2026-03-19,EMKEL,dip,321.8,0.029,20.74,395.0,2026-03-19,21.3622,hedef,2.97,12.0,6.75,
2026-03-19,ENJSA,kirilim,62.7,0.994,121.8,395.0,2026-03-23,118.146,stop,-3.03,-12.0,2.63,
2026-03-19,ERCB,dip,17.2,0.013,51.8,395.0,2026-03-23,50.246,stop,-3.03,-12.0,0.0,
2026-03-19,ESCAR,dip,11.0,0.2,30.44,395.0,2026-03-23,29.5268,stop,-3.03,-12.0,1.84,
2026-03-19,ESEN,dip,15.2,0.029,3.95,395.0,2026-03-23,4.0685,hedef,2.97,12.0,3.29,
2026-03-19,ETILR,dip,9.8,0.106,3.84,395.0,2026-03-23,3.7248,stop,-3.03,-12.0,0.52,
2026-03-19,EUREN,dip,7.1,0.111,4.8,395.0,2026-03-23,4.944,hedef,2.97,12.0,3.33,
2026-03-19,FENER,dip,9.5,0.011,2.72,395.0,2026-03-19,2.8016,hedef,2.97,12.0,4.04,
2026-03-19,FORMT,dip,55.7,0.125,2.94,395.0,2026-03-19,3.0282,hedef,2.97,12.0,4.08,
2026-03-19,FZLGY,kirilim,235.3,1.035,17.8,395.0,2026-03-23,18.334,hedef,2.97,12.0,8.99,
2026-03-19,GIPTA,dip,19.4,0.189,69.2,395.0,2026-03-19,71.276,hedef,2.97,12.0,6.58,
2026-03-19,GOODY,dip,9.4,0.084,14.07,395.0,2026-03-26,14.4921,hedef,2.97,12.0,5.4,
2026-03-19,GRTHO,dip,66.4,0.067,238.9,395.0,2026-03-23,231.733,stop,-3.03,-12.0,1.17,
2026-03-19,GSRAY,dip,18.9,0.0,1.11,395.0,2026-03-23,1.0767,stop,-3.03,-12.0,0.9,
2026-03-19,GZNMI,dip,12.7,0.057,58.15,395.0,2026-03-19,59.8945,hedef,2.97,12.0,4.9,
2026-03-19,HATEK,dip,8.5,0.094,15.33,395.0,2026-03-23,15.7899,hedef,2.97,12.0,3.0,
2026-03-19,HATSN,dip,12.5,0.134,37.44,395.0,2026-03-27,38.5632,hedef,2.97,12.0,3.1,
2026-03-19,HEKTS,dip,9.5,0.076,2.96,395.0,2026-03-23,2.8712,stop,-3.03,-12.0,0.0,
2026-03-19,HTTBT,dip,17.2,0.084,37.14,395.0,2026-03-25,38.2542,hedef,2.97,12.0,3.07,
2026-03-19,HUNER,dip,23.9,0.078,3.1,395.0,2026-03-23,3.007,stop,-3.03,-12.0,0.65,
2026-03-19,IHLAS,dip,7.8,0.041,2.03,395.0,2026-03-23,1.9691,stop,-3.03,-12.0,0.49,
2026-03-19,IHYAY,dip,13.7,0.063,1.75,395.0,2026-03-23,1.6975,stop,-3.03,-12.0,1.14,
2026-03-19,INGRM,dip,8.6,0.176,383.0,395.0,2026-03-27,371.51,stop,-3.03,-12.0,2.09,
2026-03-19,INVEO,dip,5.0,0.175,7.35,395.0,2026-03-23,7.1295,stop,-3.03,-12.0,0.95,
2026-03-19,ISGSY,kirilim,16.5,1.033,153.0,395.0,2026-03-19,148.41,stop,-3.03,-12.0,0.52,
2026-03-19,ISSEN,dip,6.8,0.154,7.18,395.0,2026-03-24,7.3954,hedef,2.97,12.0,3.76,
2026-03-19,JANTS,dip,23.1,0.06,17.04,395.0,2026-03-23,16.5288,stop,-3.03,-12.0,0.12,
2026-03-19,KARTN,dip,8.2,0.064,70.2,395.0,2026-03-19,68.094,stop,-3.03,-12.0,0.0,
2026-03-19,KFEIN,dip,8.0,0.092,8.63,395.0,2026-03-23,8.3711,stop,-3.03,-12.0,0.93,
2026-03-19,KLRHO,dip,42.8,0.155,125.7,395.0,2026-03-19,121.929,stop,-3.03,-12.0,1.35,
2026-03-19,KLSER,dip,154.7,0.188,26.84,395.0,2026-03-23,26.0348,stop,-3.03,-12.0,2.98,
2026-03-19,KLSYN,kirilim,29.0,0.989,10.07,395.0,2026-03-23,9.7679,stop,-3.03,-12.0,0.5,
2026-03-19,KLYPV,dip,7.0,0.135,55.6,395.0,2026-03-23,57.268,hedef,2.97,12.0,3.15,
2026-03-19,KNFRT,dip,14.0,0.09,10.84,395.0,2026-03-23,10.5148,stop,-3.03,-12.0,0.0,
2026-03-19,KONTR,dip,13.0,0.064,8.84,395.0,2026-03-19,9.1052,hedef,2.97,12.0,4.52,
2026-03-19,KONYA,dip,10.0,0.026,4022.5,395.0,2026-03-23,3901.825,stop,-3.03,-12.0,0.62,
2026-03-19,KRGYO,dip,20.9,0.046,2.75,395.0,2026-03-23,2.6675,stop,-3.03,-12.0,1.09,
2026-03-19,KTLEV,kirilim,8.5,0.983,62.4,395.0,2026-03-19,64.272,hedef,2.97,12.0,4.89,
2026-03-19,LIDER,kirilim,5.7,1.018,97.25,395.0,2026-03-19,100.1675,hedef,2.97,12.0,3.34,
2026-03-19,LINK,dip,49.5,0.1,6.29,395.0,2026-03-19,6.4787,hedef,2.97,12.0,5.41,
2026-03-19,MAKIM,dip,13.2,0.122,15.38,395.0,2026-03-23,14.9186,stop,-3.03,-12.0,0.07,
2026-03-19,MARTI,dip,20.6,0.091,1.45,395.0,2026-03-23,1.4065,stop,-3.03,-12.0,0.69,
2026-03-19,MEDTR,dip,6.8,0.158,28.28,395.0,2026-03-23,27.4316,stop,-3.03,-12.0,0.0,
2026-03-19,MERCN,dip,9.0,0.065,16.84,395.0,2026-03-26,16.3348,stop,-3.03,-12.0,1.07,
2026-03-19,MRSHL,dip,14.6,0.178,1398.0,395.0,2026-03-30,1356.06,stop,-3.03,-12.0,0.86,
2026-03-19,NATEN,dip,19.3,0.065,7.31,395.0,2026-03-23,7.0907,stop,-3.03,-12.0,0.0,
2026-03-19,ONRYT,dip,10.1,0.064,58.55,395.0,2026-03-26,56.7935,stop,-3.03,-12.0,2.73,
2026-03-19,ORGE,dip,7.8,0.049,67.05,395.0,2026-03-24,65.0385,stop,-3.03,-12.0,0.97,
2026-03-19,OSMEN,dip,29.5,0.08,7.37,395.0,2026-03-26,7.1489,stop,-3.03,-12.0,1.76,
2026-03-19,OSTIM,dip,10.3,0.133,2.8,395.0,2026-03-23,2.716,stop,-3.03,-12.0,0.36,
2026-03-19,OTKAR,dip,34.5,0.159,387.75,395.0,2026-03-23,376.1175,stop,-3.03,-12.0,1.16,
2026-03-19,OTTO,dip,8.3,0.079,302.0,395.0,2026-03-19,311.06,hedef,2.97,12.0,3.31,
2026-03-19,PAMEL,dip,15.2,0.132,82.1,395.0,2026-03-24,79.637,stop,-3.03,-12.0,1.58,
2026-03-19,PAPIL,dip,14.6,0.027,15.81,395.0,2026-03-25,15.3357,stop,-3.03,-12.0,2.85,
2026-03-19,PATEK,dip,12.9,0.13,17.57,395.0,2026-03-24,18.0971,hedef,2.97,12.0,3.07,
2026-03-19,PENTA,dip,4.5,0.158,13.28,395.0,2026-03-26,12.8816,stop,-3.03,-12.0,0.9,
2026-03-19,PGSUS,dip,5.8,0.084,177.2,395.0,2026-03-23,171.884,stop,-3.03,-12.0,0.28,
2026-03-19,PKENT,dip,13.6,0.077,154.3,395.0,2026-03-23,149.671,stop,-3.03,-12.0,0.71,
2026-03-19,POLTK,dip,5.7,0.004,5010.0,395.0,2026-03-23,4859.7,stop,-3.03,-12.0,0.4,
2026-03-19,QUAGR,dip,9.9,0.064,3.03,395.0,2026-03-19,3.1209,hedef,2.97,12.0,3.3,
2026-03-19,RAYSG,dip,13.2,0.082,200.6,395.0,2026-03-26,194.582,stop,-3.03,-12.0,0.7,
2026-03-19,SANFM,dip,12.0,0.149,7.06,395.0,2026-03-23,6.8482,stop,-3.03,-12.0,0.42,
2026-03-19,SANKO,dip,25.6,0.193,20.02,395.0,2026-03-23,19.4194,stop,-3.03,-12.0,1.1,
2026-03-19,SASA,dip,11.8,0.085,2.43,395.0,2026-03-24,2.3571,stop,-3.03,-12.0,2.88,
2026-03-19,SEGMN,kirilim,93.4,0.998,58.75,395.0,2026-03-23,56.9875,stop,-3.03,-12.0,1.79,
2026-03-19,SERNT,dip,22.6,0.158,7.86,395.0,2026-03-26,8.0958,hedef,2.97,12.0,6.49,
2026-03-19,SMRTG,dip,18.4,0.077,7.17,395.0,2026-03-19,7.3851,hedef,2.97,12.0,5.16,
2026-03-19,SMRVA,dip,45.1,0.069,11.8094,395.0,2026-03-23,11.4552,stop,-3.03,-12.0,0.83,
2026-03-19,SNICA,dip,8.3,0.115,3.82,395.0,2026-03-23,3.7054,stop,-3.03,-12.0,0.52,
2026-03-19,SUWEN,dip,10.6,0.144,9.02,395.0,2026-03-23,8.7494,stop,-3.03,-12.0,0.67,
2026-03-19,TBORG,dip,5.3,0.029,150.0,395.0,2026-03-23,145.5,stop,-3.03,-12.0,0.27,
2026-03-19,TEKTU,dip,17.5,0.177,8.8,395.0,2026-03-23,8.536,stop,-3.03,-12.0,1.7,
2026-03-19,TKFEN,dip,17.8,0.131,79.85,395.0,2026-03-23,82.2455,hedef,2.97,12.0,3.38,
2026-03-19,TKNSA,dip,5.1,0.144,22.0,395.0,2026-03-23,21.34,stop,-3.03,-12.0,1.82,
2026-03-19,TRILC,dip,5.4,0.091,2.4606,395.0,2026-03-23,2.5344,hedef,2.97,12.0,3.8,
2026-03-19,TTRAK,dip,15.0,0.033,454.25,395.0,2026-03-23,440.6225,stop,-3.03,-12.0,0.99,
2026-03-19,TUCLK,dip,34.5,0.159,4.49,395.0,2026-03-19,4.6247,hedef,2.97,12.0,3.12,
2026-03-19,TUKAS,dip,8.6,0.193,2.34,395.0,2026-03-23,2.2698,stop,-3.03,-12.0,0.0,
2026-03-19,TUREX,dip,50.9,0.021,7.42,395.0,2026-03-23,7.1974,stop,-3.03,-12.0,1.48,
2026-03-19,TURGG,dip,14.6,0.176,27.98,395.0,2026-03-23,28.8194,hedef,2.97,12.0,3.36,
2026-03-19,USAK,dip,16.3,0.036,1.62,395.0,2026-03-23,1.5714,stop,-3.03,-12.0,1.23,
2026-03-19,VESBE,dip,12.1,0.038,7.33,395.0,2026-03-23,7.1101,stop,-3.03,-12.0,0.14,
2026-03-19,VESTL,dip,9.1,0.064,28.96,395.0,2026-03-23,28.0912,stop,-3.03,-12.0,0.83,
2026-03-19,VKING,dip,66.6,0.122,26.7,395.0,2026-03-19,25.899,stop,-3.03,-12.0,0.9,
2026-03-19,VRGYO,dip,4.9,0.081,2.27,395.0,2026-03-23,2.2019,stop,-3.03,-12.0,0.0,
2026-03-19,VSNMD,dip,10.4,0.006,76.0,395.0,2026-03-27,73.72,stop,-3.03,-12.0,2.63,
2026-03-19,YAPRK,dip,6.9,0.193,16.19,395.0,2026-03-19,16.6757,hedef,2.97,12.0,11.8,
2026-03-19,YAYLA,dip,40.7,0.171,23.6,395.0,2026-03-23,22.892,stop,-3.03,-12.0,0.93,
2026-03-19,YESIL,dip,94.3,0.09,1.51,395.0,2026-03-19,1.4647,stop,-3.03,-12.0,0.0,
2026-03-19,YIGIT,dip,10.4,0.098,22.3,395.0,2026-03-26,22.969,hedef,2.97,12.0,3.68,
2026-03-19,ZOREN,dip,6.6,0.067,2.91,395.0,2026-03-26,2.8227,stop,-3.03,-12.0,0.69,
2026-03-23,AGROT,dip,2.0,0.12,2.97,1070.0,2026-03-26,2.8809,stop,-3.03,-32.0,2.36,
2026-03-23,ALFAS,dip,2.3,0.028,36.88,1070.0,2026-04-03,37.9864,hedef,2.97,32.0,4.23,
2026-03-23,ANGEN,dip,2.4,0.182,10.46,1070.0,2026-03-23,10.1462,stop,-3.03,-32.0,1.15,
2026-03-23,BFREN,dip,3.0,0.04,141.7,1070.0,2026-03-27,137.449,stop,-3.03,-32.0,0.28,
2026-03-23,BIGEN,dip,2.5,0.056,8.91,1070.0,2026-03-26,8.6427,stop,-3.03,-32.0,2.92,
2026-03-23,CMENT,dip,2.4,0.162,324.25,1070.0,2026-03-23,333.9775,hedef,2.97,32.0,3.39,
2026-03-23,DERHL,dip,2.1,0.011,14.45,1070.0,2026-03-23,14.0165,stop,-3.03,-32.0,0.0,
2026-03-23,EFOR,dip,7.5,-0.05,10.16,1070.0,2026-03-24,9.8552,stop,-3.03,-32.0,0.0,
2026-03-23,EGSER,dip,2.7,0.114,2.91,1070.0,2026-03-26,2.8227,stop,-3.03,-32.0,1.37,
2026-03-23,EMKEL,dip,4.4,0.048,22.92,1070.0,2026-03-23,23.6076,hedef,2.97,32.0,3.58,
2026-03-23,EMNIS,dip,2.5,0.009,149.0,1070.0,2026-03-25,153.47,hedef,2.97,32.0,3.36,
2026-03-23,INTEK,dip,3.7,0.011,246.5,1070.0,2026-03-23,253.895,hedef,2.97,32.0,3.35,
2026-03-23,KARTN,dip,2.0,0.001,67.8,1070.0,2026-03-24,65.766,stop,-3.03,-32.0,1.03,
2026-03-23,KLRHO,dip,2.5,0.145,119.5,1070.0,2026-03-23,123.085,hedef,2.97,32.0,5.86,
2026-03-23,KLSER,dip,2.8,0.109,25.86,1070.0,2026-03-23,26.6358,hedef,2.97,32.0,4.33,
2026-03-23,KLSYN,kirilim,2.4,0.965,10.01,1070.0,2026-03-23,10.3103,hedef,2.97,32.0,3.5,
2026-03-23,KNFRT,dip,2.9,0.086,10.78,1070.0,2026-03-23,10.4566,stop,-3.03,-32.0,0.0,
2026-03-23,LINK,dip,2.2,0.079,6.0,1070.0,2026-03-23,6.18,hedef,2.97,32.0,3.0,
2026-03-23,MEGAP,dip,2.5,-0.026,2.16,1070.0,2026-03-23,2.2248,hedef,2.97,32.0,7.41,
2026-03-23,ORMA,dip,2.5,0.126,152.3,1070.0,2026-03-23,156.869,hedef,2.97,32.0,5.06,
2026-03-23,OTTO,dip,2.0,0.105,310.0,1070.0,2026-03-25,319.3,hedef,2.97,32.0,3.23,
2026-03-23,PARSN,dip,2.9,0.197,80.1,1070.0,2026-03-23,82.503,hedef,2.97,32.0,3.37,
2026-03-23,PETKM,kirilim,2.0,0.922,21.56,1070.0,2026-03-23,22.2068,hedef,2.97,32.0,3.53,
2026-03-23,PRZMA,kirilim,5.0,1.0,16.8,1070.0,2026-03-23,16.296,stop,-3.03,-32.0,2.32,
2026-03-23,SAMAT,dip,2.0,0.093,5.17,1070.0,2026-03-23,5.3251,hedef,2.97,32.0,3.29,
2026-03-23,SANKO,dip,2.2,0.153,19.6,1070.0,2026-03-26,19.012,stop,-3.03,-32.0,1.99,
2026-03-23,SEGMN,kirilim,2.4,1.04,61.3,1070.0,2026-03-23,63.139,hedef,2.97,32.0,3.18,
2026-03-23,SUMAS,dip,3.2,0.15,264.0,1070.0,2026-04-03,256.08,stop,-3.03,-32.0,0.28,
2026-03-23,TUCLK,dip,2.8,0.076,4.2,1070.0,2026-03-23,4.326,hedef,2.97,32.0,3.57,
2026-03-23,TURGG,dip,2.1,0.193,28.48,1070.0,2026-03-23,29.3344,hedef,2.97,32.0,3.23,
2026-03-23,UNLU,dip,2.4,0.181,13.62,1070.0,2026-03-26,13.2114,stop,-3.03,-32.0,2.35,
2026-03-23,VKING,dip,2.9,0.029,24.38,1070.0,2026-03-23,25.1114,hedef,2.97,32.0,3.69,
2026-03-23,YESIL,dip,2.2,0.032,1.38,1070.0,2026-03-23,1.3386,stop,-3.03,-32.0,2.17,
2026-03-24,BALSU,dip,2.1,0.06,14.42,3819.0,2026-03-27,13.9874,stop,-3.03,-116.0,0.55,
2026-03-24,BAYRK,dip,2.1,0.168,4.67,3819.0,2026-03-24,4.8101,hedef,2.97,113.0,4.93,
2026-03-24,CEOEM,dip,2.1,0.124,21.88,3819.0,2026-03-24,22.5364,hedef,2.97,113.0,5.03,
2026-03-24,DCTTR,dip,2.2,0.183,8.79,3819.0,2026-03-24,9.0537,hedef,2.97,113.0,3.41,
2026-03-24,EFOR,dip,3.3,-0.043,9.15,3819.0,2026-03-24,9.4245,hedef,2.97,113.0,5.03,
2026-03-24,EMKEL,dip,4.6,0.068,25.18,3819.0,2026-03-24,24.4246,stop,-3.03,-116.0,0.24,
2026-03-24,FZLGY,kirilim,4.8,0.946,18.91,3819.0,2026-03-24,18.3427,stop,-3.03,-116.0,0.0,
2026-03-24,GRTHO,dip,2.0,0.095,252.5,3819.0,2026-03-24,244.925,stop,-3.03,-116.0,0.0,
2026-03-24,IHAAS,kirilim,2.0,0.977,91.4,3819.0,2026-03-24,94.142,hedef,2.97,113.0,5.69,
2026-03-24,ISBIR,dip,2.0,0.004,70.05,3819.0,2026-03-31,72.1515,hedef,2.97,113.0,4.21,
2026-03-24,ISKPL,kirilim,3.0,1.042,14.54,3819.0,2026-03-25,14.9762,hedef,2.97,113.0,5.64,
2026-03-24,KUYAS,kirilim,2.8,0.992,78.65,3819.0,2026-03-24,81.0095,hedef,2.97,113.0,3.31,
2026-03-24,MAKIM,dip,6.0,0.119,15.35,3819.0,2026-03-25,15.8105,hedef,2.97,113.0,5.34,
2026-03-24,MSGYO,kirilim,3.5,1.069,9.33,3819.0,2026-03-24,9.6099,hedef,2.97,113.0,3.54,
2026-03-24,OTTO,dip,2.1,0.124,316.0,3819.0,2026-03-25,325.48,hedef,2.97,113.0,3.32,
2026-03-24,PATEK,dip,2.1,0.171,18.48,3819.0,2026-03-26,19.0344,hedef,2.97,113.0,3.03,
2026-03-24,SODSN,dip,2.3,-0.004,9.65,3819.0,2026-03-25,9.3605,stop,-3.03,-116.0,0.0,
2026-03-24,TDGYO,dip,2.4,0.179,17.5,3819.0,2026-03-25,18.025,hedef,2.97,113.0,7.14,
2026-03-24,VKING,dip,2.1,0.038,24.6,3819.0,2026-03-26,23.862,stop,-3.03,-116.0,2.93,
2026-03-24,YESIL,dip,8.1,0.054,1.43,3819.0,2026-03-25,1.4729,hedef,2.97,113.0,9.09,
2026-03-25,AKMGY,kirilim,2.5,0.933,267.0,2071.0,2026-03-25,258.99,stop,-3.03,-63.0,2.53,
2026-03-25,ALFAS,dip,2.5,0.09,37.72,2071.0,2026-03-26,36.5884,stop,-3.03,-63.0,0.27,
2026-03-25,ARENA,dip,2.4,0.068,25.44,2071.0,2026-03-25,26.2032,hedef,2.97,61.0,4.17,
2026-03-25,AYCES,kirilim,2.3,0.985,772.5,2071.0,2026-03-25,749.325,stop,-3.03,-63.0,0.26,
2026-03-25,BINBN,dip,2.0,0.176,164.4,2071.0,2026-03-25,169.332,hedef,2.97,61.0,3.22,
2026-03-25,EFOR,dip,26.3,-0.029,8.44,2071.0,2026-03-25,8.6932,hedef,2.97,61.0,14.45,
2026-03-25,EMKEL,dip,2.6,0.05,23.14,2071.0,2026-03-25,23.8342,hedef,2.97,61.0,3.28,
2026-03-25,EMNIS,dip,2.2,0.034,154.0,2071.0,2026-03-30,149.38,stop,-3.03,-63.0,0.84,
2026-03-25,FORMT,dip,4.4,0.193,3.07,2071.0,2026-03-25,2.9779,stop,-3.03,-63.0,0.0,
2026-03-25,FORTE,kirilim,2.7,0.992,114.0,2071.0,2026-03-26,117.42,hedef,2.97,61.0,3.68,
2026-03-25,ISBIR,dip,2.2,0.035,72.0,2071.0,2026-03-26,69.84,stop,-3.03,-63.0,0.0,
2026-03-25,KLSYN,kirilim,2.1,1.069,11.03,2071.0,2026-03-25,10.6991,stop,-3.03,-63.0,0.0,
2026-03-25,MAGEN,kirilim,2.1,1.011,51.9,2071.0,2026-03-25,53.457,hedef,2.97,61.0,3.08,
2026-03-25,MOGAN,kirilim,2.3,1.055,12.27,2071.0,2026-03-26,11.9019,stop,-3.03,-63.0,0.65,
2026-03-25,NIBAS,kirilim,3.0,0.992,9.78,2071.0,2026-03-25,10.0734,hedef,2.97,61.0,3.27,
2026-03-25,OTTO,dip,2.3,0.135,319.25,2071.0,2026-03-26,328.8275,hedef,2.97,61.0,3.05,
2026-03-25,TRHOL,kirilim,2.5,1.032,889.5,2071.0,2026-03-26,916.185,hedef,2.97,61.0,6.8,
2026-03-25,VKING,dip,2.9,0.045,24.76,2071.0,2026-03-25,24.0172,stop,-3.03,-63.0,0.0,
2026-03-25,YESIL,dip,2.4,0.133,1.56,2071.0,2026-03-26,1.6068,hedef,2.97,61.0,11.54,
2026-03-25,YONGA,dip,2.9,0.113,55.5,2071.0,2026-03-30,53.835,stop,-3.03,-63.0,2.7,
2026-03-25,YYAPI,dip,23.4,0.181,1.21,2071.0,2026-03-25,1.2463,hedef,2.97,61.0,10.74,
2026-03-26,ARENA,dip,3.0,0.099,26.26,2053.0,2026-03-26,27.0478,hedef,2.97,61.0,3.88,
2026-03-26,ASTOR,kirilim,2.3,0.992,209.9,2053.0,2026-03-26,203.603,stop,-3.03,-62.0,0.0,
2026-03-26,BINBN,dip,2.2,0.161,162.1,2053.0,2026-03-31,166.963,hedef,2.97,61.0,3.64,
2026-03-26,BYDNR,kirilim,6.0,1.047,42.0,2053.0,2026-03-26,40.74,stop,-3.03,-62.0,0.05,
2026-03-26,CEOEM,dip,2.7,0.154,22.66,2053.0,2026-03-26,21.9802,stop,-3.03,-62.0,0.0,
2026-03-26,DMRGD,kirilim,3.1,0.984,4.67,2053.0,2026-03-27,4.5299,stop,-3.03,-62.0,0.64,
2026-03-26,EFOR,dip,3.6,0.044,9.5,2053.0,2026-03-26,9.215,stop,-3.03,-62.0,0.0,
2026-03-26,EMKEL,dip,3.7,0.078,26.28,2053.0,2026-03-26,27.0684,hedef,2.97,61.0,6.01,
2026-03-26,ERCB,dip,2.0,0.01,49.08,2053.0,2026-03-27,47.6076,stop,-3.03,-62.0,0.53,
2026-03-26,ETILR,dip,2.3,0.133,3.96,2053.0,2026-03-26,3.8412,stop,-3.03,-62.0,0.0,
2026-03-26,FZLGY,kirilim,2.1,0.931,18.99,2053.0,2026-03-26,19.5597,hedef,2.97,61.0,6.06,
2026-03-26,GOODY,dip,11.6,0.199,14.84,2053.0,2026-03-27,15.2852,hedef,2.97,61.0,5.46,
2026-03-26,HUNER,dip,2.3,0.024,2.99,2053.0,2026-03-30,3.0797,hedef,2.97,61.0,3.01,
2026-03-26,KLSYN,kirilim,2.7,1.011,11.51,2053.0,2026-03-26,11.1647,stop,-3.03,-62.0,1.13,
2026-03-26,LILAK,kirilim,6.1,1.161,38.16,2053.0,2026-03-27,39.3048,hedef,2.97,61.0,3.51,
2026-03-26,MOGAN,kirilim,2.6,0.994,12.53,2053.0,2026-03-27,12.1541,stop,-3.03,-62.0,0.72,
2026-03-26,ORGE,dip,2.7,0.11,69.15,2053.0,2026-03-30,71.2245,hedef,2.97,61.0,3.11,
2026-03-26,ORMA,dip,3.3,0.161,155.1,2053.0,2026-03-31,150.447,stop,-3.03,-62.0,1.23,
2026-03-26,OTTO,dip,3.3,0.166,328.75,2053.0,2026-03-26,338.6125,hedef,2.97,61.0,3.5,
2026-03-26,SANFM,dip,2.3,0.181,7.52,2053.0,2026-03-26,7.7456,hedef,2.97,61.0,4.52,
2026-03-26,SMRTG,dip,5.8,0.084,7.15,2053.0,2026-03-30,6.9355,stop,-3.03,-62.0,1.68,
2026-03-26,SNICA,dip,2.3,0.123,3.84,2053.0,2026-03-26,3.9552,hedef,2.97,61.0,3.12,
2026-03-26,VKING,dip,2.3,0.023,24.22,2053.0,2026-03-27,23.4934,stop,-3.03,-62.0,1.9,
2026-03-26,YIGIT,dip,2.5,0.173,22.88,2053.0,2026-03-30,22.1936,stop,-3.03,-62.0,1.4,
2026-03-26,ZOREN,dip,2.6,-0.012,2.78,2053.0,2026-04-03,2.8634,hedef,2.97,61.0,4.32,
2026-03-27,ADESE,dip,2.0,0.149,0.98,2691.0,2026-03-27,0.9506,stop,-3.03,-82.0,0.0,
2026-03-27,ALKLC,kirilim,2.0,0.989,317.75,2691.0,2026-03-27,308.2175,stop,-3.03,-82.0,0.24,
2026-03-27,ARENA,dip,2.1,0.117,26.74,2691.0,2026-03-27,25.9378,stop,-3.03,-82.0,0.0,
2026-03-27,BIGEN,dip,8.5,0.081,9.18,2691.0,2026-03-27,9.4554,hedef,2.97,80.0,4.03,
2026-03-27,BINBN,dip,2.3,0.179,165.0,2691.0,2026-03-27,160.05,stop,-3.03,-82.0,0.0,
2026-03-27,DOGUB,kirilim,2.1,0.99,77.0,2691.0,2026-03-27,74.69,stop,-3.03,-82.0,0.32,
2026-03-27,EFOR,dip,2.7,0.039,9.39,2691.0,2026-03-30,9.1083,stop,-3.03,-82.0,1.7,
2026-03-27,EMKEL,dip,2.6,0.061,24.76,2691.0,2026-03-27,24.0172,stop,-3.03,-82.0,1.86,
2026-03-27,ERCB,dip,2.1,0.011,48.26,2691.0,2026-04-01,49.7078,hedef,2.97,80.0,3.92,
2026-03-27,ETILR,dip,3.8,0.113,3.87,2691.0,2026-03-30,3.7539,stop,-3.03,-82.0,0.26,
2026-03-27,FMIZP,dip,2.3,0.143,285.25,2691.0,2026-03-30,276.6925,stop,-3.03,-82.0,0.26,
2026-03-27,GRTHO,dip,2.7,0.071,240.4,2691.0,2026-03-27,233.188,stop,-3.03,-82.0,0.5,
2026-03-27,GUNDG,kirilim,2.0,1.07,890.0,2691.0,2026-03-27,863.3,stop,-3.03,-82.0,0.73,
2026-03-27,HATSN,dip,7.6,0.186,38.62,2691.0,2026-03-27,37.4614,stop,-3.03,-82.0,1.45,
2026-03-27,IHGZT,dip,2.5,0.176,1.4,2691.0,2026-03-30,1.358,stop,-3.03,-82.0,0.0,
2026-03-27,JANTS,dip,2.6,0.078,17.31,2691.0,2026-03-27,16.7907,stop,-3.03,-82.0,0.0,
2026-03-27,KRDMA,dip,2.7,0.193,29.88,2691.0,2026-04-06,30.7764,hedef,2.97,80.0,4.75,
2026-03-27,KTLEV,kirilim,3.6,1.037,68.75,2691.0,2026-03-30,70.8125,hedef,2.97,80.0,9.96,
2026-03-27,ORGE,dip,2.7,0.133,70.2,2691.0,2026-03-30,72.306,hedef,2.97,80.0,3.06,
2026-03-27,SANFM,dip,3.7,0.197,7.75,2691.0,2026-03-30,7.5175,stop,-3.03,-82.0,0.65,
2026-03-27,SANKO,dip,2.0,0.116,19.21,2691.0,2026-04-01,19.7863,hedef,2.97,80.0,3.07,
2026-03-27,SNGYO,dip,2.5,0.174,3.45,2691.0,2026-03-30,3.3465,stop,-3.03,-82.0,0.29,
2026-03-27,TRHOL,kirilim,2.1,1.006,992.0,2691.0,2026-03-30,962.24,stop,-3.03,-82.0,1.81,
2026-03-30,AKENR,dip,2.4,0.148,9.64,2069.0,2026-03-30,9.9292,hedef,2.97,61.0,4.15,
2026-03-30,ANELE,dip,2.4,0.078,14.34,2069.0,2026-03-30,14.7702,hedef,2.97,61.0,3.84,
2026-03-30,ARENA,dip,2.7,0.014,24.02,2069.0,2026-03-31,24.7406,hedef,2.97,61.0,3.16,
2026-03-30,ARMGD,kirilim,3.3,0.961,90.35,2069.0,2026-03-30,87.6395,stop,-3.03,-63.0,0.17,
2026-03-30,AYDEM,kirilim,4.4,0.996,28.94,2069.0,2026-03-30,29.8082,hedef,2.97,61.0,3.18,
2026-03-30,BIGEN,dip,4.6,0.128,9.7,2069.0,2026-03-30,9.409,stop,-3.03,-63.0,0.0,
2026-03-30,BIOEN,dip,2.2,0.19,17.2,2069.0,2026-03-31,16.684,stop,-3.03,-63.0,0.41,
2026-03-30,BJKAS,dip,3.2,0.048,1.5,2069.0,2026-03-30,1.455,stop,-3.03,-63.0,1.33,
2026-03-30,DGGYO,dip,3.0,-0.007,26.66,2069.0,2026-03-30,27.4598,hedef,2.97,61.0,4.58,
2026-03-30,EFOR,dip,2.7,0.037,9.32,2069.0,2026-03-30,9.5996,hedef,2.97,61.0,3.11,
2026-03-30,ELITE,dip,3.0,0.08,28.64,2069.0,2026-03-31,29.4992,hedef,2.97,61.0,3.77,
2026-03-30,EMKEL,dip,2.3,0.042,22.62,2069.0,2026-03-30,23.2986,hedef,2.97,61.0,3.27,
2026-03-30,ERCB,dip,2.1,0.035,49.08,2069.0,2026-04-01,50.5524,hedef,2.97,61.0,4.83,
2026-03-30,FORMT,dip,4.2,0.021,2.73,2069.0,2026-04-03,2.6481,stop,-3.03,-63.0,2.93,
2026-03-30,HUNER,dip,2.1,0.063,3.06,2069.0,2026-04-06,3.1518,hedef,2.97,61.0,3.59,
2026-03-30,ISKPL,kirilim,3.6,1.045,15.99,2069.0,2026-03-30,15.5103,stop,-3.03,-63.0,0.0,
2026-03-30,LIDFA,kirilim,2.2,1.042,3.82,2069.0,2026-03-30,3.7054,stop,-3.03,-63.0,0.0,
2026-03-30,NATEN,dip,2.1,0.064,7.26,2069.0,2026-03-30,7.0422,stop,-3.03,-63.0,0.0,
2026-03-30,NIBAS,kirilim,2.7,0.996,10.14,2069.0,2026-03-31,10.4442,hedef,2.97,61.0,4.73,
2026-03-30,OTTO,dip,2.1,0.179,332.75,2069.0,2026-03-30,322.7675,stop,-3.03,-63.0,0.0,
2026-03-30,SNICA,dip,2.0,0.163,3.98,2069.0,2026-03-30,3.8606,stop,-3.03,-63.0,0.0,
2026-03-30,SNPAM,dip,3.1,0.153,20.8,2069.0,2026-04-01,21.424,hedef,2.97,61.0,3.56,
2026-03-30,TSGYO,dip,2.1,0.162,6.46,2069.0,2026-04-01,6.6538,hedef,2.97,61.0,3.25,
2026-03-30,VRGYO,dip,2.2,0.068,2.24,2069.0,2026-03-30,2.1728,stop,-3.03,-63.0,1.34,
2026-03-31,AKFYE,kirilim,2.5,0.895,22.16,2491.0,2026-03-31,22.8248,hedef,2.97,74.0,4.51,
2026-03-31,AKMGY,kirilim,3.0,0.971,289.0,2491.0,2026-04-01,280.33,stop,-3.03,-76.0,1.38,
2026-03-31,ANELE,dip,4.3,0.168,15.52,2491.0,2026-03-31,15.0544,stop,-3.03,-76.0,0.0,
2026-03-31,AYEN,kirilim,11.7,0.91,32.14,2491.0,2026-03-31,33.1042,hedef,2.97,74.0,4.48,
2026-03-31,BIGEN,dip,2.1,0.086,9.24,2491.0,2026-04-07,8.9628,stop,-3.03,-76.0,2.6,
2026-03-31,BINBN,dip,4.5,0.199,168.0,2491.0,2026-03-31,162.96,stop,-3.03,-76.0,0.0,
2026-03-31,BOBET,dip,2.2,0.157,19.66,2491.0,2026-04-07,19.0702,stop,-3.03,-76.0,1.22,
2026-03-31,DERHL,dip,3.3,0.012,14.62,2491.0,2026-04-03,15.0586,hedef,2.97,74.0,4.65,
2026-03-31,EFOR,dip,2.0,0.046,9.56,2491.0,2026-04-01,9.8468,hedef,2.97,74.0,6.28,
2026-03-31,ELITE,dip,2.2,0.113,29.32,2491.0,2026-04-07,30.1996,hedef,2.97,74.0,3.68,
2026-03-31,ETILR,dip,2.0,0.142,4.0,2491.0,2026-04-01,3.88,stop,-3.03,-76.0,2.25,
2026-03-31,GWIND,kirilim,2.6,1.07,29.22,2491.0,2026-03-31,30.0966,hedef,2.97,74.0,4.65,
2026-03-31,IHGZT,dip,2.1,0.123,1.36,2491.0,2026-04-01,1.4008,hedef,2.97,74.0,3.68,
2026-03-31,IHYAY,dip,2.1,0.016,1.66,2491.0,2026-04-01,1.7098,hedef,2.97,74.0,3.01,
2026-03-31,KLRHO,dip,2.5,0.16,129.4,2491.0,2026-04-01,133.282,hedef,2.97,74.0,7.26,
2026-03-31,KONYA,dip,3.8,0.016,3827.5,2491.0,2026-04-10,3942.325,hedef,2.97,74.0,3.14,
2026-03-31,MARTI,dip,3.6,0.068,1.41,2491.0,2026-04-01,1.4523,hedef,2.97,74.0,3.55,
2026-03-31,MOBTL,kirilim,7.4,1.012,12.0,2491.0,2026-03-31,11.64,stop,-3.03,-76.0,0.0,
2026-03-31,NIBAS,kirilim,2.3,0.936,9.83,2491.0,2026-04-01,10.1249,hedef,2.97,74.0,3.46,
2026-03-31,ORGE,dip,2.4,0.198,73.2,2491.0,2026-04-01,71.004,stop,-3.03,-76.0,0.0,
2026-03-31,SEKUR,kirilim,6.5,1.192,6.89,2491.0,2026-04-01,6.6833,stop,-3.03,-76.0,4.5,
2026-03-31,SMRTG,dip,2.3,-0.011,6.65,2491.0,2026-03-31,6.4505,stop,-3.03,-76.0,0.3,
2026-03-31,TEKTU,dip,2.8,0.184,9.08,2491.0,2026-03-31,8.8076,stop,-3.03,-76.0,0.0,
2026-03-31,VKING,dip,4.3,0.002,23.16,2491.0,2026-03-31,23.8548,hedef,2.97,74.0,4.84,
2026-03-31,VRGYO,dip,2.1,0.051,2.2,2491.0,2026-04-01,2.266,hedef,2.97,74.0,3.18,
2026-03-31,YAYLA,dip,8.0,0.186,24.02,2491.0,2026-04-01,24.7406,hedef,2.97,74.0,7.41,
2026-03-31,YONGA,dip,2.2,0.056,53.3,2491.0,2026-04-10,54.899,hedef,2.97,74.0,3.38,
2026-04-01,ADEL,kirilim,5.7,0.974,41.6,1077.0,2026-04-01,42.848,hedef,2.97,32.0,4.71,
2026-04-01,AKSEN,kirilim,2.7,0.99,80.75,1077.0,2026-04-01,78.3275,stop,-3.03,-33.0,0.87,
2026-04-01,ALCAR,dip,2.0,0.033,725.0,1077.0,2026-04-02,703.25,stop,-3.03,-33.0,1.38,
2026-04-01,ALGYO,kirilim,2.3,1.022,6.2,1077.0,2026-04-03,6.014,stop,-3.03,-33.0,2.9,
2026-04-01,ANELE,dip,33.8,0.13,15.02,1077.0,2026-04-01,15.4706,hedef,2.97,32.0,3.06,
2026-04-01,ANGEN,dip,2.1,0.163,10.37,1077.0,2026-04-08,10.6811,hedef,2.97,32.0,3.18,
2026-04-01,ARMGD,kirilim,2.1,1.051,96.3,1077.0,2026-04-02,99.189,hedef,2.97,32.0,3.74,
2026-04-01,ASGYO,dip,3.0,0.141,10.6,1077.0,2026-04-10,10.918,hedef,2.97,32.0,6.42,
2026-04-01,BEGYO,dip,3.6,0.031,4.47,1077.0,2026-04-02,4.6041,hedef,2.97,32.0,3.36,
2026-04-01,BIENY,dip,4.1,0.039,22.02,1077.0,2026-04-01,22.6806,hedef,2.97,32.0,3.27,
2026-04-01,EFOR,dip,2.5,0.04,9.4,1077.0,2026-04-01,9.118,stop,-3.03,-33.0,0.85,
2026-04-01,EMNIS,dip,2.4,0.015,150.0,1077.0,2026-04-07,145.5,stop,-3.03,-33.0,0.67,
2026-04-01,ETILR,dip,2.6,0.129,3.94,1077.0,2026-04-03,4.0582,hedef,2.97,32.0,3.05,
2026-04-01,KLRHO,dip,2.1,0.166,134.1,1077.0,2026-04-01,138.123,hedef,2.97,32.0,5.29,
2026-04-01,KRDMB,kirilim,2.1,1.004,60.15,1077.0,2026-04-01,61.9545,hedef,2.97,32.0,6.15,
2026-04-01,MARTI,dip,2.5,0.147,1.55,1077.0,2026-04-02,1.5965,hedef,2.97,32.0,4.52,
2026-04-01,MOGAN,kirilim,2.2,0.901,13.02,1077.0,2026-04-01,13.4106,hedef,2.97,32.0,4.76,
2026-04-01,MRSHL,dip,3.2,0.179,1399.0,1077.0,2026-04-07,1440.97,hedef,2.97,32.0,5.29,
2026-04-01,OSTIM,dip,2.2,0.033,2.68,1077.0,2026-04-06,2.7604,hedef,2.97,32.0,3.36,
2026-04-01,OTTO,dip,2.5,0.174,331.25,1077.0,2026-04-01,341.1875,hedef,2.97,32.0,3.85,
2026-04-01,PGSUS,dip,2.9,0.133,182.1,1077.0,2026-04-02,176.637,stop,-3.03,-33.0,0.0,
2026-04-01,PKENT,dip,3.0,0.076,154.1,1077.0,2026-04-01,158.723,hedef,2.97,32.0,3.18,
2026-04-01,QUAGR,dip,3.1,0.078,3.16,1077.0,2026-04-02,3.2548,hedef,2.97,32.0,4.11,
2026-04-01,RUBNS,kirilim,10.8,0.981,43.46,1077.0,2026-04-01,44.7638,hedef,2.97,32.0,3.08,
2026-04-01,SANFM,dip,2.3,0.187,7.61,1077.0,2026-04-03,7.8383,hedef,2.97,32.0,4.47,
2026-04-01,SANKO,dip,2.4,0.14,19.46,1077.0,2026-04-03,20.0438,hedef,2.97,32.0,3.91,
2026-04-01,SEKFK,kirilim,2.0,1.17,11.39,1077.0,2026-04-02,11.0483,stop,-3.03,-33.0,2.37,
2026-04-01,SMRTG,dip,2.1,0.032,6.45,1077.0,2026-04-02,6.6435,hedef,2.97,32.0,3.26,
2026-04-01,SMRVA,dip,3.1,0.044,12.1339,1077.0,2026-04-01,11.7699,stop,-3.03,-33.0,0.0,
2026-04-01,SNGYO,dip,2.6,0.142,3.46,1077.0,2026-04-02,3.5638,hedef,2.97,32.0,3.18,
2026-04-01,SNICA,dip,3.9,0.109,3.86,1077.0,2026-04-10,3.9758,hedef,2.97,32.0,3.11,
2026-04-01,SNPAM,dip,2.4,0.149,21.38,1077.0,2026-04-07,20.7386,stop,-3.03,-33.0,1.22,
2026-04-01,SUNTK,dip,2.1,0.161,34.22,1077.0,2026-04-03,33.1934,stop,-3.03,-33.0,1.34,
2026-04-01,TEKTU,dip,2.8,0.185,9.12,1077.0,2026-04-01,9.3936,hedef,2.97,32.0,4.06,
2026-04-01,TUREX,dip,2.6,0.027,7.69,1077.0,2026-04-02,7.9207,hedef,2.97,32.0,5.85,
2026-04-01,VKING,dip,5.0,0.157,26.88,1077.0,2026-04-01,26.0736,stop,-3.03,-33.0,0.6,
2026-04-02,ADEL,kirilim,3.0,0.909,42.02,1594.0,2026-04-02,43.2806,hedef,2.97,47.0,7.23,
2026-04-02,AKFYE,kirilim,2.1,1.084,23.98,1594.0,2026-04-02,24.6994,hedef,2.97,47.0,3.0,
2026-04-02,ALCAR,dip,2.8,0.025,719.0,1594.0,2026-04-10,740.57,hedef,2.97,47.0,3.06,
2026-04-02,ARMGD,kirilim,2.4,1.016,98.6,1594.0,2026-04-02,101.558,hedef,2.97,47.0,7.51,
2026-04-02,AYEN,kirilim,7.7,1.092,35.56,1594.0,2026-04-03,36.6268,hedef,2.97,47.0,7.2,
2026-04-02,BEGYO,dip,9.1,0.04,4.61,1594.0,2026-04-02,4.4717,stop,-3.03,-48.0,2.17,
2026-04-02,BIENY,dip,3.8,0.108,24.14,1594.0,2026-04-02,24.8642,hedef,2.97,47.0,3.4,
2026-04-02,BIGTK,dip,3.8,0.071,224.9,1594.0,2026-04-02,231.647,hedef,2.97,47.0,6.18,
2026-04-02,BIOEN,dip,2.8,0.181,17.08,1594.0,2026-04-02,17.5924,hedef,2.97,47.0,3.04,
2026-04-02,CEMAS,dip,2.4,0.193,5.12,1594.0,2026-04-03,4.9664,stop,-3.03,-48.0,0.59,
2026-04-02,CEMTS,dip,2.3,0.07,10.29,1594.0,2026-04-06,10.5987,hedef,2.97,47.0,3.6,
2026-04-02,DGNMO,dip,3.1,0.093,3.88,1594.0,2026-04-02,3.7636,stop,-3.03,-48.0,0.0,
2026-04-02,EFOR,dip,3.1,-0.01,8.15,1594.0,2026-04-03,7.9055,stop,-3.03,-48.0,0.0,
2026-04-02,EGEEN,dip,2.6,0.03,5542.5,1594.0,2026-04-08,5708.775,hedef,2.97,47.0,3.34,
2026-04-02,ERCB,dip,6.6,0.124,54.2,1594.0,2026-04-02,55.826,hedef,2.97,47.0,3.32,
2026-04-02,GRTHO,dip,2.7,0.065,237.9,1594.0,2026-04-03,245.037,hedef,2.97,47.0,3.74,
2026-04-02,GZNMI,dip,2.2,0.067,60.95,1594.0,2026-04-02,62.7785,hedef,2.97,47.0,4.02,
2026-04-02,KLRHO,dip,2.4,0.181,144.0,1594.0,2026-04-02,139.68,stop,-3.03,-48.0,0.0,
2026-04-02,KNFRT,dip,5.2,0.079,10.68,1594.0,2026-04-07,11.0004,hedef,2.97,47.0,3.46,
2026-04-02,KONTR,dip,6.0,0.005,8.1,1594.0,2026-04-03,7.857,stop,-3.03,-48.0,1.36,
2026-04-02,MARTI,dip,5.4,0.136,1.53,1594.0,2026-04-02,1.5759,hedef,2.97,47.0,4.58,
2026-04-02,MNDTR,dip,2.4,0.15,5.62,1594.0,2026-04-03,5.7886,hedef,2.97,47.0,3.74,
2026-04-02,MOGAN,kirilim,2.0,0.963,13.57,1594.0,2026-04-02,13.1629,stop,-3.03,-48.0,1.18,
2026-04-02,NIBAS,kirilim,39.2,1.075,11.25,1594.0,2026-04-03,10.9125,stop,-3.03,-48.0,2.67,
2026-04-02,OTTO,dip,2.1,0.145,322.25,1594.0,2026-04-07,312.5825,stop,-3.03,-48.0,2.09,
2026-04-02,OYLUM,dip,2.1,0.086,7.51,1594.0,2026-04-02,7.7353,hedef,2.97,47.0,3.86,
2026-04-02,PKENT,dip,2.4,0.084,155.7,1594.0,2026-04-06,160.371,hedef,2.97,47.0,3.02,
2026-04-02,QUAGR,dip,5.2,0.087,3.24,1594.0,2026-04-02,3.3372,hedef,2.97,47.0,4.32,
2026-04-02,SMRTG,dip,3.2,0.056,6.59,1594.0,2026-04-07,6.7877,hedef,2.97,47.0,5.31,
2026-04-02,SMRVA,dip,7.6,0.043,12.3896,1594.0,2026-04-02,12.7613,hedef,2.97,47.0,3.02,
2026-04-02,TEKTU,dip,3.2,0.196,9.44,1594.0,2026-04-02,9.7232,hedef,2.97,47.0,3.18,
2026-04-02,TSGYO,dip,26.8,0.15,6.41,1594.0,2026-04-06,6.6023,hedef,2.97,47.0,3.59,
2026-04-02,TUREX,dip,3.5,0.029,7.79,1594.0,2026-04-02,8.0237,hedef,2.97,47.0,5.26,
2026-04-02,UNLU,dip,2.1,0.063,12.93,1594.0,2026-04-08,13.3179,hedef,2.97,47.0,4.49,
2026-04-02,VRGYO,dip,3.8,0.09,2.29,1594.0,2026-04-03,2.2213,stop,-3.03,-48.0,2.18,
2026-04-02,YAYLA,dip,2.8,0.12,23.02,1594.0,2026-04-03,22.3294,stop,-3.03,-48.0,0.96,
2026-04-03,ADEL,kirilim,3.5,1.005,45.16,1483.0,2026-04-03,46.5148,hedef,2.97,44.0,7.31,
2026-04-03,ALFAS,dip,2.5,0.116,37.84,1483.0,2026-04-07,36.7048,stop,-3.03,-45.0,1.06,
2026-04-03,AVHOL,dip,2.9,0.148,36.86,1483.0,2026-04-07,35.7542,stop,-3.03,-45.0,1.09,
2026-04-03,BEGYO,dip,4.3,0.047,4.72,1483.0,2026-04-03,4.8616,hedef,2.97,44.0,5.93,
2026-04-03,BIGTK,dip,2.0,0.045,220.6,1483.0,2026-04-03,213.982,stop,-3.03,-45.0,0.36,
2026-04-03,BLCYT,kirilim,5.0,1.0,52.95,1483.0,2026-04-03,51.3615,stop,-3.03,-45.0,1.04,
2026-04-03,BORLS,dip,9.0,0.022,3.25,1483.0,2026-04-03,3.1525,stop,-3.03,-45.0,0.0,
2026-04-03,DERHL,dip,3.1,0.013,14.8,1483.0,2026-04-03,15.244,hedef,2.97,44.0,3.38,
2026-04-03,DGGYO,dip,2.1,0.1,27.6,1483.0,2026-04-06,28.428,hedef,2.97,44.0,4.49,
2026-04-03,DGNMO,dip,4.7,0.121,4.01,1483.0,2026-04-03,3.8897,stop,-3.03,-45.0,1.75,
2026-04-03,EFOR,dip,2.3,-0.032,7.34,1483.0,2026-04-06,7.1198,stop,-3.03,-45.0,0.0,
2026-04-03,ERCB,dip,8.2,0.188,57.95,1483.0,2026-04-03,59.6885,hedef,2.97,44.0,4.06,
2026-04-03,FADE,kirilim,8.1,0.888,17.3,1483.0,2026-04-03,17.819,hedef,2.97,44.0,4.51,
2026-04-03,IHYAY,dip,2.2,0.042,1.71,1483.0,2026-04-10,1.7613,hedef,2.97,44.0,8.19,
2026-04-03,INVEO,dip,2.3,0.197,7.55,1483.0,2026-04-03,7.3235,stop,-3.03,-45.0,0.0,
2026-04-03,KARTN,dip,8.3,0.191,69.45,1483.0,2026-04-06,71.5335,hedef,2.97,44.0,6.98,
2026-04-03,KGYO,kirilim,2.0,1.032,8.68,1483.0,2026-04-03,8.9404,hedef,2.97,44.0,3.23,
2026-04-03,KLRHO,dip,2.8,0.146,120.8,1483.0,2026-04-06,117.176,stop,-3.03,-45.0,0.0,
2026-04-03,MNDTR,dip,3.8,0.19,5.78,1483.0,2026-04-14,5.9534,hedef,2.97,44.0,3.11,
2026-04-03,OSMEN,dip,2.2,0.042,7.09,1483.0,2026-04-08,7.3027,hedef,2.97,44.0,3.53,
2026-04-03,POLTK,dip,2.0,0.059,5205.0,1483.0,2026-04-03,5361.15,hedef,2.97,44.0,4.32,
2026-04-03,RUBNS,kirilim,2.5,0.981,45.12,1483.0,2026-04-06,46.4736,hedef,2.97,44.0,3.28,
2026-04-03,SMRTG,dip,2.1,0.047,6.54,1483.0,2026-04-07,6.7362,hedef,2.97,44.0,6.12,
2026-04-03,TSGYO,dip,2.1,0.17,6.5,1483.0,2026-04-07,6.695,hedef,2.97,44.0,3.08,
2026-04-03,VESBE,dip,4.5,0.026,7.11,1483.0,2026-04-07,6.8967,stop,-3.03,-45.0,0.28,
2026-04-03,VESTL,dip,2.8,0.129,29.78,1483.0,2026-04-03,28.8866,stop,-3.03,-45.0,0.2,
2026-04-03,ZOREN,dip,2.1,0.104,2.88,1483.0,2026-04-15,2.9664,hedef,2.97,44.0,3.47,
2026-04-06,AKMGY,kirilim,8.5,1.233,323.5,1705.0,2026-04-07,333.205,hedef,2.97,51.0,6.57,
2026-04-06,ARMGD,kirilim,2.6,1.022,118.8,1705.0,2026-04-06,122.364,hedef,2.97,51.0,3.28,
2026-04-06,BALSU,dip,4.0,0.098,14.97,1705.0,2026-04-06,15.4191,hedef,2.97,51.0,3.07,
2026-04-06,BEGYO,dip,2.5,0.041,4.63,1705.0,2026-04-07,4.4911,stop,-3.03,-52.0,0.22,
2026-04-06,BIENY,dip,2.2,0.129,24.8,1705.0,2026-04-07,24.056,stop,-3.03,-52.0,0.65,
2026-04-06,BUCIM,dip,2.2,0.061,6.06,1705.0,2026-04-17,6.2418,hedef,2.97,51.0,3.96,
2026-04-06,DGGYO,dip,2.2,0.127,27.9,1705.0,2026-04-07,28.737,hedef,2.97,51.0,3.15,
2026-04-06,DGNMO,dip,2.7,0.089,3.86,1705.0,2026-04-07,3.9758,hedef,2.97,51.0,11.66,
2026-04-06,DYOBY,dip,2.5,0.1,13.23,1705.0,2026-04-07,12.8331,stop,-3.03,-52.0,1.06,
2026-04-06,EFOR,dip,3.7,-0.017,6.89,1705.0,2026-04-06,7.0967,hedef,2.97,51.0,4.79,
2026-04-06,EMNIS,dip,3.0,-0.002,146.5,1705.0,2026-04-09,142.105,stop,-3.03,-52.0,1.02,
2026-04-06,ETILR,dip,2.5,0.162,4.09,1705.0,2026-04-06,4.2127,hedef,2.97,51.0,3.42,
2026-04-06,EUREN,dip,2.6,0.06,4.53,1705.0,2026-04-07,4.6659,hedef,2.97,51.0,9.93,
2026-04-06,GEREL,kirilim,3.7,1.018,32.02,1705.0,2026-04-06,32.9806,hedef,2.97,51.0,3.12,
2026-04-06,HATEK,dip,2.5,0.107,15.39,1705.0,2026-04-07,14.9283,stop,-3.03,-52.0,1.62,
2026-04-06,HEDEF,kirilim,5.9,0.996,91.5594,1705.0,2026-04-08,94.3061,hedef,2.97,51.0,5.54,
2026-04-06,JANTS,dip,3.7,0.069,17.18,1705.0,2026-04-07,17.6954,hedef,2.97,51.0,5.06,
2026-04-06,KOTON,dip,3.0,0.155,14.82,1705.0,2026-04-10,15.2646,hedef,2.97,51.0,3.44,
2026-04-06,OSMEN,dip,2.4,0.047,7.11,1705.0,2026-04-08,7.3233,hedef,2.97,51.0,3.23,
2026-04-06,PAMEL,dip,3.4,0.148,84.3,1705.0,2026-04-06,86.829,hedef,2.97,51.0,3.2,
2026-04-06,POLTK,dip,3.2,0.099,5550.0,1705.0,2026-04-06,5383.5,stop,-3.03,-52.0,0.18,
2026-04-06,QUAGR,dip,2.0,0.1,3.37,1705.0,2026-04-06,3.2689,stop,-3.03,-52.0,2.67,
2026-04-06,SMRTG,dip,2.3,0.037,6.48,1705.0,2026-04-07,6.6744,hedef,2.97,51.0,7.1,
2026-04-06,SUMAS,dip,2.5,0.077,254.75,1705.0,2026-04-14,262.3925,hedef,2.97,51.0,5.1,
2026-04-06,TUCLK,dip,3.1,0.046,4.11,1705.0,2026-04-07,3.9867,stop,-3.03,-52.0,0.97,
2026-04-06,USAK,dip,2.3,0.051,1.67,1705.0,2026-04-07,1.7201,hedef,2.97,51.0,5.99,
2026-04-06,VAKKO,kirilim,2.2,1.008,92.0,1705.0,2026-04-07,89.24,stop,-3.03,-52.0,1.41,
2026-04-06,YGGYO,kirilim,5.5,1.032,223.4,1705.0,2026-04-07,216.698,stop,-3.03,-52.0,0.94,
2026-04-07,AHGAZ,dip,3.7,0.163,22.7,871.0,2026-04-07,23.381,hedef,2.97,26.0,3.08,
2026-04-07,ALTNY,dip,2.6,0.129,15.52,871.0,2026-04-07,15.0544,stop,-3.03,-26.0,0.0,
2026-04-07,ARMGD,kirilim,2.9,1.022,129.2,871.0,2026-04-08,133.076,hedef,2.97,26.0,5.65,
2026-04-07,AYEN,kirilim,4.3,0.987,38.9,871.0,2026-04-07,40.067,hedef,2.97,26.0,4.37,
2026-04-07,BALSU,dip,4.7,0.122,15.31,871.0,2026-04-07,14.8507,stop,-3.03,-26.0,1.24,
2026-04-07,BUCIM,dip,3.3,0.066,6.07,871.0,2026-04-17,6.2521,hedef,2.97,26.0,3.79,
2026-04-07,CEMTS,dip,2.1,0.107,10.6,871.0,2026-04-07,10.282,stop,-3.03,-26.0,1.51,
2026-04-07,CEOEM,dip,5.7,0.171,23.08,871.0,2026-04-08,23.7724,hedef,2.97,26.0,7.02,
2026-04-07,CMBTN,dip,2.8,0.098,1776.0,871.0,2026-04-07,1722.72,stop,-3.03,-26.0,0.0,
2026-04-07,CRFSA,kirilim,41.4,0.999,145.4,871.0,2026-04-08,149.762,hedef,2.97,26.0,3.78,
2026-04-07,DGNMO,dip,16.9,0.187,4.31,871.0,2026-04-07,4.1807,stop,-3.03,-26.0,0.0,
2026-04-07,EFOR,dip,3.1,0.021,7.3,871.0,2026-04-07,7.081,stop,-3.03,-26.0,0.0,
2026-04-07,ELITE,dip,2.2,0.131,29.68,871.0,2026-04-07,30.5704,hedef,2.97,26.0,3.91,
2026-04-07,ERSU,kirilim,2.2,1.084,26.28,871.0,2026-04-07,25.4916,stop,-3.03,-26.0,0.3,
2026-04-07,EUREN,dip,5.1,0.122,4.98,871.0,2026-04-08,5.1294,hedef,2.97,26.0,3.01,
2026-04-07,EUYO,kirilim,2.1,0.981,6.5967,871.0,2026-04-07,6.3988,stop,-3.03,-26.0,0.4,
2026-04-07,FORMT,dip,2.3,0.071,2.78,871.0,2026-04-14,2.8634,hedef,2.97,26.0,3.6,
2026-04-07,IHGZT,dip,2.8,0.198,1.44,871.0,2026-04-07,1.3968,stop,-3.03,-26.0,0.0,
2026-04-07,ISBIR,dip,2.7,0.082,74.0,871.0,2026-04-17,71.78,stop,-3.03,-26.0,1.35,
2026-04-07,JANTS,dip,9.6,0.094,17.54,871.0,2026-04-07,17.0138,stop,-3.03,-26.0,0.57,
2026-04-07,KARTN,dip,2.2,0.187,69.3,871.0,2026-04-07,67.221,stop,-3.03,-26.0,0.36,
2026-04-07,KNFRT,dip,2.3,0.087,10.8,871.0,2026-04-08,11.124,hedef,2.97,26.0,3.52,
2026-04-07,KONTR,dip,3.7,0.032,8.03,871.0,2026-04-07,7.7891,stop,-3.03,-26.0,0.12,
2026-04-07,KRDMB,kirilim,2.2,0.987,70.0,871.0,2026-04-08,67.9,stop,-3.03,-26.0,2.57,
2026-04-07,KUYAS,kirilim,3.9,0.983,82.0,871.0,2026-04-08,84.46,hedef,2.97,26.0,5.37,
2026-04-07,MOGAN,kirilim,4.1,1.164,15.26,871.0,2026-04-09,14.8022,stop,-3.03,-26.0,2.62,
2026-04-07,MRSHL,dip,3.3,0.199,1420.0,871.0,2026-04-07,1462.6,hedef,2.97,26.0,4.51,
2026-04-07,OSMEN,dip,2.8,0.076,7.23,871.0,2026-04-14,7.4469,hedef,2.97,26.0,3.18,
2026-04-07,PAMEL,dip,4.4,0.155,84.75,871.0,2026-04-07,82.2075,stop,-3.03,-26.0,0.35,
2026-04-07,PAPIL,dip,2.6,0.064,16.23,871.0,2026-04-07,15.7431,stop,-3.03,-26.0,0.0,
2026-04-07,POLHO,kirilim,5.8,1.035,25.02,871.0,2026-04-07,24.2694,stop,-3.03,-26.0,0.0,
2026-04-07,SAMAT,dip,2.0,0.136,5.65,871.0,2026-04-07,5.4805,stop,-3.03,-26.0,0.0,
2026-04-07,SEGMN,kirilim,9.5,0.999,63.2,871.0,2026-04-07,61.304,stop,-3.03,-26.0,0.24,
2026-04-07,SMRTG,dip,2.6,0.068,6.66,871.0,2026-04-07,6.8598,hedef,2.97,26.0,3.3,
2026-04-07,TRGYO,kirilim,2.3,0.943,88.7,871.0,2026-04-08,91.361,hedef,2.97,26.0,3.1,
2026-04-07,TUKAS,dip,2.1,0.183,2.38,871.0,2026-04-15,2.4514,hedef,2.97,26.0,4.2,
2026-04-07,USAK,dip,11.3,0.074,1.75,871.0,2026-04-07,1.6975,stop,-3.03,-26.0,1.71,
2026-04-08,ADESE,dip,3.1,0.144,0.97,1059.0,2026-04-09,0.9409,stop,-3.03,-32.0,1.03,
2026-04-08,AKYHO,dip,2.2,0.11,2.63,1059.0,2026-04-09,2.5511,stop,-3.03,-32.0,0.76,
2026-04-08,ALCAR,dip,2.7,0.043,731.5,1059.0,2026-04-10,753.445,hedef,2.97,31.0,6.63,
2026-04-08,ALFAS,dip,6.4,0.141,38.18,1059.0,2026-04-15,39.3254,hedef,2.97,31.0,3.56,
2026-04-08,ALKLC,kirilim,2.2,1.016,369.5,1059.0,2026-04-09,380.585,hedef,2.97,31.0,3.11,
2026-04-08,ALTNY,dip,3.1,0.042,14.64,1059.0,2026-04-08,15.0792,hedef,2.97,31.0,3.35,
2026-04-08,ARMGD,kirilim,2.0,1.007,132.9,1059.0,2026-04-08,136.887,hedef,2.97,31.0,3.24,
2026-04-08,ASGYO,dip,2.1,0.164,10.7,1059.0,2026-04-10,11.021,hedef,2.97,31.0,5.42,
2026-04-08,AZTEK,dip,2.0,0.145,3.95,1059.0,2026-04-10,4.0685,hedef,2.97,31.0,3.04,
2026-04-08,BALSU,dip,2.0,0.104,15.06,1059.0,2026-04-13,14.6082,stop,-3.03,-32.0,1.06,
2026-04-08,BANVT,dip,2.1,0.068,157.9,1059.0,2026-04-10,162.637,hedef,2.97,31.0,3.36,
2026-04-08,BARMA,kirilim,5.0,0.955,50.35,1059.0,2026-04-08,51.8605,hedef,2.97,31.0,3.28,
2026-04-08,BFREN,dip,2.7,0.049,138.1,1059.0,2026-04-14,142.243,hedef,2.97,31.0,6.95,
2026-04-08,BINBN,dip,2.3,0.173,164.0,1059.0,2026-04-20,168.92,hedef,2.97,31.0,11.65,
2026-04-08,BLCYT,kirilim,2.3,0.797,51.7,1059.0,2026-04-08,53.251,hedef,2.97,31.0,6.29,
2026-04-08,BORLS,dip,2.6,0.021,3.22,1059.0,2026-04-09,3.3166,hedef,2.97,31.0,5.28,
2026-04-08,BUCIM,dip,3.9,0.057,6.03,1059.0,2026-04-17,6.2109,hedef,2.97,31.0,3.32,
2026-04-08,CEMTS,dip,3.0,0.106,10.59,1059.0,2026-04-10,10.9077,hedef,2.97,31.0,3.12,
2026-04-08,CMBTN,dip,2.9,0.077,1746.0,1059.0,2026-04-09,1693.62,stop,-3.03,-32.0,0.23,
2026-04-08,DMRGD,kirilim,2.2,1.013,4.85,1059.0,2026-04-08,4.7045,stop,-3.03,-32.0,0.0,
2026-04-08,EGEEN,dip,2.5,0.032,5550.0,1059.0,2026-04-08,5716.5,hedef,2.97,31.0,3.2,
2026-04-08,EGSER,dip,2.7,0.106,2.82,1059.0,2026-04-14,2.9046,hedef,2.97,31.0,4.26,
2026-04-08,ELITE,dip,2.1,0.154,30.16,1059.0,2026-04-13,29.2552,stop,-3.03,-32.0,1.39,
2026-04-08,EUREN,dip,8.8,0.141,5.12,1059.0,2026-04-08,4.9664,stop,-3.03,-32.0,0.0,
2026-04-08,GEREL,kirilim,4.2,1.037,35.92,1059.0,2026-04-08,34.8424,stop,-3.03,-32.0,2.45,
2026-04-08,GLRMK,kirilim,3.6,1.009,207.0,1059.0,2026-04-08,213.21,hedef,2.97,31.0,4.73,
2026-04-08,HEKTS,dip,2.9,0.1,3.01,1059.0,2026-04-09,2.9197,stop,-3.03,-32.0,0.0,
2026-04-08,HRKET,dip,2.2,0.178,62.6,1059.0,2026-04-10,64.478,hedef,2.97,31.0,3.04,
2026-04-08,HTTBT,dip,4.3,0.169,38.7,1059.0,2026-04-10,39.861,hedef,2.97,31.0,4.29,
2026-04-08,HUNER,dip,3.2,0.111,3.16,1059.0,2026-04-09,3.0652,stop,-3.03,-32.0,0.0,
2026-04-08,IEYHO,kirilim,2.1,0.994,96.45,1059.0,2026-04-28,99.3435,hedef,2.97,31.0,3.11,
2026-04-08,IHEVA,dip,2.5,0.167,2.13,1059.0,2026-04-14,2.1939,hedef,2.97,31.0,7.98,
2026-04-08,IHGZT,dip,2.4,0.17,1.41,1059.0,2026-04-10,1.4523,hedef,2.97,31.0,4.26,
2026-04-08,IHYAY,dip,2.1,0.048,1.72,1059.0,2026-04-10,1.7716,hedef,2.97,31.0,7.56,
2026-04-08,INVEO,dip,2.7,0.186,7.45,1059.0,2026-04-14,7.6735,hedef,2.97,31.0,3.36,
2026-04-08,KFEIN,dip,2.5,0.065,8.46,1059.0,2026-04-15,8.7138,hedef,2.97,31.0,4.14,
2026-04-08,KNFRT,dip,2.6,0.108,11.11,1059.0,2026-04-13,11.4433,hedef,2.97,31.0,3.33,
2026-04-08,KONYA,dip,2.3,0.042,3887.5,1059.0,2026-04-14,4004.125,hedef,2.97,31.0,3.09,
2026-04-08,KRDMD,kirilim,2.0,1.036,34.98,1059.0,2026-04-09,36.0294,hedef,2.97,31.0,3.09,
2026-04-08,KSTUR,dip,3.0,0.088,3030.0,1059.0,2026-04-08,3120.9,hedef,2.97,31.0,3.47,
2026-04-08,LKMNH,dip,7.3,0.147,15.03,1059.0,2026-04-13,15.4809,hedef,2.97,31.0,3.66,
2026-04-08,ODINE,kirilim,2.1,1.001,901.5,1059.0,2026-04-09,874.455,stop,-3.03,-32.0,2.83,
2026-04-08,ORMA,dip,2.7,0.183,156.8,1059.0,2026-04-09,152.096,stop,-3.03,-32.0,0.0,
2026-04-08,OSMEN,dip,2.1,0.088,7.28,1059.0,2026-04-14,7.4984,hedef,2.97,31.0,3.43,
2026-04-08,OSTIM,dip,2.6,0.079,2.78,1059.0,2026-04-13,2.6966,stop,-3.03,-32.0,1.08,
2026-04-08,OTKAR,dip,2.0,0.176,391.75,1059.0,2026-04-16,403.5025,hedef,2.97,31.0,3.51,
2026-04-08,OTTO,dip,2.9,0.102,309.0,1059.0,2026-04-08,318.27,hedef,2.97,31.0,3.07,
2026-04-08,OYLUM,dip,2.7,0.112,7.67,1059.0,2026-04-14,7.4399,stop,-3.03,-32.0,0.39,
2026-04-08,PAPIL,dip,2.2,0.043,15.61,1059.0,2026-04-13,16.0783,hedef,2.97,31.0,3.97,
2026-04-08,PATEK,dip,2.3,0.149,18.0,1059.0,2026-04-09,18.54,hedef,2.97,31.0,3.28,
2026-04-08,PENTA,dip,2.5,0.154,13.25,1059.0,2026-04-15,13.6475,hedef,2.97,31.0,3.09,
2026-04-08,PGSUS,dip,4.2,0.162,185.3,1059.0,2026-04-16,190.859,hedef,2.97,31.0,3.02,
2026-04-08,RGYAS,kirilim,5.8,0.942,170.7,1059.0,2026-04-13,175.821,hedef,2.97,31.0,3.1,
2026-04-08,SAMAT,dip,2.1,0.126,5.61,1059.0,2026-04-09,5.4417,stop,-3.03,-32.0,0.71,
2026-04-08,SMRTG,dip,2.2,0.118,6.94,1059.0,2026-04-09,7.1482,hedef,2.97,31.0,3.31,
2026-04-08,SNICA,dip,7.0,0.14,3.93,1059.0,2026-04-15,4.0479,hedef,2.97,31.0,3.05,
2026-04-08,TRILC,dip,4.0,0.106,2.4481,1059.0,2026-04-14,2.5216,hedef,2.97,31.0,3.76,
2026-04-08,TUKAS,dip,2.2,0.159,2.4,1059.0,2026-04-15,2.472,hedef,2.97,31.0,3.33,
2026-04-08,UNLU,dip,2.5,0.133,13.41,1059.0,2026-04-13,13.0077,stop,-3.03,-32.0,1.34,
2026-04-08,VESBE,dip,2.2,0.022,7.04,1059.0,2026-04-15,7.2512,hedef,2.97,31.0,3.27,
2026-04-08,VESTL,dip,2.0,0.089,28.84,1059.0,2026-04-09,27.9748,stop,-3.03,-32.0,1.25,
2026-04-08,VRGYO,dip,3.5,0.077,2.26,1059.0,2026-04-09,2.3278,hedef,2.97,31.0,9.29,
2026-04-08,ZOREN,dip,2.1,0.11,2.89,1059.0,2026-04-15,2.9767,hedef,2.97,31.0,3.11,
2026-04-09,ALTNY,dip,2.3,0.074,14.96,945.0,2026-04-13,15.4088,hedef,2.97,28.0,4.14,
2026-04-09,ARMGD,kirilim,2.7,1.027,144.5,945.0,2026-04-09,148.835,hedef,2.97,28.0,3.11,
2026-04-09,ASELS,kirilim,2.7,1.034,375.0,945.0,2026-04-10,386.25,hedef,2.97,28.0,3.8,
2026-04-09,BAYRK,dip,2.3,0.155,4.72,945.0,2026-04-13,4.5784,stop,-3.03,-29.0,0.64,
2026-04-09,BEGYO,dip,2.3,0.036,4.54,945.0,2026-04-15,4.4038,stop,-3.03,-29.0,1.1,
2026-04-09,BORLS,dip,3.0,0.026,3.4,945.0,2026-04-09,3.502,hedef,2.97,28.0,6.76,
2026-04-09,BUCIM,dip,3.7,0.074,6.07,945.0,2026-04-17,6.2521,hedef,2.97,28.0,3.79,
2026-04-09,CRFSA,kirilim,3.0,0.975,157.3,945.0,2026-04-10,162.019,hedef,2.97,28.0,3.31,
2026-04-09,DMRGD,kirilim,2.2,1.114,5.2,945.0,2026-04-10,5.356,hedef,2.97,28.0,4.42,
2026-04-09,EFOR,dip,2.9,0.013,6.83,945.0,2026-04-09,6.6251,stop,-3.03,-29.0,1.76,
2026-04-09,EGEPO,kirilim,3.1,1.024,15.02,945.0,2026-04-10,15.4706,hedef,2.97,28.0,3.06,
2026-04-09,EUREN,dip,2.4,0.103,5.02,945.0,2026-04-13,4.8694,stop,-3.03,-29.0,1.79,
2026-04-09,FORMT,dip,3.1,0.076,2.79,945.0,2026-04-14,2.8737,hedef,2.97,28.0,3.23,
2026-04-09,GRTHO,dip,3.0,0.097,253.25,945.0,2026-04-10,260.8475,hedef,2.97,28.0,8.19,
2026-04-09,HUNER,dip,2.4,0.072,3.08,945.0,2026-04-14,3.1724,hedef,2.97,28.0,3.57,
2026-04-09,IHYAY,dip,2.4,0.058,1.74,945.0,2026-04-10,1.7922,hedef,2.97,28.0,6.32,
2026-04-09,INGRM,dip,2.5,0.194,388.25,945.0,2026-04-10,399.8975,hedef,2.97,28.0,3.41,
2026-04-09,KONTR,dip,5.3,0.092,8.8,945.0,2026-04-10,9.064,hedef,2.97,28.0,10.0,
2026-04-09,KRDMB,kirilim,2.6,1.022,72.9,945.0,2026-04-10,70.713,stop,-3.03,-29.0,1.37,
2026-04-09,KRDMD,kirilim,3.0,1.033,35.64,945.0,2026-04-09,36.7092,hedef,2.97,28.0,4.94,
2026-04-09,LKMNH,dip,2.0,0.174,15.24,945.0,2026-04-13,15.6972,hedef,2.97,28.0,4.33,
2026-04-09,MAGEN,kirilim,2.2,1.019,60.2,945.0,2026-04-09,62.006,hedef,2.97,28.0,3.41,
2026-04-09,QUAGR,dip,2.0,0.122,3.58,945.0,2026-04-10,3.4726,stop,-3.03,-29.0,2.23,
2026-04-09,RALYH,kirilim,2.2,1.026,240.0,945.0,2026-04-10,247.2,hedef,2.97,28.0,6.88,
2026-04-09,RNPOL,kirilim,2.1,1.037,2.99,945.0,2026-04-09,2.9003,stop,-3.03,-29.0,0.0,
2026-04-09,SMRTG,dip,2.4,0.167,7.22,945.0,2026-04-10,7.4366,hedef,2.97,28.0,4.43,
2026-04-09,SMRVA,dip,2.5,0.027,12.6747,945.0,2026-04-09,13.055,hedef,2.97,28.0,3.65,
2026-04-09,VESTL,dip,3.1,0.047,27.86,945.0,2026-04-15,28.6958,hedef,2.97,28.0,3.09,
2026-04-09,VRGYO,dip,5.7,0.094,2.3,945.0,2026-04-09,2.369,hedef,2.97,28.0,7.39,
2026-04-09,YAYLA,dip,3.1,0.147,23.78,945.0,2026-04-09,23.0666,stop,-3.03,-29.0,1.68,
2026-04-10,ADESE,dip,2.7,0.152,1.01,726.0,2026-04-13,0.9797,stop,-3.03,-22.0,2.97,
2026-04-10,AKSGY,kirilim,2.2,0.973,9.18,726.0,2026-04-14,9.4554,hedef,2.97,22.0,3.05,
2026-04-10,AKSUE,kirilim,2.2,1.023,32.46,726.0,2026-04-10,31.4862,stop,-3.03,-22.0,0.0,
2026-04-10,AKYHO,dip,4.5,0.134,2.67,726.0,2026-04-13,2.5899,stop,-3.03,-22.0,1.87,
2026-04-10,ALCAR,dip,3.2,0.108,775.5,726.0,2026-04-13,752.235,stop,-3.03,-22.0,0.0,
2026-04-10,ALFAS,dip,2.0,0.18,38.84,726.0,2026-04-17,40.0052,hedef,2.97,22.0,3.24,
2026-04-10,ALTNY,dip,2.4,0.082,15.04,726.0,2026-04-13,15.4912,hedef,2.97,22.0,3.59,
2026-04-10,AZTEK,dip,2.6,0.155,3.98,726.0,2026-04-13,4.0994,hedef,2.97,22.0,3.52,
2026-04-10,BAKAB,kirilim,2.2,0.895,46.1,726.0,2026-04-10,47.483,hedef,2.97,22.0,9.87,
2026-04-10,BANVT,dip,4.4,0.094,160.3,726.0,2026-04-16,165.109,hedef,2.97,22.0,4.24,
2026-04-10,BORLS,dip,13.6,0.044,3.92,726.0,2026-04-13,4.0376,hedef,2.97,22.0,11.73,
2026-04-10,BUCIM,dip,2.0,0.083,6.09,726.0,2026-04-17,6.2727,hedef,2.97,22.0,3.45,
2026-04-10,CEMTS,dip,2.0,0.141,10.88,726.0,2026-04-15,11.2064,hedef,2.97,22.0,3.49,
2026-04-10,CRDFA,kirilim,2.1,1.012,28.96,726.0,2026-04-13,29.8288,hedef,2.97,22.0,7.87,
2026-04-10,DOGUB,kirilim,2.6,1.078,110.5,726.0,2026-04-13,113.815,hedef,2.97,22.0,4.98,
2026-04-10,EFOR,dip,3.9,-0.02,5.38,726.0,2026-04-10,5.5414,hedef,2.97,22.0,4.65,
2026-04-10,EGSER,dip,2.7,0.121,2.84,726.0,2026-04-14,2.9252,hedef,2.97,22.0,3.52,
2026-04-10,ESEN,dip,2.2,0.031,4.0,726.0,2026-04-13,3.88,stop,-3.03,-22.0,1.0,
2026-04-10,GLRMK,kirilim,3.6,0.995,242.7,726.0,2026-04-10,249.981,hedef,2.97,22.0,5.69,
2026-04-10,GRTHO,dip,7.7,0.144,276.0,726.0,2026-04-13,284.28,hedef,2.97,22.0,6.52,
2026-04-10,HEKTS,dip,2.5,0.1,3.01,726.0,2026-04-13,3.1003,hedef,2.97,22.0,3.32,
2026-04-10,IHYAY,dip,13.5,0.106,1.83,726.0,2026-04-13,1.7751,stop,-3.03,-22.0,2.73,
2026-04-10,KAPLM,kirilim,4.9,1.053,617.5,726.0,2026-04-10,598.975,stop,-3.03,-22.0,0.0,
2026-04-10,KONTR,dip,27.3,0.159,9.68,726.0,2026-04-13,9.9704,hedef,2.97,22.0,4.55,
2026-04-10,KRDMD,kirilim,2.5,0.994,37.7,726.0,2026-04-10,38.831,hedef,2.97,22.0,4.03,
2026-04-10,LILAK,kirilim,2.8,1.033,42.16,726.0,2026-04-13,43.4248,hedef,2.97,22.0,4.03,
2026-04-10,LKMNH,dip,2.5,0.165,15.17,726.0,2026-04-13,15.6251,hedef,2.97,22.0,3.3,
2026-04-10,MAGEN,kirilim,2.1,0.992,61.85,726.0,2026-04-22,59.9945,stop,-3.03,-22.0,2.83,
2026-04-10,MERCN,dip,2.8,0.073,17.14,726.0,2026-04-13,16.6258,stop,-3.03,-22.0,0.35,
2026-04-10,RNPOL,kirilim,2.1,0.944,3.0,726.0,2026-04-10,3.09,hedef,2.97,22.0,3.33,
2026-04-10,SAMAT,dip,2.1,0.077,5.41,726.0,2026-04-13,5.2477,stop,-3.03,-22.0,1.11,
2026-04-10,SASA,dip,3.4,0.125,2.57,726.0,2026-04-13,2.6471,hedef,2.97,22.0,3.89,
2026-04-10,SMRVA,dip,3.3,0.041,14.012,726.0,2026-04-10,14.4324,hedef,2.97,22.0,5.26,
2026-04-10,SUWEN,dip,2.2,0.141,8.99,726.0,2026-04-13,9.2597,hedef,2.97,22.0,4.56,
2026-04-10,VESTL,dip,2.6,0.044,27.76,726.0,2026-04-15,28.5928,hedef,2.97,22.0,3.24,
2026-04-10,VSNMD,dip,9.0,0.017,85.2,726.0,2026-04-10,87.756,hedef,2.97,22.0,3.58,
2026-04-10,ZOREN,dip,2.5,0.11,2.89,726.0,2026-04-15,2.9767,hedef,2.97,22.0,3.11,
2026-04-13,ADESE,dip,2.0,0.146,0.99,822.0,2026-04-15,1.0197,hedef,2.97,24.0,6.06,
2026-04-13,ALCAR,dip,5.3,0.056,740.0,822.0,2026-04-14,762.2,hedef,2.97,24.0,3.24,
2026-04-13,ALTNY,dip,2.6,0.116,15.39,822.0,2026-04-13,15.8517,hedef,2.97,24.0,3.77,
2026-04-13,ASELS,kirilim,2.6,1.039,410.5,822.0,2026-04-13,422.815,hedef,2.97,24.0,3.35,
2026-04-13,AVHOL,dip,2.1,0.121,36.7,822.0,2026-04-15,37.801,hedef,2.97,24.0,3.11,
2026-04-13,BAKAB,kirilim,4.4,0.838,46.92,822.0,2026-04-14,48.3276,hedef,2.97,24.0,4.13,
2026-04-13,BANVT,dip,2.3,0.111,161.1,822.0,2026-04-16,165.933,hedef,2.97,24.0,3.72,
2026-04-13,BAYRK,dip,2.6,0.138,4.68,822.0,2026-04-15,4.8204,hedef,2.97,24.0,4.27,
2026-04-13,BJKAS,dip,3.1,0.068,1.51,822.0,2026-04-15,1.5553,hedef,2.97,24.0,3.31,
2026-04-13,BORLS,dip,13.4,0.059,4.38,822.0,2026-04-14,4.5114,hedef,2.97,24.0,9.82,
2026-04-13,BUCIM,dip,2.0,0.078,6.08,822.0,2026-04-17,6.2624,hedef,2.97,24.0,3.62,
2026-04-13,CRDFA,kirilim,2.8,1.041,30.12,822.0,2026-04-13,31.0236,hedef,2.97,24.0,3.05,
2026-04-13,CRFSA,kirilim,3.6,0.96,159.3,822.0,2026-04-13,164.079,hedef,2.97,24.0,3.01,
2026-04-13,DESPC,dip,2.9,0.081,39.56,822.0,2026-04-14,40.7468,hedef,2.97,24.0,3.03,
2026-04-13,EFOR,dip,2.3,-0.005,5.19,822.0,2026-04-13,5.3457,hedef,2.97,24.0,4.05,
2026-04-13,EGSER,dip,4.1,0.142,2.87,822.0,2026-04-16,2.9561,hedef,2.97,24.0,4.18,
2026-04-13,ESEN,dip,2.5,0.03,3.98,822.0,2026-04-13,4.0994,hedef,2.97,24.0,3.77,
2026-04-13,EUREN,dip,2.1,0.098,5.12,822.0,2026-04-13,5.2736,hedef,2.97,24.0,6.64,
2026-04-13,FENER,dip,5.2,0.161,3.02,822.0,2026-04-14,3.1106,hedef,2.97,24.0,3.64,
2026-04-13,GENTS,dip,2.4,0.137,8.19,822.0,2026-04-13,7.9443,stop,-3.03,-25.0,0.0,
2026-04-13,GRTHO,dip,27.0,0.178,293.0,822.0,2026-04-13,301.79,hedef,2.97,24.0,3.58,
2026-04-13,IHGZT,dip,2.1,0.179,1.42,822.0,2026-04-16,1.4626,hedef,2.97,24.0,3.52,
2026-04-13,IHYAY,dip,2.6,0.101,1.82,822.0,2026-04-13,1.8746,hedef,2.97,24.0,6.04,
2026-04-13,KAPLM,kirilim,3.7,0.982,609.5,822.0,2026-04-13,627.785,hedef,2.97,24.0,3.2,
2026-04-13,KBORU,kirilim,2.2,1.05,25.4,822.0,2026-04-13,24.638,stop,-3.03,-25.0,0.0,
2026-04-13,KNFRT,dip,2.5,0.133,11.48,822.0,2026-04-14,11.8244,hedef,2.97,24.0,5.14,
2026-04-13,KONTR,dip,11.5,0.193,10.12,822.0,2026-04-13,10.4236,hedef,2.97,24.0,3.06,
2026-04-13,KSTUR,dip,2.6,0.154,3290.0,822.0,2026-04-13,3388.7,hedef,2.97,24.0,9.04,
2026-04-13,LILAK,kirilim,2.1,0.988,42.84,822.0,2026-04-13,41.5548,stop,-3.03,-25.0,0.37,
2026-04-13,LKMNH,dip,2.7,0.178,15.27,822.0,2026-04-13,15.7281,hedef,2.97,24.0,4.13,
2026-04-13,MAALT,kirilim,2.2,1.112,1459.0,822.0,2026-04-14,1502.77,hedef,2.97,24.0,3.98,
2026-04-13,MERCN,dip,2.5,0.064,16.81,822.0,2026-04-14,17.3143,hedef,2.97,24.0,3.39,
2026-04-13,METRO,kirilim,3.6,0.998,6.55,822.0,2026-04-13,6.3535,stop,-3.03,-25.0,0.0,
2026-04-13,OTTO,dip,2.6,0.164,328.0,822.0,2026-04-14,337.84,hedef,2.97,24.0,3.89,
2026-04-13,OZATD,kirilim,22.5,1.008,258.75,822.0,2026-04-13,266.5125,hedef,2.97,24.0,4.15,
2026-04-13,PARSN,dip,2.1,0.158,80.65,822.0,2026-04-14,83.0695,hedef,2.97,24.0,3.29,
2026-04-13,PENTA,dip,4.2,0.142,13.16,822.0,2026-04-14,13.5548,hedef,2.97,24.0,3.12,
2026-04-13,PKENT,dip,2.1,0.121,162.4,822.0,2026-04-15,167.272,hedef,2.97,24.0,3.69,
2026-04-13,SAMAT,dip,5.5,0.027,5.21,822.0,2026-04-15,5.3663,hedef,2.97,24.0,3.26,
2026-04-13,SASA,dip,2.3,0.147,2.65,822.0,2026-04-13,2.5705,stop,-3.03,-25.0,0.0,
2026-04-13,SMRVA,dip,6.0,0.058,15.5558,822.0,2026-04-13,16.0225,hedef,2.97,24.0,3.41,
2026-04-13,SOKE,kirilim,2.4,0.987,15.87,822.0,2026-04-13,16.3461,hedef,2.97,24.0,4.6,
2026-04-13,TUCLK,dip,4.6,0.029,4.04,822.0,2026-04-14,4.1612,hedef,2.97,24.0,3.22,
2026-04-13,TUREX,dip,3.5,0.038,8.2,822.0,2026-04-13,7.954,stop,-3.03,-25.0,0.85,
2026-04-13,VAKKO,kirilim,2.1,0.991,97.55,822.0,2026-04-13,100.4765,hedef,2.97,24.0,3.74,
2026-04-13,VANGD,kirilim,3.5,1.024,80.95,822.0,2026-04-13,83.3785,hedef,2.97,24.0,3.77,
2026-04-13,VESTL,dip,2.0,0.042,27.72,822.0,2026-04-15,28.5516,hedef,2.97,24.0,3.1,
2026-04-13,VRGYO,dip,2.1,0.12,2.36,822.0,2026-04-13,2.4308,hedef,2.97,24.0,3.81,
2026-04-13,VSNMD,dip,2.2,0.011,80.0,822.0,2026-04-14,82.4,hedef,2.97,24.0,3.5,
2026-04-14,ALCAR,dip,3.0,0.094,761.0,1206.0,2026-04-15,783.83,hedef,2.97,36.0,3.22,
2026-04-14,ALTNY,dip,3.1,0.188,16.12,1206.0,2026-04-21,16.6036,hedef,2.97,36.0,3.23,
2026-04-14,ARENA,dip,2.5,0.134,27.2,1206.0,2026-04-15,28.016,hedef,2.97,36.0,5.29,
2026-04-14,BANVT,dip,5.3,0.12,162.0,1206.0,2026-04-16,166.86,hedef,2.97,36.0,3.15,
2026-04-14,BARMA,kirilim,3.8,0.996,56.1,1206.0,2026-04-14,57.783,hedef,2.97,36.0,3.3,
2026-04-14,BFREN,dip,3.5,0.15,147.6,1206.0,2026-04-15,152.028,hedef,2.97,36.0,6.44,
2026-04-14,BJKAS,dip,2.1,0.061,1.5,1206.0,2026-04-15,1.545,hedef,2.97,36.0,4.0,
2026-04-14,BORLS,dip,8.8,0.072,4.8,1206.0,2026-04-15,4.944,hedef,2.97,36.0,10.21,
2026-04-14,BUCIM,dip,3.0,0.07,6.06,1206.0,2026-04-17,6.2418,hedef,2.97,36.0,3.96,
2026-04-14,CMBTN,dip,2.0,0.065,1729.0,1206.0,2026-04-15,1780.87,hedef,2.97,36.0,3.12,
2026-04-14,EBEBK,kirilim,3.7,1.058,68.55,1206.0,2026-04-14,70.6065,hedef,2.97,36.0,3.06,
2026-04-14,EFOR,dip,3.2,0.033,6.12,1206.0,2026-04-15,6.3036,hedef,2.97,36.0,6.54,
2026-04-14,EGEEN,dip,2.4,0.105,5872.5,1206.0,2026-04-15,6048.675,hedef,2.97,36.0,5.15,
2026-04-14,EGEPO,kirilim,4.0,1.073,16.19,1206.0,2026-04-16,16.6757,hedef,2.97,36.0,4.01,
2026-04-14,ENKAI,kirilim,2.1,1.026,105.9,1206.0,2026-04-16,102.723,stop,-3.03,-37.0,1.98,
2026-04-14,ESEN,dip,3.2,0.042,4.17,1206.0,2026-04-14,4.0449,stop,-3.03,-37.0,2.64,
2026-04-14,EUREN,dip,10.5,0.165,5.59,1206.0,2026-04-14,5.4223,stop,-3.03,-37.0,0.0,
2026-04-14,FENER,dip,4.0,0.188,3.1,1206.0,2026-04-14,3.007,stop,-3.03,-37.0,0.0,
2026-04-14,FMIZP,dip,2.5,0.177,290.25,1206.0,2026-04-17,298.9575,hedef,2.97,36.0,3.36,
2026-04-14,GRTHO,dip,3.9,0.111,260.25,1206.0,2026-04-14,268.0575,hedef,2.97,36.0,5.28,
2026-04-14,HATEK,dip,4.2,0.139,16.0,1206.0,2026-04-14,15.52,stop,-3.03,-37.0,1.25,
2026-04-14,IHGZT,dip,2.8,0.198,1.44,1206.0,2026-04-17,1.4832,hedef,2.97,36.0,3.47,
2026-04-14,KGYO,kirilim,2.8,0.987,9.32,1206.0,2026-04-14,9.5996,hedef,2.97,36.0,5.15,
2026-04-14,KNFRT,dip,4.5,0.143,11.62,1206.0,2026-04-14,11.9686,hedef,2.97,36.0,3.87,
2026-04-14,KONTR,dip,2.7,0.162,9.72,1206.0,2026-04-14,10.0116,hedef,2.97,36.0,3.7,
2026-04-14,KRTEK,dip,4.7,0.062,23.86,1206.0,2026-04-15,24.5758,hedef,2.97,36.0,3.44,
2026-04-14,METRO,kirilim,2.0,1.055,6.91,1206.0,2026-04-16,6.7027,stop,-3.03,-37.0,2.75,
2026-04-14,NTHOL,dip,2.8,0.151,39.16,1206.0,2026-04-17,40.3348,hedef,2.97,36.0,3.17,
2026-04-14,ODAS,kirilim,2.1,1.012,6.98,1206.0,2026-04-14,6.7706,stop,-3.03,-37.0,0.0,
2026-04-14,OSMEN,dip,2.7,0.106,7.35,1206.0,2026-04-14,7.5705,hedef,2.97,36.0,7.48,
2026-04-14,OZATD,kirilim,2.3,0.973,269.25,1206.0,2026-04-14,277.3275,hedef,2.97,36.0,3.34,
2026-04-14,PAMEL,dip,2.5,0.159,85.0,1206.0,2026-04-16,87.55,hedef,2.97,36.0,4.65,
2026-04-14,PENTA,dip,2.1,0.168,13.35,1206.0,2026-04-15,13.7505,hedef,2.97,36.0,4.04,
2026-04-14,RYSAS,kirilim,5.0,1.015,22.68,1206.0,2026-04-15,23.3604,hedef,2.97,36.0,3.62,
2026-04-14,SAMAT,dip,2.5,0.039,5.25,1206.0,2026-04-15,5.4075,hedef,2.97,36.0,3.24,
2026-04-14,SEKUR,kirilim,2.7,1.0,8.4,1206.0,2026-04-14,8.148,stop,-3.03,-37.0,0.0,
2026-04-14,SMRVA,dip,3.0,0.072,16.8636,1206.0,2026-04-14,17.3695,hedef,2.97,36.0,5.83,
2026-04-14,VANGD,kirilim,2.5,1.045,87.2,1206.0,2026-04-15,89.816,hedef,2.97,36.0,7.8,
2026-04-14,VSNMD,dip,10.2,0.021,88.55,1206.0,2026-04-15,91.2065,hedef,2.97,36.0,3.44,
2026-04-15,ADESE,dip,4.4,0.161,1.05,966.0,2026-04-15,1.0815,hedef,2.97,29.0,4.76,
2026-04-15,AHGAZ,dip,2.2,0.2,23.98,966.0,2026-04-16,24.6994,hedef,2.97,29.0,3.67,
2026-04-15,AKSUE,kirilim,2.3,1.039,37.38,966.0,2026-04-15,38.5014,hedef,2.97,29.0,3.8,
2026-04-15,ALCAR,dip,3.0,0.138,782.0,966.0,2026-04-16,805.46,hedef,2.97,29.0,8.82,
2026-04-15,ALCTL,kirilim,2.2,1.002,152.7,966.0,2026-04-15,148.119,stop,-3.03,-29.0,0.52,
2026-04-15,ANELE,kirilim,8.5,1.178,28.78,966.0,2026-04-16,29.6434,hedef,2.97,29.0,9.94,
2026-04-15,ARENA,dip,15.8,0.189,28.64,966.0,2026-04-15,27.7808,stop,-3.03,-29.0,2.58,
2026-04-15,BIENY,dip,2.3,0.165,25.92,966.0,2026-04-15,26.6976,hedef,2.97,29.0,3.86,
2026-04-15,BIGEN,dip,2.7,0.15,9.94,966.0,2026-04-15,10.2382,hedef,2.97,29.0,3.12,
2026-04-15,BJKAS,dip,2.1,0.112,1.55,966.0,2026-04-16,1.5965,hedef,2.97,29.0,3.23,
2026-04-15,BORLS,dip,2.9,0.088,5.29,966.0,2026-04-16,5.4487,hedef,2.97,29.0,9.83,
2026-04-15,BORSK,kirilim,2.8,0.931,7.38,966.0,2026-04-16,7.1586,stop,-3.03,-29.0,0.0,
2026-04-15,CMBTN,dip,2.1,0.084,1757.0,966.0,2026-04-15,1809.71,hedef,2.97,29.0,3.76,
2026-04-15,CMENT,dip,3.1,0.144,321.0,966.0,2026-04-15,330.63,hedef,2.97,29.0,3.43,
2026-04-15,DERHL,dip,2.1,0.014,15.04,966.0,2026-04-15,15.4912,hedef,2.97,29.0,3.39,
2026-04-15,EFOR,dip,3.5,0.048,6.52,966.0,2026-04-15,6.7156,hedef,2.97,29.0,3.22,
2026-04-15,EGEEN,dip,3.7,0.19,6245.0,966.0,2026-04-15,6432.35,hedef,2.97,29.0,3.92,
2026-04-15,EGPRO,kirilim,2.0,0.991,31.88,966.0,2026-04-15,32.8364,hedef,2.97,29.0,3.2,
2026-04-15,ELITE,dip,2.5,0.169,30.18,966.0,2026-04-16,29.2746,stop,-3.03,-29.0,0.4,
2026-04-15,GENTS,dip,31.7,-0.053,6.92,966.0,2026-04-15,7.1276,hedef,2.97,29.0,3.03,
2026-04-15,GRTHO,dip,2.2,0.113,261.25,966.0,2026-04-15,253.4125,stop,-3.03,-29.0,0.0,
2026-04-15,GZNMI,dip,2.7,0.106,72.05,966.0,2026-04-16,74.2115,hedef,2.97,29.0,4.37,
2026-04-15,HATEK,dip,2.5,0.105,15.36,966.0,2026-04-17,15.8208,hedef,2.97,29.0,3.19,
2026-04-15,HEKTS,dip,2.5,0.167,3.18,966.0,2026-04-15,3.2754,hedef,2.97,29.0,4.72,
2026-04-15,KFEIN,dip,2.1,0.124,8.74,966.0,2026-04-17,9.0022,hedef,2.97,29.0,4.12,
2026-04-15,KNFRT,dip,4.0,0.175,12.09,966.0,2026-04-16,12.4527,hedef,2.97,29.0,3.14,
2026-04-15,KONTR,dip,2.0,0.196,10.16,966.0,2026-04-15,10.4648,hedef,2.97,29.0,4.53,
2026-04-15,KONYA,dip,3.6,0.106,4075.0,966.0,2026-04-15,4197.25,hedef,2.97,29.0,4.42,
2026-04-15,KRDMB,kirilim,2.2,1.019,76.25,966.0,2026-04-16,73.9625,stop,-3.03,-29.0,2.82,
2026-04-15,KRTEK,dip,2.3,0.087,24.3,966.0,2026-04-15,25.029,hedef,2.97,29.0,4.53,
2026-04-15,METRO,kirilim,2.0,0.958,6.86,966.0,2026-04-15,7.0658,hedef,2.97,29.0,3.21,
2026-04-15,OYLUM,dip,2.2,0.151,7.91,966.0,2026-04-20,8.1473,hedef,2.97,29.0,6.57,
2026-04-15,OZATD,kirilim,9.4,1.0,280.5,966.0,2026-04-15,288.915,hedef,2.97,29.0,3.03,
2026-04-15,PAMEL,dip,2.3,0.179,86.25,966.0,2026-04-16,88.8375,hedef,2.97,29.0,3.13,
2026-04-15,PKENT,dip,3.8,0.173,172.1,966.0,2026-04-15,177.263,hedef,2.97,29.0,3.49,
2026-04-15,QUAGR,dip,2.3,0.14,3.75,966.0,2026-04-15,3.8625,hedef,2.97,29.0,4.0,
2026-04-15,RAYSG,dip,2.5,0.12,201.0,966.0,2026-04-17,207.03,hedef,2.97,29.0,3.48,
2026-04-15,SASA,dip,2.2,0.181,2.77,966.0,2026-04-15,2.8531,hedef,2.97,29.0,3.25,
2026-04-15,SMRVA,dip,3.5,0.09,18.4762,966.0,2026-04-15,19.0305,hedef,2.97,29.0,6.23,
2026-04-15,SNPAM,dip,6.0,0.109,21.2,966.0,2026-04-24,20.564,stop,-3.03,-29.0,2.74,
2026-04-15,TRILC,dip,3.4,0.169,2.5652,966.0,2026-04-16,2.6421,hedef,2.97,29.0,3.41,
2026-04-15,TUCLK,dip,2.1,0.095,4.24,966.0,2026-04-17,4.3672,hedef,2.97,29.0,3.07,
2026-04-15,TUKAS,dip,3.4,0.129,2.48,966.0,2026-04-17,2.5544,hedef,2.97,29.0,3.23,
2026-04-15,TUREX,dip,6.3,0.056,8.97,966.0,2026-04-16,9.2391,hedef,2.97,29.0,4.68,
2026-04-15,VANGD,kirilim,3.6,0.994,88.5,966.0,2026-04-15,85.845,stop,-3.03,-29.0,2.49,
2026-04-15,VSNMD,dip,11.4,0.025,91.6,966.0,2026-04-15,94.348,hedef,2.97,29.0,6.33,
2026-04-15,YAYLA,dip,2.0,0.16,24.16,966.0,2026-04-16,23.4352,stop,-3.03,-29.0,1.24,
2026-04-15,ZOREN,dip,2.1,0.191,3.03,966.0,2026-04-17,3.1209,hedef,2.97,29.0,3.3,
2026-04-16,ADESE,dip,8.7,0.182,1.14,1707.0,2026-04-17,1.1742,hedef,2.97,51.0,3.51,
2026-04-16,AGROT,dip,19.5,0.195,3.1,1707.0,2026-04-16,3.007,stop,-3.03,-52.0,0.0,
2026-04-16,BAYRK,dip,2.5,0.194,4.98,1707.0,2026-04-17,5.1294,hedef,2.97,51.0,4.22,
2026-04-16,BIENY,dip,4.4,0.192,26.74,1707.0,2026-04-16,25.9378,stop,-3.03,-52.0,1.8,
2026-04-16,BIGEN,dip,3.6,0.188,10.36,1707.0,2026-04-16,10.0492,stop,-3.03,-52.0,0.0,
2026-04-16,BJKAS,dip,2.0,0.143,1.58,1707.0,2026-04-17,1.6274,hedef,2.97,51.0,3.16,
2026-04-16,BOBET,dip,2.2,0.155,19.63,1707.0,2026-04-17,20.2189,hedef,2.97,51.0,3.11,
2026-04-16,BORLS,dip,11.7,0.105,5.81,1707.0,2026-04-16,5.6357,stop,-3.03,-52.0,0.0,
2026-04-16,CMBTN,dip,4.4,0.128,1819.0,1707.0,2026-04-17,1873.57,hedef,2.97,51.0,5.72,
2026-04-16,CRFSA,kirilim,2.1,1.11,179.6,1707.0,2026-04-17,184.988,hedef,2.97,51.0,8.57,
2026-04-16,CWENE,kirilim,10.6,1.017,36.42,1707.0,2026-04-17,35.3274,stop,-3.03,-52.0,2.75,
2026-04-16,DERHL,dip,6.3,0.02,15.95,1707.0,2026-04-16,16.4285,hedef,2.97,51.0,4.08,
2026-04-16,DESPC,dip,2.3,0.159,42.08,1707.0,2026-04-16,40.8176,stop,-3.03,-52.0,0.0,
2026-04-16,DGNMO,kirilim,13.5,0.991,8.02,1707.0,2026-04-17,8.2606,hedef,2.97,51.0,7.36,
2026-04-16,EFOR,dip,3.4,0.073,7.23,1707.0,2026-04-16,7.0131,stop,-3.03,-52.0,0.0,
2026-04-16,EGSER,dip,2.7,0.184,2.93,1707.0,2026-04-21,3.0179,hedef,2.97,51.0,3.41,
2026-04-16,EMKEL,dip,2.2,0.072,26.0,1707.0,2026-04-16,26.78,hedef,2.97,51.0,3.0,
2026-04-16,GRTHO,dip,2.0,0.095,252.5,1707.0,2026-04-20,260.075,hedef,2.97,51.0,3.56,
2026-04-16,GZNMI,dip,3.7,0.117,75.2,1707.0,2026-04-16,77.456,hedef,2.97,51.0,5.39,
2026-04-16,IZFAS,kirilim,2.3,0.925,61.8,1707.0,2026-04-16,63.654,hedef,2.97,51.0,8.17,
2026-04-16,KNFRT,dip,2.1,0.195,12.39,1707.0,2026-04-17,12.7617,hedef,2.97,51.0,3.39,
2026-04-16,KONYA,dip,4.2,0.162,4240.0,1707.0,2026-04-17,4367.2,hedef,2.97,51.0,7.49,
2026-04-16,KRTEK,dip,2.4,0.124,24.98,1707.0,2026-04-29,24.2306,stop,-3.03,-52.0,1.44,
2026-04-16,MEGAP,dip,3.6,0.032,2.3,1707.0,2026-04-16,2.369,hedef,2.97,51.0,5.65,
2026-04-16,MERCN,dip,2.4,0.092,17.88,1707.0,2026-04-16,18.4164,hedef,2.97,51.0,3.41,
2026-04-16,OSTIM,dip,2.3,0.089,2.8,1707.0,2026-04-20,2.884,hedef,2.97,51.0,3.57,
2026-04-16,PAMEL,dip,4.1,0.183,86.5,1707.0,2026-04-16,89.095,hedef,2.97,51.0,3.41,
2026-04-16,PAPIL,dip,2.4,0.071,16.46,1707.0,2026-04-17,16.9538,hedef,2.97,51.0,3.04,
2026-04-16,POLTK,dip,2.7,0.118,5705.0,1707.0,2026-04-16,5533.85,stop,-3.03,-52.0,0.53,
2026-04-16,QUAGR,dip,2.8,0.178,4.11,1707.0,2026-04-17,3.9867,stop,-3.03,-52.0,1.7,
2026-04-16,RALYH,kirilim,2.1,1.062,308.25,1707.0,2026-04-17,317.4975,hedef,2.97,51.0,3.73,
2026-04-16,SMRVA,dip,6.5,0.112,20.5116,1707.0,2026-04-16,19.8963,stop,-3.03,-52.0,0.19,
2026-04-16,SUMAS,dip,2.1,0.154,261.0,1707.0,2026-04-20,268.83,hedef,2.97,51.0,3.45,
2026-04-16,SUWEN,dip,5.4,0.18,9.4,1707.0,2026-04-16,9.682,hedef,2.97,51.0,3.3,
2026-04-16,TUREX,dip,4.2,0.061,9.2,1707.0,2026-04-16,8.924,stop,-3.03,-52.0,0.76,
2026-04-16,TURSG,kirilim,2.2,1.022,14.35,1707.0,2026-04-16,13.9195,stop,-3.03,-52.0,0.0,
2026-04-16,VSNMD,dip,30.3,0.039,102.1,1707.0,2026-04-16,99.037,stop,-3.03,-52.0,0.69,
2026-04-17,ADESE,dip,2.7,0.187,1.16,2053.0,2026-04-20,1.1252,stop,-3.03,-62.0,1.72,
2026-04-17,AGROT,dip,3.0,0.185,3.08,2053.0,2026-04-17,3.1724,hedef,2.97,61.0,4.87,
2026-04-17,AVHOL,dip,3.2,0.165,37.74,2053.0,2026-04-21,38.8722,hedef,2.97,61.0,5.88,
2026-04-17,BALSU,dip,2.6,0.157,15.82,2053.0,2026-04-20,16.2946,hedef,2.97,61.0,5.44,
2026-04-17,BJKAS,dip,2.6,0.184,1.62,2053.0,2026-04-20,1.6686,hedef,2.97,61.0,6.79,
2026-04-17,BORLS,dip,4.0,0.124,6.39,2053.0,2026-04-20,6.5817,hedef,2.97,61.0,6.26,
2026-04-17,BUCIM,dip,2.0,0.1,6.13,2053.0,2026-04-17,6.3139,hedef,2.97,61.0,4.57,
2026-04-17,DERHL,dip,2.3,0.018,15.66,2053.0,2026-04-17,16.1298,hedef,2.97,61.0,3.0,
2026-04-17,EFOR,dip,3.9,0.1,8.0,2053.0,2026-04-20,8.24,hedef,2.97,61.0,6.13,
2026-04-17,EGPRO,kirilim,4.6,0.993,36.26,2053.0,2026-04-17,37.3478,hedef,2.97,61.0,4.14,
2026-04-17,EMKEL,dip,2.4,0.092,28.3,2053.0,2026-04-17,29.149,hedef,2.97,61.0,3.04,
2026-04-17,ESEN,dip,2.3,0.045,4.23,2053.0,2026-04-20,4.3569,hedef,2.97,61.0,4.02,
2026-04-17,FLAP,kirilim,2.1,1.001,14.51,2053.0,2026-04-17,14.9453,hedef,2.97,61.0,3.31,
2026-04-17,GZNMI,dip,4.9,0.14,82.0,2053.0,2026-04-17,79.54,stop,-3.03,-62.0,0.0,
2026-04-17,HATEK,dip,4.1,0.127,15.78,2053.0,2026-04-17,16.2534,hedef,2.97,61.0,3.8,
2026-04-17,ICUGS,kirilim,2.3,1.0,4.38,2053.0,2026-04-20,4.5114,hedef,2.97,61.0,9.82,
2026-04-17,MEGAP,dip,4.2,0.106,2.62,2053.0,2026-04-17,2.6986,hedef,2.97,61.0,3.82,
2026-04-17,MERCN,dip,16.5,0.141,19.74,2053.0,2026-04-17,20.3322,hedef,2.97,61.0,6.08,
2026-04-17,PAPIL,dip,2.4,0.095,17.21,2053.0,2026-04-17,17.7263,hedef,2.97,61.0,3.43,
2026-04-17,PENGD,kirilim,2.0,0.917,11.38,2053.0,2026-04-20,11.7214,hedef,2.97,61.0,10.46,
2026-04-17,PKENT,dip,2.1,0.194,175.9,2053.0,2026-04-20,170.623,stop,-3.03,-62.0,0.4,
2026-04-17,POLTK,dip,2.6,0.152,5997.5,2053.0,2026-04-20,5817.575,stop,-3.03,-62.0,1.83,
2026-04-17,PRZMA,kirilim,3.2,0.907,16.77,2053.0,2026-04-17,17.2731,hedef,2.97,61.0,5.43,
2026-04-17,QUAGR,dip,2.1,0.171,4.04,2053.0,2026-04-17,4.1612,hedef,2.97,61.0,4.95,
2026-04-17,RAYSG,dip,2.2,0.197,209.7,2053.0,2026-04-17,215.991,hedef,2.97,61.0,3.43,
2026-04-17,SAMAT,dip,2.1,0.113,5.55,2053.0,2026-04-21,5.7165,hedef,2.97,61.0,3.96,
2026-04-17,SMRVA,dip,2.1,0.089,18.4172,2053.0,2026-04-17,18.9697,hedef,2.97,61.0,5.66,
2026-04-17,VSNMD,dip,3.1,0.033,97.4,2053.0,2026-04-17,100.322,hedef,2.97,61.0,3.7,
2026-04-20,ADESE,dip,2.3,0.184,1.15,1600.0,2026-04-20,1.1155,stop,-3.03,-49.0,0.0,
2026-04-20,AKCNS,kirilim,35.5,1.02,223.0,1600.0,2026-04-20,216.31,stop,-3.03,-49.0,0.0,
2026-04-20,AKYHO,dip,7.2,0.148,2.69,1600.0,2026-04-20,2.7707,hedef,2.97,47.0,5.95,
2026-04-20,ALCAR,dip,9.9,0.186,807.5,1600.0,2026-04-28,783.275,stop,-3.03,-49.0,2.23,
2026-04-20,BALSU,dip,3.9,0.19,16.3,1600.0,2026-04-21,15.811,stop,-3.03,-49.0,2.45,
2026-04-20,BANVT,dip,9.9,0.125,162.5,1600.0,2026-04-20,167.375,hedef,2.97,47.0,3.38,
2026-04-20,BEGYO,dip,2.9,0.036,4.54,1600.0,2026-04-28,4.4038,stop,-3.03,-49.0,1.98,
2026-04-20,BURVA,kirilim,2.1,1.011,1037.0,1600.0,2026-04-20,1068.11,hedef,2.97,47.0,8.68,
2026-04-20,CEMTS,dip,2.4,0.192,11.31,1600.0,2026-04-20,11.6493,hedef,2.97,47.0,3.18,
2026-04-20,CRFSA,kirilim,10.3,1.029,200.0,1600.0,2026-04-20,194.0,stop,-3.03,-49.0,0.0,
2026-04-20,DERHL,dip,4.1,0.02,16.02,1600.0,2026-04-21,15.5394,stop,-3.03,-49.0,2.06,
2026-04-20,EGPRO,kirilim,3.4,1.097,40.24,1600.0,2026-04-20,41.4472,hedef,2.97,47.0,3.38,
2026-04-20,ELITE,dip,7.4,0.183,30.44,1600.0,2026-04-20,31.3532,hedef,2.97,47.0,3.15,
2026-04-20,EMKEL,dip,2.2,0.108,30.16,1600.0,2026-04-20,31.0648,hedef,2.97,47.0,4.58,
2026-04-20,EMNIS,dip,2.6,0.053,151.1,1600.0,2026-04-27,146.567,stop,-3.03,-49.0,0.99,
2026-04-20,ESEN,dip,2.8,0.047,4.26,1600.0,2026-04-20,4.3878,hedef,2.97,47.0,4.46,
2026-04-20,FENER,dip,18.9,0.124,2.91,1600.0,2026-04-22,2.8227,stop,-3.03,-49.0,0.0,
2026-04-20,GENTS,dip,2.0,0.058,7.24,1600.0,2026-04-20,7.4572,hedef,2.97,47.0,4.01,
2026-04-20,GMTAS,kirilim,2.3,1.046,40.64,1600.0,2026-04-20,41.8592,hedef,2.97,47.0,3.35,
2026-04-20,GRTHO,dip,2.9,0.101,255.25,1600.0,2026-04-20,262.9075,hedef,2.97,47.0,3.04,
2026-04-20,HATEK,dip,10.4,0.167,16.54,1600.0,2026-04-20,16.0438,stop,-3.03,-49.0,1.15,
2026-04-20,HUNER,dip,3.0,0.174,3.29,1600.0,2026-04-20,3.3887,hedef,2.97,47.0,3.04,
2026-04-20,IHYAY,dip,2.0,0.138,1.89,1600.0,2026-04-21,1.9467,hedef,2.97,47.0,3.17,
2026-04-20,ISBIR,dip,2.8,0.094,74.75,1600.0,2026-04-20,76.9925,hedef,2.97,47.0,6.42,
2026-04-20,KGYO,kirilim,3.7,0.998,11.38,1600.0,2026-04-20,11.7214,hedef,2.97,47.0,3.6,
2026-04-20,KLRHO,dip,5.0,0.145,121.8,1600.0,2026-04-20,125.454,hedef,2.97,47.0,6.08,
2026-04-20,KRGYO,dip,11.0,0.087,2.91,1600.0,2026-04-30,2.8227,stop,-3.03,-49.0,2.75,
2026-04-20,KRTEK,dip,3.0,0.117,24.84,1600.0,2026-05-04,24.0948,stop,-3.03,-49.0,2.01,
2026-04-20,KTSKR,kirilim,3.9,0.985,133.5,1600.0,2026-04-20,137.505,hedef,2.97,47.0,5.77,
2026-04-20,LINK,dip,2.0,0.047,5.56,1600.0,2026-04-22,5.3932,stop,-3.03,-49.0,2.16,
2026-04-20,MEGAP,dip,5.3,0.171,2.9,1600.0,2026-04-20,2.987,hedef,2.97,47.0,3.1,
2026-04-20,MERCN,dip,2.1,0.148,20.04,1600.0,2026-04-20,20.6412,hedef,2.97,47.0,3.89,
2026-04-20,OSTIM,dip,2.6,0.098,2.82,1600.0,2026-04-27,2.9046,hedef,2.97,47.0,3.19,
2026-04-20,OYLUM,dip,4.6,0.15,7.9,1600.0,2026-04-20,8.137,hedef,2.97,47.0,6.71,
2026-04-20,PAPIL,dip,11.4,0.138,18.51,1600.0,2026-04-20,17.9547,stop,-3.03,-49.0,0.0,
2026-04-20,POLTK,dip,3.2,0.134,5842.5,1600.0,2026-04-21,5667.225,stop,-3.03,-49.0,1.45,
2026-04-20,PRDGS,kirilim,20.1,0.957,8.11,1600.0,2026-04-21,8.3533,hedef,2.97,47.0,5.67,
2026-04-20,PRZMA,kirilim,2.1,0.996,18.3,1600.0,2026-04-20,18.849,hedef,2.97,47.0,3.72,
2026-04-20,SKYLP,kirilim,5.4,0.885,327.75,1600.0,2026-04-20,337.5825,hedef,2.97,47.0,10.22,
2026-04-20,SMRVA,dip,3.8,0.117,20.964,1600.0,2026-04-21,21.5929,hedef,2.97,47.0,3.28,
2026-04-20,SOKE,kirilim,2.0,0.991,18.0,1600.0,2026-04-20,18.54,hedef,2.97,47.0,3.06,
2026-04-20,TTRAK,dip,2.8,0.199,483.0,1600.0,2026-04-24,468.51,stop,-3.03,-49.0,1.04,
2026-04-20,TUCLK,dip,4.6,0.14,4.4,1600.0,2026-04-22,4.268,stop,-3.03,-49.0,2.73,
2026-04-20,TUKAS,dip,2.1,0.167,2.56,1600.0,2026-04-20,2.6368,hedef,2.97,47.0,3.12,
2026-04-20,VESBE,dip,3.8,0.101,7.64,1600.0,2026-04-22,7.4108,stop,-3.03,-49.0,0.0,
2026-04-20,VESTL,dip,3.0,0.151,29.8,1600.0,2026-04-22,28.906,stop,-3.03,-49.0,1.68,
2026-04-20,VSNMD,dip,4.1,0.039,102.2,1600.0,2026-04-20,99.134,stop,-3.03,-49.0,0.39,
2026-04-21,ASTOR,kirilim,2.1,0.98,213.0,3964.0,2026-04-22,206.61,stop,-3.03,-120.0,2.96,
2026-04-21,BARMA,kirilim,2.2,0.994,59.1,3964.0,2026-04-22,60.873,hedef,2.97,118.0,3.05,
2026-04-21,EFOR,dip,3.4,0.149,9.4,3964.0,2026-04-21,9.682,hedef,2.97,118.0,4.68,
2026-04-21,EMKEL,dip,3.3,0.106,29.86,3964.0,2026-04-21,28.9642,stop,-3.03,-120.0,0.0,
2026-04-21,ESEN,dip,4.2,0.05,4.31,3964.0,2026-04-21,4.1807,stop,-3.03,-120.0,1.16,
2026-04-21,GMTAS,kirilim,2.1,0.99,41.92,3964.0,2026-04-21,43.1776,hedef,2.97,118.0,3.72,
2026-04-21,HATEK,dip,2.1,0.149,16.19,3964.0,2026-04-22,15.7043,stop,-3.03,-120.0,1.98,
2026-04-21,KARTN,kirilim,7.5,0.961,100.9,3964.0,2026-04-21,97.873,stop,-3.03,-120.0,2.97,
2026-04-21,KGYO,kirilim,2.3,0.983,11.85,3964.0,2026-04-21,11.4945,stop,-3.03,-120.0,0.0,
2026-04-21,KRGYO,dip,2.2,0.102,2.97,3964.0,2026-04-22,2.8809,stop,-3.03,-120.0,0.0,
2026-04-21,MAGEN,kirilim,3.5,0.991,62.8,3964.0,2026-04-21,60.916,stop,-3.03,-120.0,0.48,
2026-04-21,OSTIM,dip,2.3,0.121,2.87,3964.0,2026-05-07,2.9561,hedef,2.97,118.0,4.18,
2026-04-21,PETKM,kirilim,2.3,0.99,23.2,3964.0,2026-04-28,23.896,hedef,2.97,118.0,3.45,
2026-04-21,SAMAT,dip,4.6,0.116,5.56,3964.0,2026-04-21,5.7268,hedef,2.97,118.0,3.78,
2026-04-21,SMRVA,dip,2.2,0.124,21.6326,3964.0,2026-04-21,22.2816,hedef,2.97,118.0,7.27,
2026-04-21,SNPAM,dip,2.7,0.109,21.2,3964.0,2026-04-24,20.564,stop,-3.03,-120.0,0.09,
2026-04-21,ULUSE,kirilim,6.8,0.981,247.6,3964.0,2026-04-21,255.028,hedef,2.97,118.0,5.41,
2026-04-21,USAK,dip,5.6,0.134,1.95,3964.0,2026-04-21,1.8915,stop,-3.03,-120.0,0.0,
2026-04-21,YBTAS,dip,2.4,0.033,17.93,3964.0,2026-05-13,17.3921,stop,-3.03,-120.0,2.62,
2026-04-22,ALKLC,kirilim,2.1,0.983,448.0,4020.0,2026-04-24,434.56,stop,-3.03,-122.0,1.34,
2026-04-22,BORLS,dip,3.2,0.16,7.49,4020.0,2026-04-22,7.7147,hedef,2.97,119.0,5.61,
2026-04-22,CIMSA,kirilim,2.6,0.963,56.9,4020.0,2026-04-22,55.193,stop,-3.03,-122.0,1.14,
2026-04-22,DYOBY,kirilim,4.3,1.022,18.13,4020.0,2026-04-22,17.5861,stop,-3.03,-122.0,2.04,
2026-04-22,EGPRO,kirilim,5.0,1.0,45.84,4020.0,2026-04-22,47.2152,hedef,2.97,119.0,3.18,
2026-04-22,ERSU,kirilim,2.5,0.987,29.0,4020.0,2026-04-24,29.87,hedef,2.97,119.0,4.14,
2026-04-22,ESEN,dip,29.5,0.084,4.89,4020.0,2026-04-22,4.7433,stop,-3.03,-122.0,1.02,
2026-04-22,GENTS,dip,2.0,0.092,7.47,4020.0,2026-04-22,7.2459,stop,-3.03,-122.0,0.27,
2026-04-22,IHLAS,dip,2.8,0.121,2.2,4020.0,2026-04-24,2.266,hedef,2.97,119.0,4.09,
2026-04-22,IHYAY,dip,2.3,0.127,1.87,4020.0,2026-04-24,1.8139,stop,-3.03,-122.0,0.0,
2026-04-22,NATEN,dip,3.4,0.185,7.82,4020.0,2026-04-22,7.5854,stop,-3.03,-122.0,0.0,
2026-04-22,PAPIL,dip,2.2,0.101,17.37,4020.0,2026-04-24,17.8911,hedef,2.97,119.0,3.11,
2026-04-22,PKART,kirilim,14.2,1.083,100.0,4020.0,2026-04-22,103.0,hedef,2.97,119.0,4.0,
2026-04-22,SAMAT,dip,8.7,0.16,5.74,4020.0,2026-04-22,5.5678,stop,-3.03,-122.0,0.0,
2026-04-22,SMRVA,dip,2.7,0.083,17.8076,4020.0,2026-04-22,17.2733,stop,-3.03,-122.0,1.05,
2026-04-24,ASTOR,kirilim,2.3,1.012,221.0,3751.0,2026-04-27,227.63,hedef,2.97,111.0,7.42,
2026-04-24,AVHOL,dip,2.5,0.155,37.52,3751.0,2026-04-27,38.6456,hedef,2.97,111.0,7.41,
2026-04-24,BORLS,dip,2.9,0.137,6.77,3751.0,2026-04-24,6.9731,hedef,2.97,111.0,3.25,
2026-04-24,ESEN,dip,4.9,0.036,4.08,3751.0,2026-04-24,3.9576,stop,-3.03,-114.0,0.25,
2026-04-24,EUREN,dip,3.6,0.167,5.6,3751.0,2026-04-24,5.768,hedef,2.97,111.0,4.29,
2026-04-24,GENTS,dip,2.1,0.12,7.66,3751.0,2026-04-24,7.8898,hedef,2.97,111.0,3.0,
2026-04-24,GMTAS,kirilim,4.0,0.939,47.94,3751.0,2026-04-24,49.3782,hedef,2.97,111.0,8.47,
2026-04-24,HOROZ,kirilim,50.3,0.952,72.9,3751.0,2026-04-24,75.087,hedef,2.97,111.0,3.57,
2026-04-24,HUNER,dip,2.0,0.145,3.23,3751.0,2026-04-27,3.3269,hedef,2.97,111.0,3.1,
2026-04-24,IHLAS,dip,2.6,0.118,2.19,3751.0,2026-04-24,2.2557,hedef,2.97,111.0,4.57,
2026-04-24,KARTN,kirilim,2.1,1.079,110.6,3751.0,2026-04-24,113.918,hedef,2.97,111.0,3.35,
2026-04-24,LINK,dip,2.6,0.027,5.28,3751.0,2026-04-27,5.4384,hedef,2.97,111.0,3.03,
2026-04-24,LKMNH,dip,2.7,0.188,15.35,3751.0,2026-05-04,14.8895,stop,-3.03,-114.0,1.56,
2026-04-24,PKENT,dip,2.4,0.146,167.0,3751.0,2026-04-24,161.99,stop,-3.03,-114.0,0.0,
2026-04-24,SEGMN,kirilim,3.1,1.001,66.4,3751.0,2026-04-27,68.392,hedef,2.97,111.0,5.87,
2026-04-24,YGGYO,kirilim,2.5,0.99,226.0,3751.0,2026-04-24,232.78,hedef,2.97,111.0,3.98,
2026-04-24,YYAPI,dip,2.9,0.095,1.04,3751.0,2026-04-27,1.0712,hedef,2.97,111.0,5.77,
2026-04-27,ADESE,dip,5.2,0.18,1.13,3082.0,2026-04-27,1.0961,stop,-3.03,-93.0,1.77,
2026-04-27,ARDYZ,kirilim,4.2,1.005,48.9,3082.0,2026-04-28,47.433,stop,-3.03,-93.0,2.25,
2026-04-27,AVHOL,dip,2.2,0.19,38.34,3082.0,2026-04-27,39.4902,hedef,2.97,91.0,6.94,
2026-04-27,BORLS,dip,2.1,0.17,7.79,3082.0,2026-04-27,7.5563,stop,-3.03,-93.0,0.26,
2026-04-27,BURVA,kirilim,3.1,0.867,1060.0,3082.0,2026-04-27,1091.8,hedef,2.97,91.0,15.94,
2026-04-27,CEMZY,kirilim,4.0,0.996,13.8253,3082.0,2026-04-28,14.24,hedef,2.97,91.0,6.18,
2026-04-27,FENER,dip,2.6,0.111,2.87,3082.0,2026-04-27,2.7839,stop,-3.03,-93.0,0.0,
2026-04-27,GENTS,dip,2.5,0.161,7.94,3082.0,2026-05-04,8.1782,hedef,2.97,91.0,3.53,
2026-04-27,GEREL,kirilim,2.6,1.023,41.9,3082.0,2026-04-27,40.643,stop,-3.03,-93.0,0.0,
2026-04-27,GMTAS,kirilim,3.4,0.97,50.75,3082.0,2026-04-27,52.2725,hedef,2.97,91.0,3.45,
2026-04-27,IHYAY,dip,2.0,0.127,1.87,3082.0,2026-04-28,1.8139,stop,-3.03,-93.0,1.6,
2026-04-27,KLSYN,kirilim,2.3,1.126,12.86,3082.0,2026-04-28,13.2458,hedef,2.97,91.0,4.35,
2026-04-27,KONTR,dip,2.7,0.155,9.63,3082.0,2026-04-27,9.9189,hedef,2.97,91.0,4.26,
2026-04-27,MEGMT,kirilim,5.6,0.973,81.55,3082.0,2026-04-27,83.9965,hedef,2.97,91.0,4.72,
2026-04-27,PEKGY,kirilim,2.1,1.031,15.98,3082.0,2026-04-28,16.4594,hedef,2.97,91.0,5.01,
2026-04-27,PENGD,kirilim,2.5,1.041,15.4,3082.0,2026-04-27,14.938,stop,-3.03,-93.0,2.27,
2026-04-27,TUKAS,dip,2.1,0.158,2.54,3082.0,2026-04-28,2.6162,hedef,2.97,91.0,3.15,
2026-04-27,ULUSE,kirilim,3.2,0.914,249.3,3082.0,2026-04-27,256.779,hedef,2.97,91.0,3.29,
2026-04-27,YEOTK,kirilim,2.2,1.034,56.3,3082.0,2026-04-28,54.611,stop,-3.03,-93.0,0.62,
2026-04-27,YESIL,dip,11.0,0.199,1.71,3082.0,2026-04-27,1.7613,hedef,2.97,91.0,5.85,
2026-04-27,YYAPI,dip,4.3,0.104,1.06,3082.0,2026-04-27,1.0918,hedef,2.97,91.0,3.77,
2026-04-28,ARASE,kirilim,3.1,1.039,110.2,3511.0,2026-04-29,106.894,stop,-3.03,-106.0,1.54,
2026-04-28,ARDYZ,kirilim,3.4,1.001,50.0,3511.0,2026-04-28,48.5,stop,-3.03,-106.0,0.0,
2026-04-28,BAYRK,dip,3.4,0.147,4.73,3511.0,2026-04-30,4.5881,stop,-3.03,-106.0,1.48,
2026-04-28,BIENY,dip,2.5,0.183,26.48,3511.0,2026-04-28,25.6856,stop,-3.03,-106.0,0.68,
2026-04-28,CEMAS,dip,3.3,0.124,4.98,3511.0,2026-04-29,4.8306,stop,-3.03,-106.0,0.8,
2026-04-28,CEMZY,kirilim,3.8,1.014,14.3,3511.0,2026-04-29,14.729,hedef,2.97,104.0,3.22,
2026-04-28,EUPWR,kirilim,9.5,0.991,45.26,3511.0,2026-04-28,46.6178,hedef,2.97,104.0,8.44,
2026-04-28,FENER,dip,2.1,0.134,2.94,3511.0,2026-04-28,3.0282,hedef,2.97,104.0,3.06,
2026-04-28,IHLAS,dip,2.1,0.136,2.24,3511.0,2026-04-29,2.3072,hedef,2.97,104.0,3.12,
2026-04-28,INTEK,dip,3.0,0.072,253.75,3511.0,2026-04-28,246.1375,stop,-3.03,-106.0,0.0,
2026-04-28,KAREL,kirilim,3.8,1.083,12.59,3511.0,2026-04-28,12.2123,stop,-3.03,-106.0,1.19,
2026-04-28,KRDMB,kirilim,9.0,0.99,77.85,3511.0,2026-04-28,80.1855,hedef,2.97,104.0,3.92,
2026-04-28,KRGYO,dip,2.1,0.084,2.9,3511.0,2026-04-30,2.813,stop,-3.03,-106.0,0.0,
2026-04-28,OSMEN,dip,2.8,0.199,7.73,3511.0,2026-04-29,7.4981,stop,-3.03,-106.0,2.2,
2026-04-28,OZSUB,kirilim,3.5,0.932,25.6,3511.0,2026-04-28,26.368,hedef,2.97,104.0,8.12,
2026-04-28,QUAGR,dip,2.4,0.181,4.13,3511.0,2026-04-28,4.0061,stop,-3.03,-106.0,0.0,
2026-04-28,TUKAS,dip,2.8,0.172,2.57,3511.0,2026-04-28,2.6471,hedef,2.97,104.0,3.5,
2026-04-28,USAK,dip,2.6,0.095,1.82,3511.0,2026-04-28,1.7654,stop,-3.03,-106.0,0.0,
2026-04-28,YESIL,dip,2.1,0.181,1.67,3511.0,2026-04-28,1.7201,hedef,2.97,104.0,4.19,
2026-04-29,AGYO,kirilim,3.4,1.016,9.02,3792.0,2026-04-29,9.2906,hedef,2.97,113.0,4.88,
2026-04-29,ARASE,kirilim,9.6,1.006,111.1,3792.0,2026-04-29,107.767,stop,-3.03,-115.0,0.0,
2026-04-29,ARDYZ,kirilim,2.3,1.097,52.5,3792.0,2026-04-29,50.925,stop,-3.03,-115.0,0.0,
2026-04-29,ASELS,kirilim,2.0,0.99,426.0,3792.0,2026-05-04,438.78,hedef,2.97,113.0,3.4,
2026-04-29,BIENY,dip,10.7,0.051,22.38,3792.0,2026-04-29,23.0514,hedef,2.97,113.0,3.31,
2026-04-29,CWENE,kirilim,2.8,0.97,36.66,3792.0,2026-04-30,37.7598,hedef,2.97,113.0,5.35,
2026-04-29,DYOBY,kirilim,2.4,1.156,21.56,3792.0,2026-04-30,22.2068,hedef,2.97,113.0,3.25,
2026-04-29,EUREN,dip,2.3,0.167,5.6,3792.0,2026-04-30,5.432,stop,-3.03,-115.0,1.96,
2026-04-29,FENER,dip,2.9,0.198,3.13,3792.0,2026-04-29,3.0361,stop,-3.03,-115.0,0.0,
2026-04-29,GENTS,dip,2.5,0.186,8.11,3792.0,2026-05-06,8.3533,hedef,2.97,113.0,4.32,
2026-04-29,GZNMI,dip,6.6,0.08,64.6,3792.0,2026-04-30,66.538,hedef,2.97,113.0,3.33,
2026-04-29,HUNER,dip,4.0,0.126,3.19,3792.0,2026-04-29,3.2857,hedef,2.97,113.0,3.45,
2026-04-29,KMPUR,kirilim,2.1,0.978,20.02,3792.0,2026-04-29,20.6206,hedef,2.97,113.0,3.3,
2026-04-29,KRDMB,kirilim,3.0,0.958,82.6,3792.0,2026-04-29,85.078,hedef,2.97,113.0,3.21,
2026-04-29,ONRYT,dip,2.3,0.171,61.6,3792.0,2026-04-29,59.752,stop,-3.03,-115.0,0.0,
2026-04-29,OZSUB,kirilim,3.0,0.921,26.8,3792.0,2026-04-29,25.996,stop,-3.03,-115.0,1.34,
2026-04-29,PEKGY,kirilim,4.3,0.97,16.31,3792.0,2026-05-04,16.7993,hedef,2.97,113.0,3.25,
2026-04-29,TDGYO,dip,3.9,0.183,17.6,3792.0,2026-04-29,18.128,hedef,2.97,113.0,3.64,
2026-04-29,USAK,dip,2.8,0.077,1.76,3792.0,2026-05-11,1.8128,hedef,2.97,113.0,3.41,
2026-04-30,A1YEN,kirilim,11.5,0.967,3.4393,3807.0,2026-05-04,3.5425,hedef,2.97,113.0,4.96,
2026-04-30,BURVA,kirilim,2.7,1.04,1294.0,3807.0,2026-05-04,1255.18,stop,-3.03,-115.0,4.33,
2026-04-30,FENER,dip,2.2,0.198,3.13,3807.0,2026-05-04,3.2239,hedef,2.97,113.0,4.15,
2026-04-30,GSDDE,kirilim,11.7,1.161,13.09,3807.0,2026-05-04,13.4827,hedef,2.97,113.0,9.93,
2026-04-30,GZNMI,dip,2.0,0.092,68.2,3807.0,2026-04-30,66.154,stop,-3.03,-115.0,2.64,
2026-04-30,HKTM,kirilim,2.7,0.938,16.4,3807.0,2026-04-30,16.892,hedef,2.97,113.0,4.63,
2026-04-30,HOROZ,kirilim,5.0,0.993,88.1,3807.0,2026-04-30,90.743,hedef,2.97,113.0,8.06,
2026-04-30,ISKPL,kirilim,2.3,1.036,21.66,3807.0,2026-04-30,22.3098,hedef,2.97,113.0,3.14,
2026-04-30,KRGYO,dip,2.3,0.064,2.82,3807.0,2026-04-30,2.9046,hedef,2.97,113.0,8.16,
2026-04-30,MANAS,kirilim,13.3,1.043,29.64,3807.0,2026-04-30,28.7508,stop,-3.03,-115.0,0.0,
2026-04-30,OSTIM,dip,3.7,0.103,2.83,3807.0,2026-05-06,2.9149,hedef,2.97,113.0,3.18,
2026-04-30,PKART,kirilim,3.9,1.023,128.0,3807.0,2026-04-30,131.84,hedef,2.97,113.0,6.8,
2026-04-30,PRZMA,kirilim,2.8,1.146,29.38,3807.0,2026-05-04,30.2614,hedef,2.97,113.0,9.94,
2026-04-30,QUAGR,dip,2.4,0.114,3.5,3807.0,2026-04-30,3.605,hedef,2.97,113.0,3.43,
2026-04-30,TTRAK,dip,2.0,0.062,447.75,3807.0,2026-05-12,461.1825,hedef,2.97,113.0,5.97,
2026-04-30,TUKAS,dip,2.4,0.148,2.52,3807.0,2026-04-30,2.5956,hedef,2.97,113.0,5.56,
2026-05-04,ADEL,kirilim,2.0,1.025,51.05,1541.0,2026-05-04,52.5815,hedef,2.97,46.0,3.33,
2026-05-04,ALGYO,kirilim,11.2,1.043,6.55,1541.0,2026-05-04,6.7465,hedef,2.97,46.0,4.73,
2026-05-04,ARDYZ,kirilim,3.5,1.09,55.2,1541.0,2026-05-05,56.856,hedef,2.97,46.0,6.34,
2026-05-04,BANVT,dip,3.2,0.031,151.8,1541.0,2026-05-05,156.354,hedef,2.97,46.0,3.62,
2026-05-04,BIGEN,kirilim,2.3,1.118,20.52,1541.0,2026-05-05,21.1356,hedef,2.97,46.0,9.75,
2026-05-04,CEMTS,dip,2.9,0.114,10.66,1541.0,2026-05-06,10.9798,hedef,2.97,46.0,4.03,
2026-05-04,CMBTN,dip,3.8,0.111,1750.0,1541.0,2026-05-13,1697.5,stop,-3.03,-47.0,2.86,
2026-05-04,DESPC,dip,12.2,0.151,41.8,1541.0,2026-05-05,43.054,hedef,2.97,46.0,5.45,
2026-05-04,ELITE,dip,2.2,0.192,30.62,1541.0,2026-05-06,31.5386,hedef,2.97,46.0,3.53,
2026-05-04,EMNIS,dip,2.1,0.048,150.0,1541.0,2026-05-06,154.5,hedef,2.97,46.0,5.33,
2026-05-04,EUPWR,kirilim,2.2,1.138,57.1,1541.0,2026-05-04,55.387,stop,-3.03,-47.0,0.0,
2026-05-04,EUREN,dip,2.3,0.175,5.66,1541.0,2026-05-04,5.4902,stop,-3.03,-47.0,0.0,
2026-05-04,GENTS,dip,2.4,0.191,8.14,1541.0,2026-05-06,8.3842,hedef,2.97,46.0,3.93,
2026-05-04,ICUGS,kirilim,2.3,1.034,6.21,1541.0,2026-05-05,6.3963,hedef,2.97,46.0,3.06,
2026-05-04,IHLAS,dip,2.0,0.118,2.19,1541.0,2026-05-06,2.2557,hedef,2.97,46.0,3.2,
2026-05-04,ISDMR,kirilim,2.3,0.93,48.52,1541.0,2026-05-04,49.9756,hedef,2.97,46.0,6.66,
2026-05-04,KENT,dip,3.9,0.025,405.25,1541.0,2026-05-11,417.4075,hedef,2.97,46.0,3.02,
2026-05-04,KGYO,kirilim,2.0,0.983,11.86,1541.0,2026-05-05,12.2158,hedef,2.97,46.0,4.47,
2026-05-04,KRDMB,kirilim,2.0,1.022,94.25,1541.0,2026-05-05,97.0775,hedef,2.97,46.0,3.61,
2026-05-04,KRTEK,dip,2.1,0.088,24.32,1541.0,2026-05-08,25.0496,hedef,2.97,46.0,3.21,
2026-05-04,KTLEV,kirilim,2.0,0.986,113.9,1541.0,2026-05-06,117.317,hedef,2.97,46.0,3.16,
2026-05-04,LINK,dip,27.1,0.072,5.91,1541.0,2026-05-05,6.0873,hedef,2.97,46.0,6.09,
2026-05-04,LKMNH,dip,13.8,0.136,14.94,1541.0,2026-05-06,15.3882,hedef,2.97,46.0,3.35,
2026-05-04,ONRYT,dip,2.0,0.199,62.7,1541.0,2026-05-04,64.581,hedef,2.97,46.0,3.51,
2026-05-04,OTTO,dip,2.6,0.072,299.75,1541.0,2026-05-05,290.7575,stop,-3.03,-47.0,1.42,
2026-05-04,PEKGY,kirilim,2.0,0.996,16.78,1541.0,2026-05-05,16.2766,stop,-3.03,-47.0,0.83,
2026-05-04,SAMAT,dip,3.5,0.103,5.51,1541.0,2026-05-04,5.6753,hedef,2.97,46.0,3.27,
2026-05-04,TBORG,dip,2.7,0.079,143.4,1541.0,2026-05-07,147.702,hedef,2.97,46.0,3.35,
2026-05-04,TRGYO,kirilim,2.4,0.997,98.0,1541.0,2026-05-06,100.94,hedef,2.97,46.0,3.78,
2026-05-04,TTRAK,dip,3.1,0.044,443.75,1541.0,2026-05-07,457.0625,hedef,2.97,46.0,3.04,
2026-05-04,TUCLK,dip,2.3,0.077,4.18,1541.0,2026-05-07,4.3054,hedef,2.97,46.0,3.11,
2026-05-04,TUKAS,dip,2.1,0.196,2.62,1541.0,2026-05-04,2.5414,stop,-3.03,-47.0,0.38,
2026-05-04,TUREX,dip,3.3,0.062,9.25,1541.0,2026-05-04,8.9725,stop,-3.03,-47.0,0.0,
2026-05-04,ULUUN,kirilim,2.0,1.021,8.97,1541.0,2026-05-05,9.2391,hedef,2.97,46.0,3.79,
2026-05-04,VESBE,dip,6.1,0.038,7.16,1541.0,2026-05-04,6.9452,stop,-3.03,-47.0,0.0,
2026-05-04,YEOTK,kirilim,2.7,1.147,61.15,1541.0,2026-05-05,62.9845,hedef,2.97,46.0,6.13,
2026-05-04,YESIL,dip,2.1,0.159,1.62,1541.0,2026-05-05,1.5714,stop,-3.03,-47.0,1.23,
2026-05-04,YONGA,dip,4.1,0.138,57.0,1541.0,2026-05-04,55.29,stop,-3.03,-47.0,0.0,
2026-05-05,ACSEL,kirilim,23.0,0.885,133.7,3085.0,2026-05-05,137.711,hedef,2.97,92.0,5.91,
2026-05-05,AKSEN,kirilim,2.9,1.005,86.45,3085.0,2026-05-06,89.0435,hedef,2.97,92.0,3.41,
2026-05-05,BANVT,dip,3.2,0.074,156.1,3085.0,2026-05-07,160.783,hedef,2.97,92.0,3.59,
2026-05-05,CELHA,kirilim,5.3,1.018,14.64,3085.0,2026-05-05,15.0792,hedef,2.97,92.0,6.63,
2026-05-05,EUPWR,kirilim,2.1,1.009,57.9,3085.0,2026-05-06,59.637,hedef,2.97,92.0,3.54,
2026-05-05,HURGZ,kirilim,5.5,1.02,8.95,3085.0,2026-05-05,9.2185,hedef,2.97,92.0,5.47,
2026-05-05,IHLAS,dip,4.5,0.114,2.18,3085.0,2026-05-05,2.2454,hedef,2.97,92.0,3.21,
2026-05-05,KGYO,kirilim,16.1,0.981,11.88,3085.0,2026-05-05,12.2364,hedef,2.97,92.0,3.28,
2026-05-05,KNFRT,dip,4.1,0.154,11.79,3085.0,2026-05-07,12.1437,hedef,2.97,92.0,3.22,
2026-05-05,LINK,dip,18.4,0.098,6.27,3085.0,2026-05-05,6.0819,stop,-3.03,-94.0,2.23,
2026-05-05,NTGAZ,kirilim,34.3,0.927,13.39,3085.0,2026-05-05,13.7917,hedef,2.97,92.0,3.58,
2026-05-05,ODAS,kirilim,2.5,1.038,7.52,3085.0,2026-05-06,7.7456,hedef,2.97,92.0,4.12,
2026-05-05,PKART,kirilim,2.3,1.003,147.6,3085.0,2026-05-06,152.028,hedef,2.97,92.0,5.35,
2026-05-05,SEKFK,kirilim,3.3,1.066,12.0,3085.0,2026-05-06,12.36,hedef,2.97,92.0,5.17,
2026-05-05,ULUUN,kirilim,2.2,1.12,9.61,3085.0,2026-05-05,9.3217,stop,-3.03,-94.0,1.87,
2026-05-05,UNLU,dip,2.4,0.167,13.64,3085.0,2026-05-06,14.0492,hedef,2.97,92.0,3.37,
2026-05-05,YESIL,dip,2.0,0.177,1.66,3085.0,2026-05-06,1.6102,stop,-3.03,-94.0,1.81,
2026-05-06,ALCAR,dip,3.4,0.185,780.0,1974.0,2026-05-07,803.4,hedef,2.97,59.0,3.59,
2026-05-06,ALGYO,kirilim,2.1,1.063,7.23,1974.0,2026-05-07,7.4469,hedef,2.97,59.0,3.46,
2026-05-06,BJKAS,dip,2.3,0.112,1.55,1974.0,2026-05-06,1.5965,hedef,2.97,59.0,5.81,
2026-05-06,BUCIM,dip,2.0,0.167,6.25,1974.0,2026-05-08,6.4375,hedef,2.97,59.0,3.2,
2026-05-06,CCOLA,kirilim,3.2,1.016,82.95,1974.0,2026-05-06,85.4385,hedef,2.97,59.0,4.76,
2026-05-06,DMRGD,kirilim,10.5,1.14,6.85,1974.0,2026-05-07,7.0555,hedef,2.97,59.0,5.69,
2026-05-06,EDATA,kirilim,2.3,0.967,24.1,1974.0,2026-05-06,23.377,stop,-3.03,-60.0,0.91,
2026-05-06,EMNIS,dip,4.2,0.052,150.9,1974.0,2026-05-06,155.427,hedef,2.97,59.0,4.71,
2026-05-06,GSDHO,kirilim,3.3,1.01,5.56,1974.0,2026-05-06,5.7268,hedef,2.97,59.0,8.09,
2026-05-06,HUNER,dip,2.5,0.188,3.32,1974.0,2026-05-08,3.4196,hedef,2.97,59.0,3.31,
2026-05-06,IHYAY,dip,9.0,0.106,1.83,1974.0,2026-05-08,1.8849,hedef,2.97,59.0,3.28,
2026-05-06,KAREL,kirilim,2.4,0.975,12.61,1974.0,2026-05-06,12.9883,hedef,2.97,59.0,4.12,
2026-05-06,LINK,dip,2.1,0.09,6.16,1974.0,2026-05-07,6.3448,hedef,2.97,59.0,3.73,
2026-05-06,NTHOL,dip,2.2,0.18,39.7,1974.0,2026-05-07,40.891,hedef,2.97,59.0,3.22,
2026-05-06,OTKAR,dip,6.6,0.085,370.5,1974.0,2026-05-07,381.615,hedef,2.97,59.0,4.39,
2026-05-06,OTTO,dip,2.0,0.076,301.0,1974.0,2026-05-06,291.97,stop,-3.03,-60.0,0.0,
2026-05-06,OYLUM,dip,3.6,0.176,8.08,1974.0,2026-05-06,8.3224,hedef,2.97,59.0,3.34,
2026-05-06,SAMAT,dip,2.3,0.145,5.68,1974.0,2026-05-08,5.8504,hedef,2.97,59.0,4.75,
2026-05-06,SUWEN,dip,3.4,0.144,9.11,1974.0,2026-05-06,8.8367,stop,-3.03,-60.0,0.44,
2026-05-06,TBORG,dip,2.6,0.109,145.5,1974.0,2026-05-11,149.865,hedef,2.97,59.0,3.92,
2026-05-06,TRGYO,kirilim,2.4,1.006,100.1,1974.0,2026-05-07,103.103,hedef,2.97,59.0,3.5,
2026-05-06,VESBE,dip,2.1,0.028,7.08,1974.0,2026-05-08,7.2924,hedef,2.97,59.0,3.53,
2026-05-06,YEOTK,kirilim,2.0,0.981,66.1,1974.0,2026-05-07,68.083,hedef,2.97,59.0,3.63,
2026-05-07,ALGYO,kirilim,2.1,1.008,7.38,2631.0,2026-05-07,7.1586,stop,-3.03,-80.0,0.14,
2026-05-07,BEGYO,dip,2.4,0.041,4.63,2631.0,2026-05-08,4.4911,stop,-3.03,-80.0,1.08,
2026-05-07,CCOLA,kirilim,3.2,0.989,86.45,2631.0,2026-05-11,89.0435,hedef,2.97,78.0,3.18,
2026-05-07,DGATE,kirilim,2.9,0.99,97.85,2631.0,2026-05-07,100.7855,hedef,2.97,78.0,3.01,
2026-05-07,EKOS,kirilim,2.8,0.918,7.22,2631.0,2026-05-07,7.4366,hedef,2.97,78.0,4.29,
2026-05-07,EMNIS,dip,3.1,0.119,165.0,2631.0,2026-05-07,169.95,hedef,2.97,78.0,5.33,
2026-05-07,GEDZA,kirilim,14.6,1.0,34.44,2631.0,2026-05-07,33.4068,stop,-3.03,-80.0,0.0,
2026-05-07,ICUGS,kirilim,8.4,1.071,6.93,2631.0,2026-05-07,6.7221,stop,-3.03,-80.0,0.0,
2026-05-07,IHLAS,dip,2.1,0.154,2.29,2631.0,2026-05-08,2.3587,hedef,2.97,78.0,3.06,
2026-05-07,ISDMR,kirilim,2.4,1.097,56.55,2631.0,2026-05-08,58.2465,hedef,2.97,78.0,3.71,
2026-05-07,KAREL,kirilim,2.6,0.986,13.05,2631.0,2026-05-07,13.4415,hedef,2.97,78.0,4.6,
2026-05-07,MERKO,kirilim,18.5,0.919,2.44,2631.0,2026-05-07,2.5132,hedef,2.97,78.0,4.1,
2026-05-07,ODAS,kirilim,2.1,1.024,7.91,2631.0,2026-05-07,8.1473,hedef,2.97,78.0,3.29,
2026-05-07,OSTIM,dip,3.4,0.18,2.98,2631.0,2026-05-14,2.8906,stop,-3.03,-80.0,2.68,
2026-05-07,OTKAR,dip,2.2,0.165,389.25,2631.0,2026-05-08,400.9275,hedef,2.97,78.0,3.02,
2026-05-07,OTTO,dip,2.4,0.066,298.0,2631.0,2026-05-07,306.94,hedef,2.97,78.0,4.45,
2026-05-07,PAPIL,dip,2.3,0.088,16.91,2631.0,2026-05-08,17.4173,hedef,2.97,78.0,3.25,
2026-05-07,RGYAS,kirilim,7.3,1.028,195.0,2631.0,2026-05-07,189.15,stop,-3.03,-80.0,0.0,
2026-05-07,SODSN,dip,3.6,0.093,9.71,2631.0,2026-05-07,10.0013,hedef,2.97,78.0,3.19,
2026-05-07,SURGY,kirilim,15.2,0.925,75.1,2631.0,2026-05-08,72.847,stop,-3.03,-80.0,1.2,
2026-05-07,TRGYO,kirilim,2.3,1.076,105.6,2631.0,2026-05-12,102.432,stop,-3.03,-80.0,2.08,
2026-05-07,VESBE,dip,2.5,0.034,7.13,2631.0,2026-05-11,7.3439,hedef,2.97,78.0,3.09,
2026-05-07,YEOTK,kirilim,2.1,1.127,71.7,2631.0,2026-05-08,73.851,hedef,2.97,78.0,4.32,
2026-05-08,ALGYO,kirilim,2.1,0.949,7.27,3725.0,2026-05-08,7.0519,stop,-3.03,-113.0,0.55,
2026-05-08,ASUZU,kirilim,4.1,0.883,71.55,3725.0,2026-05-12,69.4035,stop,-3.03,-113.0,0.98,
2026-05-08,BANVT,dip,2.1,0.164,165.0,3725.0,2026-05-11,169.95,hedef,2.97,111.0,5.27,
2026-05-08,BIGEN,kirilim,11.8,1.142,24.54,3725.0,2026-05-11,25.2762,hedef,2.97,111.0,9.94,
2026-05-08,ECZYT,kirilim,2.0,0.999,402.25,3725.0,2026-05-08,414.3175,hedef,2.97,111.0,4.97,
2026-05-08,FONET,kirilim,2.1,1.035,6.08,3725.0,2026-05-08,5.8976,stop,-3.03,-113.0,0.0,
2026-05-08,IHLAS,dip,3.2,0.176,2.35,3725.0,2026-05-12,2.2795,stop,-3.03,-113.0,0.43,
2026-05-08,ISBTR,dip,2.5,0.07,419035.0,3725.0,2026-05-13,406463.95,stop,-3.03,-113.0,0.02,
2026-05-08,KLRHO,dip,2.7,0.145,122.4,3725.0,2026-05-08,126.072,hedef,2.97,111.0,4.98,
2026-05-08,LMKDC,kirilim,2.2,1.067,38.2,3725.0,2026-05-13,37.054,stop,-3.03,-113.0,0.05,
2026-05-08,OTTO,dip,2.4,0.089,305.0,3725.0,2026-05-11,314.15,hedef,2.97,111.0,3.11,
2026-05-08,PETUN,kirilim,2.0,1.022,14.44,3725.0,2026-05-11,14.8732,hedef,2.97,111.0,3.74,
2026-05-08,PNSUT,kirilim,2.5,1.008,15.58,3725.0,2026-05-11,16.0474,hedef,2.97,111.0,6.55,
2026-05-08,SAMAT,dip,2.3,0.195,5.88,3725.0,2026-05-11,6.0564,hedef,2.97,111.0,3.4,
2026-05-08,TATGD,kirilim,3.1,1.0,21.78,3725.0,2026-05-08,21.1266,stop,-3.03,-113.0,0.0,
2026-05-08,TRILC,kirilim,11.0,0.744,3.65,3725.0,2026-05-08,3.7595,hedef,2.97,111.0,5.75,
2026-05-08,YBTAS,dip,2.6,0.045,17.96,3725.0,2026-05-13,17.4212,stop,-3.03,-113.0,0.45,
2026-05-11,ANGEN,kirilim,32.4,0.96,14.13,1465.0,2026-05-11,14.5539,hedef,2.97,43.0,4.03,
2026-05-11,ARASE,kirilim,2.6,0.996,111.6,1465.0,2026-05-11,108.252,stop,-3.03,-44.0,0.27,
2026-05-11,BIGTK,dip,6.0,0.027,215.0,1465.0,2026-05-11,208.55,stop,-3.03,-44.0,0.47,
2026-05-11,BIZIM,kirilim,31.9,1.086,35.0,1465.0,2026-05-11,33.95,stop,-3.03,-44.0,0.0,
2026-05-11,BVSAN,kirilim,14.2,1.032,158.0,1465.0,2026-05-11,153.26,stop,-3.03,-44.0,0.0,
2026-05-11,CEMAS,dip,3.6,0.133,5.06,1465.0,2026-05-14,4.9082,stop,-3.03,-44.0,2.77,
2026-05-11,EGGUB,kirilim,2.1,1.089,140.8,1465.0,2026-05-12,136.576,stop,-3.03,-44.0,1.07,
2026-05-11,ENSRI,dip,2.7,0.186,10.38,1465.0,2026-05-11,10.6914,hedef,2.97,43.0,3.47,
2026-05-11,ERBOS,kirilim,4.6,1.031,222.2,1465.0,2026-05-12,215.534,stop,-3.03,-44.0,1.71,
2026-05-11,EREGL,kirilim,2.3,1.089,42.94,1465.0,2026-05-11,41.6518,stop,-3.03,-44.0,0.93,
2026-05-11,FONET,kirilim,10.7,0.951,5.99,1465.0,2026-05-11,6.1697,hedef,2.97,43.0,6.68,
2026-05-11,GESAN,kirilim,2.1,0.992,62.65,1465.0,2026-05-11,64.5295,hedef,2.97,43.0,3.19,
2026-05-11,GRTHO,dip,2.2,0.109,259.0,1465.0,2026-05-11,251.23,stop,-3.03,-44.0,1.45,
2026-05-11,HOROZ,kirilim,4.1,0.957,93.0,1465.0,2026-05-11,95.79,hedef,2.97,43.0,3.12,
2026-05-11,IEYHO,kirilim,2.5,0.992,100.7,1465.0,2026-05-13,103.721,hedef,2.97,43.0,3.18,
2026-05-11,INDES,kirilim,2.1,0.991,11.57,1465.0,2026-05-11,11.9171,hedef,2.97,43.0,3.11,
2026-05-11,ISDMR,kirilim,2.1,1.058,60.75,1465.0,2026-05-11,58.9275,stop,-3.03,-44.0,1.32,
2026-05-11,JANTS,dip,2.1,0.144,18.29,1465.0,2026-05-13,17.7413,stop,-3.03,-44.0,1.09,
2026-05-11,KERVN,kirilim,10.4,1.099,5.11,1465.0,2026-05-12,4.9567,stop,-3.03,-44.0,0.0,
2026-05-11,KLRHO,dip,3.6,0.172,140.8,1465.0,2026-05-11,136.576,stop,-3.03,-44.0,0.0,
2026-05-11,KRDMD,kirilim,2.3,1.006,41.02,1465.0,2026-05-11,42.2506,hedef,2.97,43.0,7.41,
2026-05-11,LRSHO,dip,4.1,0.199,4.18,1465.0,2026-05-11,4.0546,stop,-3.03,-44.0,2.87,
2026-05-11,MEGMT,kirilim,2.1,1.067,92.6,1465.0,2026-05-12,89.822,stop,-3.03,-44.0,2.92,
2026-05-11,OSTIM,dip,3.0,0.199,3.01,1465.0,2026-05-13,2.9197,stop,-3.03,-44.0,1.66,
2026-05-11,OTTO,dip,3.4,0.072,300.0,1465.0,2026-05-11,309.0,hedef,2.97,43.0,3.0,
2026-05-11,PETUN,kirilim,2.4,0.964,14.58,1465.0,2026-05-11,15.0174,hedef,2.97,43.0,4.25,
2026-05-11,PNSUT,kirilim,4.8,0.986,15.89,1465.0,2026-05-11,16.3667,hedef,2.97,43.0,5.29,
2026-05-11,SAYAS,kirilim,3.1,0.881,57.55,1465.0,2026-05-11,59.2765,hedef,2.97,43.0,5.73,
2026-05-11,SDTTR,kirilim,2.6,0.838,270.0,1465.0,2026-05-11,278.1,hedef,2.97,43.0,3.7,
2026-05-11,SISE,kirilim,2.2,0.964,51.85,1465.0,2026-05-11,53.4055,hedef,2.97,43.0,3.47,
2026-05-11,SODSN,dip,2.6,0.17,10.3,1465.0,2026-05-12,9.991,stop,-3.03,-44.0,1.07,
2026-05-11,SUWEN,dip,2.0,0.123,8.94,1465.0,2026-05-12,8.6718,stop,-3.03,-44.0,1.23,
2026-05-11,TBORG,dip,7.6,0.171,150.0,1465.0,2026-05-12,145.5,stop,-3.03,-44.0,0.0,
2026-05-11,VESBE,dip,2.1,0.06,7.33,1465.0,2026-05-12,7.5499,hedef,2.97,43.0,3.41,
2026-05-11,VESTL,dip,2.1,0.163,29.9,1465.0,2026-05-13,29.003,stop,-3.03,-44.0,2.74,
2026-05-11,ZEDUR,kirilim,21.2,1.095,11.31,1465.0,2026-05-11,11.6493,hedef,2.97,43.0,5.66,
2026-05-12,A1YEN,kirilim,5.8,0.956,3.99,1996.0,2026-05-12,4.1097,hedef,2.97,59.0,3.76,
2026-05-12,ACSEL,kirilim,2.3,1.14,154.0,1996.0,2026-05-13,158.62,hedef,2.97,59.0,3.25,
2026-05-12,ARASE,kirilim,19.4,1.036,114.8,1996.0,2026-05-12,118.244,hedef,2.97,59.0,3.92,
2026-05-12,BALSU,dip,5.5,0.114,15.2,1996.0,2026-05-13,14.744,stop,-3.03,-61.0,0.53,
2026-05-12,BIGTK,dip,17.3,0.058,227.2,1996.0,2026-05-13,234.016,hedef,2.97,59.0,5.02,
2026-05-12,BIMAS,kirilim,6.8,1.006,402.25,1996.0,2026-05-12,390.1825,stop,-3.03,-61.0,0.31,
2026-05-12,BOBET,dip,3.5,0.187,20.0,1996.0,2026-05-13,19.4,stop,-3.03,-61.0,0.0,
2026-05-12,DMRGD,kirilim,3.1,1.04,8.22,1996.0,2026-05-13,8.4666,hedef,2.97,59.0,4.38,
2026-05-12,ENSRI,dip,3.2,0.176,10.03,1996.0,2026-05-12,10.3309,hedef,2.97,59.0,3.19,
2026-05-12,ESEN,dip,8.0,0.042,4.17,1996.0,2026-05-12,4.2951,hedef,2.97,59.0,3.12,
2026-05-12,ISBIR,dip,3.2,0.154,78.5,1996.0,2026-05-18,80.855,hedef,2.97,59.0,3.12,
2026-05-12,JANTS,dip,3.9,0.157,18.48,1996.0,2026-05-12,17.9256,stop,-3.03,-61.0,0.0,
2026-05-12,KARSN,kirilim,16.4,1.08,13.1,1996.0,2026-05-12,13.493,hedef,2.97,59.0,6.11,
2026-05-12,KORDS,kirilim,7.3,1.041,73.0,1996.0,2026-05-12,75.19,hedef,2.97,59.0,8.08,
2026-05-12,KRDMD,kirilim,2.8,1.075,46.32,1996.0,2026-05-12,44.9304,stop,-3.03,-61.0,0.0,
2026-05-12,KRVGD,kirilim,15.9,1.006,3.36,1996.0,2026-05-12,3.2592,stop,-3.03,-61.0,0.0,
2026-05-12,LRSHO,dip,3.3,0.148,3.95,1996.0,2026-05-13,3.8315,stop,-3.03,-61.0,0.25,
2026-05-12,MAGEN,kirilim,2.2,1.009,66.9,1996.0,2026-05-15,64.893,stop,-3.03,-61.0,2.69,
2026-05-12,MEGMT,kirilim,2.3,0.907,88.4,1996.0,2026-05-13,85.748,stop,-3.03,-61.0,1.3,
2026-05-12,MGROS,kirilim,2.9,0.996,697.5,1996.0,2026-05-14,718.425,hedef,2.97,59.0,4.23,
2026-05-12,NATEN,dip,3.7,0.119,7.49,1996.0,2026-05-12,7.7147,hedef,2.97,59.0,3.87,
2026-05-12,PEKGY,kirilim,3.3,1.089,18.71,1996.0,2026-05-13,18.1487,stop,-3.03,-61.0,6.57,
2026-05-12,PETUN,kirilim,4.7,0.892,14.98,1996.0,2026-05-12,15.4294,hedef,2.97,59.0,3.14,
2026-05-12,PKART,kirilim,3.0,0.977,177.1,1996.0,2026-05-12,171.787,stop,-3.03,-61.0,1.75,
2026-05-12,RTALB,kirilim,9.0,0.986,4.77,1996.0,2026-05-12,4.6269,stop,-3.03,-61.0,1.47,
2026-05-12,SELEC,kirilim,7.4,0.913,114.5,1996.0,2026-05-12,111.065,stop,-3.03,-61.0,2.45,
2026-05-12,SUWEN,dip,2.2,0.108,8.82,1996.0,2026-05-12,8.5554,stop,-3.03,-61.0,0.0,
2026-05-12,TATGD,kirilim,2.4,1.002,21.86,1996.0,2026-05-13,21.2042,stop,-3.03,-61.0,2.93,
2026-05-12,TBORG,dip,16.2,0.067,142.5,1996.0,2026-05-20,138.225,stop,-3.03,-61.0,0.84,
2026-05-12,TDGYO,dip,2.1,0.163,17.0,1996.0,2026-05-13,16.49,stop,-3.03,-61.0,1.41,
2026-05-12,TTRAK,dip,5.2,0.169,471.0,1996.0,2026-05-14,485.13,hedef,2.97,59.0,3.18,
2026-05-12,USAK,dip,2.6,0.086,1.79,1996.0,2026-05-12,1.7363,stop,-3.03,-61.0,0.0,
2026-05-12,VESBE,dip,2.1,0.075,7.44,1996.0,2026-05-12,7.6632,hedef,2.97,59.0,4.84,
2026-05-12,YBTAS,dip,2.4,0.047,18.0,1996.0,2026-05-13,17.46,stop,-3.03,-61.0,0.0,
2026-05-12,YEOTK,kirilim,4.1,0.944,85.5,1996.0,2026-05-12,88.065,hedef,2.97,59.0,10.94,
2026-05-13,A1YEN,kirilim,4.3,0.951,4.05,3322.0,2026-05-13,4.1715,hedef,2.97,99.0,4.2,
2026-05-13,AKENR,kirilim,7.0,0.922,13.85,3322.0,2026-05-13,14.2655,hedef,2.97,99.0,6.64,
2026-05-13,ATATP,kirilim,8.6,1.024,193.7,3322.0,2026-05-13,199.511,hedef,2.97,99.0,3.3,
2026-05-13,BAKAB,kirilim,13.2,0.962,50.5,3322.0,2026-05-13,48.985,stop,-3.03,-101.0,1.09,
2026-05-13,BIGTK,dip,10.7,0.085,238.0,3322.0,2026-05-13,230.86,stop,-3.03,-101.0,4.12,
2026-05-13,CEMAS,dip,2.4,0.131,5.04,3322.0,2026-05-14,4.8888,stop,-3.03,-101.0,2.78,
2026-05-13,EKOS,kirilim,2.1,0.925,8.54,3322.0,2026-05-13,8.2838,stop,-3.03,-101.0,0.35,
2026-05-13,GARFA,kirilim,3.2,0.957,32.54,3322.0,2026-05-14,33.5162,hedef,2.97,99.0,4.0,
2026-05-13,HURGZ,kirilim,2.3,0.928,9.33,3322.0,2026-05-13,9.6099,hedef,2.97,99.0,6.97,
2026-05-13,JANTS,dip,2.9,0.114,17.84,3322.0,2026-05-14,18.3752,hedef,2.97,99.0,3.36,
2026-05-13,SMRTG,kirilim,2.7,0.958,11.47,3322.0,2026-05-13,11.8141,hedef,2.97,99.0,8.81,
2026-05-13,SUWEN,dip,2.0,0.041,8.28,3322.0,2026-05-14,8.0316,stop,-3.03,-101.0,0.48,
2026-05-13,TABGD,kirilim,2.5,0.994,285.0,3322.0,2026-05-14,276.45,stop,-3.03,-101.0,2.54,
2026-05-13,TTRAK,dip,3.2,0.148,466.5,3322.0,2026-05-13,480.495,hedef,2.97,99.0,3.64,
2026-05-13,ULUSE,kirilim,8.7,0.929,266.0,3322.0,2026-05-13,273.98,hedef,2.97,99.0,6.3,
2026-05-13,VESBE,dip,2.3,0.068,7.39,3322.0,2026-05-15,7.1683,stop,-3.03,-101.0,0.41,
2026-05-13,VRGYO,dip,3.5,0.184,2.51,3322.0,2026-05-13,2.4347,stop,-3.03,-101.0,0.0,
2026-05-13,YBTAS,dip,2.3,0.031,17.51,3322.0,2026-05-20,16.9847,stop,-3.03,-101.0,0.0,
2026-05-13,YONGA,dip,2.9,0.161,58.05,3322.0,2026-05-14,59.7915,hedef,2.97,99.0,3.45,
2026-05-14,AKENR,kirilim,3.0,0.931,14.38,4468.0,2026-05-15,14.8114,hedef,2.97,133.0,4.17,
2026-05-14,ALCAR,dip,32.9,0.197,777.0,4468.0,2026-05-18,753.69,stop,-3.03,-136.0,1.16,
2026-05-14,ALFAS,kirilim,2.6,0.932,54.25,4468.0,2026-05-14,55.8775,hedef,2.97,133.0,4.98,
2026-05-14,BRLSM,kirilim,50.5,0.826,18.11,4468.0,2026-05-14,18.6533,hedef,2.97,133.0,6.9,
2026-05-14,GARFA,kirilim,2.0,1.035,33.84,4468.0,2026-05-14,32.8248,stop,-3.03,-136.0,1.65,
2026-05-14,INTEK,dip,2.9,0.03,240.0,4468.0,2026-05-15,247.2,hedef,2.97,133.0,3.75,
2026-05-14,JANTS,dip,3.4,0.16,18.52,4468.0,2026-05-15,17.9644,stop,-3.03,-136.0,0.11,
2026-05-14,KARSN,kirilim,2.2,0.985,15.05,4468.0,2026-05-14,14.5985,stop,-3.03,-136.0,0.66,
2026-05-14,KENT,dip,2.1,0.094,424.25,4468.0,2026-05-15,411.5225,stop,-3.03,-136.0,0.0,
2026-05-14,KMPUR,kirilim,2.4,0.99,23.04,4468.0,2026-05-15,22.3488,stop,-3.03,-136.0,1.82,
2026-05-14,MOBTL,kirilim,2.1,1.006,14.45,4468.0,2026-05-20,14.0165,stop,-3.03,-136.0,2.84,
2026-05-14,RGYAS,kirilim,6.2,1.144,207.4,4468.0,2026-05-14,201.178,stop,-3.03,-136.0,0.05,
2026-05-14,RTALB,kirilim,2.6,1.044,4.94,4468.0,2026-05-14,4.7918,stop,-3.03,-136.0,0.0,
2026-05-14,TTRAK,dip,2.5,0.171,471.5,4468.0,2026-05-18,457.355,stop,-3.03,-136.0,2.55,
2026-05-14,ULUUN,kirilim,2.3,1.032,10.42,4468.0,2026-05-15,10.1074,stop,-3.03,-136.0,0.58,
2026-05-14,UNLU,dip,4.0,0.186,13.77,4468.0,2026-05-20,13.3569,stop,-3.03,-136.0,2.69,
2026-05-14,VRGYO,dip,4.4,0.124,2.37,4468.0,2026-05-15,2.2989,stop,-3.03,-136.0,2.11,
2026-05-14,YEOTK,kirilim,2.7,1.02,104.7,4468.0,2026-05-14,107.841,hedef,2.97,133.0,4.11,
2026-05-15,ALFAS,kirilim,2.2,0.846,53.7,4928.0,2026-05-15,52.089,stop,-3.03,-149.0,2.42,
2026-05-15,BUCIM,dip,4.4,0.148,6.21,4928.0,2026-05-18,6.0237,stop,-3.03,-149.0,0.64,
2026-05-15,DERHL,dip,2.4,0.014,14.69,4928.0,2026-05-18,14.2493,stop,-3.03,-149.0,0.2,
2026-05-15,FORMT,dip,5.1,-0.005,2.6,4928.0,2026-05-18,2.522,stop,-3.03,-149.0,1.15,
2026-05-15,IHLAS,dip,4.5,0.092,2.12,4928.0,2026-05-18,2.0564,stop,-3.03,-149.0,0.47,
2026-05-15,KRGYO,dip,2.4,0.071,2.84,4928.0,2026-05-18,2.7548,stop,-3.03,-149.0,0.0,
2026-05-15,NTHOL,dip,3.3,0.133,40.0,4928.0,2026-05-18,38.8,stop,-3.03,-149.0,0.0,
2026-05-15,ORGE,kirilim,2.3,1.071,101.8,4928.0,2026-05-15,98.746,stop,-3.03,-149.0,2.06,
2026-05-15,OSTIM,dip,2.2,0.128,2.86,4928.0,2026-05-15,2.7742,stop,-3.03,-149.0,0.0,
2026-05-15,TUCLK,dip,3.9,0.158,4.46,4928.0,2026-05-15,4.5938,hedef,2.97,146.0,7.62,
2026-05-15,ULUSE,kirilim,2.2,0.976,292.5,4928.0,2026-05-15,283.725,stop,-3.03,-149.0,0.51,
2026-05-15,VRGYO,dip,3.0,0.111,2.34,4928.0,2026-05-18,2.2698,stop,-3.03,-149.0,1.28,
2026-05-18,BUCIM,dip,2.3,0.143,6.2,3763.0,2026-05-20,6.014,stop,-3.03,-114.0,0.0,
2026-05-18,CEMAS,dip,4.6,0.142,5.13,3763.0,2026-05-18,4.9761,stop,-3.03,-114.0,0.0,
2026-05-18,CMENT,dip,2.9,0.037,301.75,3763.0,2026-05-18,310.8025,hedef,2.97,112.0,4.39,
2026-05-18,ELITE,kirilim,4.5,1.098,42.98,3763.0,2026-05-18,41.6906,stop,-3.03,-114.0,0.37,
2026-05-18,GARFA,kirilim,6.8,0.983,35.66,3763.0,2026-05-18,34.5902,stop,-3.03,-114.0,0.0,
2026-05-18,GSDHO,kirilim,8.1,0.992,5.99,3763.0,2026-05-18,6.1697,hedef,2.97,112.0,5.34,
2026-05-18,ICBCT,kirilim,2.7,0.96,18.6,3763.0,2026-05-18,19.158,hedef,2.97,112.0,7.53,
2026-05-18,ISSEN,kirilim,119.0,1.067,10.03,3763.0,2026-05-18,10.3309,hedef,2.97,112.0,4.89,
2026-05-18,IZENR,kirilim,2.5,1.005,11.97,3763.0,2026-05-20,12.3291,hedef,2.97,112.0,4.01,
2026-05-18,JANTS,dip,6.5,0.191,18.98,3763.0,2026-05-18,18.4106,stop,-3.03,-114.0,0.84,
2026-05-18,KONTR,dip,2.6,0.012,7.77,3763.0,2026-05-18,8.0031,hedef,2.97,112.0,6.31,
2026-05-18,ODINE,kirilim,33.1,0.931,1227.0,3763.0,2026-05-18,1263.81,hedef,2.97,112.0,3.1,
2026-05-18,TDGYO,dip,2.9,0.114,15.5,3763.0,2026-05-20,15.035,stop,-3.03,-114.0,1.61,
2026-05-18,USAK,dip,2.1,0.054,1.66,3763.0,2026-05-20,1.6102,stop,-3.03,-114.0,0.6,
2026-05-18,VBTYZ,kirilim,3.8,1.084,26.92,3763.0,2026-05-20,27.7276,hedef,2.97,112.0,3.19,
2026-05-18,ZRGYO,dip,2.0,-0.01,19.89,3763.0,2026-05-20,19.2933,stop,-3.03,-114.0,0.3,
2026-05-20,AKFIS,kirilim,2.7,0.995,66.9,6835.0,2026-05-20,64.893,stop,-3.03,-207.0,0.0,
2026-05-20,BAYRK,dip,3.0,0.197,5.08,6835.0,2026-05-20,4.9276,stop,-3.03,-207.0,2.17,
2026-05-20,BIGCH,dip,4.2,0.137,6.61,6835.0,2026-05-21,6.4117,stop,-3.03,-207.0,1.82,
2026-05-20,CEMAS,dip,2.2,0.135,5.07,6835.0,2026-05-21,4.9179,stop,-3.03,-207.0,1.58,
2026-05-20,EKSUN,kirilim,9.8,0.907,7.41,6835.0,2026-05-20,7.6323,hedef,2.97,203.0,6.61,
2026-05-20,EUKYO,kirilim,2.1,1.01,8.25,6835.0,2026-05-21,8.4975,hedef,2.97,203.0,5.45,
2026-05-20,EUPWR,kirilim,7.9,1.072,68.8,6835.0,2026-05-21,70.864,hedef,2.97,203.0,5.23,
2026-05-20,FORMT,dip,2.4,-0.009,2.39,6835.0,2026-05-21,2.3183,stop,-3.03,-207.0,1.26,
2026-05-20,FROTO,dip,2.4,0.15,87.35,6835.0,2026-05-21,84.7295,stop,-3.03,-207.0,0.0,
2026-05-20,IEYHO,kirilim,2.2,1.016,106.0,6835.0,2026-05-21,109.18,hedef,2.97,203.0,3.77,
2026-05-20,LKMNH,dip,17.0,0.17,15.21,6835.0,2026-05-20,15.6663,hedef,2.97,203.0,3.55,
2026-05-20,SNPAM,dip,4.4,0.135,21.92,6835.0,2026-05-21,21.2624,stop,-3.03,-207.0,2.74,
2026-05-21,BAKAB,kirilim,9.4,1.0,52.0,4233.0,2026-05-21,50.44,stop,-3.03,-128.0,0.0,
2026-05-21,BIGTK,dip,56.0,0.019,212.0,4233.0,2026-05-21,218.36,hedef,2.97,126.0,6.08,
2026-05-21,DAPGM,dip,6.2,0.124,9.77,4233.0,2026-05-21,10.0631,hedef,2.97,126.0,3.38,
2026-05-21,DMRGD,kirilim,3.7,0.988,9.31,4233.0,2026-05-21,9.5893,hedef,2.97,126.0,5.26,
2026-05-21,EBEBK,kirilim,2.0,0.981,77.95,4233.0,2026-05-21,75.6115,stop,-3.03,-128.0,0.06,
2026-05-21,GESAN,kirilim,4.8,1.011,66.0,4233.0,2026-05-21,67.98,hedef,2.97,126.0,3.56,
2026-05-21,GSRAY,dip,2.6,0.095,1.08,4233.0,2026-05-21,1.0476,stop,-3.03,-128.0,0.93,
2026-05-21,GUNDG,kirilim,5.1,1.103,1097.0,4233.0,2026-05-21,1064.09,stop,-3.03,-128.0,0.0,
2026-05-21,KNFRT,dip,2.1,0.186,12.26,4233.0,2026-05-21,11.8922,stop,-3.03,-128.0,0.0,
2026-05-21,LRSHO,dip,3.3,0.044,3.48,4233.0,2026-05-21,3.3756,stop,-3.03,-128.0,1.44,
2026-05-21,ORGE,kirilim,2.9,0.995,104.2,4233.0,2026-05-21,107.326,hedef,2.97,126.0,5.85,
2026-05-21,OSMEN,dip,3.3,0.135,7.47,4233.0,2026-05-21,7.2459,stop,-3.03,-128.0,0.94,
2026-05-21,OTKAR,dip,3.0,0.14,382.75,4233.0,2026-05-21,371.2675,stop,-3.03,-128.0,0.52,
2026-05-21,VERUS,kirilim,5.7,0.983,573.0,4233.0,2026-05-22,590.19,hedef,2.97,126.0,4.71,
2026-05-21,VRGYO,dip,5.4,0.056,2.21,4233.0,2026-05-21,2.1437,stop,-3.03,-128.0,0.0,
2026-05-22,ALVES,dip,8.0,0.11,2.61,2628.0,2026-05-22,2.6883,hedef,2.97,78.0,5.75,
2026-05-22,ARCLK,dip,2.4,0.045,101.8,2628.0,2026-05-22,104.854,hedef,2.97,78.0,3.44,
2026-05-22,BFREN,dip,3.4,0.005,130.0,2628.0,2026-05-22,133.9,hedef,2.97,78.0,6.46,
2026-05-22,BRYAT,dip,2.3,0.125,1810.0,2628.0,2026-05-22,1864.3,hedef,2.97,78.0,5.91,
2026-05-22,CEMAS,dip,2.3,0.047,4.34,2628.0,2026-05-22,4.4702,hedef,2.97,78.0,4.84,
2026-05-22,CMENT,dip,2.8,0.023,299.0,2628.0,2026-05-26,307.97,hedef,2.97,78.0,3.34,
2026-05-22,CONSE,dip,2.5,0.015,2.71,2628.0,2026-05-22,2.7913,hedef,2.97,78.0,4.06,
2026-05-22,DAPGM,dip,3.1,0.033,8.74,2628.0,2026-05-22,9.0022,hedef,2.97,78.0,6.06,
2026-05-22,DOFER,dip,3.4,0.146,32.86,2628.0,2026-05-22,33.8458,hedef,2.97,78.0,3.29,
2026-05-22,EGEEN,dip,4.4,-0.007,5385.0,2628.0,2026-05-22,5546.55,hedef,2.97,78.0,3.85,
2026-05-22,FROTO,dip,2.1,0.061,82.3,2628.0,2026-05-22,84.769,hedef,2.97,78.0,3.04,
2026-05-22,GIPTA,dip,2.9,0.165,69.0,2628.0,2026-05-22,71.07,hedef,2.97,78.0,10.07,
2026-05-22,GUNDG,kirilim,9.2,1.011,1109.0,2628.0,2026-05-22,1142.27,hedef,2.97,78.0,6.85,
2026-05-22,ICBCT,kirilim,14.2,1.136,22.34,2628.0,2026-05-22,23.0102,hedef,2.97,78.0,3.94,
2026-05-22,IEYHO,kirilim,5.5,1.015,113.1,2628.0,2026-05-25,116.493,hedef,2.97,78.0,3.27,
2026-05-22,INTEK,dip,3.7,0.008,233.0,2628.0,2026-05-22,239.99,hedef,2.97,78.0,3.22,
2026-05-22,ISBTR,dip,2.1,0.128,410000.0,2628.0,2026-05-25,397700.0,stop,-3.03,-80.0,0.0,
2026-05-22,JANTS,dip,2.0,0.015,16.37,2628.0,2026-05-22,16.8611,hedef,2.97,78.0,4.7,
2026-05-22,KAYSE,dip,3.5,0.132,4.35,2628.0,2026-05-22,4.4805,hedef,2.97,78.0,3.91,
2026-05-22,KCAER,dip,2.1,0.155,11.01,2628.0,2026-05-22,11.3403,hedef,2.97,78.0,5.0,
2026-05-22,KONYA,dip,4.4,-0.004,3677.5,2628.0,2026-05-22,3787.825,hedef,2.97,78.0,3.26,
2026-05-22,KOPOL,dip,44.1,0.151,5.11,2628.0,2026-05-22,5.2633,hedef,2.97,78.0,8.81,
2026-05-22,KOTON,dip,2.1,0.032,13.9,2628.0,2026-05-22,14.317,hedef,2.97,78.0,3.53,
2026-05-22,KRGYO,dip,4.0,0.014,2.62,2628.0,2026-05-25,2.6986,hedef,2.97,78.0,3.82,
2026-05-22,KUTPO,dip,2.5,0.177,87.65,2628.0,2026-05-25,90.2795,hedef,2.97,78.0,3.31,
2026-05-22,MNDTR,dip,3.1,0.106,5.48,2628.0,2026-05-22,5.6444,hedef,2.97,78.0,3.28,
2026-05-22,NTHOL,dip,5.6,-0.027,35.48,2628.0,2026-05-22,36.5444,hedef,2.97,78.0,3.27,
2026-05-22,OTKAR,dip,2.2,0.051,362.0,2628.0,2026-05-22,372.86,hedef,2.97,78.0,4.56,
2026-05-22,OTTO,dip,4.1,-0.074,223.6,2628.0,2026-05-22,230.308,hedef,2.97,78.0,4.65,
2026-05-22,OYAKC,dip,4.1,-0.012,19.4,2628.0,2026-05-22,19.982,hedef,2.97,78.0,4.54,
2026-05-22,PARSN,dip,3.1,0.082,77.75,2628.0,2026-05-22,80.0825,hedef,2.97,78.0,3.34,
2026-05-22,PGSUS,dip,3.0,0.023,165.5,2628.0,2026-05-25,170.465,hedef,2.97,78.0,4.59,
2026-05-22,SNGYO,dip,2.9,0.06,3.43,2628.0,2026-05-25,3.5329,hedef,2.97,78.0,3.21,
2026-05-22,SNICA,dip,2.2,0.109,3.86,2628.0,2026-05-22,3.9758,hedef,2.97,78.0,4.4,
2026-05-22,TCKRC,kirilim,2.1,1.053,138.9,2628.0,2026-05-25,143.067,hedef,2.97,78.0,3.89,
2026-05-22,TMSN,dip,2.9,-0.033,92.1,2628.0,2026-05-22,94.863,hedef,2.97,78.0,4.89,
2026-05-22,TSKB,dip,2.7,0.158,11.21,2628.0,2026-06-02,11.5463,hedef,2.97,78.0,3.12,
2026-05-22,TUREX,dip,2.1,0.073,7.84,2628.0,2026-05-22,8.0752,hedef,2.97,78.0,3.19,
2026-05-22,VERUS,kirilim,10.4,0.97,574.5,2628.0,2026-05-22,591.735,hedef,2.97,78.0,3.05,
2026-05-22,VESTL,dip,2.4,0.011,25.78,2628.0,2026-05-25,26.5534,hedef,2.97,78.0,3.96,
2026-05-22,VRGYO,dip,2.8,0.004,2.09,2628.0,2026-05-22,2.1527,hedef,2.97,78.0,3.35,
2026-05-22,YBTAS,dip,2.3,0.015,15.98,2628.0,2026-05-26,16.4594,hedef,2.97,78.0,3.44,
2026-05-22,ZRGYO,dip,6.9,-0.034,17.07,2628.0,2026-05-22,17.5821,hedef,2.97,78.0,5.33,
2026-05-25,BIGTK,dip,2.1,0.061,228.5,7578.0,2026-05-26,221.645,stop,-3.03,-230.0,0.0,
2026-05-25,CEMTS,dip,6.9,0.18,10.35,7578.0,2026-05-25,10.6605,hedef,2.97,225.0,3.96,
2026-05-25,CONSE,dip,2.8,0.157,2.9,7578.0,2026-06-01,2.987,hedef,2.97,225.0,3.1,
2026-05-25,DURDO,kirilim,23.5,0.911,5.01,7578.0,2026-05-25,5.1603,hedef,2.97,225.0,3.99,
2026-05-25,EUKYO,kirilim,3.8,0.978,9.12,7578.0,2026-05-26,9.3936,hedef,2.97,225.0,4.06,
2026-05-25,GEDZA,kirilim,4.5,1.019,36.82,7578.0,2026-05-25,35.7154,stop,-3.03,-230.0,1.52,
2026-05-25,GESAN,kirilim,6.8,1.008,70.4,7578.0,2026-05-25,72.512,hedef,2.97,225.0,4.55,
2026-05-25,IEYHO,kirilim,3.2,0.997,114.6,7578.0,2026-05-26,118.038,hedef,2.97,225.0,3.05,
2026-05-25,KLGYO,dip,2.6,0.111,4.85,7578.0,2026-06-04,4.9955,hedef,2.97,225.0,3.92,
2026-05-25,LINK,dip,2.4,0.154,7.04,7578.0,2026-05-26,7.2512,hedef,2.97,225.0,3.41,
2026-05-25,PGSUS,dip,2.0,0.103,173.1,7578.0,2026-06-05,167.907,stop,-3.03,-230.0,0.12,
2026-05-25,TSKB,dip,2.8,0.156,11.2,7578.0,2026-06-02,11.536,hedef,2.97,225.0,3.21,
2026-05-26,ADEL,dip,14.1,0.192,33.26,462.0,2026-06-03,32.2622,stop,-3.03,-14.0,1.98,
2026-05-26,ADESE,dip,5.2,0.105,1.01,462.0,2026-06-01,1.0403,hedef,2.97,14.0,3.96,
2026-05-26,AFYON,dip,13.6,0.157,12.73,462.0,2026-06-01,13.1119,hedef,2.97,14.0,3.22,
2026-05-26,AGROT,dip,8.3,0.12,2.91,462.0,2026-06-01,2.9973,hedef,2.97,14.0,3.44,
2026-05-26,ALCAR,dip,28.0,0.081,731.0,462.0,2026-06-01,752.93,hedef,2.97,14.0,4.58,
2026-05-26,ALFAS,kirilim,111.3,0.944,56.15,462.0,2026-05-26,54.4655,stop,-3.03,-14.0,0.0,
2026-05-26,ALVES,dip,12.6,0.123,2.64,462.0,2026-06-01,2.7192,hedef,2.97,14.0,3.03,
2026-05-26,ARCLK,dip,12.2,0.095,104.2,462.0,2026-06-02,107.326,hedef,2.97,14.0,3.07,
2026-05-26,ARENA,dip,10.3,0.187,27.66,462.0,2026-06-01,28.4898,hedef,2.97,14.0,4.05,
2026-05-26,AYCES,dip,15.2,0.154,517.5,462.0,2026-06-03,533.025,hedef,2.97,14.0,9.18,
2026-05-26,BALSU,dip,35.4,0.024,13.29,462.0,2026-06-01,13.6887,hedef,2.97,14.0,4.44,
2026-05-26,BANVT,dip,14.8,0.042,150.3,462.0,2026-06-01,154.809,hedef,2.97,14.0,3.33,
2026-05-26,BEGYO,dip,9.2,0.026,4.22,462.0,2026-06-03,4.3466,hedef,2.97,14.0,3.08,
2026-05-26,BFREN,dip,22.2,0.088,138.1,462.0,2026-06-01,142.243,hedef,2.97,14.0,4.34,
2026-05-26,BIENY,dip,30.3,0.095,23.74,462.0,2026-05-26,24.4522,hedef,2.97,14.0,3.96,
2026-05-26,BIGCH,dip,11.6,0.109,6.34,462.0,2026-06-01,6.5302,hedef,2.97,14.0,3.31,
2026-05-26,BIGTK,dip,6.4,0.032,216.9,462.0,2026-06-01,223.407,hedef,2.97,14.0,7.7,
2026-05-26,BIOEN,dip,12.8,0.185,17.13,462.0,2026-06-05,17.6439,hedef,2.97,14.0,6.77,
2026-05-26,BJKAS,dip,4.0,0.112,1.55,462.0,2026-06-01,1.5965,hedef,2.97,14.0,3.87,
2026-05-26,BOBET,dip,19.2,0.091,18.64,462.0,2026-06-08,18.98,acik_kaldi,1.79,8.0,2.58,
2026-05-26,BUCIM,dip,26.5,0.158,6.08,462.0,2026-06-03,6.2624,hedef,2.97,14.0,3.62,
2026-05-26,CEMAS,dip,18.9,0.102,4.8,462.0,2026-06-01,4.944,hedef,2.97,14.0,3.33,
2026-05-26,CMBTN,dip,13.0,0.097,1598.0,462.0,2026-06-01,1645.94,hedef,2.97,14.0,3.13,
2026-05-26,CONSE,dip,18.5,0.149,2.89,462.0,2026-06-01,2.9767,hedef,2.97,14.0,3.11,
2026-05-26,DAPGM,dip,9.4,0.097,9.47,462.0,2026-06-01,9.7541,hedef,2.97,14.0,3.38,
2026-05-26,DENGE,dip,11.4,0.184,2.3,462.0,2026-06-01,2.369,hedef,2.97,14.0,3.04,
2026-05-26,DERHL,dip,13.0,0.02,14.37,462.0,2026-06-01,14.8011,hedef,2.97,14.0,3.2,
2026-05-26,DMRGD,kirilim,3.6,1.008,10.29,462.0,2026-06-01,9.9813,stop,-3.03,-14.0,1.85,
2026-05-26,DNISI,dip,16.7,0.122,19.25,462.0,2026-06-01,19.8275,hedef,2.97,14.0,3.84,
2026-05-26,DOFER,dip,26.1,0.186,34.4,462.0,2026-05-26,35.432,hedef,2.97,14.0,3.55,
2026-05-26,DURDO,kirilim,45.4,1.012,5.3,462.0,2026-05-26,5.141,stop,-3.03,-14.0,0.57,
2026-05-26,EGEEN,dip,10.7,0.079,5630.0,462.0,2026-06-01,5798.9,hedef,2.97,14.0,5.33,
2026-05-26,EMKEL,dip,39.9,0.036,21.9,462.0,2026-06-01,22.557,hedef,2.97,14.0,3.84,
2026-05-26,ENSRI,dip,2.3,0.172,9.89,462.0,2026-06-01,10.1867,hedef,2.97,14.0,4.15,
2026-05-26,ESEN,dip,5.6,0.023,3.86,462.0,2026-05-26,3.9758,hedef,2.97,14.0,3.63,
2026-05-26,EUKYO,kirilim,2.2,0.949,9.12,462.0,2026-06-01,8.8464,stop,-3.03,-14.0,2.74,
2026-05-26,EUREN,dip,2.8,0.057,4.79,462.0,2026-06-01,4.9337,hedef,2.97,14.0,3.34,
2026-05-26,EYGYO,dip,7.6,0.145,2.59,462.0,2026-05-26,2.6677,hedef,2.97,14.0,5.41,
2026-05-26,FMIZP,dip,9.6,0.188,291.75,462.0,2026-06-01,300.5025,hedef,2.97,14.0,3.17,
2026-05-26,FORMT,dip,16.0,0.073,2.21,462.0,2026-05-26,2.2763,hedef,2.97,14.0,3.17,
2026-05-26,FROTO,dip,23.6,0.141,86.85,462.0,2026-05-26,84.2445,stop,-3.03,-14.0,0.98,
2026-05-26,GENTS,dip,9.9,0.064,7.19,462.0,2026-06-01,7.4057,hedef,2.97,14.0,3.76,
2026-05-26,GIPTA,dip,15.9,0.196,72.35,462.0,2026-05-26,74.5205,hedef,2.97,14.0,5.39,
2026-05-26,GLCVY,dip,8.3,0.169,58.4,462.0,2026-06-01,60.152,hedef,2.97,14.0,3.17,
2026-05-26,GRTHO,dip,23.4,0.019,211.4,462.0,2026-06-01,217.742,hedef,2.97,14.0,4.35,
2026-05-26,GSRAY,dip,4.2,0.041,1.04,462.0,2026-06-01,1.0712,hedef,2.97,14.0,3.85,
2026-05-26,GZNMI,dip,53.0,0.085,66.0,462.0,2026-06-01,67.98,hedef,2.97,14.0,4.24,
2026-05-26,HATEK,dip,12.2,0.177,16.42,462.0,2026-06-01,16.9126,hedef,2.97,14.0,3.29,
2026-05-26,HATSN,kirilim,69.3,1.044,58.05,462.0,2026-06-01,59.7915,hedef,2.97,14.0,5.6,
2026-05-26,IEYHO,kirilim,29.3,1.009,117.8,462.0,2026-06-03,114.266,stop,-3.03,-14.0,1.53,
2026-05-26,IHLAS,dip,6.0,0.059,2.03,462.0,2026-06-02,2.0909,hedef,2.97,14.0,3.45,
2026-05-26,IHLGM,dip,7.9,0.151,2.01,462.0,2026-06-02,2.0703,hedef,2.97,14.0,4.48,
2026-05-26,IHYAY,dip,16.7,0.048,1.72,462.0,2026-06-01,1.7716,hedef,2.97,14.0,3.49,
2026-05-26,IMASM,dip,13.0,0.177,3.32,462.0,2026-06-01,3.4196,hedef,2.97,14.0,3.01,
2026-05-26,JANTS,dip,8.0,0.086,17.43,462.0,2026-06-08,16.9071,stop,-3.03,-14.0,2.81,
2026-05-26,KLGYO,dip,20.3,0.108,4.84,462.0,2026-06-03,4.9852,hedef,2.97,14.0,3.1,
2026-05-26,KLRHO,dip,24.5,0.084,93.1,462.0,2026-05-26,90.307,stop,-3.03,-14.0,0.32,
2026-05-26,KONTR,dip,10.7,0.008,7.72,462.0,2026-05-26,7.9516,hedef,2.97,14.0,6.61,
2026-05-26,KONYA,dip,11.8,0.085,3820.0,462.0,2026-06-01,3934.6,hedef,2.97,14.0,3.34,
2026-05-26,KOTON,dip,7.4,0.138,14.69,462.0,2026-06-01,15.1307,hedef,2.97,14.0,3.4,
2026-05-26,KRDMB,kirilim,13.5,0.966,102.5,462.0,2026-05-26,105.575,hedef,2.97,14.0,3.02,
2026-05-26,KRGYO,dip,24.1,0.037,2.71,462.0,2026-06-01,2.7913,hedef,2.97,14.0,3.32,
2026-05-26,KZBGY,dip,22.2,0.184,3.19,462.0,2026-06-02,3.0943,stop,-3.03,-14.0,0.94,
2026-05-26,LINK,dip,74.0,0.161,7.14,462.0,2026-05-26,7.3542,hedef,2.97,14.0,4.2,
2026-05-26,LRSHO,dip,19.2,0.059,3.51,462.0,2026-06-01,3.6153,hedef,2.97,14.0,3.42,
2026-05-26,MERCN,dip,3.3,0.179,21.2,462.0,2026-06-01,21.836,hedef,2.97,14.0,5.75,
2026-05-26,MIATK,kirilim,67.6,1.026,52.2,462.0,2026-05-26,50.634,stop,-3.03,-14.0,0.0,
2026-05-26,MNDRS,dip,18.9,0.161,11.42,462.0,2026-06-01,11.7626,hedef,2.97,14.0,3.06,
2026-05-26,MNDTR,dip,21.0,0.184,5.79,462.0,2026-06-02,5.9637,hedef,2.97,14.0,3.45,
2026-05-26,MOBTL,kirilim,49.0,1.018,15.41,462.0,2026-06-02,15.8723,hedef,2.97,14.0,3.5,
2026-05-26,NATEN,dip,7.8,0.092,6.87,462.0,2026-05-26,7.0761,hedef,2.97,14.0,6.84,
2026-05-26,NTHOL,dip,30.5,0.124,37.48,462.0,2026-06-01,38.6044,hedef,2.97,14.0,4.0,
2026-05-26,NUHCM,dip,8.1,0.151,221.4,462.0,2026-06-05,214.758,stop,-3.03,-14.0,1.9,
2026-05-26,OSMEN,dip,11.6,0.135,7.47,462.0,2026-06-01,7.6941,hedef,2.97,14.0,3.88,
2026-05-26,OSTIM,dip,17.0,0.078,2.67,462.0,2026-06-01,2.7501,hedef,2.97,14.0,4.12,
2026-05-26,OTKAR,dip,15.0,0.076,367.75,462.0,2026-06-01,378.7825,hedef,2.97,14.0,3.26,
2026-05-26,OTTO,dip,29.2,0.016,229.4,462.0,2026-06-01,236.282,hedef,2.97,14.0,4.4,
2026-05-26,OYAKC,dip,12.6,0.155,20.82,462.0,2026-06-04,21.4446,hedef,2.97,14.0,3.17,
2026-05-26,PAMEL,dip,4.8,0.139,83.7,462.0,2026-06-01,86.211,hedef,2.97,14.0,4.42,
2026-05-26,PAPIL,dip,14.0,0.038,15.32,462.0,2026-06-01,15.7796,hedef,2.97,14.0,3.2,
2026-05-26,PGSUS,dip,15.0,0.084,171.0,462.0,2026-06-08,165.87,stop,-3.03,-14.0,1.29,
2026-05-26,PKENT,dip,50.8,0.053,149.9,462.0,2026-06-01,154.397,hedef,2.97,14.0,3.14,
2026-05-26,POLTK,dip,30.1,0.042,5060.0,462.0,2026-06-01,5211.8,hedef,2.97,14.0,4.74,
2026-05-26,PRKME,dip,8.9,0.153,17.52,462.0,2026-06-01,18.0456,hedef,2.97,14.0,3.77,
2026-05-26,QUAGR,dip,47.9,0.143,3.77,462.0,2026-06-01,3.8831,hedef,2.97,14.0,3.71,
2026-05-26,RAYSG,dip,9.9,0.086,184.9,462.0,2026-06-01,190.447,hedef,2.97,14.0,10.87,
2026-05-26,REEDR,dip,23.1,0.197,7.08,462.0,2026-06-01,7.2924,hedef,2.97,14.0,3.39,
2026-05-26,SASA,dip,5.2,0.153,2.67,462.0,2026-06-02,2.7501,hedef,2.97,14.0,4.12,
2026-05-26,SMRVA,dip,19.0,0.064,16.12,462.0,2026-06-01,16.6036,hedef,2.97,14.0,4.78,
2026-05-26,SNGYO,dip,9.4,0.116,3.55,462.0,2026-06-01,3.6565,hedef,2.97,14.0,3.1,
2026-05-26,SUNTK,dip,28.3,0.107,32.68,462.0,2026-05-26,33.6604,hedef,2.97,14.0,7.1,
2026-05-26,SUWEN,dip,26.3,0.08,7.72,462.0,2026-06-02,7.9516,hedef,2.97,14.0,3.24,
2026-05-26,TARKM,kirilim,37.2,0.958,541.5,462.0,2026-05-26,557.745,hedef,2.97,14.0,6.46,
2026-05-26,TBORG,dip,8.6,0.097,136.8,462.0,2026-06-08,132.696,stop,-3.03,-14.0,2.85,
2026-05-26,TDGYO,dip,9.4,0.058,13.97,462.0,2026-05-26,14.3891,hedef,2.97,14.0,7.3,
2026-05-26,TKNSA,dip,8.8,0.163,20.54,462.0,2026-06-01,21.1562,hedef,2.97,14.0,3.21,
2026-05-26,TMSN,dip,16.1,0.136,98.45,462.0,2026-06-01,101.4035,hedef,2.97,14.0,5.54,
2026-05-26,TRILC,dip,4.4,0.073,2.41,462.0,2026-06-01,2.4823,hedef,2.97,14.0,3.32,
2026-05-26,TSGYO,dip,8.1,0.144,6.38,462.0,2026-06-01,6.5714,hedef,2.97,14.0,3.13,
2026-05-26,TSKB,dip,39.2,0.153,11.19,462.0,2026-06-02,11.5257,hedef,2.97,14.0,3.04,
2026-05-26,TTRAK,dip,11.1,0.1,447.75,462.0,2026-06-08,434.3175,stop,-3.03,-14.0,2.12,
2026-05-26,TUCLK,dip,71.2,0.161,4.47,462.0,2026-06-01,4.6041,hedef,2.97,14.0,3.8,
2026-05-26,TUKAS,dip,10.9,0.096,2.41,462.0,2026-06-01,2.4823,hedef,2.97,14.0,3.32,
2026-05-26,TUREX,dip,11.4,0.098,8.21,462.0,2026-06-01,8.4563,hedef,2.97,14.0,3.05,
2026-05-26,UNLU,dip,10.0,0.147,13.23,462.0,2026-06-02,13.6269,hedef,2.97,14.0,4.23,
2026-05-26,USAK,dip,6.2,0.043,1.58,462.0,2026-06-01,1.6274,hedef,2.97,14.0,3.16,
2026-05-26,VESBE,dip,8.0,0.029,6.74,462.0,2026-06-02,6.9422,hedef,2.97,14.0,3.12,
2026-05-26,VESTL,dip,8.5,0.066,26.04,462.0,2026-06-01,26.8212,hedef,2.97,14.0,3.3,
2026-05-26,VKING,dip,15.4,0.112,25.7,462.0,2026-06-02,26.471,hedef,2.97,14.0,3.27,
2026-05-26,VRGYO,dip,8.0,0.043,2.17,462.0,2026-06-01,2.2351,hedef,2.97,14.0,3.69,
2026-05-26,VSNMD,dip,94.6,0.011,80.5,462.0,2026-06-01,82.915,hedef,2.97,14.0,3.04,
2026-05-26,YESIL,dip,38.1,0.15,1.6,462.0,2026-06-01,1.552,stop,-3.03,-14.0,0.63,
2026-05-26,ZRGYO,dip,59.0,0.041,17.15,462.0,2026-05-26,16.6355,stop,-3.03,-14.0,0.0,
2026-06-01,ALCAR,dip,2.0,0.13,750.0,1733.0,2026-06-03,772.5,hedef,2.97,51.0,3.2,
2026-06-01,ARASE,kirilim,4.9,1.057,123.7,1733.0,2026-06-02,127.411,hedef,2.97,51.0,3.96,
2026-06-01,ARDYZ,kirilim,2.9,1.041,63.75,1733.0,2026-06-02,65.6625,hedef,2.97,51.0,5.96,
2026-06-01,BALSU,dip,2.0,0.081,14.16,1733.0,2026-06-03,13.7352,stop,-3.03,-53.0,0.99,
2026-06-01,BFREN,dip,2.2,0.108,140.1,1733.0,2026-06-04,144.303,hedef,2.97,51.0,3.43,
2026-06-01,BIENY,dip,2.1,0.156,25.64,1733.0,2026-06-01,24.8708,stop,-3.03,-53.0,0.31,
2026-06-01,CASA,dip,2.0,0.129,88.5,1733.0,2026-06-05,85.845,stop,-3.03,-53.0,0.56,
2026-06-01,CMENT,dip,2.8,0.079,309.0,1733.0,2026-06-02,299.73,stop,-3.03,-53.0,0.0,
2026-06-01,DAPGM,dip,2.2,0.167,10.26,1733.0,2026-06-01,9.9522,stop,-3.03,-53.0,1.66,
2026-06-01,DERHL,dip,2.1,0.039,15.2,1733.0,2026-06-01,14.744,stop,-3.03,-53.0,1.25,
2026-06-01,EBEBK,kirilim,2.4,1.029,83.5,1733.0,2026-06-04,86.005,hedef,2.97,51.0,3.23,
2026-06-01,FROTO,dip,4.0,0.094,84.15,1733.0,2026-06-01,86.6745,hedef,2.97,51.0,3.21,
2026-06-01,HRKET,kirilim,6.3,1.1,96.5,1733.0,2026-06-02,99.395,hedef,2.97,51.0,3.63,
2026-06-01,IEYHO,kirilim,4.6,0.992,117.2,1733.0,2026-06-04,113.684,stop,-3.03,-53.0,0.34,
2026-06-01,INDES,kirilim,2.1,1.068,12.34,1733.0,2026-06-03,12.7102,hedef,2.97,51.0,3.73,
2026-06-01,ISDMR,kirilim,2.1,1.046,63.2,1733.0,2026-06-02,65.096,hedef,2.97,51.0,3.56,
2026-06-01,KENT,dip,3.3,0.149,423.75,1733.0,2026-06-02,411.0375,stop,-3.03,-53.0,0.0,
2026-06-01,KLRHO,dip,3.0,0.079,95.45,1733.0,2026-06-02,98.3135,hedef,2.97,51.0,4.35,
2026-06-01,KONYA,dip,3.6,0.091,3835.0,1733.0,2026-06-09,3820.0,acik_kaldi,-0.42,-7.0,2.61,
2026-06-01,KOTON,dip,2.1,0.197,15.13,1733.0,2026-06-08,14.86,acik_kaldi,-1.82,-31.0,1.72,
2026-06-01,KRTEK,dip,4.0,0.089,24.34,1733.0,2026-06-01,25.0702,hedef,2.97,51.0,3.86,
2026-06-01,NTHOL,dip,2.9,0.166,38.28,1733.0,2026-06-02,39.4284,hedef,2.97,51.0,3.13,
2026-06-01,NUHCM,dip,2.3,0.161,222.9,1733.0,2026-06-01,216.213,stop,-3.03,-53.0,0.72,
2026-06-01,PRZMA,kirilim,3.1,1.05,54.7,1733.0,2026-06-01,53.059,stop,-3.03,-53.0,2.1,
2026-06-01,TSKB,dip,5.8,0.175,11.28,1733.0,2026-06-02,11.6184,hedef,2.97,51.0,3.37,
2026-06-01,ZRGYO,dip,39.3,-0.149,14.98,1733.0,2026-06-01,15.4294,hedef,2.97,51.0,4.21,
2026-06-02,ARASE,kirilim,3.3,1.025,126.9,3365.0,2026-06-02,123.093,stop,-3.03,-102.0,0.0,
2026-06-02,BIGTK,dip,2.4,0.088,238.9,3365.0,2026-06-02,231.733,stop,-3.03,-102.0,2.22,
2026-06-02,CWENE,kirilim,2.0,1.054,43.42,3365.0,2026-06-02,44.7226,hedef,2.97,100.0,3.96,
2026-06-02,DAPGM,dip,3.8,0.179,10.4,3365.0,2026-06-04,10.712,hedef,2.97,100.0,3.46,
2026-06-02,DERHL,dip,8.1,0.047,15.42,3365.0,2026-06-02,14.9574,stop,-3.03,-102.0,0.0,
2026-06-02,DGNMO,kirilim,9.1,0.858,9.5,3365.0,2026-06-02,9.785,hedef,2.97,100.0,3.37,
2026-06-02,EGEEN,dip,2.9,0.12,5772.5,3365.0,2026-06-05,5945.675,hedef,2.97,100.0,3.16,
2026-06-02,KLRHO,dip,2.4,0.093,104.7,3365.0,2026-06-02,101.559,stop,-3.03,-102.0,0.48,
2026-06-02,KONYA,dip,2.2,0.098,3852.5,3365.0,2026-06-09,3820.0,acik_kaldi,-0.88,-29.0,2.14,
2026-06-02,KOTON,dip,2.6,0.191,15.09,3365.0,2026-06-08,14.86,acik_kaldi,-1.56,-52.0,1.13,
2026-06-02,MHRGY,kirilim,2.9,1.014,5.08,3365.0,2026-06-02,4.9276,stop,-3.03,-102.0,1.57,
2026-06-02,RYSAS,kirilim,2.6,1.089,25.28,3365.0,2026-06-03,24.5216,stop,-3.03,-102.0,1.58,
2026-06-02,SANEL,kirilim,3.1,1.01,49.16,3365.0,2026-06-03,50.6348,hedef,2.97,100.0,3.23,
2026-06-02,VBTYZ,kirilim,3.3,1.003,29.14,3365.0,2026-06-02,30.0142,hedef,2.97,100.0,3.02,
2026-06-02,VSNMD,dip,2.9,0.028,93.6,3365.0,2026-06-02,96.408,hedef,2.97,100.0,3.63,
2026-06-02,ZRGYO,dip,2.6,0.081,15.68,3365.0,2026-06-02,16.1504,hedef,2.97,100.0,4.78,
2026-06-03,ALCTL,kirilim,3.0,0.96,152.6,2737.0,2026-06-03,148.022,stop,-3.03,-83.0,2.62,
2026-06-03,ALFAS,kirilim,2.5,1.052,60.0,2737.0,2026-06-03,61.8,hedef,2.97,81.0,3.33,
2026-06-03,BIGTK,dip,2.1,0.093,241.2,2737.0,2026-06-04,233.964,stop,-3.03,-83.0,2.4,
2026-06-03,BOBET,dip,2.2,0.129,18.89,2737.0,2026-06-08,18.98,acik_kaldi,0.44,12.0,1.22,
2026-06-03,CELHA,kirilim,2.7,0.841,17.69,2737.0,2026-06-04,17.1593,stop,-3.03,-83.0,0.0,
2026-06-03,CGCAM,kirilim,6.6,0.901,46.48,2737.0,2026-06-03,45.0856,stop,-3.03,-83.0,2.28,
2026-06-03,DAPGM,dip,2.5,0.166,10.25,2737.0,2026-06-03,10.5575,hedef,2.97,81.0,3.71,
2026-06-03,DGNMO,kirilim,7.5,0.993,10.48,2737.0,2026-06-03,10.1656,stop,-3.03,-83.0,1.24,
2026-06-03,EGEEN,dip,2.5,0.124,5787.5,2737.0,2026-06-05,5961.125,hedef,2.97,81.0,3.41,
2026-06-03,GEDZA,kirilim,2.7,0.953,36.92,2737.0,2026-06-03,38.0276,hedef,2.97,81.0,3.41,
2026-06-03,GSRAY,dip,2.0,0.149,1.12,2737.0,2026-06-03,1.1536,hedef,2.97,81.0,3.57,
2026-06-03,IHLAS,dip,5.8,0.099,2.14,2737.0,2026-06-03,2.0758,stop,-3.03,-83.0,0.0,
2026-06-03,IHLGM,dip,2.8,0.189,2.08,2737.0,2026-06-03,2.0176,stop,-3.03,-83.0,0.0,
2026-06-03,KARTN,kirilim,7.7,0.979,130.1,2737.0,2026-06-03,134.003,hedef,2.97,81.0,4.23,
2026-06-03,KENT,dip,3.3,0.086,405.25,2737.0,2026-06-08,393.0925,stop,-3.03,-83.0,0.0,
2026-06-03,KFEIN,kirilim,3.2,0.936,12.03,2737.0,2026-06-03,11.6691,stop,-3.03,-83.0,1.91,
2026-06-03,KRGYO,dip,5.0,0.105,2.79,2737.0,2026-06-08,2.78,acik_kaldi,-0.39,-11.0,2.15,
2026-06-03,LRSHO,dip,2.0,0.05,3.47,2737.0,2026-06-04,3.3659,stop,-3.03,-83.0,0.29,
2026-06-03,ONRYT,kirilim,2.4,1.018,95.25,2737.0,2026-06-04,92.3925,stop,-3.03,-83.0,2.78,
2026-06-03,OTKAR,dip,2.7,0.116,377.25,2737.0,2026-06-09,368.75,acik_kaldi,-2.29,-63.0,2.78,
2026-06-03,QUAGR,dip,2.0,0.194,4.26,2737.0,2026-06-03,4.3878,hedef,2.97,81.0,9.15,
2026-06-03,SAYAS,kirilim,5.7,1.086,64.1,2737.0,2026-06-04,66.023,hedef,2.97,81.0,5.3,
2026-06-03,TUREX,dip,2.6,0.133,8.81,2737.0,2026-06-04,9.0743,hedef,2.97,81.0,4.43,
2026-06-03,VSNMD,dip,2.9,0.035,98.85,2737.0,2026-06-03,101.8155,hedef,2.97,81.0,4.2,
2026-06-04,BIENY,dip,3.3,0.106,24.1,4584.0,2026-06-08,23.377,stop,-3.03,-139.0,1.49,
2026-06-04,DAPGM,dip,4.3,0.191,10.53,4584.0,2026-06-05,10.8459,hedef,2.97,136.0,3.51,
2026-06-04,EMKEL,dip,3.3,0.061,24.76,4584.0,2026-06-04,24.0172,stop,-3.03,-139.0,0.0,
2026-06-04,GSRAY,dip,2.1,0.135,1.11,4584.0,2026-06-08,1.0767,stop,-3.03,-139.0,0.0,
2026-06-04,GZNMI,dip,2.7,0.092,68.15,4584.0,2026-06-04,70.1945,hedef,2.97,136.0,5.94,
2026-06-04,KTLEV,kirilim,2.0,1.091,148.2,4584.0,2026-06-05,152.646,hedef,2.97,136.0,3.78,
2026-06-04,OSTIM,dip,2.8,0.184,2.89,4584.0,2026-06-08,2.8033,stop,-3.03,-139.0,1.38,
2026-06-04,OTKAR,dip,2.5,0.138,382.25,4584.0,2026-06-08,370.7825,stop,-3.03,-139.0,0.98,
2026-06-04,PRZMA,kirilim,6.5,1.074,60.4,4584.0,2026-06-04,58.588,stop,-3.03,-139.0,0.17,
2026-06-04,SUWEN,dip,2.1,0.133,8.2,4584.0,2026-06-04,7.954,stop,-3.03,-139.0,0.0,
2026-06-04,TUREX,dip,5.1,0.155,9.2,4584.0,2026-06-04,9.476,hedef,2.97,136.0,4.46,
2026-06-05,AKENR,kirilim,2.1,1.046,15.25,3295.0,2026-06-05,14.7925,stop,-3.03,-100.0,1.44,
2026-06-05,ARDYZ,kirilim,2.3,0.937,71.1,3295.0,2026-06-05,73.233,hedef,2.97,98.0,4.64,
2026-06-05,BFREN,dip,2.2,0.15,144.2,3295.0,2026-06-08,139.874,stop,-3.03,-100.0,0.55,
2026-06-05,CGCAM,kirilim,2.7,0.969,48.54,3295.0,2026-06-05,49.9962,hedef,2.97,98.0,8.26,
2026-06-05,CMBTN,dip,19.5,0.104,1606.0,3295.0,2026-06-08,1577.0,acik_kaldi,-1.84,-61.0,1.93,
2026-06-05,CMENT,dip,2.6,-0.014,292.25,3295.0,2026-06-08,293.25,acik_kaldi,0.31,10.0,1.63,
2026-06-05,DAPGM,dip,3.1,0.19,10.52,3295.0,2026-06-05,10.8356,hedef,2.97,98.0,3.42,
2026-06-05,EGEEN,dip,2.3,0.109,5735.0,3295.0,2026-06-05,5907.05,hedef,2.97,98.0,3.84,
2026-06-05,EMKEL,dip,9.8,0.071,25.92,3295.0,2026-06-05,25.1424,stop,-3.03,-100.0,0.0,
2026-06-05,IHLAS,dip,2.9,0.022,1.93,3295.0,2026-06-08,1.9,acik_kaldi,-1.59,-52.0,2.59,
2026-06-05,KLGYO,dip,2.4,0.16,5.05,3295.0,2026-06-08,4.8985,stop,-3.03,-100.0,1.58,
2026-06-05,KRTEK,dip,6.5,0.118,24.86,3295.0,2026-06-08,24.48,acik_kaldi,-1.56,-51.0,0.48,
2026-06-05,MARKA,kirilim,2.1,0.999,66.5,3295.0,2026-06-05,68.495,hedef,2.97,98.0,3.23,
2026-06-05,TABGD,kirilim,2.0,0.924,282.25,3295.0,2026-06-09,290.7175,hedef,2.97,98.0,4.34,
2026-06-05,TUKAS,dip,2.4,0.11,2.44,3295.0,2026-06-05,2.3668,stop,-3.03,-100.0,1.23,
2026-06-05,VKING,dip,3.9,0.162,27.0,3295.0,2026-06-05,27.81,hedef,2.97,98.0,3.19,
2026-06-05,YBTAS,dip,4.3,0.042,16.74,3295.0,2026-06-08,16.81,acik_kaldi,0.39,13.0,2.75,
2026-06-08,AKFYE,kirilim,20.5,1.057,26.0,3476.0,2026-06-08,26.78,hedef,2.97,103.0,6.46,
2026-06-08,DAPGM,dip,6.5,0.173,10.33,3476.0,2026-06-08,10.6399,hedef,2.97,103.0,4.55,
2026-06-08,DERHL,dip,7.5,0.033,14.2,3476.0,2026-06-08,13.774,stop,-3.03,-105.0,0.0,
2026-06-08,EUYO,kirilim,3.9,0.927,6.5,3476.0,2026-06-08,6.695,hedef,2.97,103.0,4.31,
2026-06-08,GUNDG,kirilim,2.1,1.076,1398.0,3476.0,2026-06-08,1398.0,acik_kaldi,-0.03,-1.0,0.0,
2026-06-08,HATSN,kirilim,3.1,0.972,62.15,3476.0,2026-06-08,64.0145,hedef,2.97,103.0,7.32,
2026-06-08,IHLAS,dip,2.1,0.015,1.91,3476.0,2026-06-08,1.9,acik_kaldi,-0.56,-19.0,0.0,
2026-06-08,KOTON,dip,2.6,0.166,14.9,3476.0,2026-06-08,14.86,acik_kaldi,-0.3,-10.0,0.94,
2026-06-08,KRGYO,dip,2.3,0.122,2.78,3476.0,2026-06-08,2.78,acik_kaldi,-0.03,-1.0,2.52,
2026-06-08,KSTUR,dip,2.4,0.082,2800.0,3476.0,2026-06-08,2872.5,acik_kaldi,2.56,89.0,2.59,
2026-06-08,KTLEV,kirilim,2.2,1.031,158.4,3476.0,2026-06-09,159.2,acik_kaldi,0.47,16.0,2.78,
2026-06-08,MEGAP,dip,2.1,0.081,2.51,3476.0,2026-06-08,2.49,acik_kaldi,-0.83,-29.0,0.0,
2026-06-08,NTHOL,dip,2.2,0.175,38.46,3476.0,2026-06-08,39.6138,hedef,2.97,103.0,3.02,
2026-06-08,POLTK,dip,9.1,0.064,5250.0,3476.0,2026-06-08,5092.5,stop,-3.03,-105.0,0.0,
2026-06-08,RAYSG,dip,3.2,0.16,194.4,3476.0,2026-06-08,200.2,acik_kaldi,2.95,103.0,2.98,
2026-06-08,SANFM,kirilim,2.4,0.914,9.97,3476.0,2026-06-08,10.0,acik_kaldi,0.27,9.0,1.71,
