tarih,hisse,kat,baseline_tl,kum_ciro_tl,tetik_bar,tetik_saat,giris,mfe_gun_kalan_%,mae_gun_kalan_%,kapanis_gun_%,mfe_5g_%,mae_5g_%,mfe_t1,mae_t1,kapanis_t1,mfe_t2,mae_t2,kapanis_t2,mfe_t3,mae_t3,kapanis_t3,mfe_t5,mae_t5,kapanis_t5
2025-03-04,A1CAP,5.23,20768666.0,108700460.0,1,2025-03-04 10:00,4.64,2.37,-3.66,-2.37,11.21,-3.66,5.17,-3.02,-2.37,2.8,-3.02,2.59,7.33,2.8,6.68,11.21,6.68,10.13
2025-05-15,A1CAP,10.94,44721098.0,489168103.0,1,2025-05-15 10:00,6.62,4.38,-4.83,-3.32,27.34,-4.83,6.34,-3.17,6.34,16.92,7.25,16.92,27.34,11.33,11.33,12.54,2.11,3.78
2025-05-21,A1CAP,5.18,127144031.0,659140561.0,2,2025-05-21 11:00,7.87,7.12,-6.35,-6.35,7.12,-21.35,-1.78,-12.2,-11.56,-5.34,-14.1,-12.71,-8.77,-15.5,-15.37,-17.66,-21.35,-17.92
2026-01-13,A1YEN,5.81,39508348.0,229657329.0,2,2026-01-13 11:00,3.102,3.43,-1.18,1.12,3.43,-8.75,0.53,-7.86,-7.03,-2.25,-8.75,-7.51,-5.2,-7.62,-6.62,-4.91,-8.69,-8.63
2024-09-06,ACSEL,6.23,17767816.0,110645852.0,1,2024-09-06 10:00,126.4,2.85,-7.12,2.85,13.13,-7.12,13.13,0.79,2.14,10.52,-3.56,2.85,8.23,-1.19,0.08,-1.11,-4.27,-2.29
2024-09-09,ACSEL,6.97,25950156.0,180748908.0,2,2024-09-09 11:00,140.4,1.85,-8.12,-8.05,1.85,-15.74,-0.5,-13.18,-7.41,-2.56,-11.04,-9.9,-6.55,-15.74,-12.39,-10.68,-14.17,-14.03
2024-12-10,ACSEL,6.28,17117770.0,107522244.0,1,2024-12-10 10:00,135.8,1.1,-7.14,-3.9,5.15,-8.39,1.62,-8.39,-6.11,-2.14,-7.66,-7.44,0.96,-7.36,-2.06,2.36,-3.46,-2.21
2025-07-18,ACSEL,5.32,16466389.0,87594008.0,1,2025-07-18 10:00,117.5,5.19,-3.32,-3.15,5.19,-7.4,0.26,-3.91,-3.15,-0.34,-4.0,-3.49,-2.89,-5.36,-5.11,-6.04,-7.4,-7.32
2026-05-05,ACSEL,6.63,39619422.0,262788856.0,3,2026-05-05 12:00,140.2,4.07,-5.28,-4.07,9.84,-7.28,-0.78,-7.28,-4.56,3.07,-4.42,-0.93,2.28,-3.42,-1.0,9.84,-3.14,9.84
2025-03-12,ADEL,5.22,94149227.0,491534938.0,3,2025-03-12 12:00,40.66,0.84,-7.28,-7.28,0.84,-25.23,-7.28,-16.53,-16.53,-12.35,-16.38,-14.71,-11.71,-17.71,-17.17,-18.59,-25.23,-25.23
2025-08-06,ADEL,6.7,92675712.0,621239450.0,2,2025-08-06 11:00,39.46,2.58,-8.72,-8.62,2.58,-8.97,0.05,-8.72,-1.17,1.06,-5.63,-4.26,0.35,-5.68,-4.05,-3.9,-8.36,-7.4
2026-04-01,ADEL,5.92,82222553.0,486921023.0,2,2026-04-01 11:00,43.02,1.26,-3.53,-3.53,17.27,-7.02,4.74,-2.32,2.7,12.92,-0.05,12.92,17.27,7.53,8.6,1.49,-7.02,-3.35
2024-09-27,ADESE,5.39,61920963.0,333586542.0,2,2024-09-27 11:00,0.432,0.0,-0.93,0.0,5.56,-12.04,5.56,-2.78,-2.31,1.39,-7.87,-6.94,-7.41,-12.04,-11.57,-9.26,-11.57,-9.26
2026-02-25,ADGYO,5.07,95379272.0,483499948.0,2,2026-02-25 11:00,51.9,1.83,-2.99,-0.87,10.79,-4.43,3.95,-3.89,2.89,10.79,2.22,3.95,3.76,-4.43,2.31,1.93,-1.73,0.29
2024-11-07,AGYO,7.14,10750302.0,76754630.0,3,2024-11-07 12:00,7.87,0.13,-4.57,0.13,14.36,-4.57,9.66,1.78,7.12,14.36,2.29,10.04,13.85,6.23,7.37,8.01,3.56,4.32
2024-11-08,AGYO,5.01,15578330.0,78097074.0,3,2024-11-08 12:00,8.45,2.13,-0.95,-0.24,6.51,-4.73,6.51,-4.73,2.49,6.04,-1.07,0.0,1.66,-4.02,-4.02,0.71,-3.67,-2.37
2026-03-04,AHSGY,5.51,45460000.0,250495719.0,3,2026-03-04 12:00,22.3,8.97,-5.47,0.0,8.97,-13.63,3.14,-5.92,-5.92,-2.33,-12.56,-11.03,-7.17,-13.63,-13.0,-8.52,-12.83,-11.7
2025-02-17,AKCNS,5.38,130944766.0,703987343.0,3,2025-02-17 12:00,188.4,2.92,0.0,0.0,2.92,-10.3,-1.49,-5.04,-2.55,-2.18,-6.05,-4.46,-3.34,-4.67,-4.56,-5.36,-7.96,-6.05
2026-01-29,AKCNS,6.13,105954576.0,649038360.0,1,2026-01-29 10:00,194.7,5.29,-2.67,-2.26,5.29,-5.96,1.75,-5.96,-0.26,2.82,-3.8,-0.1,3.54,-3.34,-1.39,1.34,-2.52,0.0
2024-12-31,AKENR,5.82,123252413.0,717317822.0,2,2024-12-31 11:00,13.75,4.29,-4.15,-4.15,7.64,-11.05,0.95,-8.29,-7.93,-4.65,-11.05,-8.36,0.8,-8.29,0.8,4.95,0.07,1.82
2025-05-06,AKENR,7.07,58621573.0,414264338.0,1,2025-05-06 10:00,11.5,2.35,-3.3,2.35,21.65,-8.87,11.3,-6.0,-5.65,3.74,-8.87,3.74,14.09,4.87,14.09,18.87,9.91,11.74
2026-05-13,AKENR,6.19,161094829.0,996823999.0,2,2026-05-13 11:00,14.08,3.55,-1.92,-1.63,6.39,-22.51,5.82,-4.83,2.13,6.39,-3.2,-3.2,-0.92,-10.58,-10.58,-12.71,-22.51,-21.59
2025-05-27,AKFIS,5.43,140207030.0,760794907.0,2,2025-05-27 11:00,21.88,6.03,-1.46,0.0,18.46,-4.57,9.14,-0.82,2.74,4.2,-2.38,-2.01,7.77,-4.57,7.77,11.43,3.93,4.11
2026-02-16,AKFIS,5.25,81261671.0,426755846.0,2,2026-02-16 11:00,27.86,0.29,-4.24,0.29,31.87,-4.24,10.27,2.3,10.27,21.25,8.76,21.25,31.87,11.84,26.35,10.77,2.37,2.37
2026-02-02,AKFYE,5.16,73526316.0,379547631.0,3,2026-02-02 12:00,20.08,2.39,-3.44,2.39,8.76,-6.37,7.07,-0.9,4.68,8.76,4.18,5.58,5.98,1.39,2.09,-3.59,-5.58,-4.33
2025-12-22,AKSUE,5.61,5318845.0,29837566.0,1,2025-12-22 10:00,20.58,0.0,-6.85,0.0,16.62,-11.32,3.01,-8.26,-8.26,0.87,-11.32,0.87,10.88,2.04,10.88,9.33,2.04,5.44
2025-12-25,AKSUE,5.54,10471368.0,58059662.0,2,2025-12-25 11:00,22.82,0.0,-1.58,0.0,15.25,-8.85,5.17,-5.78,-0.96,-1.4,-7.98,-4.91,4.56,-8.85,4.56,15.25,2.54,6.4
2024-10-30,ALCTL,5.21,53807312.0,280544074.0,2,2024-10-30 11:00,126.4,0.71,-4.35,-3.16,0.71,-10.21,-0.63,-5.7,-5.14,-1.66,-7.75,-6.41,-4.75,-10.13,-9.81,-5.62,-8.62,-7.75
2025-11-03,ALCTL,13.92,38721928.0,538988607.0,1,2025-11-03 10:00,127.0,7.01,-3.86,-2.6,7.09,-7.56,7.09,-5.67,7.09,6.22,-1.26,-1.26,1.1,-2.91,-0.39,-4.65,-7.56,-5.91
2025-09-29,ALKIM,5.86,94195442.0,551990022.0,2,2025-09-29 11:00,24.38,0.9,-11.24,-10.75,0.9,-16.41,-9.43,-13.86,-13.21,-10.25,-16.41,-10.99,-2.13,-11.24,-2.13,-8.94,-14.68,-14.52
2025-08-07,ALKLC,6.32,145011831.0,916523950.0,2,2025-08-07 11:00,77.35,1.81,-2.91,1.62,10.54,-16.68,10.54,-1.75,6.01,7.63,0.58,0.58,2.65,-9.44,-9.44,-8.02,-14.93,-10.67
2026-01-29,ALVES,5.81,406222739.0,2361806237.0,3,2026-01-29 12:00,4.62,1.3,-5.63,1.3,1.3,-17.75,-2.6,-8.66,-8.66,-10.82,-17.75,-17.75,-9.52,-15.37,-9.52,-10.17,-16.67,-15.15
2024-07-25,ANELE,6.07,13353653.0,81085500.0,1,2024-07-25 10:00,14.58,8.64,-3.98,8.64,19.48,-3.98,19.48,8.64,10.91,10.84,2.67,3.64,12.62,2.88,9.6,16.6,9.6,13.92
2024-07-26,ANELE,6.14,21361666.0,131264610.0,1,2024-07-26 10:00,16.1,8.2,-1.61,0.43,8.2,-7.02,0.37,-7.02,-6.15,1.99,-6.83,-0.75,8.07,-4.78,0.62,6.71,0.68,1.68
2024-09-30,ANELE,5.23,18312588.0,95707403.0,2,2024-09-30 11:00,14.57,1.37,-3.43,1.37,1.37,-13.59,1.3,-8.72,-8.65,-8.85,-13.59,-12.83,-7.89,-12.83,-11.46,-3.02,-11.94,-6.59
2025-07-29,ANELE,7.14,23647082.0,168914685.0,1,2025-07-29 10:00,21.32,6.38,-1.5,0.28,6.38,-8.07,0.0,-8.07,-6.66,-0.56,-7.13,-6.0,3.38,-6.8,-3.94,-0.19,-4.69,-4.41
2026-01-12,ANELE,5.64,18122519.0,102221965.0,3,2026-01-12 12:00,18.5,2.7,-5.41,-4.86,2.7,-11.3,-4.81,-9.57,-8.38,-7.03,-10.81,-10.43,-5.95,-11.3,-7.51,-6.59,-9.35,-9.35
2026-04-01,ANELE,7.9,14075599.0,111206409.0,1,2026-04-01 10:00,15.02,6.39,-3.6,5.93,32.69,-3.6,16.38,3.86,10.32,19.77,8.72,16.84,28.5,14.98,24.3,29.63,16.51,19.17
2024-08-15,ANGEN,6.3,42152231.0,265393525.0,3,2024-08-15 12:00,13.78,7.33,0.0,7.33,37.88,0.0,18.0,2.39,18.0,29.75,16.4,29.75,37.88,16.84,16.84,15.6,1.31,15.6
2025-01-07,ANGEN,5.56,77320180.0,429583204.0,2,2025-01-07 11:00,14.16,6.29,-1.77,3.88,16.17,-4.66,12.22,0.56,3.81,4.66,-0.78,-0.49,1.55,-4.66,-3.95,16.17,1.55,2.12
2025-01-08,ANGEN,5.5,117284511.0,644960746.0,3,2025-01-08 12:00,15.73,1.02,-6.55,-6.55,4.58,-14.18,-5.79,-10.68,-10.43,-8.58,-14.18,-13.54,-4.9,-11.95,-4.9,-5.4,-12.27,-10.68
2026-01-26,ANGEN,5.26,17992022.0,94640756.0,3,2026-01-26 12:00,11.95,3.01,-0.84,0.33,3.01,-5.27,1.59,-1.59,-1.34,-1.34,-3.77,-3.43,-1.42,-3.93,-2.34,-2.26,-5.27,-3.51
2026-05-11,ANGEN,7.04,31967582.0,225100264.0,1,2026-05-11 10:00,14.3,2.8,-4.9,2.8,11.89,-13.78,11.89,-7.48,-7.34,1.89,-10.42,1.89,7.69,-2.73,-2.38,-3.22,-13.78,-13.64
2026-05-12,ANGEN,5.7,56386009.0,321239390.0,1,2026-05-12 10:00,15.16,5.54,-12.73,-12.6,5.54,-23.09,-3.89,-15.5,-3.89,1.58,-8.25,-7.92,-7.59,-16.09,-15.24,-15.57,-23.09,-22.49
2025-11-07,ARASE,6.99,19785853.0,138364349.0,3,2025-11-07 12:00,62.7,1.36,-2.87,0.56,3.35,-10.69,3.35,-3.51,-2.71,-1.44,-9.73,-5.1,-2.95,-8.53,-6.62,-8.21,-10.69,-9.33
2024-12-11,ARENA,5.09,36436527.0,185282634.0,3,2024-12-11 12:00,32.22,0.68,-7.7,-5.21,0.68,-10.37,-0.25,-7.32,-6.89,-2.86,-7.45,-6.89,-5.71,-10.37,-6.58,0.12,-10.3,-2.11
2026-05-18,ARMGD,5.17,90872338.0,469584831.0,1,2026-05-18 10:00,129.2,9.67,-9.75,-2.79,9.67,-14.32,6.89,-12.46,-9.83,-2.86,-14.32,-12.93,-4.26,-13.85,-4.26,2.86,-0.85,1.63
2026-01-30,ARZUM,6.12,30898598.0,189234298.0,3,2026-01-30 12:00,2.55,1.96,-1.57,-0.39,7.45,-6.27,3.14,-3.92,-1.57,-1.57,-6.27,-3.92,1.96,-5.88,-2.75,7.45,0.39,1.18
2026-04-06,ARZUM,5.9,78855610.0,465339170.0,2,2026-04-06 11:00,3.18,10.06,-1.26,3.46,12.58,-1.26,6.92,-0.94,-0.31,5.03,-0.31,3.46,12.26,2.52,7.55,6.92,0.63,2.83
2026-05-04,ASGYO,6.29,36590781.0,230066223.0,1,2026-05-04 10:00,13.15,3.35,-2.89,-2.89,3.35,-7.68,-2.36,-6.24,-6.01,-5.1,-7.68,-7.38,-4.03,-7.3,-5.25,-1.83,-5.86,-3.19
2025-07-22,ASUZU,5.17,42255088.0,218630858.0,1,2025-07-22 10:00,65.8,1.22,-4.26,-3.5,1.44,-5.7,-0.84,-4.64,-3.12,1.44,-3.88,0.0,0.3,-3.27,-3.04,-2.96,-5.7,-5.55
2024-12-06,ATAGY,6.17,23045460.0,142221731.0,2,2024-12-06 11:00,12.4,0.65,-5.48,-4.6,0.65,-9.76,-3.71,-7.1,-5.73,-3.87,-6.85,-6.85,-5.97,-9.68,-9.52,-5.81,-8.87,-6.53
2025-11-19,ATAGY,5.65,3524328.0,19911410.0,2,2025-11-19 11:00,15.35,0.91,-3.78,0.91,4.89,-13.36,4.89,-3.32,-3.06,-3.06,-8.79,-8.79,-7.82,-12.05,-11.07,-11.73,-13.36,-13.36
2024-11-01,ATATP,6.49,38425142.0,249398566.0,2,2024-11-01 11:00,92.15,6.24,-3.04,-2.33,6.24,-12.21,-2.55,-8.79,-8.19,-7.6,-12.21,-12.1,-6.08,-10.58,-10.36,0.38,-4.5,-2.6
2025-08-19,ATATP,6.34,76129018.0,482771333.0,1,2025-08-19 10:00,117.6,0.51,-4.51,-1.96,21.6,-4.51,7.82,-1.7,7.82,16.58,8.5,11.05,13.95,5.87,7.14,21.6,8.67,18.96
2024-10-23,ATEKS,6.18,6592975.0,40776449.0,3,2024-10-23 12:00,158.8,1.32,-1.2,1.32,6.74,-2.33,6.74,-1.57,-1.13,5.73,-2.33,1.01,3.9,-0.69,-0.69,4.66,-0.5,2.77
2025-12-18,ATEKS,6.79,570467.0,3874390.0,1,2025-12-18 12:00,90.1,0.0,0.0,0.0,60.82,0.0,9.99,7.44,9.99,20.98,19.87,20.98,33.07,31.96,33.07,60.82,60.82,60.82
2025-12-19,ATEKS,9.41,724803.0,6821118.0,1,2025-12-19 12:00,99.1,0.0,0.0,0.0,60.75,0.0,9.99,8.98,9.99,20.99,19.98,20.99,33.0,33.0,33.0,60.75,60.75,60.75
2025-12-26,ATEKS,5.51,1892684.0,10437177.0,2,2025-12-26 13:00,159.3,0.0,0.0,0.0,8.47,-19.59,8.47,8.47,8.47,-2.32,-2.32,-2.32,-12.05,-12.05,-12.05,-19.21,-19.21,-19.21
2026-01-06,ATEKS,7.36,2983118.0,21964546.0,1,2026-01-06 12:00,131.5,8.75,0.0,8.75,8.75,-21.6,-2.13,-2.13,-2.13,-5.02,-11.86,-11.86,-10.27,-14.75,-12.93,-13.76,-21.44,-13.76
2026-01-30,ATLAS,5.06,6538209.0,33059722.0,2,2026-01-30 11:00,8.87,0.0,-4.28,0.0,23.22,-4.28,9.92,-2.82,9.58,17.7,-0.68,14.88,23.22,5.3,13.08,6.88,-2.48,2.25
2026-02-02,ATLAS,7.62,8310254.0,63290059.0,3,2026-02-02 12:00,9.72,0.31,-9.88,0.0,12.45,-12.55,7.41,-9.36,4.84,12.45,-3.91,3.19,2.37,-3.09,-1.65,2.57,-12.55,2.57
2024-07-24,ATSYH,5.37,2071782.0,11124450.0,2,2024-07-24 13:00,59.0,0.0,0.0,0.0,22.71,0.0,10.0,10.0,10.0,16.61,10.0,10.0,3.39,1.53,1.53,22.71,22.71,22.71
2024-07-26,ATSYH,5.18,3054646.0,15836366.0,2,2024-07-26 17:00,64.95,0.0,-0.08,-0.08,34.8,-7.78,-6.08,-7.78,-7.78,1.39,1.39,1.39,11.47,11.47,11.47,34.8,33.95,33.95
2024-08-02,ATSYH,5.26,5002394.0,26301421.0,0,2024-08-02 09:00,87.55,0.0,-0.63,-0.63,19.25,-4.68,-0.69,-1.37,-1.37,8.45,6.17,8.45,19.25,5.88,5.88,16.85,16.39,16.85
2025-03-12,AVGYO,5.69,1371749.0,7810143.0,3,2025-03-12 12:00,8.22,0.97,-1.46,-0.61,0.97,-15.45,0.85,-4.99,-2.92,-2.92,-4.5,-3.77,-3.16,-5.84,-4.74,-8.76,-15.45,-10.95
2025-10-03,AVGYO,8.46,7209140.0,60994256.0,2,2025-10-03 11:00,16.2,1.85,-4.14,1.54,22.78,-9.44,11.67,3.7,11.67,22.78,0.56,0.56,10.56,-9.44,10.56,13.52,4.75,7.16
2025-10-07,AVGYO,6.5,16515727.0,107407459.0,2,2025-10-07 11:00,19.03,1.63,-14.4,-14.4,2.63,-22.91,-5.89,-22.91,-5.89,2.63,-11.61,-4.2,-3.36,-10.83,-8.78,-6.2,-11.88,-11.04
2025-12-18,AVGYO,5.2,14828098.0,77131247.0,1,2025-12-18 10:00,12.84,1.95,-6.0,-6.0,2.1,-25.08,2.1,-10.36,-8.96,-7.94,-17.99,-17.99,-18.93,-25.08,-21.57,-19.08,-23.68,-23.6
2024-06-28,AVHOL,5.31,31691806.0,168315454.0,1,2024-06-28 10:00,38.6,1.81,-4.92,1.81,10.1,-6.42,10.1,-5.85,3.11,9.64,1.71,2.75,2.07,-4.66,-4.66,-1.61,-6.42,-6.37
2024-11-12,AVHOL,6.04,21151834.0,127721434.0,1,2024-11-12 10:00,37.8,0.37,-10.58,-1.59,19.95,-10.58,8.1,-2.06,4.55,14.44,0.53,10.74,17.72,6.14,15.45,13.76,5.87,8.36
2025-01-08,AVHOL,5.38,26559432.0,143006749.0,1,2025-01-08 10:00,38.34,2.76,-2.09,0.68,2.76,-8.56,2.71,-4.59,-4.12,-2.92,-6.62,-4.54,-0.37,-5.74,-5.69,-5.89,-8.56,-8.29
2024-09-09,AVOD,5.51,19773176.0,108950532.0,3,2024-09-09 12:00,3.4,3.82,-2.35,-1.18,3.82,-11.18,0.0,-7.94,-7.65,-0.59,-7.65,-5.88,-4.71,-11.18,-9.41,-5.0,-9.71,-9.71
2025-04-16,AVOD,9.26,15762578.0,146011649.0,1,2025-04-16 10:00,3.34,3.29,-8.08,3.29,8.68,-17.66,8.68,-2.69,-0.9,-1.2,-10.78,-10.78,-5.69,-14.37,-12.87,-8.98,-17.66,-8.98
2026-01-08,AVOD,5.15,22916073.0,118067945.0,2,2026-01-08 11:00,3.92,3.32,-4.08,-2.55,7.91,-4.85,6.63,-4.85,4.59,7.91,1.28,1.53,1.79,-1.79,0.26,2.04,-3.83,1.79
2024-12-05,AVTUR,6.31,24921006.0,157250653.0,1,2024-12-05 10:00,14.68,4.77,-4.36,0.82,27.38,-4.36,10.83,0.27,10.83,17.85,5.93,15.12,26.57,15.33,17.98,27.38,15.8,15.8
2025-06-18,AVTUR,5.56,4620608.0,25691027.0,3,2025-06-18 12:00,12.38,1.78,-0.97,1.78,9.94,-10.99,9.94,-7.19,0.24,-0.08,-8.64,-6.38,2.91,-10.99,2.91,-6.38,-10.34,-10.34
2026-03-04,AVTUR,5.05,14374729.0,72614259.0,3,2026-03-04 12:00,19.81,14.59,-1.36,14.18,14.89,-2.98,14.89,3.48,6.51,5.0,-2.98,0.96,11.06,-0.4,11.06,9.84,-1.21,3.79
2025-06-27,AYCES,8.69,16767816.0,145641966.0,1,2025-06-27 10:00,467.5,5.19,-3.32,5.19,12.94,-4.92,12.94,-2.57,2.67,8.45,-1.55,-1.39,6.68,-4.92,1.18,1.07,-1.93,-1.6
2025-06-30,AYCES,6.07,28038167.0,170309360.0,2,2025-06-30 11:00,468.0,11.11,-1.71,2.56,11.11,-5.02,8.33,-1.66,-1.5,6.57,-5.02,1.07,3.63,-0.37,0.11,1.82,-4.59,-3.47
2024-05-07,AYES,5.48,2778683.0,15221216.0,0,2024-05-07 09:00,12.3832,0.0,-11.0,-11.0,6.72,-11.0,-2.1,-10.76,-2.1,6.72,3.72,5.02,1.62,-1.13,-1.13,1.7,-8.9,0.32
2025-06-04,AYES,5.8,1498780.0,8691678.0,3,2025-06-04 17:00,13.0,0.0,-3.0,-3.0,3.85,-8.46,-6.92,-7.69,-7.69,-3.85,-7.69,-4.62,3.85,-3.77,-1.92,-7.69,-8.46,-8.23
2024-07-25,AZTEK,5.41,81912744.0,443327364.0,3,2024-07-25 12:00,6.68,2.99,-5.99,-4.12,13.7,-5.99,5.46,-2.32,5.46,13.7,0.67,5.99,11.53,5.54,5.54,11.23,-0.67,4.04
2025-09-12,AZTEK,5.77,45617335.0,263101388.0,1,2025-09-12 10:00,4.848,3.09,-7.18,-7.18,17.57,-11.8,-3.05,-11.8,-5.12,2.1,-5.03,-0.54,0.62,-3.01,-0.91,17.57,6.02,13.14
2026-02-03,AZTEK,5.27,35224251.0,185744654.0,3,2026-02-03 12:00,4.83,5.59,-3.11,-2.9,5.59,-5.18,0.21,-3.31,-1.24,1.04,-3.11,-2.69,-1.24,-5.18,-3.93,-0.41,-2.48,-0.62
2026-04-15,AZTEK,5.95,25226358.0,150011718.0,3,2026-04-15 12:00,4.46,2.91,-2.02,2.91,12.78,-2.02,12.78,-1.57,-1.12,6.5,-1.12,3.36,6.28,0.9,3.36,10.54,5.38,7.4
2026-04-16,AZTEK,5.8,41091954.0,238478007.0,2,2026-04-16 11:00,4.74,5.06,-7.38,-6.96,5.06,-7.38,0.21,-6.96,-2.74,0.0,-5.06,-2.74,2.95,-4.64,0.21,2.74,-3.59,-3.59
2025-04-11,BAGFS,12.22,36325115.0,444045352.0,1,2025-04-11 10:00,28.16,2.49,-6.82,-3.55,5.11,-12.57,-0.64,-8.31,-7.32,1.92,-7.95,1.92,5.11,-5.75,-3.98,-3.34,-12.57,-11.65
2024-10-22,BAKAB,5.47,3250484.0,17796115.0,3,2024-10-22 12:00,33.1,0.91,-1.57,0.91,22.05,-1.57,11.0,4.53,11.0,22.05,5.86,7.85,18.61,9.79,13.17,12.08,6.53,6.59
2024-10-23,BAKAB,6.38,4149383.0,26459388.0,1,2024-10-23 10:00,36.74,0.0,-5.82,0.0,9.96,-7.19,9.96,-4.63,-2.83,6.86,-1.09,1.96,6.1,-2.18,-0.38,-0.44,-7.19,-4.14
2024-10-24,BAKAB,17.7,5535026.0,97985358.0,1,2024-10-24 10:00,39.12,3.27,-10.43,-8.74,3.27,-12.83,0.36,-7.11,-4.24,-0.36,-8.13,-6.44,-5.16,-9.87,-9.82,-9.3,-12.07,-11.3
2024-10-25,BAKAB,5.19,13072075.0,67829918.0,3,2024-10-25 12:00,36.9,6.34,-1.08,1.52,6.34,-8.94,5.64,-2.6,-0.81,0.54,-4.44,-4.39,-0.87,-7.59,-4.55,-5.42,-8.94,-8.78
2025-01-27,BAKAB,5.06,6129747.0,30997921.0,1,2025-01-27 10:00,37.24,1.99,-6.02,-4.56,1.99,-12.35,-2.85,-6.5,-5.37,-4.56,-7.68,-7.52,-5.75,-8.7,-6.77,-6.07,-12.35,-12.24
2025-04-15,BAKAB,7.34,11274096.0,82779198.0,1,2025-04-15 10:00,42.2,0.0,-18.1,-14.69,0.0,-26.87,-9.05,-20.38,-19.95,-17.77,-23.46,-20.52,-20.57,-24.17,-24.12,-23.18,-26.87,-26.64
2022-11-01,BALAT,5.76,478537.0,2755396.0,2,2022-11-01 13:00,11.8,0.0,0.0,0.0,10.08,-6.61,-1.61,-1.69,-1.69,-2.37,-6.61,-2.37,5.42,1.69,4.75,10.08,2.88,3.39
2022-12-06,BALAT,5.59,832506.0,4656916.0,3,2022-12-06 17:00,15.97,0.0,0.0,0.0,20.79,-9.83,3.32,0.19,0.19,-1.69,-9.83,-9.2,-0.13,-5.13,-0.13,20.79,20.79,20.79
2023-04-14,BALAT,5.31,758799.0,4026407.0,3,2023-04-14 17:00,18.49,0.0,0.0,0.0,0.0,-18.93,-1.03,-9.95,-9.95,-13.47,-18.93,-18.93,-11.36,-18.93,-11.36,-11.68,-11.84,-11.68
2024-09-18,BALAT,5.13,4861998.0,24941771.0,3,2024-09-18 17:00,50.4,0.0,-0.1,-0.1,15.87,-6.07,9.82,-5.12,9.82,13.1,6.15,13.1,15.87,12.7,15.87,-0.79,-6.07,-6.07
2025-07-03,BANVT,5.24,66720392.0,349749561.0,3,2025-07-03 12:00,213.7,3.6,-0.61,0.19,4.12,-5.33,1.78,-4.77,-1.78,4.12,-5.33,0.7,3.28,-1.78,-1.64,0.61,-1.68,-1.64
2025-12-15,BANVT,5.37,30161770.0,161834000.0,3,2025-12-15 12:00,171.5,1.11,-2.57,-2.04,3.5,-5.25,-1.46,-5.25,-5.07,-0.12,-5.07,-4.37,-2.74,-4.96,-4.49,3.5,-1.81,-1.46
2025-01-22,BARMA,5.03,18414361.0,92676455.0,2,2025-01-22 11:00,18.05,2.22,-3.32,-2.83,2.22,-9.09,-2.05,-5.15,-4.71,-4.16,-5.82,-4.99,-5.04,-6.59,-6.43,-6.04,-9.09,-9.09
2022-06-27,BASCM,5.42,241643.0,1309730.0,3,2022-06-27 17:00,2.774,0.0,0.0,0.0,8.79,-11.89,8.79,3.88,8.53,8.53,-2.33,-2.33,-5.17,-11.89,-11.89,-3.1,-5.68,-5.68
2022-06-28,BASCM,5.06,297284.0,1505465.0,2,2022-06-28 13:00,3.0178,0.0,-0.24,-0.24,0.0,-19.24,-0.24,-10.21,-10.21,-12.83,-19.0,-19.0,-12.83,-19.0,-13.3,-14.96,-19.24,-19.0
2023-02-07,BASCM,6.06,544103.0,3297379.0,3,2023-02-07 17:00,4.85,0.21,0.0,0.21,42.89,0.0,10.1,9.28,10.1,21.03,21.03,21.03,24.33,21.24,24.33,42.89,31.96,42.89
2025-07-30,BASCM,5.67,2098072.0,11889744.0,3,2025-07-30 17:00,16.17,0.06,0.0,0.06,15.96,-4.14,2.91,1.3,1.3,-2.91,-3.03,-3.03,-4.14,-4.14,-4.14,15.96,15.96,15.96
2026-01-27,BASCM,5.55,1353861.0,7515243.0,3,2026-01-27 17:00,16.48,0.3,0.0,0.3,0.3,-7.46,0.3,-7.46,-3.16,-3.16,-5.34,-3.58,-3.58,-5.95,-5.95,-5.89,-6.61,-6.61
2025-05-05,BASGZ,5.51,21125968.0,116348685.0,3,2025-05-05 12:00,34.2,1.4,-3.39,-2.98,1.4,-10.35,-0.64,-5.09,-1.46,0.7,-4.97,-4.74,-0.94,-4.68,-2.69,-3.1,-8.48,-4.39
2024-09-11,BAYRK,5.22,147783545.0,771769747.0,3,2024-09-11 12:00,6.7668,16.76,-0.2,-0.2,16.76,-27.1,5.54,-10.15,-10.15,-11.62,-19.09,-19.09,-18.49,-24.83,-24.63,-21.03,-27.1,-25.23
2025-03-11,BESLR,7.12,40110183.0,285714407.0,1,2025-03-11 10:00,16.24,0.0,-7.33,0.0,10.22,-7.33,5.54,-1.35,2.22,5.36,-0.92,4.68,10.22,3.82,7.51,8.93,5.85,6.53
2024-10-22,BFREN,6.93,39436004.0,273406808.0,1,2024-10-22 10:00,194.0103,13.92,-0.78,1.75,13.92,-0.78,11.26,3.11,7.7,13.4,8.87,9.64,10.81,4.4,5.76,6.41,3.82,3.95
2025-04-22,BFREN,5.14,48035402.0,247007344.0,3,2025-04-22 12:00,179.3182,4.34,-5.04,-3.29,4.34,-9.38,-3.5,-6.72,-5.39,-0.35,-6.16,-4.41,-0.7,-5.53,-4.27,-5.25,-9.38,-9.31
2025-05-07,BFREN,5.17,76570549.0,395549832.0,3,2025-05-07 12:00,210.4,0.81,-7.22,-5.23,0.81,-15.87,-0.24,-12.98,-11.83,-8.98,-14.45,-13.26,-8.84,-14.35,-12.55,-12.79,-15.87,-15.87
2025-11-19,BFREN,5.23,42805670.0,223750982.0,1,2025-11-19 10:00,184.8,1.41,-10.28,-8.5,1.41,-13.53,-1.79,-10.12,-8.12,-7.36,-10.55,-9.63,-8.33,-11.26,-11.26,-12.01,-13.53,-13.42
2026-04-14,BFREN,5.33,18507433.0,98585937.0,3,2026-04-14 12:00,151.2,0.0,-1.52,0.0,9.33,-1.52,9.33,2.51,2.65,5.36,-0.13,0.0,7.47,0.26,4.1,4.03,0.33,0.33
2026-04-15,BFREN,9.11,24821618.0,226065349.0,1,2026-04-15 10:00,163.2,1.29,-5.02,-4.9,1.29,-8.03,-2.39,-7.48,-7.35,-0.43,-7.11,-3.55,-3.55,-5.82,-5.51,-6.0,-8.03,-7.78
2025-01-10,BIENY,5.34,45353477.0,241982784.0,2,2025-01-10 11:00,36.94,0.7,-5.09,-4.06,1.25,-6.55,1.25,-5.14,-3.79,-2.33,-5.63,-5.52,-1.19,-5.36,-4.06,-2.27,-6.55,-5.63
2025-12-26,BIGTK,7.41,92783970.0,687385014.0,1,2025-12-26 10:00,409.0,1.47,-9.9,-8.56,1.47,-31.54,-8.13,-17.67,-17.67,-19.13,-25.86,-22.98,-22.0,-25.43,-25.06,-24.69,-31.54,-29.58
2026-03-25,BIGTK,5.11,30709672.0,156958440.0,3,2026-03-25 12:00,323.75,0.08,-3.55,0.08,16.37,-22.84,4.09,-3.86,-3.78,5.79,-4.79,5.79,16.37,-4.79,-4.79,-22.84,-22.84,-22.84
2026-03-30,BIGTK,11.32,54813249.0,620335667.0,2,2026-03-30 11:00,308.25,3.16,0.0,0.0,3.16,-32.85,-9.98,-9.98,-9.98,-18.96,-18.96,-18.96,-21.88,-27.04,-27.04,-21.36,-25.58,-25.58
2026-04-02,BIGTK,8.4,88673662.0,745231257.0,1,2026-04-02 10:00,234.3,2.77,-4.01,-4.01,5.55,-11.65,5.55,-11.65,-0.26,3.46,-2.09,-2.09,0.09,-9.22,-9.09,-4.27,-9.09,-7.55
2026-01-19,BINBN,5.84,64516027.0,376518670.0,3,2026-01-19 12:00,182.7,11.28,-1.42,-1.04,11.28,-3.07,-0.66,-3.07,-2.57,0.6,-2.9,-0.93,0.22,-2.19,-0.55,4.71,-1.04,1.37
2026-02-10,BINBN,5.78,135107461.0,780303781.0,2,2026-02-10 11:00,218.1,3.21,-13.71,-12.79,3.21,-18.57,-12.52,-18.57,-17.74,-15.86,-17.74,-17.24,-16.32,-18.07,-17.38,-16.6,-17.84,-17.65
2025-05-08,BINHO,5.1,253269863.0,1290528253.0,1,2025-05-08 10:00,11.8303,5.08,-1.92,-1.92,6.85,-16.24,6.85,-4.23,0.38,3.16,-7.08,-7.08,-2.85,-14.24,-14.09,-13.39,-16.24,-16.09
2026-02-11,BINHO,5.17,497066529.0,2567532092.0,2,2026-02-11 11:00,10.72,8.3,-0.47,-0.47,8.3,-8.21,4.94,-0.47,-0.19,3.08,-5.78,-4.57,-1.12,-5.41,-5.04,-4.01,-8.21,-7.93
2026-05-11,BIZIM,5.93,13743882.0,81502887.0,1,2026-05-11 10:00,32.24,13.83,-5.33,-4.03,13.83,-12.66,-2.23,-5.33,-5.33,-4.03,-7.63,-7.63,-3.91,-9.18,-7.75,-10.42,-12.66,-12.47
2025-10-01,BLCYT,6.4,50584586.0,323893405.0,3,2025-10-01 12:00,26.12,4.67,-4.13,1.45,10.95,-4.13,6.81,-0.15,4.13,7.58,1.45,7.2,9.34,5.44,9.26,4.29,0.0,3.68
2026-02-04,BLCYT,5.17,45942143.0,237532439.0,3,2026-02-04 12:00,43.82,7.94,-3.24,3.61,14.56,-3.24,7.76,-1.19,4.29,6.53,1.96,5.57,9.4,4.84,8.03,11.32,7.44,10.68
2025-06-24,BMSCH,5.78,10636168.0,61481113.0,1,2025-06-24 10:00,16.69,4.61,-13.72,4.61,4.61,-13.72,3.65,-3.0,-3.0,3.65,-11.44,-0.6,-0.12,-7.13,-1.26,-2.64,-5.51,-3.12
2026-04-21,BMSCH,6.5,32823806.0,213509840.0,3,2026-04-21 12:00,18.36,2.67,-1.96,0.71,7.19,-3.05,7.19,-0.05,2.12,6.7,-1.91,0.54,3.27,-2.45,-0.6,1.14,-2.72,-1.25
2025-04-30,BNTAS,5.96,21441882.0,127783174.0,3,2025-04-30 12:00,5.77,2.77,-1.21,1.21,34.32,-1.21,10.92,3.99,9.19,20.1,5.89,17.33,24.78,15.25,15.25,34.32,21.84,28.6
2025-11-10,BORLS,5.7,91927973.0,523754711.0,3,2025-11-10 12:00,16.4,4.63,-1.71,-1.71,4.63,-28.9,-3.05,-11.52,-3.35,-1.28,-12.99,-10.43,-9.76,-19.33,-19.33,-16.77,-28.9,-28.9
2026-04-16,BORLS,9.0,92637882.0,833842491.0,1,2026-04-16 10:00,5.81,0.0,-15.83,0.0,46.13,-15.83,9.98,3.61,9.98,20.83,16.35,20.83,32.87,32.87,32.87,31.5,14.11,31.5
2026-04-22,BORLS,5.61,193732362.0,1087585809.0,3,2026-04-22 12:00,7.29,8.5,-4.66,-4.66,12.89,-22.22,4.8,-9.05,4.8,12.89,-3.98,-3.98,-4.12,-13.58,-13.58,4.53,-2.06,4.53
2025-07-30,BOSSA,5.17,25061747.0,129618671.0,1,2025-07-30 10:00,7.51,3.73,-11.05,-10.12,3.73,-12.52,-2.93,-12.52,-6.79,-5.59,-8.79,-8.52,-6.39,-9.99,-9.32,-3.46,-6.13,-4.93
2026-01-14,BOSSA,6.28,8787046.0,55154653.0,3,2026-01-14 12:00,6.78,2.65,-1.92,-1.92,3.54,-3.98,0.59,-3.98,-1.18,0.74,-2.8,-0.74,0.0,-1.77,-1.18,1.18,-1.18,-1.18
2022-07-28,BRKO,5.88,1516815.0,8912143.0,2,2022-07-28 17:00,2.47,0.0,0.0,0.0,0.0,-21.05,0.0,-9.72,-9.72,-12.55,-17.41,-12.55,-4.86,-9.72,-4.86,-12.55,-21.05,-19.03
2026-04-02,BRKVY,5.36,45824441.0,245523873.0,2,2026-04-02 11:00,95.2,3.1,-2.84,-2.26,3.1,-9.14,0.84,-5.46,-5.2,-1.05,-5.62,-4.88,-4.15,-9.14,-8.72,-2.63,-5.93,-3.73
2024-09-30,BRLSM,5.66,29706683.0,168139606.0,2,2024-09-30 11:00,16.19,1.85,-4.69,-4.39,1.85,-15.87,-4.26,-13.28,-11.43,-6.49,-14.21,-13.4,-11.43,-14.39,-14.02,-10.13,-14.02,-12.35
2026-01-14,BRLSM,5.18,22249398.0,115300780.0,2,2026-01-14 11:00,14.88,2.69,-2.55,-0.74,3.63,-4.7,3.63,-2.62,-1.88,-0.81,-3.29,-2.89,-0.87,-2.96,-2.28,-2.22,-4.7,-4.1
2026-05-14,BRLSM,5.62,87017855.0,488719922.0,2,2026-05-14 11:00,18.81,2.92,-2.07,2.92,35.46,-5.79,13.13,5.79,13.13,24.4,16.85,24.4,35.46,11.96,11.96,4.15,-5.79,0.85
2026-05-20,BRLSM,5.01,174905990.0,876892272.0,2,2026-05-20 11:00,22.12,9.86,-4.79,-4.79,9.86,-19.89,4.52,-14.29,-14.29,-11.44,-19.89,-14.24,-6.6,-13.2,-10.76,-6.69,-14.56,-6.69
2022-07-26,BRMEN,5.05,89952.0,454423.0,3,2022-07-26 17:00,0.6417,0.0,-0.52,-0.52,0.0,-5.76,0.0,-1.57,-1.57,-1.05,-2.09,-2.09,-1.57,-5.76,-5.76,0.0,-1.05,-1.05
2022-08-29,BRMEN,5.04,263272.0,1325585.0,2,2022-08-29 13:00,0.8399,0.0,0.0,0.0,46.0,0.0,10.0,6.0,10.0,20.8,19.2,20.8,32.8,31.6,32.8,44.0,31.6,36.8
2022-10-20,BRMEN,5.18,135050.0,699052.0,3,2022-10-20 17:00,0.9105,0.0,-1.48,-1.48,0.37,-5.17,0.37,-1.85,0.37,0.37,-1.85,-1.85,-1.11,-2.21,-2.21,-3.32,-5.17,-5.17
2022-12-02,BRMEN,5.36,414031.0,2217920.0,3,2022-12-02 17:00,1.0482,0.0,0.0,0.0,4.81,-7.05,0.0,-3.21,-3.21,0.96,-7.05,-1.92,4.81,0.96,2.56,-1.92,-2.56,-2.24
2023-06-06,BRMEN,5.22,216119.0,1128800.0,3,2023-06-06 17:00,1.0274,0.0,0.0,0.0,0.0,-12.89,0.0,-6.7,-5.67,-2.06,-5.67,-5.67,-5.15,-8.25,-7.22,-9.79,-12.89,-12.89
2023-07-03,BRMEN,5.56,574125.0,3193558.0,3,2023-07-03 17:00,1.2975,0.0,0.0,0.0,6.53,-11.43,0.0,-3.27,-3.27,-6.12,-6.53,-6.53,-6.53,-11.43,-11.43,6.53,-2.45,6.53
2023-11-30,BRMEN,6.72,993576.0,6680392.0,3,2023-11-30 17:00,2.8015,0.0,0.0,0.0,0.0,-26.28,-6.99,-9.83,-6.99,-7.94,-14.74,-14.18,-14.18,-19.28,-18.15,-22.5,-24.39,-22.5
2023-12-01,BRMEN,5.13,1374089.0,7055136.0,3,2023-12-01 17:00,2.5685,1.44,0.0,1.44,1.44,-19.59,0.41,-7.01,-6.39,-6.39,-11.96,-10.72,-10.72,-19.59,-19.59,-7.01,-8.25,-7.01
2024-02-19,BRMEN,5.23,1513379.0,7910784.0,3,2024-02-19 17:00,2.8651,0.0,0.0,0.0,5.36,-8.5,5.36,0.55,0.55,-5.55,-8.5,-8.5,-4.44,-7.58,-4.44,-2.77,-7.21,-6.65
2024-03-13,BRMEN,5.6,2784722.0,15597717.0,2,2024-03-13 13:00,3.6012,0.0,-2.5,-2.5,13.97,-12.21,-4.71,-12.21,-4.71,4.71,-4.71,4.71,4.71,-5.74,-5.74,13.97,5.88,13.97
2024-10-22,BRMEN,5.45,1153071.0,6283407.0,1,2024-10-22 12:00,3.1669,0.0,0.0,0.0,0.0,-19.4,-6.35,-9.87,-9.87,-13.04,-14.72,-14.72,-15.89,-16.22,-15.89,-18.56,-19.4,-18.56
2025-07-11,BRMEN,5.07,754657.0,3827078.0,3,2025-07-11 17:00,3.1775,0.0,-0.17,-0.17,6.5,-4.5,-1.5,-3.5,-1.5,6.5,-4.5,3.33,5.83,3.33,3.33,3.33,2.5,3.0
2025-10-31,BULGS,5.28,340921714.0,1801230143.0,2,2025-10-31 11:00,49.1,6.01,-1.3,1.83,6.01,-17.15,2.85,-8.35,-8.35,-1.34,-10.39,-6.92,-6.11,-12.18,-12.1,-11.2,-17.11,-16.86
2026-01-08,BURCE,5.04,26132136.0,131706056.0,3,2026-01-08 12:00,70.15,0.5,-7.63,0.5,20.88,-7.63,10.55,1.92,10.55,20.88,11.62,15.4,19.1,7.7,11.97,13.47,0.93,1.43
2026-01-09,BURCE,6.33,32708995.0,206967042.0,3,2026-01-09 12:00,75.65,2.51,-5.49,2.51,12.1,-10.11,12.1,3.5,7.01,10.44,-0.13,3.83,5.02,-3.24,-2.84,-5.95,-10.11,-9.85
2025-01-24,BVSAN,5.62,58227362.0,327269464.0,3,2025-01-24 12:00,121.0,2.4,-11.98,-10.74,2.4,-13.39,-5.87,-13.39,-8.68,-5.95,-9.92,-9.01,-5.29,-11.57,-8.93,-8.76,-13.31,-12.48
2024-08-26,BYDNR,6.11,10279990.0,62797629.0,1,2024-08-26 10:00,25.96,0.23,-8.24,-4.08,0.23,-12.56,-2.54,-9.63,-9.32,-8.4,-12.17,-11.48,-9.32,-12.56,-9.32,-4.78,-9.09,-6.93
2024-11-29,BYDNR,5.24,11166375.0,58521482.0,3,2024-11-29 12:00,22.04,0.0,-4.99,0.0,9.8,-4.99,2.99,-1.18,0.36,3.27,-0.64,1.63,5.9,0.82,1.36,9.8,4.45,8.35
2025-05-14,BYDNR,5.25,11582605.0,60818198.0,3,2025-05-14 12:00,21.1,1.33,-1.8,-0.28,2.18,-2.84,2.18,-1.14,0.0,1.42,-0.66,0.66,1.23,-2.09,-1.04,1.42,-2.84,0.28
2022-06-10,CASA,5.74,1436546.0,8242935.0,2,2022-06-10 13:00,120.0,0.0,-0.83,-0.83,9.08,-7.5,9.08,4.08,4.08,4.17,-1.67,-1.25,4.17,-1.25,-0.33,3.92,0.17,1.67
2022-06-27,CASA,6.76,2015945.0,13617900.0,2,2022-06-27 13:00,115.0,0.0,0.0,0.0,3.48,0.0,3.48,0.0,3.48,3.48,1.74,1.74,1.74,0.0,1.74,2.7,1.74,1.74
2022-07-06,CASA,6.57,2619093.0,17202620.0,3,2022-07-06 17:00,115.0,1.74,0.0,1.74,2.61,-1.57,1.74,1.74,1.74,2.61,1.74,2.61,0.78,-0.09,-0.09,-1.04,-1.57,-1.57
2023-09-26,CASA,10.42,8148178.0,84879596.0,1,2023-09-26 12:00,102.8,0.0,-8.95,-2.97,7.68,-13.52,6.71,-2.72,6.71,6.71,-3.94,-3.94,-9.44,-13.52,-10.94,7.68,7.68,7.68
2024-11-26,CASA,5.83,1929939.0,11259325.0,1,2024-11-26 12:00,95.55,0.0,-3.82,-3.77,0.0,-14.86,-4.92,-7.9,-7.9,-11.51,-11.88,-11.51,-5.81,-14.86,-11.04,-11.2,-13.13,-13.13
2025-03-27,CASA,5.56,1749835.0,9728151.0,2,2025-03-27 13:00,62.1,0.0,0.0,0.0,4.27,-3.86,-2.58,-3.46,-2.58,-1.77,-2.82,-1.77,0.48,-1.37,0.48,-1.37,-3.54,-1.37
2025-05-07,CASA,7.55,1923299.0,14523436.0,1,2025-05-07 12:00,86.5,0.0,0.0,0.0,60.81,0.0,10.0,10.0,10.0,20.92,20.81,20.92,32.95,32.83,32.95,60.81,60.12,60.12
2025-05-08,CASA,5.23,2647022.0,13850034.0,1,2025-05-08 12:00,95.15,0.0,0.0,0.0,46.19,0.0,9.93,9.83,9.93,20.86,20.76,20.86,32.95,32.95,32.95,45.56,31.06,31.06
2025-05-09,CASA,5.04,3498039.0,17623907.0,2,2025-05-09 13:00,104.6,0.0,0.0,0.0,32.98,0.0,9.94,9.85,9.94,20.94,20.94,20.94,32.98,32.41,32.41,7.36,7.36,7.36
2025-05-14,CASA,5.58,6400042.0,35694269.0,3,2025-05-14 17:00,139.0,0.0,-0.36,-0.36,0.0,-27.99,-0.36,-10.29,-10.29,-19.21,-19.21,-19.21,-27.27,-27.27,-27.27,-20.0,-27.99,-26.55
2025-05-13,CATES,5.25,28628846.0,150412986.0,2,2025-05-13 11:00,32.54,1.6,-5.41,-3.93,7.44,-5.41,-1.23,-5.35,-4.73,3.75,-2.58,-0.25,7.44,-0.12,5.96,0.49,-4.43,-4.43
2025-06-20,CATES,5.58,40364960.0,225092757.0,2,2025-06-20 11:00,31.38,11.22,-5.04,-4.4,11.22,-10.26,-4.02,-8.48,-8.48,-5.35,-7.33,-7.07,-4.97,-7.78,-7.71,-7.58,-10.26,-9.88
2025-08-13,CATES,5.62,66400448.0,372967059.0,3,2025-08-13 12:00,36.58,4.43,-3.77,-3.66,4.43,-7.11,-3.72,-7.05,-6.89,-5.03,-7.11,-5.63,-2.13,-5.08,-2.68,-1.48,-4.54,-3.01
2026-03-04,CATES,5.73,39981609.0,228955012.0,2,2026-03-04 11:00,40.76,2.94,-3.34,-3.34,22.13,-4.32,4.27,-4.32,0.64,4.81,-3.39,-1.18,8.68,-2.94,8.68,22.13,12.9,18.16
2026-03-10,CATES,5.36,66758702.0,357536512.0,3,2026-03-10 12:00,48.18,1.12,-3.15,-1.45,8.97,-4.48,3.32,-4.48,-0.04,7.62,0.04,6.06,8.97,-2.41,1.95,3.88,-3.07,-2.2
2025-07-22,CELHA,6.97,18708366.0,130411309.0,1,2025-07-22 10:00,9.4669,2.35,-3.19,2.35,40.6,-3.19,12.52,2.66,12.52,23.69,23.69,23.69,36.05,14.82,16.19,40.6,35.42,40.6
2025-07-23,CELHA,7.02,28731305.0,201774399.0,2,2025-07-23 11:00,10.652,0.0,-1.96,0.0,36.12,-1.96,9.93,9.93,9.93,20.92,2.05,3.27,13.59,5.52,13.59,36.12,17.91,22.98
2025-07-25,CELHA,5.62,38898067.0,218717521.0,3,2025-07-25 12:00,11.8,4.66,-7.88,-6.78,22.88,-7.88,2.54,-4.75,2.54,12.8,8.64,12.8,22.88,6.44,11.02,6.78,-5.0,-4.75
2025-11-28,CELHA,7.8,29914319.0,233387319.0,1,2025-11-28 10:00,11.43,9.71,-8.31,-2.45,17.06,-12.16,7.26,2.36,7.26,17.06,0.87,4.72,9.19,-0.44,-0.44,-2.71,-12.16,-11.81
2025-04-02,CEMAS,5.13,40328469.0,207032924.0,2,2025-04-02 11:00,3.58,0.56,-1.4,0.56,33.52,-3.91,10.06,-2.79,3.35,8.38,-0.56,0.56,10.61,-3.91,10.61,33.52,20.39,20.39
2025-04-07,CEMTS,5.4,87107094.0,470754274.0,2,2025-04-07 11:00,13.33,3.3,-2.48,-1.05,8.55,-3.75,7.13,-1.5,1.73,6.3,-0.3,3.75,8.55,1.5,3.0,7.28,-3.75,4.28
2026-03-25,CEOEM,6.54,31205059.0,203988998.0,2,2026-03-25 11:00,24.04,6.07,-7.82,-5.66,6.07,-14.89,-3.33,-10.4,-9.32,-8.49,-13.48,-12.56,-10.9,-13.81,-13.48,-12.23,-14.89,-12.56
2023-02-07,CMENT,6.87,514577.0,3536389.0,3,2023-02-07 17:00,68.8,0.0,0.0,0.0,23.62,0.0,9.96,9.67,9.96,20.93,20.93,20.93,23.62,18.82,23.62,16.28,16.06,16.06
2023-08-08,CMENT,5.04,1456035.0,7342905.0,2,2023-08-08 13:00,98.4,0.05,0.0,0.05,7.62,-9.91,0.1,-1.42,-1.42,-2.69,-9.55,-9.55,-0.76,-9.91,-0.76,7.62,5.69,7.62
2026-01-26,CONSE,5.05,19666145.0,99345875.0,3,2026-01-26 12:00,3.34,2.1,-0.6,2.1,5.09,-5.99,5.09,-1.5,-1.2,2.4,-2.1,-1.8,-1.2,-2.99,-2.1,-0.6,-5.99,-1.5
2024-12-10,COSMO,5.37,24896400.0,133791558.0,2,2024-12-10 11:00,130.0,2.46,-1.54,-0.62,12.92,-5.15,6.15,-5.15,-2.0,1.15,-3.77,-0.15,5.46,-2.31,4.77,10.0,0.15,2.08
2025-10-15,CRDFA,6.99,44093996.0,308093841.0,2,2025-10-15 13:00,13.64,0.0,-2.3,-2.3,0.0,-20.82,-12.02,-12.02,-12.02,-20.77,-20.82,-20.82,-12.9,-19.35,-16.91,-18.13,-18.67,-18.13
2025-10-08,CRFSA,9.6,45293769.0,434932369.0,1,2025-10-08 10:00,119.3,1.42,-7.12,-6.2,11.48,-9.56,-5.2,-9.56,-7.8,-1.93,-8.89,-5.2,4.27,-6.62,4.27,-1.42,-7.54,-5.11
2025-12-15,CRFSA,5.65,91835245.0,519199530.0,2,2025-12-15 11:00,120.3,1.33,-0.42,-0.42,4.16,-3.16,1.41,-3.16,-1.16,2.33,-1.75,-1.0,2.16,-1.0,0.67,0.5,-2.91,-2.83
2026-04-08,CRFSA,5.33,64514841.0,344156218.0,3,2026-04-08 12:00,158.3,0.76,-3.35,-0.82,6.7,-4.61,2.34,-2.72,0.06,2.97,-4.61,-2.59,6.13,-1.9,5.24,6.7,1.71,4.55
2024-12-17,CUSAN,7.09,14733029.0,104401864.0,2,2024-12-17 11:00,25.32,1.74,-2.69,0.87,8.61,-2.69,4.11,-0.87,1.26,4.66,-0.47,3.32,6.71,1.9,4.9,8.61,2.53,5.45
2025-08-13,CUSAN,5.07,42132530.0,213537837.0,3,2025-08-13 12:00,28.8,3.33,-3.68,-1.46,25.42,-10.42,-2.08,-10.42,-4.51,5.0,-7.5,5.0,15.49,13.75,15.49,22.01,10.35,19.65
2025-12-02,CUSAN,5.35,11997965.0,64159210.0,1,2025-12-02 10:00,24.08,9.3,-6.23,-5.73,9.3,-8.55,-1.66,-7.64,-7.64,-1.5,-8.55,-4.9,-4.9,-7.81,-7.81,-7.06,-8.06,-7.81
2026-01-28,CUSAN,5.59,21560511.0,120428360.0,2,2026-01-28 11:00,29.8,0.4,-1.48,0.4,10.4,-10.54,10.4,6.17,10.4,10.13,-0.6,-0.6,-2.35,-10.54,-9.4,8.99,-4.36,-1.14
2025-07-14,DAGI,5.22,38827624.0,202751006.0,2,2025-07-14 11:00,5.71,5.6,-3.5,-2.98,17.16,-5.43,6.65,-5.43,2.63,12.78,5.43,11.21,17.16,6.3,12.08,8.76,-0.35,0.53
2025-07-16,DAGI,5.19,55253094.0,286835019.0,3,2025-07-16 12:00,5.91,3.05,-3.55,-0.85,13.2,-6.26,8.97,1.86,7.45,13.2,2.71,8.29,12.18,4.4,4.91,-1.02,-6.26,-6.09
2025-07-22,DAPGM,5.42,129460259.0,701137582.0,1,2025-07-22 10:00,10.3,4.66,-5.73,2.91,25.05,-5.73,6.6,0.68,2.14,5.44,1.46,2.33,5.44,3.01,3.4,25.05,18.74,25.05
2024-12-02,DARDL,7.88,18179568.0,143235450.0,1,2024-12-02 10:00,2.7017,0.0,-4.26,0.0,8.05,-8.66,8.05,-8.66,-7.45,0.3,-8.36,-3.65,-3.04,-7.6,-6.69,-2.89,-6.69,-5.32
2024-12-03,DARDL,7.66,24910893.0,190853691.0,1,2024-12-03 10:00,2.8167,3.64,-12.39,-11.22,3.64,-12.39,-3.79,-12.1,-7.58,-7.0,-11.37,-10.5,-6.85,-11.66,-9.04,-6.12,-12.1,-7.0
2024-12-13,DERHL,6.87,78633176.0,540398814.0,2,2024-12-13 11:00,15.48,5.62,-5.68,-2.58,5.62,-10.47,1.94,-3.1,-2.13,0.13,-10.47,-10.08,-1.1,-10.34,-1.1,2.39,-10.4,-7.24
2026-01-23,DERHL,5.54,63752718.0,353241731.0,3,2026-01-23 12:00,14.21,5.77,-3.24,2.04,5.77,-3.24,5.0,-1.76,-1.41,0.63,-2.74,-1.2,0.63,-1.9,-0.63,4.36,-1.97,0.42
2024-07-29,DERIM,6.23,22307108.0,138973253.0,1,2024-07-29 10:00,46.88,1.45,-7.76,-5.5,1.45,-24.74,-1.92,-10.96,-10.2,-3.03,-15.7,-13.05,-9.34,-13.35,-12.88,-18.73,-24.74,-23.68
2025-12-30,DERIM,7.2,7116451.0,51229419.0,2,2025-12-30 11:00,36.84,0.0,-5.21,0.0,8.31,-7.55,8.31,-3.85,-0.16,2.61,-1.85,-1.3,2.39,-3.8,-0.54,-0.92,-7.55,-5.16
2025-12-31,DERIM,7.06,9366473.0,66115690.0,1,2025-12-31 10:00,37.84,5.44,-6.4,-2.8,5.44,-9.99,-0.11,-4.44,-3.91,-0.32,-6.34,-3.17,-2.8,-6.29,-5.34,-6.4,-9.88,-6.55
2026-04-15,DERIM,5.08,16237595.0,82420585.0,3,2026-04-15 12:00,39.86,1.91,-1.51,0.15,8.18,-2.06,1.66,-2.06,-1.4,1.61,-2.06,0.85,6.17,-0.7,3.36,4.32,1.25,2.86
2025-01-16,DESA,5.94,11881613.0,70564438.0,1,2025-01-16 10:00,11.25,1.96,-8.62,-7.56,1.96,-13.78,-7.11,-11.02,-9.87,-9.51,-10.76,-10.49,-9.6,-11.29,-11.11,-8.44,-11.73,-11.02
2025-05-09,DESA,9.44,10521759.0,99377927.0,1,2025-05-09 10:00,8.92,3.36,-1.91,-1.01,8.07,-1.91,5.16,-1.57,2.91,3.81,1.23,2.91,8.07,2.47,4.6,3.92,1.57,2.35
2026-03-03,DESPC,5.53,15143467.0,83748662.0,3,2026-03-03 12:00,42.28,3.41,-2.37,-2.37,3.41,-11.87,-1.84,-9.27,-7.76,-5.91,-10.08,-7.62,-6.76,-10.31,-9.65,-5.06,-8.61,-5.06
2025-03-10,DEVA,6.56,30574395.0,200599770.0,1,2025-03-10 10:00,66.3,3.24,-2.26,-2.26,3.24,-3.7,-1.73,-3.39,-3.09,-2.34,-3.7,-3.54,-1.36,-3.39,-1.73,-0.45,-1.36,-1.06
2025-04-28,DGATE,5.93,18396010.0,109154257.0,2,2025-04-28 11:00,64.45,0.39,-2.79,0.39,18.7,-2.79,10.24,3.49,3.57,11.71,0.08,9.46,16.52,10.24,16.37,14.2,1.78,5.9
2026-04-13,DGNMO,10.26,29277027.0,300512846.0,1,2026-04-13 10:00,6.08,0.0,-11.84,0.0,54.11,-11.84,9.87,9.87,9.87,20.72,20.72,20.72,32.73,28.12,32.73,54.11,40.62,44.41
2026-04-20,DGNMO,5.39,60860861.0,328138098.0,3,2026-04-20 12:00,9.12,2.41,-4.93,-3.73,15.13,-5.7,-1.32,-5.7,-3.51,6.14,-3.51,6.14,15.13,-3.18,3.18,4.39,-4.61,-0.33
2022-07-27,DIRIT,6.5,110673.0,719077.0,3,2022-07-27 17:00,3.35,0.0,0.0,0.0,13.43,-5.97,9.85,9.85,9.85,13.43,9.85,13.13,11.94,2.09,2.09,-5.07,-5.97,-5.07
2022-07-29,DIRIT,5.04,178368.0,898100.0,1,2022-07-29 12:00,3.68,3.26,0.0,2.99,3.26,-14.4,1.9,-7.07,-7.07,-7.07,-13.04,-12.77,-13.59,-14.4,-13.59,-8.97,-11.14,-8.97
2023-03-10,DIRIT,5.37,268207.0,1441102.0,2,2023-03-10 13:00,5.58,0.0,0.0,0.0,0.0,-12.01,-2.15,-8.6,-8.6,-8.6,-12.01,-10.39,-6.81,-10.39,-8.42,-5.02,-6.81,-6.81
2024-01-30,DIRIT,5.88,3942566.0,23185702.0,1,2024-01-30 12:00,23.0,0.0,-5.22,-5.22,0.0,-28.13,-14.7,-14.7,-14.7,-23.22,-23.22,-23.22,-15.7,-28.13,-16.09,-24.17,-24.17,-24.17
2024-07-18,DIRIT,6.26,7572678.0,47379950.0,1,2024-07-18 12:00,42.38,0.0,-9.25,-9.25,24.94,-9.25,-0.19,-9.25,-0.19,9.77,-6.09,9.77,17.93,17.89,17.93,24.94,22.7,24.94
2025-03-12,DIRIT,5.92,2302124.0,13619822.0,3,2025-03-12 17:00,27.0,0.0,-2.96,-2.96,1.85,-19.56,-2.74,-3.7,-2.74,1.85,-3.7,-3.7,-3.7,-7.19,-6.96,-14.3,-19.56,-19.56
2025-05-26,DIRIT,5.19,2220683.0,11522820.0,1,2025-05-26 12:00,26.46,0.0,-9.3,-4.61,1.66,-19.88,1.66,-5.52,-3.63,-5.82,-13.23,-13.23,-14.97,-19.43,-18.44,-14.59,-18.75,-18.75
2026-03-31,DIRIT,5.86,2388609.0,14002975.0,3,2026-03-31 17:00,33.98,0.0,-2.94,-2.94,0.0,-21.13,-6.59,-12.6,-12.6,-16.72,-18.19,-16.72,-18.3,-19.48,-19.48,-17.66,-21.13,-21.13
2025-04-15,DITAS,5.03,11600957.0,58330864.0,3,2025-04-15 12:00,7.4238,1.3,-4.04,-2.87,1.3,-9.58,1.3,-7.6,-7.12,-4.11,-8.76,-6.84,-5.68,-8.9,-8.76,-4.86,-9.58,-8.83
2025-05-27,DITAS,5.5,26474033.0,145539497.0,3,2025-05-27 12:00,10.1067,5.08,-3.52,-1.71,8.09,-11.16,0.45,-9.5,-9.5,-1.71,-11.16,-3.47,4.98,-5.03,2.16,-2.66,-7.24,-6.33
2025-12-26,DITAS,6.01,59523168.0,357648136.0,3,2025-12-26 12:00,32.2917,0.0,-1.57,0.0,10.55,-7.72,6.53,-5.43,3.62,4.88,-4.01,-0.24,2.75,-3.23,-3.23,10.55,0.65,2.69
2025-06-26,DMRGD,6.47,78625702.0,508341073.0,2,2025-06-26 11:00,3.495,0.29,-7.3,-3.79,0.29,-11.37,-3.43,-9.3,-9.08,-3.08,-11.37,-3.43,-1.5,-7.01,-6.29,-3.86,-7.3,-4.22
2025-09-24,DMRGD,8.7,124701673.0,1085291656.0,1,2025-09-24 10:00,3.655,3.35,-2.53,-1.71,3.35,-15.73,-0.75,-5.75,-4.99,-4.72,-9.44,-7.66,-7.66,-13.47,-13.47,-6.7,-14.16,-12.72
2025-02-18,DMSAS,5.16,30998128.0,159843341.0,1,2025-02-18 10:00,8.18,3.67,-0.86,-0.24,3.67,-19.56,-0.49,-8.56,-7.7,-2.69,-10.02,-9.66,-9.17,-15.04,-14.3,-15.4,-19.56,-19.07
2025-12-29,DMSAS,5.84,29356574.0,171408489.0,2,2025-12-29 11:00,12.42,0.0,0.0,0.0,0.0,-27.54,-9.98,-9.98,-9.98,-18.92,-18.92,-18.92,-23.99,-26.97,-26.89,-26.49,-27.21,-27.13
2026-01-02,DMSAS,6.92,34898370.0,241422894.0,2,2026-01-02 11:00,9.18,1.85,-1.2,-1.09,1.85,-1.96,0.54,-1.96,-1.31,-0.54,-1.53,-1.42,0.0,-1.31,-0.98,0.22,-0.98,-0.54
2024-09-03,DNISI,6.07,11712482.0,71135651.0,1,2024-09-03 10:00,13.76,2.03,-3.85,2.03,33.21,-3.85,12.21,2.47,12.21,23.4,16.13,23.4,33.21,11.12,11.12,15.33,5.31,5.31
2024-11-14,DOCO,6.41,18010096.0,115372318.0,3,2024-11-14 12:00,5592.5,0.67,-4.2,0.67,10.73,-4.2,10.73,5.5,6.66,6.48,1.43,2.15,7.06,0.85,1.07,6.75,3.17,3.31
2025-10-23,DOGUB,5.43,15995416.0,86850983.0,3,2025-10-23 12:00,41.0,9.07,-1.76,9.07,70.73,-1.76,19.95,3.66,19.95,31.83,19.95,31.83,45.0,37.07,45.0,70.73,43.54,43.54
2025-04-24,DOKTA,8.01,8995395.0,72094993.0,1,2025-04-24 10:00,24.26,5.11,-4.7,-4.7,6.76,-11.05,-4.7,-9.89,-8.99,0.08,-7.01,0.08,6.76,-6.43,-6.02,-7.01,-11.05,-10.55
2025-04-25,DSTKF,5.94,446998779.0,2657341212.0,3,2025-04-25 12:00,191.7,1.2,-1.88,1.2,17.37,-1.88,11.32,0.21,11.32,17.37,7.41,8.5,12.05,1.56,8.24,15.08,5.63,9.18
2024-12-10,DUNYH,5.34,22642753.0,120814288.0,2,2024-12-10 11:00,54.55,4.67,-2.47,-2.47,4.67,-9.44,-2.57,-8.89,-6.51,0.46,-6.51,-4.67,0.27,-6.05,-5.41,-0.18,-9.44,-0.18
2025-05-02,DUNYH,5.28,4146227.0,21912781.0,2,2025-05-02 11:00,52.2,0.0,-3.26,0.0,11.78,-6.51,9.96,1.53,9.2,11.78,-0.38,-0.38,1.53,-4.79,-2.87,-1.44,-4.64,-3.07
2025-05-05,DUNYH,6.06,5192278.0,31487115.0,1,2025-05-05 10:00,55.0,4.36,-3.64,3.64,6.09,-11.27,6.09,-5.45,-5.45,-3.64,-9.64,-7.82,-5.45,-11.27,-7.45,-5.45,-9.09,-7.36
2025-10-06,DUNYH,5.0,28212307.0,141193947.0,3,2025-10-06 12:00,109.1,0.0,0.0,0.0,33.09,-1.92,9.99,4.77,9.99,20.99,17.32,20.99,33.09,8.89,8.89,23.28,8.16,8.16
2025-10-09,DUNYH,6.18,51959381.0,320945949.0,2,2025-10-09 11:00,140.5,3.35,-15.44,-15.44,3.35,-30.96,-7.05,-23.84,-7.05,-4.27,-16.01,-16.01,-12.67,-23.7,-18.86,-23.56,-30.96,-30.6
2026-04-06,DUNYH,5.64,55875145.0,314928571.0,3,2026-04-06 12:00,110.0,4.18,-1.45,-1.45,4.18,-6.36,0.09,-6.36,-3.73,-0.73,-4.09,-3.91,-3.55,-5.73,-5.0,4.0,-3.73,-3.64
2024-08-06,DURDO,6.14,3397532.0,20854960.0,3,2024-08-06 12:00,2.606,4.76,-3.91,-1.84,4.76,-8.6,0.77,-4.68,-1.38,0.31,-4.07,-1.15,-0.38,-4.3,-4.07,-4.3,-8.6,-5.6
2024-09-17,DURDO,8.03,6109863.0,49092286.0,1,2024-09-17 10:00,2.704,2.88,-8.65,-8.65,25.96,-9.62,0.44,-9.62,0.44,10.43,0.07,10.43,18.71,1.85,4.22,25.96,18.64,25.96
2024-09-19,DURDO,5.51,13579252.0,74787060.0,3,2024-09-19 12:00,2.948,1.29,-1.36,1.29,39.76,-6.58,8.89,-6.58,-4.41,5.09,-3.93,5.09,15.54,8.82,15.54,39.76,27.2,31.14
2024-12-05,DURDO,5.04,15078135.0,75997232.0,1,2024-12-05 10:00,5.428,9.43,-1.62,2.8,9.43,-20.71,1.77,-7.44,-7.44,-7.89,-14.96,-13.93,-7.22,-15.48,-15.18,-16.58,-20.71,-18.64
2025-07-09,DURDO,5.92,7818494.0,46302810.0,2,2025-07-09 11:00,3.07,6.51,-0.65,5.21,9.12,-0.65,8.79,1.3,2.93,4.23,0.33,1.95,9.12,1.63,6.84,7.17,4.56,6.19
2025-09-19,DYOBY,6.2,50167234.0,311283467.0,2,2025-09-19 11:00,16.75,6.87,-5.85,-4.84,6.87,-7.34,-3.64,-6.33,-6.21,-2.99,-7.34,-5.43,-4.66,-6.21,-6.09,-4.18,-7.1,-6.27
2026-04-15,DYOBY,7.78,32418453.0,252363377.0,1,2026-04-15 10:00,16.5,0.0,-7.15,0.0,12.12,-10.3,5.7,-9.09,-7.64,-4.48,-8.67,-7.88,1.33,-10.3,-1.33,12.12,4.48,6.24
2026-04-16,DYOBY,5.1,44598955.0,227551822.0,1,2026-04-16 10:00,15.64,11.51,-4.09,-2.56,18.29,-5.37,0.77,-3.64,-2.81,6.91,-5.37,4.09,13.11,7.42,9.59,15.86,6.59,10.42
2026-03-13,ECOGR,6.87,280609213.0,1928240250.0,2,2026-03-13 11:00,29.92,0.33,-2.41,0.33,27.27,-2.41,7.62,-2.01,3.41,13.7,0.4,13.7,23.53,14.97,21.46,27.27,7.75,27.27
2025-12-30,EDATA,5.61,50778203.0,284989410.0,3,2025-12-30 12:00,6.35,3.62,-5.67,-4.57,27.4,-8.5,2.36,-5.35,-4.57,4.88,-8.5,4.88,14.96,2.52,7.72,27.4,20.94,22.05
2025-04-30,EDIP,5.37,47975257.0,257823826.0,3,2025-04-30 12:00,27.92,3.15,-8.02,-8.02,47.92,-8.31,1.15,-8.31,1.15,11.25,5.59,11.25,22.35,15.76,22.35,47.92,42.05,47.92
2025-05-09,EDIP,5.66,100497364.0,568617351.0,3,2025-05-09 12:00,40.78,5.44,-8.19,-8.19,22.12,-8.78,0.98,-8.78,0.98,11.03,11.03,11.03,22.12,3.53,15.25,3.73,-6.62,-6.62
2026-03-25,EFOR,5.64,246210003.0,1388706070.0,3,2026-03-25 12:00,9.76,2.77,-7.38,-6.15,4.1,-9.32,-1.64,-9.32,-6.35,-2.15,-7.48,-5.53,1.23,-8.5,-1.13,4.1,-7.27,-7.27
2024-09-23,EGEPO,5.3,16405794.0,86878064.0,3,2024-09-23 12:00,5.68,0.0,-7.04,-6.25,0.0,-11.36,-4.4,-8.45,-5.55,-4.58,-7.57,-7.39,-5.9,-9.07,-7.83,-8.19,-11.36,-10.83
2025-03-21,EGEPO,5.75,17488546.0,100576250.0,3,2025-03-21 12:00,5.4,3.7,-0.93,-0.93,23.33,-10.74,7.22,-10.74,-0.74,9.07,-1.11,9.07,15.93,5.93,9.26,23.33,10.19,15.74
2025-12-30,EGEPO,7.15,22427348.0,160396664.0,2,2025-12-30 11:00,8.63,2.55,-9.85,-6.37,2.55,-9.97,-2.67,-9.97,-5.1,-0.7,-5.91,-4.75,1.27,-7.18,-3.71,1.62,-3.48,-2.09
2024-07-17,EGGUB,8.25,17627437.0,145418498.0,1,2024-07-17 10:00,50.55,0.0,-7.02,-5.95,24.93,-8.53,3.36,-8.53,3.36,13.65,5.74,13.65,24.93,13.85,17.41,19.29,7.42,10.09
2024-07-22,EGGUB,5.51,51768840.0,285048607.0,3,2024-07-22 12:00,59.85,3.43,-3.84,-0.84,11.95,-9.27,3.26,-7.69,-5.6,0.75,-9.27,-7.02,2.26,-8.02,2.26,8.6,-1.42,3.01
2024-12-26,EGGUB,7.01,34402811.0,241045583.0,1,2024-12-26 10:00,62.75,2.63,-4.22,2.63,11.39,-4.22,11.39,0.8,0.8,9.16,0.4,5.82,6.45,1.43,1.51,9.16,-0.8,9.16
2025-08-29,EGGUB,6.33,60083445.0,380246437.0,3,2025-08-29 12:00,113.3,0.35,-2.82,0.35,19.15,-2.82,10.33,-1.06,6.71,11.92,3.71,8.3,17.92,2.56,16.59,12.71,9.18,10.86
2026-03-09,EGGUB,5.82,68206351.0,396953381.0,1,2026-03-09 10:00,110.0,0.0,-7.0,-2.73,15.27,-7.0,2.45,-6.82,-1.45,0.82,-3.64,-1.91,4.55,-1.64,1.82,15.27,4.82,13.0
2024-07-11,EGSER,5.35,18106989.0,96944478.0,2,2024-07-11 11:00,4.1,1.22,-2.44,1.22,8.05,-6.59,8.05,-4.88,-2.93,1.95,-3.41,-3.17,-2.2,-5.85,-5.37,-1.95,-5.12,-4.63
2024-07-12,EGSER,8.22,24502904.0,201329566.0,2,2024-07-12 11:00,4.22,2.37,-6.64,-5.69,2.37,-9.72,-0.95,-6.16,-5.92,-4.98,-8.53,-8.06,-2.61,-9.24,-4.5,-5.92,-9.72,-9.24
2024-11-25,EGSER,8.05,19770154.0,159197920.0,3,2024-11-25 12:00,3.79,5.28,-0.26,3.17,5.28,-2.37,3.17,0.26,0.53,1.85,-1.85,-1.58,1.06,-2.37,-0.79,-0.26,-2.11,-1.58
2023-06-06,EKIZ,8.01,411666.0,3297485.0,1,2023-06-06 12:00,16.89,0.41,-0.41,0.41,0.65,-10.72,0.65,0.41,0.41,-1.72,-6.87,-1.72,-2.37,-6.75,-4.38,-8.23,-10.72,-8.23
2023-07-13,EKIZ,7.06,828690.0,5853435.0,1,2023-07-13 12:00,23.56,0.0,-0.34,-0.34,10.36,-6.54,-2.38,-6.54,-6.54,-6.37,-6.37,-6.37,2.12,-1.78,2.12,10.36,10.36,10.36
2025-09-10,EKIZ,5.33,3036059.0,16173933.0,2,2025-09-10 13:00,110.0,1.55,0.0,1.55,15.73,-3.82,11.64,9.0,11.64,15.73,11.82,11.82,12.73,8.64,12.73,2.73,-3.82,-3.82
2024-10-28,EKOS,5.01,52234541.0,261445641.0,3,2024-10-28 12:00,6.63,1.21,-0.08,0.0,7.24,-8.14,7.24,0.45,0.68,2.71,-1.58,-0.83,2.49,-3.32,-1.51,-2.41,-8.14,-5.88
2025-04-09,EKOS,7.14,40803694.0,291341426.0,3,2025-04-09 12:00,5.35,4.49,-3.46,0.0,8.41,-6.26,5.05,-2.52,-2.15,-0.28,-6.26,-2.52,2.15,-3.18,-0.93,8.41,-1.4,8.41
2025-04-18,EKOS,5.97,95193917.0,568418412.0,2,2025-04-18 11:00,6.4,3.91,-6.64,-1.33,3.91,-12.11,-1.95,-8.44,-7.27,-4.38,-10.94,-8.67,-5.31,-10.0,-5.86,-7.73,-12.11,-10.47
2025-05-29,EKOS,5.2,51321353.0,266881802.0,3,2025-05-29 12:00,5.425,0.46,0.0,0.0,3.04,-8.29,-0.74,-7.37,-5.25,2.67,-8.29,-0.37,2.3,-1.94,-0.18,3.04,0.83,1.75
2025-07-07,EKSUN,5.02,29907176.0,150253413.0,3,2025-07-07 12:00,5.86,1.19,-1.19,-0.85,1.54,-3.92,0.0,-3.92,-3.07,-0.51,-2.73,-2.56,-0.68,-2.39,-2.05,-0.51,-2.05,-1.54
2026-04-20,EKSUN,5.33,19807514.0,105580145.0,2,2026-04-20 11:00,6.23,1.77,-3.85,-3.53,1.77,-7.87,-1.12,-5.3,-2.09,-1.77,-6.1,-5.62,-5.14,-7.54,-5.14,-4.65,-7.87,-7.38
2022-12-07,EMNIS,6.13,703689.0,4314405.0,0,2022-12-07 09:00,71.65,0.0,-0.21,-0.21,0.0,-24.63,-4.4,-10.19,-10.19,-4.4,-19.12,-6.91,-13.47,-16.19,-13.47,-19.54,-24.63,-24.63
2023-03-29,EMNIS,5.19,326548.0,1695146.0,1,2023-03-29 12:00,42.9,0.0,0.0,0.0,9.51,-13.15,9.51,4.9,7.18,1.35,-3.5,-3.5,-7.41,-13.15,-13.1,-11.24,-12.35,-11.75
2023-03-30,EMNIS,6.6,431766.0,2851026.0,3,2023-03-30 17:00,46.98,0.0,-2.13,-2.13,0.0,-20.69,-7.45,-11.88,-11.88,-15.45,-20.69,-20.65,-19.97,-20.65,-19.97,-19.37,-20.18,-19.37
2023-06-06,EMNIS,6.11,234255.0,1432264.0,3,2023-06-06 17:00,44.0,0.91,0.0,0.91,11.0,0.0,11.0,0.91,11.0,9.77,2.14,2.14,1.5,1.32,1.36,0.95,0.95,0.95
2023-06-07,EMNIS,5.14,298194.0,1532471.0,3,2023-06-07 17:00,48.78,0.12,0.0,0.12,0.12,-8.94,-0.98,-7.87,-7.87,-8.45,-8.61,-8.57,-8.57,-8.94,-8.94,-2.5,-8.82,-5.7
2023-06-21,EMNIS,5.37,685072.0,3681334.0,0,2023-06-21 09:00,60.65,0.0,-18.15,-18.15,0.0,-25.8,-22.51,-25.8,-22.54,-24.35,-25.08,-25.08,-22.51,-25.31,-25.31,-24.32,-24.32,-24.32
2024-08-06,EMNIS,6.88,5598371.0,38525310.0,3,2024-08-06 17:00,338.25,0.0,0.0,0.0,9.98,-3.03,9.98,3.47,9.98,5.76,2.59,2.59,7.17,3.33,7.17,2.0,-3.03,-2.88
2025-06-11,EMNIS,5.49,3056321.0,16793708.0,3,2025-06-11 17:00,252.25,0.0,0.0,0.0,0.0,-21.11,-1.21,-9.97,-8.66,-17.78,-17.78,-17.78,-14.09,-20.71,-14.09,-18.69,-21.11,-19.48
2026-05-08,EMNIS,5.13,2054391.0,10531301.0,3,2026-05-08 17:00,191.1,0.0,0.0,0.0,0.21,-12.09,0.21,-6.96,-6.96,-7.38,-9.47,-9.47,-9.99,-12.09,-11.04,-2.98,-7.9,-7.9
2024-12-05,ENSRI,5.65,25601833.0,144760264.0,1,2024-12-05 10:00,4.3297,9.29,-4.64,-4.4,20.55,-5.83,5.14,-5.83,5.14,15.61,10.18,15.61,20.55,4.05,4.05,1.58,-3.51,-2.67
2024-12-10,ENSRI,5.27,44633941.0,235349773.0,3,2024-12-10 12:00,4.6848,1.46,-3.84,-3.84,1.46,-12.88,-3.84,-11.42,-10.05,-6.12,-10.82,-10.05,-7.76,-11.55,-8.95,-8.13,-12.88,-11.0
2025-07-31,ENSRI,6.42,72808976.0,467209169.0,3,2025-07-31 12:00,8.2017,10.17,-3.03,10.17,35.11,-3.03,17.94,10.59,11.68,22.85,9.81,22.85,35.11,21.7,35.11,23.11,9.44,22.33
2025-12-02,ENSRI,20.09,36727881.0,737858949.0,1,2025-12-02 10:00,14.5893,13.12,-7.4,-1.47,13.12,-8.21,4.33,-4.47,-3.08,3.23,-8.21,0.81,8.58,-2.71,3.23,12.68,1.03,12.68
2025-06-26,ENTRA,5.11,130755599.0,667606224.0,2,2025-06-26 11:00,5.2046,0.0,-6.61,0.0,11.8,-6.61,9.92,0.18,9.92,11.8,6.61,8.67,9.83,4.56,6.17,8.13,3.75,5.72
2025-05-13,EPLAS,5.23,14703073.0,76920239.0,3,2025-05-13 12:00,5.55,3.06,-3.42,3.06,9.55,-3.42,7.57,-1.08,7.03,7.21,5.23,5.95,6.85,2.34,2.34,9.55,3.42,4.68
2026-01-20,EPLAS,5.35,18468033.0,98815915.0,1,2026-01-20 10:00,6.29,6.36,-1.91,6.36,23.69,-1.91,16.85,7.95,16.85,23.21,11.29,16.38,23.69,13.35,21.3,17.01,12.72,14.94
2026-01-21,EPLAS,5.5,27831243.0,153080277.0,3,2026-01-21 12:00,7.34,0.14,-6.54,0.14,5.99,-6.54,5.59,-4.63,-0.27,5.99,-2.86,3.95,3.81,-5.31,-1.23,3.41,-3.13,2.04
2026-04-08,EPLAS,5.7,23280846.0,132658154.0,2,2026-04-08 11:00,6.74,0.0,-8.01,-7.86,0.0,-14.69,-6.08,-11.72,-11.72,-10.39,-12.02,-11.72,-11.72,-14.69,-12.46,-9.94,-12.61,-11.87
2025-07-02,ERBOS,8.61,10017941.0,86304252.0,1,2025-07-02 10:00,168.7,3.08,-6.05,-4.33,3.79,-6.4,-2.19,-6.4,-3.85,3.79,-4.03,-0.59,-1.07,-3.5,-3.26,0.89,-3.2,0.12
2025-11-21,ERCB,8.31,35423125.0,294411635.0,1,2025-11-21 10:00,85.35,20.68,-1.23,2.4,23.02,-9.08,12.6,-2.99,12.6,23.02,1.82,6.85,6.62,-3.81,-3.81,9.31,-5.74,-5.57
2025-04-08,ERSU,5.21,8199300.0,42707969.0,2,2025-04-08 11:00,18.25,2.85,-3.95,1.37,4.11,-14.96,-1.32,-8.6,-4.11,-4.16,-9.59,-8.22,-8.6,-13.15,-12.71,4.11,-8.66,-1.15
2024-10-21,ESCOM,8.09,25222310.0,203936603.0,1,2024-10-21 10:00,3.7662,0.0,-2.35,0.0,3.58,-8.44,3.58,-5.74,-4.99,-4.05,-8.44,-8.14,-0.19,-7.42,-1.98,-2.73,-5.08,-4.9
2026-02-25,ESCOM,5.39,109150373.0,588490091.0,2,2026-02-25 11:00,4.88,6.56,-3.48,-1.64,36.27,-7.58,8.2,-5.74,4.71,12.09,0.82,2.46,12.7,-7.58,12.7,36.27,26.43,36.27
2025-08-19,ESEN,15.2,83550464.0,1270249441.0,1,2025-08-19 10:00,16.45,10.64,0.0,0.0,10.64,-40.91,-3.47,-9.97,-9.97,-5.9,-18.97,-18.97,-15.32,-27.05,-27.05,-32.52,-40.91,-40.91
2025-08-20,ESEN,9.07,165164589.0,1498744636.0,1,2025-08-20 10:00,14.81,7.22,0.0,0.0,7.22,-36.73,4.52,-9.99,-9.99,-5.94,-18.97,-18.97,-15.6,-27.08,-27.08,-28.9,-36.73,-31.4
2025-08-21,ESEN,6.64,245200250.0,1626953093.0,3,2025-08-21 12:00,14.2,9.01,-6.13,-6.13,9.01,-34.01,-1.9,-15.49,-15.49,-11.97,-23.94,-23.94,-21.83,-31.55,-31.55,-25.35,-30.99,-28.17
2026-04-22,ESEN,8.66,326661835.0,2827527442.0,3,2026-04-22 12:00,4.27,2.58,0.0,0.0,2.58,-13.35,1.17,-9.84,-9.6,-7.49,-10.07,-9.84,-9.13,-12.18,-12.18,-11.71,-13.35,-12.65
2024-09-13,ETILR,5.96,34476737.0,205646601.0,1,2024-09-13 10:00,5.405,13.1,-1.96,-1.96,34.37,-4.86,7.83,-4.86,5.87,16.41,4.66,14.45,25.86,14.79,25.86,24.58,7.36,24.58
2025-03-14,ETILR,5.82,15163581.0,88323140.0,2,2025-03-14 11:00,4.1003,4.67,-3.6,4.67,39.12,-3.6,15.09,6.94,15.09,26.57,20.16,26.57,39.12,14.02,31.78,23.1,11.48,11.48
2025-04-10,ETILR,5.02,122110518.0,613452753.0,3,2025-04-10 12:00,6.5145,2.69,-7.56,-3.36,17.23,-11.34,-1.26,-11.34,-11.34,-2.52,-9.83,-2.52,7.23,2.1,7.23,13.11,5.04,7.82
2025-05-29,ETILR,5.42,67245175.0,364797932.0,2,2025-05-29 11:00,5.6496,2.42,-12.69,-12.69,5.52,-19.77,-13.37,-19.77,-18.6,-10.47,-17.73,-10.47,-1.55,-8.24,-1.55,-0.19,-6.98,-6.88
2025-12-12,ETILR,6.5,24556218.0,159643889.0,1,2025-12-12 10:00,4.41,9.3,-7.71,-7.71,9.3,-12.02,-2.72,-11.56,-10.2,-2.72,-11.79,-9.07,-4.99,-9.75,-9.52,-7.71,-12.02,-10.43
2026-04-22,ETILR,6.37,56857469.0,362059113.0,2,2026-04-22 11:00,5.18,13.32,-4.83,-0.19,13.32,-7.34,1.74,-7.34,-6.37,2.9,-6.37,2.9,12.55,0.97,4.25,4.25,-6.37,-0.58
2025-05-28,ETYAT,5.18,3734740.0,19356683.0,2,2025-05-28 11:00,4.2467,3.22,-1.96,2.43,18.45,-7.38,7.14,-7.38,-2.28,2.28,-6.2,1.1,8.24,2.04,5.73,18.45,11.77,13.66
2025-09-29,ETYAT,5.03,7772750.0,39106898.0,3,2025-09-29 12:00,7.32,1.0,-4.19,1.0,12.3,-4.19,9.47,-0.91,8.83,11.29,-2.0,5.65,9.38,4.74,5.01,12.3,6.47,11.75
2024-12-24,EUHOL,11.25,7161043.0,80552650.0,1,2024-12-24 12:00,7.1,1.41,0.0,1.41,26.76,0.0,2.82,0.0,2.82,13.1,2.11,13.1,24.37,18.03,23.24,26.76,23.94,26.76
2025-02-24,EUHOL,5.61,3243573.0,18205894.0,3,2025-02-24 17:00,9.02,0.0,-0.11,-0.11,4.21,-14.86,4.21,-6.87,-6.87,-6.87,-14.86,-8.65,-5.76,-7.87,-6.87,-5.76,-5.76,-5.76
2025-03-17,EUHOL,6.19,8813165.0,54587123.0,3,2025-03-17 17:00,11.6,0.0,0.0,0.0,29.31,0.0,10.0,9.66,10.0,16.72,12.07,12.16,19.22,12.16,19.22,29.31,21.98,29.31
2025-11-04,EUHOL,5.05,9424950.0,47592261.0,3,2025-11-04 17:00,14.43,0.0,0.0,0.0,9.91,-24.81,9.91,-9.98,-9.98,-12.82,-14.14,-13.79,-13.79,-18.57,-18.57,-20.3,-24.81,-20.3
2025-05-07,EUKYO,5.78,2769085.0,16011299.0,2,2025-05-07 11:00,4.1167,0.08,-1.78,0.08,3.0,-16.92,3.0,-9.31,-7.13,-7.37,-12.71,-12.55,-10.28,-13.6,-10.69,-11.01,-16.92,-13.52
2025-02-27,EYGYO,5.24,35890543.0,187949412.0,3,2025-02-27 12:00,2.46,2.44,-5.28,-5.28,2.44,-15.45,-4.47,-12.2,-10.57,-8.94,-14.63,-13.82,-6.5,-15.45,-9.76,-4.88,-10.57,-8.54
2025-04-15,FADE,5.17,11619072.0,60089735.0,1,2025-04-15 10:00,15.02,3.2,-4.13,-4.13,3.2,-11.78,-4.19,-9.45,-8.99,-7.79,-11.78,-10.12,-4.39,-11.72,-7.12,-7.19,-10.65,-10.25
2026-04-03,FADE,5.41,40284983.0,217752025.0,2,2026-04-03 11:00,17.43,1.95,-10.96,-10.96,1.95,-15.66,-6.54,-14.0,-11.65,-9.93,-15.66,-15.2,-11.07,-14.23,-14.06,-13.71,-14.74,-14.46
2025-05-20,FLAP,5.59,11222832.0,62785521.0,2,2025-05-20 11:00,9.13,0.0,-0.88,0.0,18.29,-5.48,4.93,-5.48,2.52,3.72,-1.1,1.53,1.31,-5.37,0.88,18.29,2.85,8.32
2024-07-31,FONET,5.77,211771901.0,1222843224.0,3,2024-07-31 12:00,3.9815,3.71,-9.89,-7.73,3.71,-22.49,-2.86,-12.44,-12.06,-8.27,-17.08,-13.91,-16.92,-22.49,-22.49,-11.59,-18.86,-16.69
2026-02-03,FORMT,5.31,190725404.0,1012561357.0,3,2026-02-03 12:00,3.21,2.8,-1.87,2.18,20.56,-1.87,11.21,-0.93,8.41,18.38,8.1,13.71,16.82,9.66,15.58,14.02,10.28,10.59
2024-07-30,FORTE,6.67,36170693.0,241235992.0,1,2024-07-30 10:00,67.25,2.08,-6.47,-5.95,2.08,-18.14,0.22,-4.83,-3.35,-1.26,-6.91,-6.39,-3.49,-11.0,-9.67,-11.9,-16.65,-15.09
2026-01-07,FORTE,5.05,120916192.0,610832657.0,3,2026-01-07 12:00,91.6,1.97,-1.04,0.71,11.35,-4.48,3.55,-4.48,3.17,6.33,0.44,5.08,11.35,4.15,6.55,6.77,1.53,3.06
2026-03-23,FZLGY,5.18,162380357.0,841126604.0,1,2026-03-23 10:00,18.44,6.18,-3.04,1.63,9.54,-17.73,7.7,-8.24,-3.47,2.22,-6.67,-0.38,9.54,-2.22,1.41,-4.01,-17.73,-17.73
2024-12-06,GARFA,5.02,13285112.0,66736176.0,2,2024-12-06 11:00,20.78,1.73,-0.77,-0.48,1.73,-7.36,0.96,-1.73,-0.38,0.58,-3.08,-2.98,-2.12,-7.36,-3.85,-1.44,-3.18,-1.44
2026-01-13,GARFA,5.46,21572010.0,117848515.0,2,2026-01-13 11:00,30.42,0.26,-2.37,0.26,5.0,-7.76,5.0,-2.37,-2.37,-1.38,-7.76,-2.89,-0.53,-4.4,-2.76,0.26,-4.6,-2.89
2022-06-24,GATEG,5.05,1811014.0,9144911.0,3,2022-06-24 17:00,26.0,0.0,-0.92,-0.92,0.0,-25.65,-10.77,-10.77,-10.77,-13.38,-17.92,-17.92,-20.62,-22.08,-22.08,-23.27,-25.65,-23.27
2023-01-09,GATEG,5.53,2531986.0,14009945.0,1,2023-01-09 12:00,33.58,0.66,0.0,0.66,7.21,-12.15,-0.18,-4.71,-4.71,-10.66,-10.96,-10.96,-7.68,-12.15,-7.68,7.21,6.55,7.21
2023-09-26,GATEG,5.4,1893906.0,10224997.0,1,2023-09-26 12:00,29.7,0.07,-0.74,-0.74,1.08,-15.82,-6.87,-9.63,-9.63,-14.34,-15.82,-15.69,-10.3,-14.48,-10.3,1.08,0.0,0.0
2024-02-26,GATEG,6.35,2527403.0,16044385.0,2,2024-02-26 13:00,43.5,7.63,0.0,7.63,14.9,-6.9,14.9,12.87,14.9,14.71,3.45,3.45,13.79,-6.9,13.79,4.32,-4.64,-1.79
2026-01-29,GATEG,6.65,5134930.0,34136336.0,3,2026-01-29 17:00,350.0,0.0,-1.43,-1.43,6.29,-11.29,6.29,-1.5,-1.5,-1.43,-11.29,-1.43,0.0,-3.0,-3.0,1.43,-2.86,0.86
2026-01-30,GATEG,6.71,6694846.0,44948760.0,0,2026-01-30 09:00,372.0,0.0,-7.33,-7.33,0.0,-16.53,-7.26,-16.53,-7.26,-5.91,-8.74,-8.74,-8.47,-10.75,-8.6,-3.23,-7.66,-7.66
2024-09-27,GEDIK,6.67,6763085.0,45092562.0,1,2024-09-27 10:00,3.685,5.02,-6.38,-5.7,5.02,-14.25,-0.14,-7.46,-2.17,-1.63,-11.13,-7.06,-6.38,-14.25,-14.25,-5.97,-12.89,-10.45
2025-06-13,GEDIK,6.48,20564404.0,133294555.0,1,2025-06-13 10:00,5.6,0.0,-14.91,0.0,33.13,-14.91,10.0,2.68,10.0,20.98,4.2,4.2,14.55,0.45,14.55,33.13,21.07,33.13
2025-06-17,GEDIK,6.23,34376632.0,213995858.0,1,2025-06-17 10:00,6.57,3.12,-11.19,-11.19,37.29,-14.38,-2.36,-14.38,-2.36,3.2,-1.6,3.2,13.47,3.2,13.47,37.29,29.76,37.29
2025-06-23,GEDIK,5.2,86029763.0,447184381.0,3,2025-06-23 12:00,8.2,0.0,-1.28,0.0,33.05,-1.28,10.0,3.96,10.0,20.98,15.73,20.98,33.05,10.37,20.37,14.33,4.09,4.09
2026-05-12,GEDIK,5.38,27089090.0,145638470.0,3,2026-05-12 12:00,6.08,1.15,-1.32,-0.82,32.4,-4.93,0.99,-4.93,-4.93,4.44,-2.96,4.44,14.8,7.4,14.8,32.4,13.65,13.65
2026-05-18,GEDIK,9.44,46738880.0,441020883.0,1,2026-05-18 10:00,7.61,0.79,-6.31,0.79,5.78,-22.47,5.78,-9.2,-9.2,-10.64,-18.27,-18.27,-15.64,-22.47,-19.58,-17.21,-19.84,-19.32
2026-05-20,GEDIK,5.63,71082103.0,400186327.0,2,2026-05-20 11:00,7.08,10.31,-2.4,-2.4,10.31,-16.67,-3.95,-12.15,-12.15,-9.32,-16.67,-13.56,-9.18,-14.69,-11.58,-6.21,-12.99,-10.88
2025-03-14,GEDZA,5.63,29904757.0,168485322.0,2,2025-03-14 11:00,28.68,1.67,-1.88,-1.74,1.67,-23.01,-0.07,-7.95,-7.81,-1.19,-10.67,-4.53,-8.16,-14.02,-14.02,-14.57,-23.01,-22.25
2025-12-25,GEDZA,5.64,12078613.0,68167842.0,3,2025-12-25 12:00,29.24,2.19,-6.63,-6.63,2.53,-7.66,0.55,-7.66,-2.94,2.53,-2.74,-1.09,0.21,-3.28,-2.19,-2.74,-5.06,-2.87
2024-09-13,GENTS,6.09,7656783.0,46664850.0,2,2024-09-13 11:00,3.412,1.99,-6.21,-2.81,1.99,-6.21,-1.29,-5.74,-5.51,-1.88,-5.04,-4.57,-2.23,-5.51,-5.51,-3.75,-5.51,-5.51
2026-04-06,GEREL,5.57,94961783.0,528558502.0,2,2026-04-06 11:00,33.02,0.0,-0.73,0.0,17.2,-1.57,5.75,-1.57,2.48,11.45,1.82,10.54,12.05,3.94,7.75,17.2,9.33,14.9
2025-12-18,GIPTA,5.81,392577318.0,2281640951.0,3,2025-12-18 12:00,70.15,8.27,-4.35,-4.35,38.49,-13.9,5.2,-13.9,5.2,15.68,5.77,15.68,27.23,15.04,27.23,32.86,14.04,17.61
2024-11-19,GLBMD,6.1,14056921.0,85753243.0,2,2024-11-19 11:00,12.93,2.4,-1.39,-1.01,3.63,-8.82,3.63,-4.33,-1.78,0.62,-5.57,-4.33,-2.94,-7.04,-5.96,-4.49,-7.97,-6.73
2026-04-07,GLRMK,6.42,735624004.0,4719481278.0,3,2026-04-07 12:00,202.9,1.68,-3.6,-0.89,28.63,-3.6,9.02,1.38,9.02,19.91,13.5,19.76,28.63,17.4,18.53,17.64,10.94,11.48
2024-08-15,GLRYH,7.03,26066795.0,183336700.0,3,2024-08-15 12:00,2.8393,2.79,-3.62,-0.74,17.34,-6.24,9.04,-4.35,9.04,17.34,5.18,5.18,9.29,-2.55,-2.47,3.53,-6.24,-0.25
2025-10-02,GLYHO,5.43,191243422.0,1038925419.0,2,2025-10-02 11:00,8.61,3.95,-1.86,1.39,14.87,-1.86,5.69,0.7,3.83,5.23,2.09,3.83,14.17,3.72,14.17,12.43,4.76,11.15
2024-09-20,GMTAS,6.81,13950887.0,94949484.0,1,2024-09-20 10:00,5.0081,1.59,-3.08,1.59,10.53,-3.08,10.53,-1.79,7.35,7.65,1.19,3.08,3.38,-1.19,-0.7,1.29,-1.89,-1.29
2025-03-03,GMTAS,5.49,12295314.0,67526985.0,1,2025-03-03 10:00,6.3509,0.0,-8.61,-3.68,5.64,-9.16,-0.55,-7.91,-6.34,0.23,-9.16,-4.15,-3.29,-7.05,-5.25,5.64,-3.92,3.13
2025-09-29,GMTAS,5.37,32379513.0,173778932.0,2,2025-09-29 11:00,15.7157,0.95,-2.59,0.95,31.96,-2.59,11.01,6.01,11.01,22.09,13.04,17.22,21.65,11.27,20.0,30.57,14.05,14.05
2025-10-01,GMTAS,5.04,56513781.0,284707445.0,3,2025-10-01 12:00,19.0578,0.68,-6.78,-3.34,13.78,-8.25,0.31,-8.25,-1.04,8.82,-3.65,4.49,7.67,-5.95,-5.95,13.78,9.55,13.78
2025-03-12,GOKNR,5.07,89241561.0,452081594.0,3,2025-03-12 12:00,25.18,0.64,-2.62,-1.43,2.86,-13.5,0.48,-2.86,-1.35,2.86,-1.11,1.51,1.75,-2.78,-1.75,-7.94,-13.5,-12.31
2026-05-18,GOKNR,5.01,160958661.0,806710350.0,2,2026-05-18 11:00,25.06,0.56,-5.91,-4.39,0.96,-14.05,-0.16,-5.03,-4.63,-3.51,-12.21,-12.21,-7.98,-14.05,-8.22,0.96,-2.55,-2.0
2025-04-30,GOODY,5.97,20448654.0,122173735.0,1,2025-04-30 10:00,17.49,2.06,-5.43,-5.43,5.26,-5.77,2.63,-5.03,-0.17,5.26,-2.97,-2.69,-2.29,-4.29,-3.6,-2.0,-5.77,-3.03
2025-10-24,GOODY,5.14,19396839.0,99703085.0,2,2025-10-24 11:00,16.35,1.35,-2.32,0.24,2.51,-2.75,2.51,-1.53,-1.35,-0.98,-2.75,-2.63,-0.61,-2.14,-1.77,1.59,-1.04,1.41
2026-03-27,GOODY,16.83,12306177.0,207079298.0,1,2026-03-27 10:00,15.65,4.47,-7.67,-6.2,4.47,-8.31,-1.98,-7.22,-3.32,-1.28,-7.09,-5.3,-2.81,-5.5,-3.07,-3.77,-8.31,-7.8
2025-06-30,GRSEL,8.83,262722427.0,2319308468.0,1,2025-06-30 10:00,284.5,4.57,-2.99,0.53,7.91,-2.99,6.15,0.53,5.18,7.91,2.99,3.69,6.41,2.2,4.13,-0.18,-2.72,-1.67
2024-12-12,GSDDE,5.39,35509041.0,191482684.0,2,2024-12-12 11:00,11.25,2.58,-0.36,0.0,2.58,-17.87,0.71,-3.29,-2.49,0.27,-3.38,-2.4,-2.4,-12.09,-12.09,-14.49,-17.87,-17.33
2026-05-06,GSDDE,7.46,24470583.0,182430056.0,1,2026-05-06 10:00,17.4,0.0,-4.77,0.0,8.51,-19.6,8.51,-6.21,-4.02,0.57,-13.62,-10.8,-6.95,-14.83,-14.31,-11.61,-19.25,-11.61
2026-05-07,GSDDE,6.41,42825862.0,274495870.0,2,2026-05-07 11:00,17.64,2.95,-7.48,-5.33,2.95,-21.49,-0.79,-14.8,-12.02,-8.22,-15.99,-15.48,-11.11,-20.69,-20.69,-9.3,-21.49,-21.49
2026-05-06,GSDHO,5.29,59831376.0,316704513.0,2,2026-05-06 11:00,6.01,0.0,-4.16,-2.5,0.0,-15.64,-1.33,-7.32,-6.49,-5.49,-9.15,-7.32,-4.49,-7.65,-7.32,-5.99,-11.15,-10.15
2025-04-07,GUNDG,6.5,40686582.0,264545415.0,2,2025-04-07 11:00,58.2,1.46,-6.7,-1.63,3.26,-9.79,0.34,-5.67,-2.92,3.26,-4.64,-1.37,1.46,-5.15,-5.15,-5.58,-8.76,-7.22
2025-10-22,GUNDG,6.69,149704245.0,1001740249.0,2,2025-10-22 11:00,99.65,0.0,-9.83,-8.58,10.09,-11.74,-6.87,-11.74,-9.68,-0.65,-10.69,-0.65,9.28,1.35,4.47,5.87,-0.25,0.35
2025-11-20,GZNMI,6.36,98167843.0,624103717.0,2,2025-11-20 11:00,101.4,0.0,0.0,0.0,0.0,-39.79,-18.93,-18.93,-18.93,-10.85,-27.02,-27.02,-28.11,-34.32,-34.32,-29.14,-34.91,-32.69
2025-11-25,GZNMI,5.24,115076274.0,603193519.0,3,2025-11-25 12:00,79.0,3.16,-6.33,-6.33,3.73,-22.72,-7.72,-15.7,-15.7,-8.48,-22.72,-14.49,-9.05,-16.46,-13.61,3.73,-8.1,-5.0
2025-02-10,HDFGS,5.32,64355384.0,342085465.0,2,2025-02-10 11:00,1.7805,1.84,-1.38,1.84,17.51,-11.06,11.98,3.23,10.14,17.51,1.38,2.3,8.29,-7.83,-7.83,-4.15,-7.37,-5.99
2025-01-06,HEDEF,5.68,13146382.0,74643147.0,2,2025-01-06 11:00,2.8072,0.0,-3.7,0.0,12.73,-10.88,9.03,-1.16,-0.46,6.25,-6.25,-5.09,-2.78,-8.33,-6.71,12.73,3.24,9.95
2025-01-07,HEDEF,6.16,15692328.0,96605223.0,3,2025-01-07 12:00,2.8657,4.76,-2.72,-2.49,10.43,-12.7,4.08,-8.16,-7.03,-4.76,-10.2,-8.62,0.45,-12.7,0.45,7.71,-2.04,-1.36
2025-09-19,HEDEF,8.01,123350275.0,987818140.0,3,2025-09-19 12:00,23.6274,0.0,-0.99,0.0,43.01,-0.99,9.96,0.39,9.96,20.9,10.18,20.9,32.95,20.9,32.95,43.01,21.23,37.35
2024-07-31,HKTM,5.02,35418706.0,177858189.0,3,2024-07-31 12:00,19.72,3.04,-3.5,3.04,13.29,-15.11,13.29,3.45,3.85,2.74,-6.19,-5.73,-7.15,-15.11,-13.29,4.87,-4.46,4.87
2026-02-06,HKTM,5.12,43254603.0,221400322.0,1,2026-02-06 10:00,14.63,2.19,-6.84,-2.94,2.19,-10.32,-0.21,-5.19,-4.51,-3.21,-6.9,-6.9,-5.88,-9.09,-9.02,-6.15,-10.32,-9.16
2025-01-27,HLGYO,7.85,100476005.0,788368372.0,1,2025-01-27 10:00,2.99,0.64,-6.09,0.64,0.64,-11.54,0.64,-6.41,-6.09,-4.49,-8.33,-8.01,-6.41,-9.29,-8.33,-8.97,-11.54,-10.58
2026-06-02,HRKET,5.59,149881273.0,837678957.0,3,2026-06-02 12:00,104.1,1.92,-9.94,1.92,26.8,-9.94,12.1,3.27,12.1,20.75,6.53,18.73,26.8,16.71,19.69,,,
2024-10-08,HUBVC,5.63,11134842.0,62664200.0,3,2024-10-08 12:00,2.27,2.42,-3.63,-2.2,2.42,-11.89,0.99,-7.38,-5.18,1.87,-6.06,-3.08,0.66,-6.39,-6.39,-4.3,-8.26,-7.27
2025-03-11,HUNER,5.56,51860825.0,288334100.0,2,2025-03-11 11:00,4.21,1.43,-4.51,-2.61,8.08,-8.08,-2.14,-8.08,-5.46,-1.43,-5.7,-1.66,1.9,-3.56,0.24,4.28,0.0,2.61
2024-07-16,ICBCT,5.1,19492926.0,99498814.0,3,2024-07-16 12:00,15.94,3.26,-3.45,-3.45,8.47,-5.08,3.95,-5.08,2.38,8.47,2.26,2.82,5.77,-0.25,0.31,-0.56,-2.7,-2.2
2026-05-26,ICBCT,6.25,62641085.0,391206902.0,1,2026-05-26 10:30,25.32,5.85,-7.19,2.69,5.85,-20.54,2.69,-7.58,-7.58,-3.63,-11.61,-9.24,-6.64,-14.61,-6.64,-12.64,-20.54,-18.56
2024-07-11,ICUGS,5.05,11350734.0,57277575.0,3,2024-07-11 12:00,3.172,0.0,-3.03,0.0,24.97,-7.63,9.96,-1.58,-0.88,4.35,-6.05,-6.05,3.34,-7.63,3.34,24.97,14.12,18.54
2024-07-12,ICUGS,5.44,14054889.0,76513283.0,3,2024-07-12 12:00,3.316,1.63,-5.85,-5.19,21.23,-11.64,-0.18,-10.13,-10.13,-1.15,-11.64,-1.15,8.69,4.46,8.69,21.23,11.1,14.6
2025-02-25,ICUGS,5.53,33348573.0,184494309.0,2,2025-02-25 11:00,4.696,0.34,0.0,0.0,0.34,-37.82,-5.88,-9.97,-9.97,-13.12,-18.95,-18.95,-20.14,-27.04,-27.04,-32.07,-37.82,-37.82
2025-02-28,ICUGS,5.07,54217636.0,275034927.0,3,2025-02-28 12:00,3.562,5.28,-3.82,-3.82,5.28,-27.01,-2.86,-13.42,-13.42,-10.44,-18.02,-18.02,-16.62,-26.22,-26.22,-21.0,-25.66,-25.15
2026-04-02,ICUGS,6.0,67796035.0,406811072.0,3,2026-04-02 12:00,3.63,2.48,-6.61,-5.51,2.75,-13.22,2.75,-5.79,-1.93,1.93,-4.41,-3.58,-3.58,-13.22,-13.22,2.75,-8.26,-0.83
2025-12-22,IDGYO,5.11,5122101.0,26154198.0,3,2025-12-22 12:00,3.56,3.09,-4.21,-1.97,14.33,-8.15,7.02,-8.15,4.21,6.18,0.56,4.21,12.92,0.28,12.08,9.55,-1.4,3.65
2025-01-30,IHAAS,5.31,36309625.0,192928467.0,2,2025-01-30 11:00,20.1,5.57,-3.23,5.57,13.93,-14.43,13.93,-4.98,-4.98,4.28,-8.36,-6.92,-1.79,-7.96,-7.71,-8.21,-14.43,-12.44
2025-03-18,IHAAS,5.28,43730273.0,230682526.0,3,2025-03-18 12:00,23.64,0.93,-11.17,-9.48,0.93,-23.86,-12.94,-18.53,-18.53,-10.41,-18.57,-10.41,-6.68,-19.33,-19.33,-15.48,-19.42,-17.3
2026-01-19,IHAAS,5.12,28195164.0,144252202.0,3,2026-01-19 12:00,42.64,5.35,-1.36,4.69,44.7,-1.36,15.15,3.19,15.15,26.64,16.79,26.64,37.9,28.99,31.21,44.7,33.44,36.84
2024-11-05,IHEVA,5.26,15956150.0,83885210.0,3,2024-11-05 12:00,2.2,3.18,-0.45,2.27,20.0,-0.91,10.45,3.18,7.73,9.09,0.45,1.36,7.27,-0.91,2.73,20.0,10.0,12.73
2024-11-07,IHLAS,5.32,40456571.0,215376113.0,2,2024-11-07 11:00,1.26,0.0,-3.17,0.0,57.94,-3.17,9.52,5.56,9.52,19.84,15.08,19.84,31.75,30.16,31.75,57.94,34.92,44.44
2024-11-13,IHLAS,5.03,61967705.0,311770447.0,1,2024-11-13 10:00,1.74,4.6,-6.32,4.6,35.06,-6.32,14.37,-2.3,4.6,8.05,-1.15,2.3,12.07,-1.15,12.07,35.06,24.14,35.06
2024-11-14,IHLAS,5.15,87850086.0,452516012.0,2,2024-11-14 11:00,1.96,1.53,-13.27,-7.14,31.63,-13.27,-4.08,-12.24,-9.18,-0.51,-12.24,-0.51,9.18,4.08,9.18,31.63,20.92,31.63
2025-01-10,IHLAS,5.27,172432046.0,908750383.0,2,2025-01-10 11:00,3.73,7.51,0.0,0.0,7.51,-10.72,-0.8,-7.24,-7.24,-0.27,-8.31,-4.56,-3.22,-10.46,-8.85,-6.43,-9.65,-9.12
2024-11-07,IHLGM,8.99,22704356.0,204005671.0,1,2024-11-07 10:00,1.35,9.63,-1.48,0.0,31.85,-4.44,3.7,-4.44,0.0,9.63,0.0,9.63,20.0,9.63,20.0,29.63,13.33,13.33
2024-11-13,IHLGM,5.02,66202611.0,332183461.0,2,2024-11-13 11:00,1.72,3.49,-7.56,-1.16,9.88,-18.02,1.74,-11.05,-11.05,-11.05,-18.02,-15.7,-7.56,-16.86,-7.56,9.88,0.0,2.91
2026-04-22,IHLGM,5.05,43544305.0,219684344.0,2,2026-04-22 11:00,2.25,2.67,-2.22,-0.89,10.22,-4.0,8.89,-4.0,6.67,10.22,3.56,3.56,8.0,2.22,2.67,0.89,-1.33,-0.44
2025-11-05,IHYAY,5.23,34210558.0,179022388.0,3,2025-11-05 12:00,2.69,2.23,-1.49,0.37,2.23,-15.61,2.23,-3.72,-3.72,-1.12,-4.09,-4.09,-3.35,-8.55,-8.55,-10.78,-14.13,-13.38
2024-11-12,IMASM,6.27,28335110.0,177562660.0,2,2024-11-12 11:00,2.86,0.0,-5.59,-3.85,12.59,-8.39,-3.15,-8.39,-6.99,-4.9,-7.69,-6.64,2.45,-3.85,2.45,10.14,2.8,6.29
2024-11-18,IMASM,5.35,49392315.0,264205773.0,3,2024-11-18 12:00,3.07,2.28,-1.63,-0.98,5.54,-4.23,2.61,-4.23,-0.98,5.54,-3.91,-3.91,0.98,-3.91,-0.98,-0.33,-3.26,-2.93
2025-02-25,IMASM,11.27,25966308.0,292555997.0,1,2025-02-25 10:00,2.85,5.26,-12.28,-11.58,5.26,-17.89,-7.02,-14.04,-13.33,-9.12,-15.44,-14.39,-12.98,-15.44,-15.44,-14.74,-17.89,-17.19
2025-03-10,INGRM,6.15,18259804.0,112322049.0,1,2025-03-10 10:00,438.25,10.61,-4.34,-2.17,10.61,-4.34,4.96,-2.22,-1.37,4.73,-3.71,-1.2,-0.06,-2.51,-1.65,0.4,-2.45,-0.4
2026-01-20,INGRM,5.0,14932088.0,74661591.0,3,2026-01-20 12:00,473.75,1.42,-7.65,-6.39,8.07,-7.65,2.96,-7.65,2.96,8.07,2.01,2.59,4.49,-2.37,-1.11,-3.11,-7.6,-7.18
2022-07-29,INTEK,6.84,189737.0,1297532.0,2,2022-07-29 13:00,38.56,0.0,0.0,0.0,0.26,-9.18,0.26,-5.96,-5.96,-3.53,-5.39,-5.39,0.0,-9.18,-1.97,-2.85,-6.64,-2.85
2022-09-29,INTEK,5.44,334929.0,1823071.0,3,2022-09-29 17:00,42.68,0.0,0.0,0.0,9.98,-2.76,9.98,9.98,9.98,9.98,2.16,7.5,5.67,0.66,0.66,0.8,-1.59,0.8
2022-11-23,INTEK,5.37,615847.0,3307802.0,1,2022-11-23 12:00,75.6,0.0,-2.78,0.0,60.71,-2.78,9.99,9.99,9.99,20.97,20.97,20.97,32.94,32.94,32.94,60.71,46.83,46.83
2022-11-24,INTEK,5.82,886112.0,5158377.0,1,2022-11-24 12:00,83.15,0.0,0.0,0.0,46.84,0.0,9.98,9.98,9.98,20.87,20.87,20.87,32.89,32.89,32.89,46.84,46.84,46.84
2022-11-30,INTEK,5.0,1310389.0,6558471.0,3,2022-11-30 17:00,111.0,0.0,0.0,0.0,46.31,0.0,10.0,10.0,10.0,20.99,20.99,20.99,33.06,33.06,33.06,18.92,7.84,7.84
2022-12-27,INTEK,19.3,2572632.0,49663603.0,2,2022-12-27 13:00,153.1,0.0,0.0,0.0,37.03,-0.07,9.99,4.51,9.41,20.31,11.04,11.04,22.14,-0.07,22.14,37.03,35.21,35.21
2024-04-19,INTEK,5.09,11068848.0,56287984.0,3,2024-04-19 17:00,601.5,2.99,0.0,2.99,49.63,0.0,13.22,13.22,13.22,24.52,24.52,24.52,36.91,24.52,36.91,49.63,38.57,49.63
2024-09-27,INVEO,5.38,20452934.0,110101131.0,3,2024-09-27 12:00,8.58,1.86,-7.93,-6.41,1.86,-16.43,-2.21,-8.74,-5.01,-5.01,-12.0,-9.56,-10.49,-14.92,-14.92,-13.4,-16.43,-14.69
2025-05-16,INVEO,5.32,10449462.0,55561331.0,2,2025-05-16 11:00,6.65,0.0,-4.81,0.0,20.3,-6.62,9.92,3.61,9.92,20.3,0.75,0.75,7.52,-1.5,1.2,1.5,-6.62,-4.81
2025-05-20,INVEO,6.43,13075581.0,84094948.0,1,2025-05-20 10:00,7.31,0.0,-5.75,0.0,9.44,-16.14,9.44,-8.34,-8.34,-2.19,-10.4,-7.93,-5.06,-11.35,-10.94,-12.31,-16.14,-16.01
2025-05-21,INVEO,7.49,17973062.0,134688763.0,1,2025-05-21 10:00,7.81,2.43,-14.21,-14.21,2.43,-23.82,-8.45,-16.13,-13.83,-11.14,-17.03,-16.65,-13.57,-20.49,-18.95,-20.74,-23.82,-23.69
2026-05-15,INVEO,5.83,55363219.0,322944980.0,1,2026-05-15 10:00,9.09,5.83,-4.84,-2.86,5.83,-21.01,4.51,-2.86,2.2,3.96,-7.92,-7.92,-6.27,-16.94,-16.94,-10.78,-16.39,-12.43
2024-11-27,INVES,5.04,3741575.0,18859558.0,2,2024-11-27 11:00,336.0,3.65,-3.94,-0.52,3.65,-6.1,-0.6,-4.76,-3.57,0.67,-6.1,-0.89,-0.37,-2.68,-0.45,0.07,-2.01,-0.97
2025-01-31,INVES,5.26,9558421.0,50302452.0,1,2025-01-31 10:00,228.7,4.85,-7.78,-7.74,4.85,-19.76,-8.18,-14.25,-13.99,-12.16,-15.61,-15.61,-10.8,-15.83,-15.17,-17.36,-19.76,-19.15
2026-03-03,INVES,5.23,29174241.0,152533603.0,3,2026-03-03 12:00,279.75,0.0,-2.77,0.0,31.72,-2.77,8.85,0.27,7.24,16.18,5.45,14.39,19.75,10.1,19.75,25.29,16.44,19.03
2023-03-20,ISBIR,5.15,1790677.0,9216740.0,2,2023-03-20 13:00,72.25,0.0,-0.14,-0.14,5.19,-3.18,-1.18,-1.73,-1.73,-2.08,-3.18,-3.11,0.83,-2.49,0.21,5.19,-0.35,-0.35
2025-03-12,ISBIR,5.48,1794080.0,9838215.0,3,2025-03-12 17:00,89.0,1.12,0.0,1.12,2.25,-14.55,2.25,-1.52,-1.52,-1.57,-4.49,-3.37,-1.69,-4.61,-4.61,-6.85,-14.55,-14.55
2021-05-20,ISBTR,5.19,243813.0,1264448.0,2,2021-05-20 17:00,6958.9898,0.0,-0.28,-0.28,0.0,-11.82,-1.22,-9.39,-9.39,-9.12,-9.39,-9.12,-9.17,-10.0,-10.0,-10.0,-10.56,-10.56
2021-11-25,ISBTR,6.2,231116.0,1431941.0,3,2021-11-25 17:00,5797.3363,0.0,0.0,0.0,50.03,0.0,2.47,0.0,2.47,12.72,11.26,12.72,23.99,21.5,23.99,50.03,50.03,50.03
2021-12-02,ISBTR,5.33,474933.0,2531073.0,1,2021-12-02 12:00,8697.8461,0.0,0.0,0.0,10.0,-21.94,10.0,0.0,0.0,0.0,-0.48,-0.48,-2.43,-10.43,-10.43,-19.38,-21.94,-19.38
2021-12-03,ISBTR,6.25,593955.0,3713070.0,3,2021-12-03 17:00,8697.8461,0.0,0.0,0.0,0.0,-21.94,0.0,-0.48,-0.48,-2.43,-10.43,-10.43,-15.11,-19.38,-19.38,-11.32,-16.09,-11.32
2022-02-14,ISBTR,5.54,250456.0,1388607.0,1,2022-02-14 12:00,8571.6477,0.0,0.0,0.0,38.61,0.0,2.97,0.99,2.97,9.03,6.93,9.03,19.93,16.96,19.93,38.61,38.61,38.61
2022-02-18,ISBTR,5.28,508029.0,2680054.0,2,2022-02-18 17:00,11308.2439,0.0,0.0,0.0,5.07,-22.85,5.07,5.07,5.07,0.57,-5.44,-5.44,-10.65,-14.81,-14.28,-15.13,-21.12,-15.13
2022-02-21,ISBTR,5.2,632934.0,3291173.0,3,2022-02-21 17:00,11881.4919,0.0,0.0,0.0,0.0,-26.57,-4.29,-10.0,-10.0,-14.96,-18.92,-18.41,-26.43,-26.57,-26.57,-11.15,-16.43,-11.15
2023-06-13,ISBTR,5.37,474281.0,2547050.0,1,2023-06-13 12:00,50941.0,0.0,0.0,0.0,20.92,-5.77,10.0,10.0,10.0,20.92,17.55,17.55,17.53,5.79,5.79,0.12,-5.77,-5.77
2023-06-15,ISBTR,5.57,548631.0,3056200.0,1,2023-06-15 12:00,60750.0,0.0,-1.43,-1.43,0.0,-24.76,-1.45,-11.29,-11.29,-12.76,-20.0,-18.27,-16.05,-20.99,-20.99,-22.78,-22.78,-22.78
2023-09-01,ISBTR,6.89,758316.0,5226820.0,1,2023-09-01 12:00,76865.0,0.0,0.0,0.0,61.05,0.0,10.0,10.0,10.0,21.0,21.0,21.0,33.1,33.1,33.1,61.05,61.05,61.05
2023-09-15,ISBTR,5.37,1745823.0,9370301.0,2,2023-09-15 13:00,199368.1,0.0,0.0,0.0,61.05,0.0,10.0,10.0,10.0,21.0,21.0,21.0,33.1,33.1,33.1,61.05,61.05,61.05
2024-12-10,ISDMR,6.2,106883995.0,663058991.0,2,2024-12-10 11:00,42.44,3.49,-2.97,-2.69,3.49,-4.38,-0.61,-3.91,-2.69,-0.94,-2.59,-2.31,-1.04,-3.35,-1.41,-2.45,-4.38,-3.86
2025-07-30,ISFIN,5.01,66985767.0,335625267.0,1,2025-07-30 10:00,17.16,0.0,-3.55,-0.64,7.58,-6.18,7.11,-6.18,3.61,4.78,1.17,4.78,5.3,1.17,1.86,7.58,4.08,4.49
2025-10-24,ISFIN,5.54,40053417.0,221974989.0,2,2025-10-24 11:00,19.44,0.0,-4.06,-3.81,0.51,-7.97,-3.03,-5.97,-5.61,-5.14,-7.82,-7.51,-5.56,-7.97,-6.43,0.51,-1.59,-0.98
2024-11-01,ISGSY,13.28,13830760.0,183609407.0,1,2024-11-01 10:00,26.44,0.0,-4.08,0.0,20.35,-4.08,8.55,0.08,6.73,16.79,2.72,11.5,17.1,8.4,13.46,18.91,13.77,16.57
2024-11-04,ISGSY,5.85,23015299.0,134692425.0,2,2024-11-04 11:00,28.12,1.0,-4.84,0.36,20.55,-4.84,9.82,-3.41,4.84,10.1,1.92,6.69,13.16,3.34,9.6,20.55,10.24,20.55
2024-11-12,ISGSY,5.48,65251841.0,357505661.0,3,2024-11-12 12:00,37.1,0.49,-2.37,0.49,7.76,-13.26,7.76,-4.47,-1.83,1.08,-7.22,-6.25,-4.15,-8.63,-8.25,-6.47,-13.26,-12.88
2025-05-08,ISGSY,5.54,38589572.0,213614926.0,3,2025-05-08 12:00,37.36,2.57,-10.06,-9.48,2.57,-14.4,-0.43,-10.71,-7.44,-2.14,-8.51,-8.14,-7.28,-11.4,-11.4,-11.35,-14.4,-14.4
2025-08-01,ISKPL,6.43,55242771.0,355360634.0,1,2025-08-01 10:00,5.3911,15.85,-1.79,-1.79,15.85,-12.08,-4.63,-11.59,-8.74,-5.79,-10.8,-7.58,-0.76,-9.67,-9.67,-5.4,-9.29,-6.14
2025-08-04,ISKPL,5.41,91209646.0,493673312.0,2,2025-08-04 11:00,5.0249,2.32,-5.08,-2.09,6.47,-5.67,1.07,-4.29,-0.85,6.47,-3.08,-3.08,1.89,-5.67,0.5,4.48,-0.89,4.08
2018-10-11,ISKUR,13.54,18335.0,248216.0,3,2018-10-11 17:00,16999.9,0.0,0.0,0.0,317.03,0.0,23.56,8.82,23.56,85.34,85.34,85.34,178.02,178.02,178.02,286.47,141.18,147.06
2018-10-15,ISKUR,7.55,33395.0,252067.0,1,2018-10-15 12:00,31508.4,0.0,0.0,0.0,125.0,0.0,50.0,50.0,50.0,125.0,109.47,109.47,108.52,30.12,33.3,122.16,121.81,121.81
2018-10-16,ISKUR,5.81,48789.0,283576.0,2,2018-10-16 17:00,47262.6,0.0,0.0,0.0,50.0,-13.25,50.0,39.65,39.65,39.01,-13.25,-11.13,5.79,-0.56,5.79,48.11,47.79,47.79
2018-10-17,ISKUR,6.79,62608.0,425363.0,0,2018-10-17 09:00,70893.9,0.0,-6.9,-6.9,0.0,-42.17,-7.33,-42.17,-40.76,-29.47,-33.7,-29.47,-1.26,-1.42,-1.42,-18.19,-27.98,-18.19
2019-02-05,ISKUR,5.96,77022.0,459000.0,2,2019-02-05 18:00,84750.0,0.0,0.0,0.0,20.35,0.0,20.35,20.35,20.35,16.81,16.81,16.81,16.7,12.09,12.09,7.37,7.37,7.37
2020-01-24,ISKUR,5.31,313452.0,1665062.0,2,2020-01-24 17:00,298990.0,0.0,0.0,0.0,17.06,0.0,0.84,0.0,0.84,0.34,0.34,0.34,0.34,0.34,0.34,17.06,17.06,17.06
2023-09-29,ISKUR,5.2,2190973.0,11385000.0,1,2023-09-29 12:00,3795000.0,0.0,0.0,0.0,47.3,0.0,5.4,5.4,5.4,10.67,10.67,10.67,21.74,21.74,21.74,47.3,47.3,47.3
2025-11-25,ISSEN,5.22,7768349.0,40582414.0,1,2025-11-25 10:00,8.42,4.28,-7.24,-6.41,4.28,-12.0,-3.92,-9.5,-8.31,-6.89,-10.93,-10.57,-7.01,-12.0,-11.05,-7.96,-9.38,-8.43
2026-05-18,ISSEN,5.21,18461136.0,96185376.0,1,2026-05-18 10:00,10.52,0.0,-5.23,0.0,8.75,-21.48,8.75,-9.41,-5.04,-2.19,-14.45,-14.45,-13.88,-21.48,-16.92,-13.59,-20.15,-17.21
2026-05-20,ISSEN,7.72,23118720.0,178487137.0,1,2026-05-20 10:00,10.95,4.47,-12.97,-8.77,4.47,-24.57,-6.03,-17.81,-17.81,-17.26,-24.57,-20.18,-16.99,-21.19,-21.19,-15.07,-20.37,-15.34
2024-07-17,ISYAT,5.51,8956101.0,49326519.0,1,2024-07-17 10:00,11.06,1.27,-5.42,-4.34,1.27,-11.3,-3.16,-7.78,-6.42,-0.9,-6.42,-3.35,-3.16,-8.14,-7.96,-7.59,-11.3,-10.85
2024-10-18,ISYAT,10.26,5083995.0,52150466.0,1,2024-10-18 10:00,8.59,3.26,-2.79,3.26,7.33,-8.38,7.33,-4.66,-3.96,-0.23,-6.87,-4.54,-3.26,-8.38,-7.57,-5.24,-7.33,-5.47
2025-04-09,ISYAT,6.35,20341625.0,129201266.0,2,2025-04-09 11:00,8.78,5.13,-3.99,-1.71,5.13,-12.19,0.23,-5.69,-5.69,-5.47,-10.02,-8.54,-3.19,-8.43,-7.4,-7.63,-12.19,-11.39
2025-12-09,ISYAT,7.83,7067743.0,55316597.0,3,2025-12-09 12:00,8.68,2.76,-1.84,2.76,19.24,-1.84,13.02,2.88,13.02,19.24,4.26,7.83,7.72,1.04,1.15,6.57,2.3,2.88
2025-12-10,ISYAT,6.02,12060263.0,72647573.0,1,2025-12-10 10:00,9.52,3.05,-6.2,3.05,8.72,-8.82,8.72,-4.94,-1.68,-1.79,-7.88,-7.77,-0.11,-8.82,-3.15,-5.46,-8.4,-8.3
2025-12-11,ISYAT,5.27,23152241.0,122024826.0,2,2025-12-11 11:00,10.2,1.27,-11.27,-8.24,1.27,-15.88,-8.33,-14.02,-13.92,-6.76,-14.9,-9.61,-9.31,-12.94,-12.45,-13.92,-15.88,-15.59
2026-01-29,ISYAT,5.5,29333326.0,161421289.0,3,2026-01-29 12:00,9.64,0.93,-5.08,-5.08,0.93,-8.51,0.83,-6.22,-5.08,-5.08,-8.51,-5.39,-3.53,-5.91,-5.08,0.1,-4.46,-3.32
2024-10-04,IZFAS,5.31,68545643.0,364283589.0,2,2024-10-04 11:00,12.0933,8.39,-0.83,-0.83,27.79,-5.34,3.39,-5.34,-3.17,6.5,-2.72,6.5,17.12,8.67,17.12,19.34,12.06,16.95
2025-03-11,IZINV,5.36,2244946.0,12039353.0,1,2025-03-11 10:00,42.98,10.33,-0.19,4.42,10.33,-6.93,0.74,-4.61,-3.54,-1.12,-6.93,-2.75,0.37,-5.72,-1.58,-1.12,-5.07,-3.21
2025-12-04,IZMDC,5.21,36500704.0,190102579.0,3,2025-12-04 12:00,6.87,4.66,-5.39,-5.24,8.59,-6.55,4.22,-6.55,3.49,8.59,2.33,4.08,5.97,2.91,3.35,4.51,-0.58,3.78
2025-03-05,JANTS,5.08,57025661.0,289964094.0,3,2025-03-05 12:00,23.24,1.03,-1.46,1.03,7.92,-1.46,6.63,-1.03,2.5,6.28,1.38,3.44,6.11,2.58,4.99,7.92,3.53,5.42
2025-08-18,JANTS,5.25,196370864.0,1031925774.0,2,2025-08-18 11:00,29.74,1.28,-9.55,-9.55,1.28,-17.96,-4.44,-14.59,-12.58,-9.08,-16.27,-15.53,-14.32,-17.96,-16.48,-14.32,-16.95,-16.95
2024-10-18,KAPLM,5.06,14300522.0,72333596.0,2,2024-10-18 11:00,175.7,3.3,-2.5,3.3,17.53,-2.56,12.69,-1.37,-1.37,8.48,-2.56,8.48,17.53,3.7,8.42,12.12,0.63,7.85
2025-02-03,KAPLM,5.15,14706556.0,75686465.0,2,2025-02-03 11:00,187.2,4.81,-1.87,1.5,4.81,-6.62,2.78,-2.56,-1.92,-0.64,-5.93,-4.75,-2.24,-6.62,-4.38,0.32,-3.26,-2.88
2025-06-26,KAREL,5.77,34543368.0,199211576.0,3,2025-06-26 12:00,8.48,2.83,-2.71,-2.59,6.72,-4.6,1.42,-4.6,-1.42,2.0,-2.83,1.77,6.72,0.83,4.25,5.54,2.0,4.25
2025-05-16,KARTN,7.03,26302797.0,185036882.0,1,2025-05-16 10:00,94.15,3.51,-3.93,-3.72,3.51,-12.37,-0.16,-6.74,-5.47,-4.62,-9.56,-9.56,-8.39,-10.52,-9.51,-4.62,-12.06,-9.51
2026-01-16,KARTN,5.53,15235540.0,84295664.0,2,2026-01-16 11:00,84.95,3.53,-2.3,-1.71,3.53,-4.36,3.41,-1.94,-1.35,-0.77,-3.35,-3.12,-2.77,-4.36,-3.83,-1.18,-3.3,-2.94
2026-04-06,KARTN,5.03,18788331.0,94457888.0,2,2026-04-06 11:00,72.55,1.52,-2.48,-2.14,1.52,-11.3,-1.45,-8.41,-8.34,-2.14,-6.89,-6.41,-6.82,-11.03,-9.65,-8.61,-11.3,-11.1
2026-04-21,KARTN,5.86,60770762.0,356060462.0,2,2026-04-21 11:00,96.75,5.63,-2.64,1.24,23.51,-2.89,10.59,-2.89,7.6,18.14,8.01,18.14,23.51,9.56,13.49,12.97,0.1,0.31
2025-02-20,KATMR,6.34,60796820.0,385514459.0,1,2025-02-20 10:00,1.6874,2.61,-6.09,-5.65,2.61,-10.43,-3.91,-9.13,-8.26,-6.09,-8.7,-7.83,-7.39,-10.43,-10.43,-7.39,-10.43,-8.7
2025-06-11,KBORU,5.57,77613954.0,432337207.0,3,2025-06-11 12:00,13.41,3.28,-4.18,-1.57,3.28,-16.11,-1.72,-8.72,-7.68,-11.71,-16.11,-11.93,-5.89,-13.8,-9.62,1.12,-6.04,-4.62
2022-10-25,KERVN,5.54,853604.0,4727796.0,3,2022-10-25 17:00,0.72,0.0,0.0,0.0,0.0,-19.44,-5.56,-9.72,-9.72,-13.89,-18.06,-18.06,-15.28,-19.44,-15.28,0.0,-4.17,0.0
2023-06-12,KERVN,5.94,744658.0,4422972.0,1,2023-06-12 12:00,0.91,0.0,0.0,0.0,0.0,-13.19,-2.2,-8.79,-7.69,-9.89,-12.09,-12.09,-10.99,-12.09,-10.99,-8.79,-13.19,-13.19
2024-02-19,KERVN,5.2,1804679.0,9385219.0,3,2024-02-19 17:00,1.54,0.0,0.0,0.0,16.88,-6.49,9.74,9.74,9.74,9.74,-0.65,-0.65,-0.65,-6.49,-0.65,16.88,14.94,16.88
2024-02-20,KERVN,7.4,2217893.0,16414498.0,3,2024-02-20 17:00,1.69,0.0,0.0,0.0,17.16,-14.79,0.0,-9.47,-9.47,-9.47,-14.79,-9.47,-0.59,-8.88,-0.59,17.16,12.43,17.16
2024-11-11,KERVN,5.97,1533749.0,9153521.0,2,2024-11-11 13:00,2.44,0.0,0.0,0.0,9.84,-17.62,9.84,3.28,3.28,-6.97,-6.97,-6.97,2.05,-15.57,-0.41,-10.25,-17.62,-12.7
2025-03-14,KERVN,6.03,1242786.0,7493897.0,2,2025-03-14 13:00,2.55,0.0,-0.39,-0.39,0.0,-20.0,-0.39,-10.2,-9.8,-10.59,-11.37,-11.37,-17.25,-20.0,-20.0,-16.08,-19.22,-19.22
2025-08-05,KERVN,5.57,1936087.0,10786048.0,3,2025-08-05 17:00,2.67,0.0,0.0,0.0,0.0,-10.11,-3.0,-9.74,-9.74,-6.74,-10.11,-6.74,-4.49,-8.99,-8.99,-0.37,-4.49,-0.37
2026-05-11,KERVN,6.34,4044170.0,25635800.0,2,2026-05-11 13:00,5.1,0.0,-1.96,-1.96,9.22,-9.8,-6.08,-9.8,-9.41,-7.84,-9.41,-7.84,0.0,-6.86,0.0,9.22,-6.86,2.16
2025-05-14,KGYO,6.35,19509031.0,123965889.0,3,2025-05-14 12:00,3.77,3.71,-1.33,3.71,6.9,-5.04,6.9,-3.98,-1.59,1.86,-4.24,-2.12,-0.53,-4.51,-3.71,-1.33,-5.04,-3.45
2024-09-24,KIMMR,5.63,13695444.0,77047433.0,1,2024-09-24 10:00,10.62,3.11,-2.73,3.11,9.23,-5.08,5.65,-1.04,1.32,9.23,0.85,6.21,7.91,3.58,3.95,3.86,-5.08,-3.3
2025-01-13,KIMMR,5.25,24717004.0,129787221.0,2,2025-01-13 11:00,11.01,1.27,-5.27,-5.0,2.54,-5.27,-0.18,-4.81,-2.36,-0.54,-4.18,-0.82,2.27,-1.54,0.36,2.54,0.36,1.54
2026-03-04,KIMMR,5.58,20336412.0,113486816.0,2,2026-03-04 11:00,16.72,4.31,-3.89,-3.71,5.26,-8.61,-0.48,-4.43,-4.13,-2.63,-8.37,-7.0,-1.44,-8.61,-2.51,5.26,0.9,2.57
2026-01-09,KLGYO,5.99,68176634.0,408711883.0,2,2026-01-09 11:00,7.37,2.44,-1.36,2.44,12.62,-6.65,12.62,4.07,7.6,8.28,-3.12,-3.12,0.54,-5.7,-5.43,11.4,0.41,4.88
2025-06-18,KLMSN,6.04,20143963.0,121608098.0,2,2025-06-18 11:00,23.74,3.54,-2.27,-2.27,3.54,-7.41,-1.18,-6.74,-6.74,-4.47,-7.25,-5.81,-4.47,-7.41,-6.4,-2.19,-4.3,-4.04
2026-02-27,KLMSN,5.33,59481875.0,317022233.0,3,2026-02-27 12:00,36.1,1.05,-7.2,-7.2,1.05,-21.22,-12.19,-16.45,-15.84,-12.69,-20.61,-20.61,-12.69,-21.22,-12.69,-2.99,-13.02,-12.47
2022-08-24,KLNMA,5.13,769869.0,3948985.0,2,2022-08-24 13:00,4.1666,0.0,0.0,0.0,10.07,-6.82,9.96,9.96,9.96,10.07,-1.01,1.92,2.29,-6.23,-6.23,-6.18,-6.82,-6.82
2023-10-17,KLNMA,5.13,6455163.0,33083651.0,3,2023-10-17 17:00,12.2863,0.0,0.0,0.0,0.0,-20.62,0.0,-9.27,-9.27,-11.8,-17.59,-11.85,-14.52,-20.62,-20.62,-3.96,-3.96,-3.96
2025-07-17,KLNMA,6.5,1962381.0,12752298.0,1,2025-07-17 12:00,8.99,0.0,-3.89,-3.23,17.02,-3.89,-3.23,-3.23,-3.23,6.45,-3.0,6.45,17.02,11.23,16.24,5.67,4.67,5.67
2024-07-04,KLRHO,5.44,18627405.0,101275138.0,3,2024-07-04 12:00,32.32,4.58,-0.99,0.5,11.39,-0.99,2.66,-0.99,0.56,4.64,-0.37,4.64,11.39,1.92,5.2,7.36,2.78,5.75
2025-09-12,KLRHO,93.81,69664362.0,6535284788.0,0,2025-09-12 09:00,67.0,4.63,-5.3,4.63,68.21,-5.3,15.07,8.21,15.07,26.57,26.57,26.57,39.18,34.18,39.18,68.21,47.46,68.21
2024-07-09,KLSER,5.06,106266066.0,537722312.0,3,2024-07-09 12:00,52.55,2.0,-3.81,-1.05,9.42,-7.67,-0.48,-7.67,-7.4,1.81,-7.44,1.81,9.42,-1.05,-0.76,6.09,1.24,1.81
2025-07-31,KLSER,5.24,66685083.0,349723303.0,2,2025-07-31 11:00,36.32,0.61,-4.63,-4.19,0.61,-8.7,-1.54,-6.39,-3.85,-3.08,-5.84,-4.57,-2.59,-6.88,-6.72,-6.11,-8.7,-8.43
2026-05-07,KLSER,6.94,40055790.0,277985900.0,1,2026-05-07 10:00,29.86,5.36,-1.88,-1.74,5.36,-4.69,-0.6,-4.42,-2.21,-1.74,-3.42,-3.28,1.94,-3.95,-1.0,-2.41,-4.69,-4.55
2025-02-18,KLSYN,6.04,16363207.0,98877053.0,2,2025-02-18 11:00,5.99,2.5,-4.17,-2.5,2.5,-6.18,1.0,-3.67,-3.34,-2.67,-6.01,-4.51,1.84,-4.84,-1.0,-2.5,-6.18,-4.84
2026-01-07,KLSYN,8.08,39877681.0,322147801.0,3,2026-01-07 12:00,7.87,0.0,-4.45,0.0,7.75,-10.8,7.75,-4.83,-1.52,1.91,-1.52,1.65,2.16,-8.01,-6.48,6.73,-7.37,-7.37
2026-02-05,KLYPV,5.23,132142618.0,690800524.0,1,2026-02-05 10:00,72.45,3.38,-5.8,-4.83,3.38,-10.97,-4.9,-10.35,-8.9,-7.59,-10.97,-10.84,-3.52,-10.97,-9.45,-4.62,-7.73,-6.63
2025-11-04,KMPUR,5.18,34623733.0,179371178.0,3,2025-11-04 12:00,19.71,0.2,-3.2,-2.64,0.2,-17.25,-0.1,-5.43,-4.21,-2.79,-6.65,-5.07,-4.62,-8.63,-8.47,-10.76,-17.25,-16.69
2026-06-04,KNFRT,5.46,68568872.0,374498399.0,2,2026-06-04 11:00,16.66,5.28,-5.28,-2.28,5.28,-12.48,3.18,-12.0,-9.54,-6.36,-12.48,-11.94,,,,,,
2025-07-08,KONKA,6.59,11658136.0,76878225.0,3,2025-07-08 12:00,11.5267,0.98,-7.11,-5.38,0.98,-7.11,-2.02,-6.25,-4.45,-3.35,-4.57,-4.28,-2.43,-5.26,-4.34,-1.79,-5.67,-3.99
2025-09-15,KORDS,8.32,59269666.0,493388909.0,2,2025-09-15 11:00,57.7,6.33,-2.51,3.99,17.76,-2.51,12.05,3.03,11.7,17.68,11.87,15.08,17.76,11.7,11.7,16.72,12.31,13.0
2024-08-01,KOTON,5.08,137099797.0,696322543.0,3,2024-08-01 12:00,23.66,0.17,-1.61,0.17,6.85,-10.48,6.85,-1.78,-1.18,-2.79,-10.48,-9.55,-2.62,-8.2,-6.34,-6.26,-7.78,-7.44
2025-06-23,KRDMB,6.27,44779442.0,280636555.0,1,2025-06-23 10:00,27.6,5.22,-8.62,-7.61,5.22,-12.54,1.38,-8.41,-8.41,-4.78,-9.64,-9.64,-7.32,-12.17,-10.43,-8.84,-12.54,-9.28
2026-01-08,KRDMB,7.79,17717178.0,137946796.0,2,2026-01-08 11:00,25.42,0.55,-2.75,-1.65,7.79,-2.75,0.79,-1.73,-0.47,2.05,-0.79,0.63,6.22,0.08,4.09,7.79,4.25,7.79
2025-04-14,KRONT,5.34,12022577.0,64158596.0,2,2025-04-14 11:00,8.697,1.83,-3.41,1.83,9.09,-7.99,9.09,1.22,1.22,0.12,-5.79,-4.88,-0.91,-6.59,-4.39,0.91,-7.99,-5.24
2025-07-18,KRPLS,5.84,16956131.0,99083816.0,2,2025-07-18 11:00,7.64,3.01,-0.52,-0.39,3.01,-1.7,0.92,-0.92,-0.26,0.52,-0.92,-0.65,0.13,-1.7,-1.18,-0.39,-1.7,-1.44
2025-09-25,KRPLS,5.12,25127943.0,128627210.0,3,2025-09-25 12:00,10.15,1.38,-7.68,-3.45,1.38,-16.65,-2.46,-9.16,-9.16,-6.7,-14.68,-14.68,-13.4,-16.65,-15.86,-8.87,-13.3,-12.71
2024-10-01,KRSTL,6.8,33935769.0,230622515.0,1,2024-10-01 10:00,6.24,4.33,-5.61,4.33,9.78,-13.14,9.78,-6.09,-6.09,-1.12,-9.94,-8.97,-8.17,-13.14,-11.06,4.33,-2.24,-1.76
2025-03-13,KRSTL,9.92,19173849.0,190229958.0,1,2025-03-13 10:00,6.66,3.3,-3.6,-3.3,5.71,-12.31,-0.6,-4.05,-3.9,5.71,-5.41,4.2,5.41,-1.35,-1.35,-8.11,-12.31,-9.01
2025-04-22,KRTEK,6.58,22563431.0,148381230.0,1,2025-04-22 10:00,32.2,3.91,-10.0,-9.32,3.91,-18.7,-6.77,-13.48,-10.0,-5.78,-11.3,-6.83,-3.73,-13.6,-13.6,-10.87,-18.63,-18.26
2025-11-03,KRTEK,5.05,34286083.0,173271562.0,3,2025-11-03 12:00,35.02,4.74,-4.8,-4.8,4.74,-19.47,-8.05,-14.28,-14.28,-12.16,-19.47,-13.42,-11.59,-16.05,-14.33,-11.48,-16.62,-16.16
2023-07-11,KSTUR,7.57,429313.0,3249408.0,1,2023-07-11 12:00,423.1,0.0,0.0,0.0,8.48,-10.0,8.48,-10.0,-8.23,0.95,-8.23,0.95,0.69,-5.46,-3.4,4.77,-8.86,4.77
2023-07-12,KSTUR,5.63,578684.0,3256605.0,0,2023-07-12 09:00,459.0,0.0,-17.04,-15.4,0.0,-17.04,-6.95,-15.4,-6.95,-7.19,-12.85,-10.96,-11.68,-12.2,-12.2,-3.18,-6.75,-6.36
2024-05-31,KSTUR,7.12,10386130.0,73941645.0,3,2024-05-31 17:00,8310.0,0.0,0.0,0.0,5.9,-12.88,5.9,4.69,4.69,4.45,-0.15,-0.15,-3.73,-10.11,-6.59,-6.74,-12.88,-9.99
2026-01-07,KSTUR,5.04,2204943.0,11107555.0,3,2026-01-07 17:00,3577.5,0.7,0.0,0.7,7.34,-6.71,2.24,-6.36,-6.36,-6.64,-6.71,-6.64,-2.38,-6.64,-2.38,6.85,-0.91,6.85
2024-08-05,KTSKR,5.01,29646753.0,148677781.0,3,2024-08-05 12:00,71.5,2.8,-4.34,-4.34,4.41,-4.62,3.64,-3.78,-0.28,3.5,-2.66,0.7,4.41,-0.98,0.07,0.0,-4.62,-4.34
2024-11-12,KUTPO,6.07,12763457.0,77493267.0,2,2024-11-12 11:00,72.25,0.0,-3.11,0.0,9.97,-3.94,9.97,-0.83,-0.14,3.6,-0.9,0.21,6.51,-0.28,2.63,1.04,-3.94,-2.91
2024-11-13,KUTPO,7.07,16217027.0,114576690.0,1,2024-11-13 10:00,78.5,1.21,-8.73,-8.09,1.21,-12.55,-4.65,-8.79,-7.77,-1.97,-8.22,-5.54,-4.59,-8.6,-8.6,-7.96,-12.55,-12.55
2022-10-31,KUVVA,10.75,1414530.0,15207608.0,1,2022-10-31 12:00,41.0,0.0,-2.44,-2.44,0.0,-9.07,-0.1,-2.68,-2.68,-3.66,-9.07,-4.88,-2.44,-3.66,-3.66,-7.32,-8.54,-7.32
2024-04-01,KUVVA,7.82,2188407.0,17109055.0,2,2024-04-01 13:00,42.6,0.0,0.0,0.0,1.88,-6.1,1.88,-1.55,-1.55,-2.82,-6.1,-6.1,-4.46,-5.73,-5.73,-1.13,-2.11,-1.13
2024-11-25,KUVVA,5.44,2243892.0,12210225.0,3,2024-11-25 17:00,54.4,0.0,0.0,0.0,10.29,0.0,5.7,1.1,5.7,8.46,7.54,8.0,8.46,1.1,1.1,10.29,8.27,8.27
2024-12-03,KUVVA,14.57,4461719.0,65008984.0,3,2024-12-03 17:00,58.0,0.0,0.0,0.0,9.48,0.0,3.45,0.86,3.36,4.31,1.72,1.72,9.48,1.72,8.62,8.62,7.76,7.76
2025-04-14,KUVVA,6.26,4380108.0,27420516.0,3,2025-04-14 17:00,57.0,0.0,-1.84,-1.84,4.21,-5.26,-0.09,-0.88,-0.09,0.61,-5.26,-4.39,-3.51,-5.09,-3.51,4.21,-4.39,4.21
2025-04-21,KUVVA,5.13,6403253.0,32847392.0,2,2025-04-21 13:00,55.0,8.0,0.0,8.0,42.09,0.0,18.73,18.73,18.73,21.73,11.45,21.73,29.09,27.18,29.09,42.09,38.18,41.82
2025-11-07,KUVVA,8.86,16362190.0,144960597.0,1,2025-11-07 12:00,150.0,0.0,-0.2,-0.2,13.33,-2.0,3.33,-2.0,3.33,13.33,8.67,8.73,13.27,12.67,12.67,10.0,9.93,10.0
2026-03-05,KUVVA,12.54,4592877.0,57586199.0,1,2026-03-05 10:00,121.0,0.0,-2.73,0.0,13.97,-2.73,10.0,1.65,10.0,7.44,-0.99,1.65,3.47,-1.82,0.83,13.97,3.72,11.74
2026-03-06,KUVVA,5.74,7180966.0,41199545.0,2,2026-03-06 11:00,133.0,0.08,-2.71,0.08,3.68,-10.68,-2.26,-9.92,-7.52,-5.86,-10.68,-8.27,-1.5,-8.95,-1.95,1.5,-2.63,-2.26
2025-02-20,LIDFA,5.31,22576948.0,119968615.0,3,2025-02-20 12:00,1.5949,2.89,-1.29,1.29,4.82,-2.57,4.82,-2.25,-0.64,1.61,-0.96,-0.32,-0.32,-2.57,-1.61,2.57,-2.57,-0.32
2026-04-27,LIDFA,5.29,43021604.0,227374851.0,3,2026-04-27 12:00,3.41,0.0,-3.23,-1.76,0.88,-4.69,0.29,-3.81,-3.81,-1.17,-4.4,-2.35,-1.47,-4.69,-2.64,0.88,-2.35,-2.05
2024-08-02,LILAK,5.78,161862865.0,935874504.0,2,2024-08-02 11:00,30.26,3.83,-2.18,-0.26,3.83,-9.52,0.13,-9.52,-8.0,1.19,-6.81,-2.12,0.73,-4.96,-3.97,2.51,-2.12,-1.92
2025-06-24,LILAK,46.25,81185872.0,3755010629.0,1,2025-06-24 10:00,22.44,5.7,-0.8,2.23,11.76,-0.8,11.68,2.67,6.06,8.73,5.08,5.79,10.43,5.88,9.8,3.65,-0.36,0.8
2025-09-25,LINK,5.64,84474298.0,476420456.0,3,2025-09-25 12:00,11.4511,1.17,-1.33,-1.33,1.17,-30.09,-4.15,-11.18,-11.18,-12.14,-20.02,-20.02,-20.66,-28.01,-27.1,-19.91,-27.0,-19.91
2025-09-26,LINK,5.65,113687169.0,642755548.0,3,2025-09-26 12:00,10.3536,1.94,-1.77,-1.77,1.94,-22.67,-2.83,-11.54,-11.54,-12.25,-20.38,-19.38,-14.43,-22.67,-19.43,-9.25,-19.43,-16.9
2026-05-05,LINK,5.09,168153001.0,855626588.0,2,2026-05-05 11:00,6.28,0.32,-4.3,-4.3,8.76,-4.46,0.64,-4.14,-2.39,1.91,-4.46,0.64,2.71,-1.59,0.32,5.89,2.07,4.3
2025-02-05,LRSHO,5.34,20093695.0,107378828.0,1,2025-02-05 10:00,2.07,3.86,-2.9,-1.93,9.66,-3.38,0.48,-3.38,-2.42,6.28,-1.93,4.35,9.66,3.86,6.76,6.28,2.9,2.9
2025-04-30,LRSHO,6.49,67651142.0,438833807.0,2,2025-04-30 11:00,3.44,4.65,-2.62,4.65,27.62,-2.62,15.12,7.27,15.12,25.87,10.47,21.22,27.62,14.83,16.86,7.56,-2.62,2.03
2025-05-05,LRSHO,5.12,118309112.0,605792805.0,2,2025-05-05 11:00,4.18,3.59,-5.98,-0.24,5.02,-19.86,5.02,-5.5,-3.83,-1.91,-13.4,-13.4,-11.48,-19.86,-16.03,-1.44,-15.31,-15.31
2025-07-01,LRSHO,7.68,134855706.0,1035718269.0,3,2025-07-01 12:00,6.68,2.84,0.0,0.0,2.84,-28.44,1.65,-9.88,-9.88,-7.63,-18.86,-18.86,-13.02,-25.15,-22.9,-20.21,-28.44,-20.21
2025-07-02,LRSHO,5.45,181526145.0,989089984.0,2,2025-07-02 11:00,6.02,6.64,0.0,0.0,6.64,-20.6,2.49,-9.97,-9.97,-3.49,-16.94,-14.45,-9.47,-20.27,-19.44,-5.48,-18.6,-18.6
2025-07-09,LYDHO,5.44,60727525.0,330376984.0,3,2025-07-09 12:00,98.6,2.84,-4.06,0.15,17.65,-4.06,6.8,0.1,3.55,13.49,4.46,12.58,17.65,10.24,11.36,8.01,2.43,3.45
2025-10-31,LYDHO,5.32,129456455.0,688562885.0,2,2025-10-31 11:00,194.3,0.0,-2.57,0.0,16.37,-13.69,9.98,-1.24,9.98,16.37,1.8,4.22,6.54,-6.18,-6.18,-0.87,-7.93,-6.33
2025-11-03,LYDHO,5.35,163793939.0,876701859.0,2,2025-11-03 11:00,213.7,0.0,-3.56,0.0,5.8,-21.53,5.8,-7.44,-5.24,-3.14,-14.69,-14.69,-8.28,-21.53,-13.8,-6.32,-16.94,-6.32
2025-06-27,MAALT,8.34,24840109.0,207123397.0,1,2025-06-27 10:00,806.0,5.46,-2.05,5.33,6.08,-4.78,6.08,-0.74,-0.68,1.43,-4.28,-3.85,3.97,-4.78,-0.37,0.81,-1.05,0.0
2025-12-16,MACKO,5.15,24937711.0,128488823.0,2,2025-12-16 11:00,39.54,11.38,0.0,0.0,11.38,-18.97,-0.56,-9.96,-9.96,-11.48,-18.97,-15.07,-8.95,-15.07,-14.37,-12.49,-17.6,-16.14
2026-02-18,MACKO,6.1,48037416.0,293081358.0,2,2026-02-18 11:00,39.14,3.53,-1.02,1.48,5.01,-11.6,5.01,-3.07,-2.3,-2.91,-11.6,-11.09,-3.68,-11.09,-8.02,-6.85,-10.48,-10.22
2024-10-24,MAKIM,5.66,11876377.0,67217434.0,1,2024-10-24 10:00,24.6,3.17,-5.28,-4.96,3.17,-6.34,-1.38,-6.34,-3.25,-0.57,-2.68,-2.44,0.24,-3.33,-0.65,-2.2,-5.61,-4.23
2025-05-30,MAKIM,5.44,17816602.0,96871092.0,3,2025-05-30 12:00,18.3,1.53,-2.3,-0.93,7.6,-4.37,7.6,-1.86,-1.26,0.82,-2.19,-1.97,-0.71,-4.37,-1.86,6.01,-2.4,4.64
2025-03-06,MAKTK,5.19,16856242.0,87412700.0,1,2025-03-06 10:00,7.5,0.13,-4.67,0.13,23.47,-4.67,6.8,-2.8,-1.07,8.8,-0.53,8.8,18.4,8.67,12.13,23.47,9.07,19.87
2025-03-07,MAKTK,5.01,28726898.0,143922533.0,2,2025-03-07 11:00,7.48,2.27,-2.54,-0.8,26.87,-2.54,9.09,-0.27,9.09,18.72,8.96,12.43,18.45,11.5,13.64,26.87,18.32,26.2
2025-03-11,MAKTK,5.25,47402163.0,248978580.0,3,2025-03-11 12:00,8.63,2.9,-2.55,-2.55,32.21,-5.21,2.67,-3.36,-1.51,7.3,-5.21,4.17,9.97,2.55,9.39,32.21,17.73,22.48
2026-04-15,MAKTK,5.23,41863426.0,218986666.0,3,2026-04-15 12:00,14.76,0.95,-6.3,-6.3,0.95,-9.15,-3.25,-8.54,-7.99,-3.79,-9.15,-4.74,-4.2,-7.38,-7.18,-6.3,-8.6,-7.86
2025-11-14,MANAS,6.08,171884214.0,1045222028.0,3,2025-11-14 12:00,6.7341,4.05,-8.89,-8.89,4.05,-28.22,-13.56,-17.93,-17.93,-12.24,-24.4,-20.97,-13.09,-21.82,-17.77,-20.5,-28.22,-25.1
2025-01-16,MARBL,5.58,34870814.0,194584709.0,3,2025-01-16 12:00,13.14,2.82,-3.2,-1.67,3.73,-3.2,1.52,-2.59,-0.23,3.65,-0.53,1.67,3.73,-1.07,1.22,1.75,-1.07,-0.08
2026-01-12,MARBL,5.57,16018216.0,89274227.0,1,2026-01-12 10:00,14.02,2.0,-6.28,-4.64,2.0,-9.06,-1.07,-5.42,-4.99,-4.07,-8.35,-8.35,-3.5,-9.06,-4.78,-3.42,-5.28,-4.71
2026-03-26,MARKA,6.83,53206321.0,363210034.0,3,2026-03-26 14:00,48.7,4.62,-11.58,-11.58,31.93,-12.9,-2.75,-12.9,-2.75,6.88,4.0,6.88,17.56,15.5,17.56,31.93,15.81,21.15
2026-04-01,MARKA,6.03,91460161.0,551371088.0,3,2026-04-01 12:00,61.1,1.8,-8.59,-4.26,5.16,-21.34,5.16,-7.69,-3.44,-0.16,-13.09,-13.09,-6.71,-19.8,-18.17,-0.98,-3.27,-0.98
2025-05-15,MARTI,5.96,43506844.0,259356893.0,2,2025-05-15 11:00,2.0863,3.38,-2.46,-1.85,3.38,-8.0,0.62,-6.15,-5.54,-3.38,-7.08,-6.46,-0.31,-8.0,-1.54,-2.15,-5.54,-4.0
2024-04-30,MEGAP,10.12,31997423.0,323674597.0,1,2024-04-30 10:00,6.91,0.0,-8.83,0.0,42.69,-8.83,9.99,6.8,9.99,20.98,12.88,20.98,33.0,13.31,18.09,42.69,35.31,42.69
2024-05-03,MEGAP,6.74,51993998.0,350289267.0,1,2024-05-03 10:00,8.33,0.36,-6.36,0.36,40.94,-6.36,10.32,-6.0,-2.04,7.68,-3.12,7.68,18.37,12.24,18.37,40.94,18.97,22.33
2024-05-06,MEGAP,5.3,78286564.0,414720677.0,3,2024-05-06 12:00,9.16,0.33,-14.52,-10.92,28.17,-14.52,-2.07,-11.9,-2.07,7.64,2.07,7.64,18.34,9.06,18.34,20.63,0.22,0.22
2025-03-04,MEGAP,5.12,2285461.0,11705678.0,2,2025-03-04 13:00,3.0,0.0,0.0,0.0,18.0,-5.0,10.0,8.33,10.0,18.0,11.67,11.67,7.0,0.67,1.0,0.0,-5.0,-4.0
2025-03-05,MEGAP,5.04,2708057.0,13660235.0,2,2025-03-05 13:00,3.3,0.0,0.0,0.0,7.27,-13.64,7.27,1.52,1.52,-2.73,-8.48,-8.18,-8.18,-8.79,-8.79,-12.73,-13.03,-12.73
2025-03-06,MEGAP,5.51,3350278.0,18454845.0,1,2025-03-06 12:00,3.54,0.0,-5.37,-5.37,0.0,-19.49,-9.32,-14.69,-14.41,-14.41,-14.97,-14.97,-15.25,-19.49,-18.64,-10.73,-14.69,-10.73
2025-07-01,MEGAP,7.0,3575254.0,25009967.0,2,2025-07-01 13:00,3.76,0.0,0.0,0.0,60.11,-1.6,9.84,-1.6,9.84,20.74,19.95,20.74,32.71,28.72,32.71,60.11,60.11,60.11
2025-07-02,MEGAP,6.25,5538292.0,34595755.0,3,2025-07-02 17:00,4.13,0.0,0.0,0.0,56.17,0.0,9.93,9.2,9.93,20.82,17.19,20.82,32.69,30.75,32.69,56.17,55.93,55.93
2024-12-09,MEKAG,5.07,24461380.0,124066818.0,3,2024-12-09 12:00,3.6297,2.84,-0.3,2.84,7.06,-6.2,7.06,-4.13,-4.13,-1.29,-5.51,-3.23,-2.45,-5.12,-4.99,-3.27,-5.25,-4.78
2025-04-17,MEKAG,5.46,59948588.0,327350715.0,2,2025-04-17 11:00,3.9258,5.47,-1.73,-1.69,5.47,-13.83,1.29,-6.59,-6.39,-5.0,-8.46,-5.19,-5.0,-8.58,-6.91,-10.17,-13.83,-13.63
2026-01-06,MEKAG,5.96,28406222.0,169381915.0,3,2026-01-06 12:00,3.91,4.6,-0.77,1.28,4.6,-4.35,2.3,-2.3,-2.05,-1.28,-4.35,-2.81,0.51,-3.58,-0.77,-0.26,-3.32,-2.3
2024-12-09,MEPET,6.61,12769421.0,84467747.0,3,2024-12-09 12:00,10.86,1.38,-2.3,1.38,5.71,-4.51,5.71,-1.47,-1.2,4.88,-1.93,0.28,3.78,-0.64,-0.37,0.18,-4.51,-4.42
2025-06-16,MEPET,10.11,1640727.0,16581083.0,1,2025-06-16 10:00,9.5,1.89,-6.84,1.89,37.79,-6.84,12.0,5.26,12.0,23.16,16.84,23.16,35.16,10.84,29.47,37.79,22.63,37.79
2025-06-18,MEPET,5.47,3226738.0,17651108.0,1,2025-06-18 10:00,11.7,0.0,-5.13,0.0,11.88,-10.0,9.74,-10.0,5.13,8.89,-5.38,1.71,11.88,-0.43,11.88,-2.39,-9.23,-9.23
2025-06-19,MEPET,5.02,4234736.0,21250002.0,1,2025-06-19 10:00,11.04,16.3,-4.62,11.41,18.57,-11.78,15.4,0.27,7.79,18.57,5.53,18.57,17.48,6.79,6.79,-1.18,-11.78,-8.79
2025-04-16,MERKO,6.4,42822612.0,274146667.0,1,2025-04-16 10:00,2.3201,4.26,-10.1,-7.18,16.52,-10.1,1.75,-7.53,-3.68,5.95,-4.26,5.95,16.52,6.25,7.12,5.95,-5.72,-1.58
2023-11-30,MMCAS,5.46,727728.0,3971520.0,3,2023-11-30 17:00,10.12,0.0,0.0,0.0,0.0,-15.81,0.0,-6.03,-4.64,-4.94,-9.09,-9.09,-6.13,-10.97,-9.88,-2.17,-15.81,-4.25
2024-01-04,MMCAS,7.22,490224.0,3540294.0,3,2024-01-04 17:00,9.35,0.0,-0.53,-0.53,0.0,-14.87,-3.74,-10.48,-10.48,-10.16,-14.44,-10.16,-12.3,-14.44,-14.22,-12.83,-14.87,-14.87
2024-03-06,MMCAS,5.25,2300059.0,12072377.0,3,2024-03-06 17:00,15.56,0.0,0.0,0.0,20.95,-12.79,9.96,9.96,9.96,20.95,19.54,19.54,14.4,7.58,7.58,6.04,-12.79,2.89
2024-03-08,MMCAS,5.27,2922640.0,15398976.0,1,2024-03-08 12:00,18.82,0.0,-1.17,-1.17,0.0,-28.11,-5.42,-11.05,-11.05,-19.93,-19.93,-19.93,-12.33,-27.9,-14.93,-24.55,-28.11,-24.92
2025-08-11,MMCAS,6.3,3477367.0,21907184.0,2,2025-08-11 13:00,41.8,0.0,0.0,0.0,60.89,0.0,10.0,10.0,10.0,20.93,20.93,20.93,33.01,33.01,33.01,60.89,60.89,60.89
2025-08-15,MMCAS,5.05,5923709.0,29895868.0,1,2025-08-15 12:00,61.15,0.0,0.0,0.0,33.36,0.0,9.98,9.98,9.98,20.93,20.93,20.93,32.95,17.66,17.66,33.36,33.36,33.36
2026-04-28,MMCAS,5.9,2140192.0,12622826.0,3,2026-04-28 17:00,69.3,2.96,0.0,2.96,24.24,0.0,4.91,3.03,4.91,13.28,5.05,13.28,24.24,19.91,24.24,14.0,14.0,14.0
2025-04-14,MOBTL,5.04,38727316.0,195140335.0,1,2025-04-14 10:00,4.79,11.69,-1.88,6.68,71.19,-1.88,17.33,1.88,17.33,29.02,18.37,29.02,41.75,29.85,41.75,71.19,51.57,56.99
2025-07-08,MOGAN,5.12,69841337.0,357700803.0,2,2025-07-08 11:00,9.22,2.82,-1.41,0.22,2.82,-4.66,1.52,-1.95,-1.84,-0.22,-2.71,-2.71,-0.33,-4.56,-2.39,0.76,-4.66,-1.63
2026-02-18,MOGAN,5.21,55869455.0,291302368.0,2,2026-02-18 11:00,10.73,10.07,-1.58,4.01,10.07,-4.94,7.36,-4.85,-3.91,5.68,-4.94,-1.96,6.24,-0.56,3.63,5.87,-0.47,0.28
2025-05-14,MRGYO,7.14,59038007.0,421660004.0,1,2025-05-14 10:00,1.0131,1.94,-3.23,1.94,21.29,-3.23,11.61,4.52,11.61,21.29,8.39,13.55,15.48,3.23,4.52,18.71,10.97,10.97
2024-10-16,MRSHL,6.92,24555738.0,170018394.0,2,2024-10-16 11:00,1617.0,1.11,-2.84,1.11,32.53,-2.84,11.19,4.82,11.19,22.26,14.1,22.26,32.53,10.08,10.08,13.98,2.66,4.14
2024-10-17,MRSHL,5.11,34015408.0,173984544.0,1,2024-10-17 10:00,1774.0,1.35,-4.45,1.35,20.8,-6.43,11.44,4.0,11.44,20.8,0.34,0.34,7.67,-4.11,-0.62,0.28,-6.43,-3.78
2024-10-21,MRSHL,6.11,54297623.0,331681211.0,3,2024-10-21 12:00,2013.0,1.94,-11.57,-11.57,1.94,-18.63,-5.12,-15.5,-12.42,-8.45,-17.54,-16.34,-11.62,-17.54,-15.2,-14.56,-18.48,-17.78
2025-12-23,MRSHL,5.91,15595756.0,92247762.0,3,2025-12-23 12:00,1612.0,2.23,-4.47,-4.34,14.83,-4.47,5.21,-3.1,5.21,14.83,1.67,1.67,8.31,1.12,3.29,-0.93,-3.23,-2.3
2025-12-25,MRSHL,5.34,25030831.0,133781180.0,1,2025-12-25 10:00,1807.0,2.43,-9.3,-9.3,2.43,-13.95,-3.38,-9.8,-7.86,-6.09,-12.89,-12.89,-11.62,-13.67,-12.84,-12.17,-13.95,-13.39
2025-04-28,MSGYO,9.99,11199150.0,111919455.0,1,2025-04-28 10:00,4.91,3.67,-7.13,-7.13,3.67,-18.74,-8.35,-14.66,-14.26,-10.59,-15.48,-14.66,-13.85,-17.52,-14.46,-17.31,-18.74,-18.53
2025-07-22,MSGYO,5.15,16663863.0,85767679.0,3,2025-07-22 12:00,4.58,0.44,-1.53,-0.44,3.49,-3.06,0.87,-3.06,-2.62,0.87,-2.84,0.0,0.22,-2.18,-1.09,3.49,1.09,1.53
2024-09-27,MTRKS,7.04,14312554.0,100812711.0,1,2024-09-27 10:00,17.616,0.73,-3.27,-1.0,1.32,-11.44,1.32,-5.54,-0.27,0.91,-6.9,-5.77,-4.9,-11.44,-9.36,-4.13,-9.17,-4.31
2025-09-30,MTRYO,6.72,4116433.0,27663172.0,1,2025-09-30 10:00,10.5,5.24,-1.24,5.24,5.24,-16.29,4.67,-5.24,-5.24,4.19,-11.9,-3.14,-3.81,-12.76,-9.52,-10.67,-16.29,-15.24
2025-12-18,MTRYO,7.13,4143057.0,29545272.0,1,2025-12-18 10:00,9.76,0.0,-5.84,0.0,4.41,-14.96,4.41,-9.22,-3.18,-4.0,-9.84,-9.32,-9.53,-14.96,-13.11,-6.66,-11.37,-10.25
2025-09-24,MZHLD,5.42,4641139.0,25167699.0,3,2025-09-24 12:00,8.08,5.2,-0.12,1.73,5.2,-14.6,0.87,-7.3,-3.47,-0.99,-8.42,-6.56,-5.2,-11.88,-10.4,-9.78,-14.6,-11.26
2026-01-20,MZHLD,6.34,2544902.0,16134072.0,2,2026-01-20 11:00,7.56,3.17,-5.42,0.53,3.17,-9.39,0.4,-9.39,-3.31,1.72,-7.41,-1.59,1.85,-7.41,-0.93,-0.79,-6.35,-2.12
2025-02-28,NATEN,5.73,125268634.0,717850012.0,2,2025-02-28 11:00,14.09,5.04,-6.25,-6.25,5.04,-32.09,-1.35,-15.61,-15.61,-13.98,-23.99,-22.64,-18.67,-30.36,-30.36,-29.23,-30.82,-29.68
2025-07-10,NATEN,5.36,189665753.0,1015966958.0,3,2025-07-10 12:00,10.32,5.33,-4.84,-4.84,5.33,-13.57,-1.65,-9.46,-9.46,-8.53,-10.78,-10.78,-8.57,-13.57,-12.67,-10.74,-11.82,-11.36
2026-04-13,NATEN,6.1,39922795.0,243654324.0,3,2026-04-13 12:00,8.18,0.0,-3.79,0.0,10.02,-3.79,6.6,-1.22,6.23,7.95,0.24,0.24,1.47,-2.2,-0.86,10.02,1.47,9.9
2026-04-14,NATEN,5.22,51211624.0,267371853.0,2,2026-04-14 11:00,8.23,5.59,-1.82,5.59,14.22,-2.79,7.29,-0.36,-0.36,0.85,-2.79,-1.46,4.62,-2.31,1.22,14.22,-1.58,-1.58
2026-04-21,NATEN,6.66,117926943.0,785482114.0,3,2026-04-21 12:00,8.17,5.75,-0.86,-0.86,5.75,-14.2,-2.2,-10.77,-10.77,-9.91,-13.95,-13.1,-6.98,-12.85,-10.28,-11.63,-14.2,-13.95
2024-09-17,NIBAS,7.66,14465785.0,110823833.0,1,2024-09-17 10:00,3.19,2.14,-5.69,-4.91,2.14,-10.61,1.46,-6.58,-5.33,1.57,-5.8,-4.49,-2.82,-10.61,-9.09,-1.1,-7.99,-7.78
2024-12-09,NIBAS,6.1,44225628.0,269855833.0,3,2024-12-09 12:00,3.42,0.1,-2.83,0.1,5.56,-7.36,5.56,-5.6,-5.17,-1.07,-7.16,-6.92,-5.6,-7.16,-7.12,-4.97,-7.36,-7.26
2025-04-16,NIBAS,6.94,14030241.0,97340611.0,1,2025-04-16 10:00,2.8917,5.71,-4.32,-3.29,5.71,-8.93,1.38,-8.07,-4.03,-2.88,-8.36,-8.18,0.98,-8.93,-2.88,0.29,-5.71,-5.19
2025-11-04,NIBAS,5.59,24183882.0,135294708.0,2,2025-11-04 11:00,4.3066,1.78,-3.79,-3.56,1.93,-14.78,-3.02,-7.28,-7.28,1.93,-7.51,-2.55,-1.55,-6.42,-5.73,-6.5,-14.78,-10.99
2026-02-13,NIBAS,5.57,50353977.0,280430383.0,1,2026-02-13 10:00,4.98,7.43,-2.81,1.0,30.32,-2.81,7.43,-1.61,1.0,2.61,-1.61,-0.2,9.64,-1.2,9.64,30.32,15.46,21.49
2026-04-03,NIBAS,5.83,114805060.0,669805750.0,3,2026-04-03 12:00,10.38,3.47,-2.41,-2.41,3.47,-31.31,-0.29,-12.14,-12.14,-12.14,-20.91,-20.91,-19.94,-28.42,-27.75,-26.59,-31.31,-28.13
2026-04-06,NIBAS,5.73,163650724.0,937160984.0,3,2026-04-06 12:00,9.12,4.71,0.0,0.0,4.71,-21.82,0.0,-9.98,-9.98,-8.88,-18.53,-17.76,-13.93,-21.82,-20.83,-13.49,-21.05,-14.47
2026-04-07,NIBAS,5.18,212508313.0,1100665947.0,1,2026-04-07 10:00,8.31,9.75,-1.2,-1.2,9.75,-14.2,0.0,-10.59,-9.75,-5.54,-14.2,-13.12,-8.3,-14.2,-10.23,0.0,-6.98,-1.32
2024-11-05,NTGAZ,5.26,26991008.0,141878691.0,2,2024-11-05 11:00,5.39,1.11,-11.13,-10.39,1.11,-12.8,-2.78,-12.8,-10.02,-6.12,-12.06,-9.83,-6.31,-11.87,-9.09,-6.12,-11.32,-10.76
2025-03-03,NTGAZ,5.77,13654105.0,78755981.0,2,2025-03-03 11:00,6.11,1.15,-1.96,-1.47,14.4,-1.96,4.75,-0.98,3.11,4.09,1.8,3.27,6.06,2.78,4.91,14.4,10.64,11.78
2026-05-05,NTGAZ,5.98,90929209.0,544086491.0,1,2026-05-05 10:00,13.57,2.36,-1.47,2.36,2.36,-11.57,0.88,-7.74,-7.22,-6.12,-11.57,-7.3,-7.0,-9.95,-9.58,-2.14,-7.44,-7.15
2025-05-09,NUGYO,6.57,10762819.0,70701842.0,2,2025-05-09 11:00,7.63,0.0,-4.46,0.0,6.16,-7.86,6.16,-4.46,-2.36,4.19,-3.8,-3.15,-2.75,-6.42,-6.16,-5.37,-7.86,-6.82
2025-05-12,NUGYO,5.19,14518124.0,75334955.0,1,2025-05-12 10:00,7.61,6.44,-4.2,-2.1,6.44,-7.75,4.47,-3.55,-2.89,-2.5,-6.18,-5.91,-3.68,-7.23,-7.23,-1.31,-7.75,-3.55
2025-12-23,NUGYO,5.91,22128158.0,130713624.0,2,2025-12-23 11:00,9.93,2.22,-3.73,2.22,17.82,-3.73,9.16,1.11,1.11,3.22,-2.82,-2.82,6.85,-3.22,2.01,17.82,8.26,10.67
2024-07-29,NUHCM,5.78,38105336.0,220142053.0,2,2024-07-29 11:00,307.5,0.81,-5.37,-4.72,5.37,-14.8,-1.06,-9.76,-9.76,-0.73,-10.98,-0.73,5.37,-0.73,-0.73,-10.08,-14.8,-13.58
2024-12-03,OBASE,5.13,16408858.0,84181173.0,3,2024-12-03 12:00,35.4,1.53,-5.31,-2.32,1.53,-10.11,-1.69,-7.91,-7.57,-6.89,-9.83,-9.44,-7.51,-10.11,-8.02,-4.63,-8.64,-6.61
2025-05-23,OBASE,5.3,23554811.0,124785036.0,2,2025-05-23 11:00,35.36,5.03,-7.52,-6.11,5.03,-15.05,-0.28,-7.47,-5.88,-1.92,-7.64,-7.18,-6.62,-12.73,-12.44,-12.95,-15.05,-14.99
2025-12-03,OBASE,5.35,10616199.0,56771454.0,2,2025-12-03 11:00,36.94,1.79,-2.27,-1.89,1.79,-9.58,-1.19,-6.88,-6.23,-6.39,-8.45,-7.85,-5.63,-7.96,-7.09,-7.36,-9.2,-9.15
2026-01-13,OBASE,5.16,11468004.0,59230498.0,3,2026-01-13 12:00,36.0,0.67,-4.06,-3.5,14.94,-6.06,-0.11,-6.06,-5.39,-2.5,-5.89,-2.61,-1.22,-3.83,-3.39,14.94,1.0,14.94
2025-06-27,ODINE,5.6,165562228.0,927735867.0,3,2025-06-27 12:00,96.55,4.51,-0.98,4.51,20.46,-0.98,14.86,-0.57,14.86,20.46,9.58,9.58,13.93,9.58,9.79,9.68,3.88,5.85
2026-01-06,ODINE,7.09,112913870.0,800282960.0,2,2026-01-06 11:00,323.5,0.77,-3.01,-0.93,3.55,-5.41,-0.15,-2.78,-1.85,-0.77,-5.1,-5.1,-1.16,-5.41,-2.78,3.55,-1.93,2.63
2026-02-13,ODINE,5.72,114938473.0,657007500.0,1,2026-02-13 10:00,389.25,2.7,-4.82,1.73,36.8,-4.82,2.76,-0.64,1.99,12.14,1.16,12.14,22.99,11.5,22.03,36.8,26.46,36.16
2024-09-13,OFSYM,6.21,21989296.0,136576793.0,1,2024-09-13 10:00,39.14,2.15,-7.2,-0.82,9.61,-7.2,7.26,-0.61,4.5,9.61,1.69,2.96,2.96,-0.87,-0.26,0.51,-1.64,-1.18
2025-03-10,OFSYM,5.7,13737984.0,78277651.0,3,2025-03-10 12:00,41.0,0.0,-1.46,0.0,4.63,-3.66,2.44,-2.63,-0.59,4.63,-3.66,-0.05,1.12,-1.32,0.05,3.37,1.71,2.54
2024-08-20,ONCSM,5.18,110343339.0,572078668.0,3,2024-08-20 12:00,174.2,7.35,-3.16,-2.81,21.64,-9.47,2.47,-9.47,-7.81,1.38,-9.13,1.38,10.22,2.35,2.35,21.64,7.41,7.81
2025-10-15,ONCSM,5.42,116649632.0,632206623.0,1,2025-10-15 10:00,161.7,15.15,-3.65,6.49,15.15,-6.62,12.31,-1.92,-1.18,8.66,-6.62,7.24,12.37,5.01,5.88,12.55,4.33,5.19
2024-11-20,ORCAY,5.02,19628078.0,98629357.0,1,2024-11-20 10:00,3.9804,1.8,-5.81,1.8,1.8,-8.21,1.8,-3.2,-2.3,-1.0,-6.71,-6.51,-3.3,-6.81,-5.41,-6.31,-8.21,-7.91
2025-10-24,ORCAY,5.19,6978539.0,36240806.0,3,2025-10-24 12:00,4.1796,2.48,-1.91,0.86,5.53,-6.96,4.86,-5.82,0.1,5.53,-0.67,3.53,3.53,-1.81,-1.33,1.72,-6.58,-2.38
2026-04-14,ORCAY,5.08,6883959.0,34943156.0,2,2026-04-14 11:00,3.92,1.53,-3.06,-1.53,3.06,-4.85,3.06,-4.34,0.77,2.55,-1.28,0.26,0.77,-3.57,-1.79,-1.79,-4.85,-4.59
2022-08-03,ORMA,5.14,350223.0,1798687.0,3,2022-08-03 17:00,34.6,0.12,0.0,0.12,13.7,-1.39,0.12,-0.23,-0.23,3.47,-1.39,3.41,13.7,12.37,13.7,9.77,8.32,9.77
2023-10-25,ORMA,5.23,2287691.0,11964015.0,3,2023-10-25 18:00,142.3,0.0,0.0,0.0,54.95,0.0,9.98,5.41,9.98,20.94,20.94,20.94,33.03,33.03,33.03,54.95,31.69,31.69
2024-09-12,ORMA,5.03,3136323.0,15786381.0,3,2024-09-12 17:00,248.6,0.24,0.0,0.24,10.12,-7.48,10.12,-1.45,5.59,5.59,-0.64,-0.64,-0.64,-1.45,-1.45,-1.45,-7.48,-1.45
2024-07-16,OTTO,5.21,1621240.0,8449720.0,2,2024-07-16 13:00,325.0,0.0,-3.0,-2.15,0.0,-7.77,-3.08,-6.62,-6.15,-6.15,-7.69,-7.69,-4.62,-6.15,-5.54,-5.54,-7.77,-7.77
2026-01-15,OTTO,5.36,61699084.0,330842514.0,3,2026-01-15 12:00,420.75,1.49,-8.91,-8.26,1.49,-33.39,-4.34,-16.58,-15.63,-14.08,-21.27,-21.09,-17.29,-23.65,-20.38,-27.99,-33.39,-29.35
2025-12-25,OYLUM,6.75,13375676.0,90256852.0,2,2025-12-25 11:00,12.2,3.44,-4.67,-1.72,3.44,-26.64,-2.62,-11.48,-11.48,-14.51,-20.0,-19.51,-19.02,-26.64,-22.54,-21.72,-24.1,-22.21
2025-04-25,OYYAT,6.83,6993546.0,47789431.0,3,2025-04-25 12:00,29.12,3.3,-3.37,-2.68,3.3,-10.23,-2.4,-6.46,-6.46,-5.49,-7.55,-6.52,-5.91,-9.96,-9.96,-7.28,-9.41,-7.49
2026-01-22,OYYAT,5.44,10051205.0,54680614.0,3,2026-01-22 12:00,46.02,2.61,-4.26,-2.0,2.61,-6.21,1.65,-5.3,-3.78,-1.78,-6.21,-3.35,-1.3,-4.0,-3.78,2.39,-0.91,0.83
2026-04-27,OZATD,8.18,212665424.0,1740500970.0,0,2026-04-27 09:00,255.0,10.1,0.0,10.1,77.06,0.0,21.08,21.08,21.08,33.14,33.14,33.14,46.37,46.37,46.37,77.06,77.06,77.06
2026-05-14,OZATD,42.27,282577850.0,11944129492.0,2,2026-05-14 11:00,878.5,0.0,-15.59,0.0,32.38,-15.59,9.96,3.93,9.96,20.89,14.97,20.89,32.38,22.37,29.2,32.04,14.97,32.04
2025-12-19,OZGYO,5.27,53878391.0,284146683.0,3,2025-12-19 12:00,2.353,3.87,-6.63,-5.52,3.87,-16.3,0.55,-10.77,-9.94,-6.91,-11.88,-11.88,-6.91,-12.98,-12.15,-12.98,-16.3,-15.47
2026-03-27,OZKGY,5.24,81672223.0,428207713.0,2,2026-03-27 11:00,12.42,2.01,0.0,0.0,2.01,-5.88,-0.16,-5.88,-2.9,-1.85,-4.03,-2.82,-0.64,-3.38,-1.21,0.0,-1.45,-1.13
2024-10-16,OZRDN,5.06,8113568.0,41094472.0,2,2024-10-16 11:00,8.79,1.02,-5.92,-5.8,1.02,-11.15,-4.78,-7.05,-5.69,-1.59,-8.42,-7.62,-5.35,-11.15,-8.99,-3.75,-9.56,-9.1
2024-11-21,OZRDN,6.37,9483305.0,60398620.0,1,2024-11-21 10:00,9.06,1.66,-7.17,-6.07,6.51,-7.95,0.0,-7.95,-4.86,-0.22,-5.19,-1.32,6.51,-3.09,-0.77,-1.32,-3.97,-3.97
2025-03-10,OZRDN,5.48,2699911.0,14796940.0,3,2025-03-10 12:00,9.4,5.32,-1.38,3.72,5.32,-5.32,0.11,-3.62,-2.02,-1.17,-5.32,-3.62,0.85,-4.15,-0.32,0.43,-4.47,-0.64
2025-11-25,OZRDN,5.09,6047950.0,30794089.0,3,2025-11-25 12:00,12.56,1.59,-10.11,1.59,11.7,-10.11,11.7,-0.88,11.46,11.7,1.11,3.5,3.5,-6.77,-4.54,5.97,-3.42,1.35
2026-04-28,OZSUB,5.36,48936239.0,262188432.0,1,2026-04-28 10:00,27.54,0.51,-8.28,-4.28,4.79,-9.08,2.76,-9.08,-1.74,1.31,-5.23,-2.25,4.14,-5.66,4.14,3.78,0.44,2.61
2024-10-25,OZYSR,5.66,62114737.0,351790764.0,2,2024-10-25 11:00,7.1024,1.92,-7.28,-7.28,5.49,-9.13,0.34,-6.32,-1.17,5.49,-1.51,0.27,1.51,-2.95,-2.75,-3.71,-9.13,-8.04
2024-09-04,PAMEL,5.1,12179621.0,62065962.0,3,2024-09-04 12:00,109.0,1.47,-2.39,-1.93,7.8,-5.5,7.8,-2.75,1.65,3.67,-0.92,-0.92,2.75,-2.75,-2.57,0.0,-5.5,-5.05
2026-04-22,PAMEL,7.11,13497605.0,95934429.0,3,2026-04-22 12:00,92.8,2.64,-3.34,-1.99,11.75,-6.79,7.22,-6.79,4.85,11.75,-1.94,-0.11,4.04,-1.94,-1.67,-1.72,-5.5,-3.99
2025-03-17,PARSN,5.62,17802602.0,100091822.0,2,2025-03-17 11:00,86.65,2.94,-0.69,-0.29,2.94,-16.79,0.35,-3.06,-1.79,-5.37,-10.44,-9.92,-6.64,-11.48,-9.75,-10.21,-16.79,-13.1
2024-10-24,PATEK,6.2,104612324.0,649025337.0,2,2024-10-24 11:00,19.7873,7.05,-0.85,7.05,26.64,-0.85,15.69,6.09,8.75,8.69,-0.4,6.72,17.38,6.94,17.38,26.64,19.98,26.64
2024-07-10,PEKGY,5.45,221911742.0,1210349649.0,2,2024-07-10 11:00,1.8266,5.38,-2.06,-2.06,5.38,-24.51,-3.78,-11.8,-11.8,-8.48,-20.62,-19.93,-19.47,-24.51,-21.65,-17.53,-22.45,-22.45
2025-06-13,PEKGY,6.24,249057819.0,1554357012.0,1,2025-06-13 10:00,1.5228,5.13,-13.33,0.51,34.36,-13.33,10.26,-1.03,10.26,21.03,12.31,21.03,32.82,25.13,32.82,24.1,8.21,8.21
2025-08-27,PEKGY,6.38,1159641829.0,7402867386.0,3,2025-08-27 12:00,8.61,0.0,0.0,0.0,2.09,-26.95,2.09,-9.99,-9.99,-10.69,-18.93,-18.93,-10.92,-26.95,-10.92,-15.21,-21.02,-19.16
2025-08-28,PEKGY,5.94,1503221150.0,8929241152.0,2,2025-08-28 11:00,7.75,4.77,0.0,0.0,5.03,-18.84,-0.77,-9.94,-9.94,-1.03,-18.84,-1.03,5.03,-8.39,-8.39,-6.32,-11.87,-8.77
2025-01-23,PENGD,5.32,19121785.0,101755849.0,1,2025-01-23 10:00,7.47,6.43,-4.95,-4.95,6.43,-6.96,0.4,-6.29,-1.34,-0.4,-4.15,-4.15,-2.81,-6.29,-5.49,-5.62,-6.96,-6.69
2025-06-26,PENGD,8.58,24663362.0,211622551.0,1,2025-06-26 10:00,9.4,0.0,-13.09,-3.83,5.64,-13.09,0.0,-7.98,-7.77,-0.74,-7.23,-4.68,-3.4,-8.3,-5.21,5.64,-1.91,-0.85
2025-03-07,PENTA,8.94,21544438.0,192598007.0,1,2025-03-07 10:00,15.79,3.99,-5.07,-4.43,3.99,-6.78,1.08,-5.64,-3.48,-3.74,-5.64,-4.43,-3.42,-6.78,-6.59,-2.22,-3.74,-2.53
2024-12-03,PINSU,6.37,7908982.0,50400319.0,3,2024-12-03 12:00,6.83,4.69,-2.49,-1.46,4.69,-4.83,-1.02,-3.37,-1.9,0.0,-2.05,-0.88,0.29,-1.02,-0.44,0.59,-4.83,-2.2
2025-09-17,PINSU,5.48,61679754.0,337953582.0,3,2025-09-17 12:00,12.98,0.0,-3.7,0.0,8.01,-9.86,8.01,-6.55,-6.39,1.08,-5.78,-3.85,0.08,-5.78,-5.24,-1.85,-8.01,-6.93
2024-10-31,PKART,5.34,14832520.0,79164696.0,3,2024-10-31 12:00,60.75,5.02,-0.41,2.39,6.01,-6.83,6.01,-2.3,0.16,0.91,-5.19,-4.36,-3.46,-6.75,-5.84,-3.54,-6.83,-4.69
2025-01-28,PKART,5.12,31934645.0,163381552.0,2,2025-01-28 11:00,89.7,1.06,-8.53,-8.53,1.06,-13.88,-1.34,-10.76,-6.35,-3.73,-12.6,-10.26,-1.28,-11.87,-9.59,-8.25,-12.88,-12.04
2025-04-11,PKART,5.21,21931800.0,114260282.0,3,2025-04-11 12:00,65.85,2.13,-1.82,-0.68,5.39,-3.19,4.63,-3.19,1.97,5.39,0.23,3.26,4.78,-1.29,-1.21,0.84,-2.81,-2.05
2025-12-26,PKART,6.32,6765239.0,42785343.0,3,2025-12-26 12:00,75.2,3.46,-2.33,1.8,11.04,-4.06,11.04,0.0,0.8,4.72,-4.06,-2.59,1.4,-3.46,-2.46,-0.93,-3.59,-1.99
2025-12-29,PKART,5.61,11015073.0,61746434.0,3,2025-12-29 12:00,81.55,1.47,-7.79,-7.05,1.47,-11.53,-3.43,-11.53,-10.18,-6.5,-10.97,-10.06,-9.01,-10.61,-9.99,-7.85,-10.18,-9.56
2026-02-18,PKART,5.63,15506783.0,87262940.0,2,2026-02-18 11:00,81.0,1.23,-4.44,-4.44,2.59,-7.35,2.59,-4.63,-2.22,1.73,-3.7,-3.21,0.0,-4.32,-3.46,-3.7,-7.35,-6.17
2024-11-01,PKENT,5.28,18760101.0,99004300.0,3,2024-11-01 12:00,240.7,2.62,-1.58,-0.33,5.63,-3.95,5.63,-1.7,0.71,4.69,0.04,0.75,3.45,0.21,1.08,1.58,-3.49,-0.12
2025-05-15,PKENT,6.0,27636844.0,165927973.0,1,2025-05-15 10:00,233.4,4.71,-3.26,-0.43,6.64,-5.61,1.97,-4.67,-3.04,6.64,-3.13,1.97,4.84,-2.87,-1.54,0.17,-4.84,-4.5
2025-11-04,PKENT,5.68,40719411.0,231230599.0,3,2025-11-04 12:00,267.5,4.02,-3.36,4.02,21.4,-3.36,14.39,1.96,14.39,21.4,6.45,6.73,12.9,2.8,5.33,7.29,0.09,3.46
2025-11-05,PKENT,5.5,56594465.0,311251002.0,3,2025-11-05 12:00,302.5,1.16,-3.88,1.16,7.36,-17.55,7.36,-5.87,-5.62,-0.17,-9.09,-6.86,-3.72,-8.26,-6.12,-7.11,-17.55,-15.54
2026-01-30,PNSUT,9.71,19313409.0,187523316.0,1,2026-01-30 10:00,12.96,0.0,-6.25,0.0,15.43,-6.25,9.95,3.47,9.95,15.43,2.85,4.55,7.18,0.39,1.62,4.17,-3.55,-0.54
2026-02-02,PNSUT,8.66,30490080.0,263990919.0,1,2026-02-02 10:00,13.77,3.49,-2.61,3.49,8.64,-9.22,8.64,-3.2,-1.6,0.87,-5.52,-4.36,-3.49,-8.5,-8.21,-4.79,-7.19,-6.61
2025-04-02,POLHO,6.55,54712282.0,358274802.0,2,2025-04-02 11:00,12.0382,1.4,-2.04,1.4,11.2,-6.43,11.2,-2.61,-2.61,4.39,-3.5,-0.51,2.48,-4.71,-3.82,-1.72,-6.43,-6.17
2025-04-03,POLHO,5.04,73119271.0,368271674.0,3,2025-04-03 12:00,12.498,2.58,-6.19,-6.19,2.58,-9.87,0.55,-7.05,-4.17,-1.29,-8.22,-7.36,-1.96,-7.54,-7.42,-2.94,-8.22,-6.81
2024-11-26,POLTK,5.01,24361431.0,122036130.0,3,2024-11-26 12:00,7620.0,3.61,-0.79,3.61,13.39,-5.97,13.39,1.51,4.53,4.99,-1.31,-0.89,-0.33,-4.2,-3.64,1.31,-5.97,-5.84
2024-11-27,POLTK,5.19,31941117.0,165826510.0,2,2024-11-27 11:00,8420.0,1.66,-8.14,-5.4,1.66,-15.77,-4.99,-10.69,-10.3,-9.8,-13.3,-12.8,-11.52,-14.49,-14.04,-12.71,-15.77,-13.9
2025-07-03,POLTK,5.54,25110638.0,139027552.0,3,2025-07-03 12:00,6577.5,2.05,-2.36,-1.18,2.05,-5.55,-0.38,-3.34,-2.81,-1.41,-5.13,-3.72,-0.57,-4.26,-3.88,-3.53,-4.48,-4.29
2025-12-29,POLTK,6.91,169313606.0,1169389320.0,2,2025-12-29 11:00,11090.0,19.5,0.0,0.0,19.5,-35.62,-6.67,-9.99,-9.99,-12.53,-18.98,-16.1,-7.71,-24.48,-24.48,-27.37,-35.62,-35.53
2025-05-06,PRDGS,10.49,20274845.0,212628680.0,1,2025-05-06 10:00,5.97,6.87,-5.7,-3.69,14.57,-11.06,-2.01,-11.06,-10.55,-1.68,-10.39,-1.68,8.04,-0.34,8.04,14.57,0.17,14.57
2025-10-31,PRDGS,7.4,15946853.0,118076867.0,1,2025-10-31 10:00,7.41,1.89,-6.34,-3.91,11.34,-11.2,5.67,-3.91,5.67,11.34,-2.56,-2.56,-0.27,-8.23,-7.96,-6.34,-11.2,-10.8
2025-05-16,PRKAB,7.16,13507783.0,96710227.0,1,2025-05-16 10:00,29.26,2.12,-6.97,-2.8,2.12,-7.93,0.48,-3.28,-2.6,-2.6,-4.24,-4.24,-2.6,-6.22,-4.85,-5.81,-7.93,-7.72
2025-07-11,PRKAB,5.56,13258638.0,73671462.0,1,2025-07-11 10:00,32.68,3.12,-5.26,-3.61,3.12,-9.18,2.45,-4.83,-2.33,0.37,-7.1,-5.08,-3.61,-6.12,-4.59,-3.55,-4.77,-4.28
2025-11-04,PRKAB,7.7,16105629.0,123999990.0,1,2025-11-04 10:00,43.5,9.2,-8.97,-3.86,9.2,-15.82,0.92,-8.37,-8.32,-2.62,-8.83,-8.14,-6.57,-11.17,-10.8,-8.46,-15.82,-12.41
2026-01-14,PRKAB,5.36,29542327.0,158426008.0,3,2026-01-14 12:00,35.18,2.62,-6.99,-6.42,16.54,-6.99,-0.4,-6.77,-5.91,0.06,-5.46,-5.23,4.21,-4.95,4.21,16.54,4.09,10.92
2026-01-20,PRKAB,5.35,48631535.0,260309896.0,3,2026-01-20 12:00,38.72,1.96,-4.34,-1.86,18.34,-5.42,5.89,-5.42,0.77,2.01,-2.38,-2.01,-0.72,-4.34,-2.17,18.34,7.8,18.34
2024-12-25,PRKME,6.84,15799988.0,108049980.0,1,2024-12-25 10:00,20.86,5.18,-3.84,-2.01,21.38,-4.6,0.0,-4.6,-3.55,6.04,-4.12,6.04,16.59,8.15,16.59,17.26,7.57,8.25
2025-02-25,PRKME,5.45,13344735.0,72748263.0,1,2025-02-25 10:00,20.24,9.09,-3.21,-2.67,9.09,-7.61,-1.43,-6.92,-6.37,-4.15,-6.62,-5.58,-2.92,-7.61,-4.89,0.49,-5.88,-4.99
2025-09-26,PRKME,9.67,23282809.0,225244770.0,1,2025-09-26 10:00,26.44,10.06,-5.75,-4.24,10.06,-31.73,-13.77,-13.77,-13.77,-22.39,-22.39,-22.39,-20.73,-30.14,-28.21,-26.44,-31.73,-30.33
2025-10-01,PRKME,7.16,42383769.0,303338897.0,1,2025-10-01 10:00,20.14,4.07,-8.29,-5.76,4.07,-13.16,-2.98,-8.94,-6.65,-3.43,-10.38,-8.54,-6.9,-9.73,-7.89,-5.66,-13.16,-11.87
2026-01-29,PRKME,5.45,76441498.0,416809542.0,2,2026-01-29 11:00,23.26,7.82,-1.72,7.82,7.82,-12.55,3.1,-2.92,-2.92,-3.44,-12.55,-9.46,-1.81,-7.22,-5.67,-8.0,-11.95,-11.44
2026-05-07,PRZMA,5.46,37499337.0,204849072.0,3,2026-05-07 17:00,42.96,0.0,0.0,0.0,9.12,-13.87,9.12,-3.03,-3.03,-3.03,-10.2,-10.2,-1.26,-13.87,-1.26,2.33,-5.73,-2.93
2024-09-11,PSDTC,6.9,12187685.0,84147244.0,2,2024-09-11 11:00,81.3,0.25,-7.13,0.25,6.52,-11.5,6.52,-7.75,-5.6,-4.55,-10.27,-10.21,-5.9,-10.46,-10.33,4.67,-6.89,-3.81
2024-10-30,PSDTC,5.19,22012866.0,114318417.0,3,2024-10-30 12:00,116.8,2.4,-7.28,-7.28,2.4,-30.99,-9.16,-16.52,-16.52,-14.9,-22.43,-22.09,-21.83,-28.08,-27.27,-28.34,-30.99,-30.86
2024-10-31,PSDTC,5.36,29324769.0,157218250.0,1,2024-10-31 10:00,103.6,2.41,-5.89,-5.89,2.41,-24.42,-4.05,-12.55,-12.16,-11.87,-18.92,-18.0,-11.73,-20.37,-19.59,-20.46,-24.42,-23.02
2025-03-06,PSDTC,5.43,8622514.0,46815191.0,3,2025-03-06 12:00,85.7,3.21,-7.23,-1.98,9.68,-7.23,7.76,-2.33,4.03,9.68,1.52,5.02,9.04,1.52,2.16,1.46,-3.27,-1.17
2025-05-15,PSDTC,8.88,7383472.0,65528837.0,1,2025-05-15 10:00,101.4,0.0,-4.93,0.0,24.26,-4.93,4.54,-4.93,4.54,14.99,-1.28,14.99,24.26,9.27,11.24,8.48,2.76,6.51
2023-04-17,QNBFK,5.42,135166.0,732887.0,3,2023-04-17 17:00,4.3185,0.0,0.0,0.0,0.54,-12.16,0.54,-7.95,-7.95,0.0,-8.11,-7.51,-5.73,-6.54,-5.73,-11.08,-12.16,-11.62
2023-06-16,QNBFK,5.13,157753.0,808867.0,3,2023-06-16 17:00,4.4819,0.0,-2.08,-2.08,1.09,-11.15,1.04,-4.22,-4.22,1.09,-11.15,-1.09,-4.43,-7.29,-7.29,-1.04,-2.81,-1.35
2024-03-06,QNBFK,6.32,8575710.0,54168188.0,3,2024-03-06 17:00,67.4624,0.0,0.0,0.0,4.35,-18.94,-5.52,-9.97,-9.97,-13.89,-18.94,-13.89,-5.28,-5.52,-5.28,4.35,-6.24,-6.24
2025-07-22,QNBFK,6.05,1556488.0,9422232.0,3,2025-07-22 17:00,38.4596,0.0,0.0,0.0,4.06,-13.0,4.06,0.0,4.06,0.08,-6.31,-6.31,-10.12,-11.75,-11.71,-7.98,-12.42,-7.98
2025-07-23,QNBFK,5.71,1997906.0,11398191.0,3,2025-07-23 17:00,39.7941,0.57,0.0,0.57,0.57,-15.92,-3.27,-9.45,-9.45,-13.13,-14.71,-14.67,-11.11,-15.92,-15.47,-2.18,-10.99,-2.18
2025-08-05,QNBFK,5.44,4623858.0,25141788.0,2,2025-08-05 13:00,56.9176,0.0,0.0,0.0,50.0,0.0,2.97,0.0,2.97,13.21,4.31,13.21,24.51,22.88,24.51,50.0,23.31,23.31
2026-04-07,QNBFK,6.45,1703500.0,10987969.0,1,2026-04-07 12:00,51.65,0.0,-3.0,-3.0,0.0,-18.1,-6.33,-12.68,-12.68,-12.68,-18.1,-15.59,-11.02,-16.05,-11.02,-9.66,-11.67,-10.94
2023-06-16,QNBTR,5.15,373888.0,1926902.0,3,2023-06-16 17:00,27.4091,0.0,0.0,0.0,0.0,-9.82,0.0,-1.78,-1.78,-5.82,-6.0,-5.82,-5.82,-9.64,-9.64,-7.02,-7.02,-7.02
2023-08-09,QNBTR,5.66,1367543.0,7740198.0,3,2023-08-09 17:00,49.3364,0.0,0.0,0.0,0.0,-18.58,0.0,-10.0,-10.0,-1.23,-18.58,-1.23,-3.95,-4.07,-4.07,-9.88,-10.0,-10.0
2024-08-27,QNBTR,5.47,3877019.0,21221338.0,2,2024-08-27 13:00,190.7978,10.14,0.0,10.14,20.91,0.0,20.91,19.87,19.95,19.95,19.95,19.95,19.95,7.98,7.98,16.52,9.58,9.66
2025-03-19,QNBTR,7.03,2996451.0,21064581.0,3,2025-03-19 17:00,226.2773,1.48,0.0,1.48,21.47,-11.71,11.57,7.67,11.57,21.47,0.47,0.47,-0.4,-9.56,-9.56,-5.79,-8.01,-5.79
2025-07-22,QNBTR,5.43,4175773.0,22681344.0,2,2025-07-22 13:00,232.2159,2.56,0.0,2.56,10.36,-1.25,10.36,4.92,4.92,4.98,4.98,4.98,4.98,-1.25,-1.25,9.38,4.92,9.38
2025-08-05,QNBTR,8.14,9781573.0,79622965.0,1,2025-08-05 12:00,407.7864,0.0,0.0,0.0,53.85,0.0,9.93,9.93,9.93,20.91,20.91,20.91,32.94,32.94,32.94,53.85,31.67,31.67
2026-04-07,QNBTR,9.59,5984392.0,57383487.0,1,2026-04-07 12:00,348.0,0.0,-18.03,-18.03,0.0,-24.43,-19.54,-24.43,-19.68,-20.11,-22.7,-22.63,-20.62,-22.63,-20.62,-20.19,-21.7,-20.26
2025-11-13,QUAGR,5.57,300183217.0,1672049425.0,2,2025-11-13 11:00,5.52,13.22,-0.18,-0.18,13.22,-32.25,5.25,-8.51,-6.88,-5.25,-11.05,-10.87,-8.33,-19.75,-19.75,-19.38,-32.25,-30.62
2024-11-22,RAYSG,5.15,25006799.0,128689665.0,3,2024-11-22 12:00,424.0,2.48,-0.71,2.48,18.4,-0.71,12.68,-0.71,12.68,18.4,8.61,8.61,12.03,3.18,10.26,13.44,9.67,13.44
2025-03-14,RAYSG,6.2,150828439.0,934965054.0,2,2025-03-14 11:00,358.5,3.14,-7.25,-7.25,3.14,-30.96,-4.6,-10.81,-10.46,-5.16,-12.2,-11.16,-14.37,-20.01,-20.01,-23.43,-30.96,-30.96
2025-07-31,RAYSG,5.19,118708456.0,616337305.0,3,2025-07-31 12:00,283.75,3.26,-1.85,-0.97,3.26,-8.72,0.44,-5.73,-5.73,-1.06,-5.37,-4.85,-4.05,-7.31,-7.05,-5.55,-8.46,-8.02
2026-05-13,RGYAS,7.93,304196897.0,2413282311.0,2,2026-05-13 11:00,182.6,7.5,-2.3,3.5,13.86,-2.3,13.86,6.85,11.72,12.87,8.76,10.73,10.73,5.86,7.61,10.02,-0.77,-0.77
2024-07-04,RODRG,6.4,13476718.0,86258534.0,1,2024-07-04 10:00,35.6,2.04,-7.23,-4.35,2.04,-17.13,1.54,-8.29,-7.58,-3.79,-12.01,-8.99,-8.43,-13.27,-12.64,-11.03,-17.13,-15.45
2024-08-16,RTALB,5.86,38433741.0,225264089.0,1,2024-08-16 10:00,3.006,0.0,-5.52,0.0,22.49,-5.52,9.98,0.67,9.98,20.96,5.79,12.51,16.7,1.26,1.26,22.49,15.77,22.49
2024-08-19,RTALB,5.06,53950922.0,272829805.0,1,2024-08-19 10:00,3.306,0.0,-8.47,0.0,22.44,-9.5,9.98,-3.81,2.3,6.11,-7.92,-7.92,1.27,-9.5,1.27,22.44,9.38,22.44
2024-08-20,RTALB,5.72,66696086.0,381472472.0,1,2024-08-20 10:00,3.468,4.84,-8.3,-2.48,28.37,-13.73,1.15,-12.23,-12.23,-3.46,-13.73,-3.46,6.17,0.35,6.17,28.37,21.22,28.37
2024-10-08,RTALB,5.52,117617997.0,649070751.0,3,2024-10-08 12:00,3.524,10.56,-0.57,5.45,16.57,-4.94,8.34,0.28,1.08,2.72,-3.58,-3.58,6.02,-4.94,6.02,15.21,5.9,9.25
2025-09-30,RTALB,5.47,155955764.0,853733800.0,3,2025-09-30 12:00,3.96,3.54,-6.82,-6.06,21.21,-6.82,-2.27,-6.82,-2.78,6.82,-3.28,3.79,14.14,1.01,14.14,16.67,6.57,12.12
2026-05-12,RTALB,6.05,156863096.0,949487051.0,2,2026-05-12 11:00,4.55,5.49,-6.81,-5.71,11.65,-12.53,3.52,-10.33,3.52,11.65,-0.66,0.44,0.88,-7.69,-5.93,-1.1,-12.53,-11.43
2024-08-28,RUBNS,6.11,61101527.0,373122950.0,2,2024-08-28 11:00,31.86,1.32,-7.47,-6.28,6.21,-12.87,-2.95,-12.37,-7.85,-6.65,-10.86,-10.8,-1.88,-12.87,-1.88,2.01,-4.21,-1.19
2025-03-21,RUBNS,5.38,20277748.0,109010541.0,1,2025-03-21 10:00,23.88,2.35,-4.36,2.35,9.88,-6.7,9.88,-6.7,-0.42,5.36,-1.76,-1.51,-2.09,-5.86,-4.61,-4.61,-6.62,-5.03
2025-12-30,RUBNS,5.62,8188346.0,46006879.0,2,2025-12-30 11:00,20.78,1.35,-4.67,1.35,40.62,-4.67,11.45,2.02,11.45,22.52,13.09,22.52,34.74,16.94,34.74,40.62,26.66,37.63
2025-12-31,RUBNS,5.08,11559191.0,58746739.0,1,2025-12-31 10:00,21.9,5.75,-3.2,5.75,40.64,-3.2,16.26,7.31,16.26,27.85,10.96,27.85,32.42,24.11,24.11,40.64,28.77,34.25
2026-01-02,RUBNS,6.23,23624401.0,147116026.0,3,2026-01-02 12:00,24.88,2.33,-0.24,2.33,23.79,-2.33,12.54,-2.33,12.54,16.56,9.24,9.24,17.44,5.79,14.95,22.43,13.75,14.87
2025-04-04,RUZYE,7.01,26332619.0,184611588.0,1,2025-04-04 10:00,9.63,0.0,-4.47,0.0,31.15,-4.47,9.97,0.73,9.97,20.87,10.8,20.87,31.15,14.75,14.75,16.61,5.3,16.61
2025-04-07,RUZYE,10.76,34526106.0,371414288.0,2,2025-04-07 11:00,10.42,1.63,-4.51,1.63,21.21,-4.51,11.71,2.4,11.71,21.21,6.05,6.05,14.2,-2.02,-2.02,18.52,10.94,18.52
2025-04-08,RUZYE,5.12,56415741.0,288698246.0,2,2025-04-08 11:00,11.49,1.31,-2.7,1.31,18.19,-11.75,9.92,-3.83,-3.83,3.57,-11.14,-11.14,-2.26,-11.75,-2.26,18.19,5.4,8.36
2024-07-10,RYSAS,5.7,64615743.0,368060448.0,2,2024-07-10 11:00,16.15,4.02,-14.16,-14.16,4.02,-21.52,-14.78,-18.65,-17.65,-15.25,-18.42,-17.72,-17.11,-20.2,-17.96,-18.65,-20.82,-19.5
2024-08-23,SAMAT,7.97,65688865.0,523540191.0,2,2024-08-23 11:00,16.0988,0.0,-3.4,0.0,7.91,-40.66,7.91,-9.99,-9.99,-15.66,-18.97,-18.97,-27.06,-27.06,-27.06,-28.6,-40.66,-40.33
2025-01-08,SAMAT,5.93,60877016.0,360893688.0,2,2025-01-08 11:00,7.346,3.01,-1.68,3.01,9.22,-12.68,9.22,-3.1,-2.57,-0.62,-8.33,-6.56,-0.44,-9.66,-6.21,-8.78,-12.68,-10.73
2025-07-28,SAMAT,5.49,41385135.0,227215807.0,3,2025-07-28 12:00,6.5711,3.57,-0.89,0.4,16.06,-6.84,1.59,-3.27,-2.87,-2.43,-6.84,-6.34,2.97,-6.34,2.97,16.06,6.05,16.06
2025-11-13,SANEL,9.47,4462187.0,42268527.0,1,2025-11-13 10:00,35.32,0.0,-7.7,0.0,31.71,-7.7,9.97,-3.57,9.97,20.55,-0.96,-0.96,8.89,-6.74,8.89,31.71,20.55,31.71
2025-11-14,SANEL,5.1,6903738.0,35243564.0,1,2025-11-14 10:00,37.84,2.64,-9.99,2.64,29.18,-12.95,12.53,-7.56,-7.56,1.64,-12.95,1.64,11.79,2.43,11.79,29.18,10.99,18.02
2024-10-23,SANKO,7.51,8133562.0,61102421.0,1,2024-10-23 10:00,23.8,2.02,-10.59,2.02,8.15,-10.59,8.15,-2.77,-2.52,5.88,-2.94,-0.17,0.84,-3.19,-1.76,3.03,-4.37,0.42
2024-12-10,SANKO,6.47,15981519.0,103342920.0,1,2024-12-10 10:00,29.48,2.65,-3.12,2.65,12.89,-8.68,12.89,1.76,1.76,7.19,-3.26,-2.51,2.04,-5.63,-4.0,-5.02,-8.68,-5.83
2024-12-11,SANKO,7.71,23406088.0,180484908.0,2,2024-12-11 11:00,32.7,1.77,-8.26,-8.26,1.77,-17.68,-3.36,-12.78,-12.11,-8.01,-14.92,-13.46,-12.91,-15.9,-15.23,-13.76,-17.37,-17.13
2025-04-18,SANKO,7.32,10094324.0,73896971.0,1,2025-04-18 10:00,23.62,3.73,-5.42,-5.42,3.73,-15.41,-3.47,-10.5,-10.33,-9.74,-14.65,-14.48,-12.62,-14.48,-13.12,-12.45,-15.41,-15.37
2025-12-04,SANKO,5.28,5520265.0,29120358.0,2,2025-12-04 11:00,22.58,4.07,-9.21,-1.77,4.07,-9.21,0.09,-6.02,-5.23,-1.68,-6.82,-6.02,-2.83,-7.26,-6.82,-6.11,-7.88,-7.62
2025-06-19,SDTTR,5.12,126641726.0,648360318.0,3,2025-06-19 12:00,232.2,0.0,0.0,0.0,0.04,-22.01,-0.95,-9.99,-9.99,-0.99,-5.9,-0.99,0.04,-10.85,-10.85,-15.76,-22.01,-21.79
2025-06-20,SDTTR,5.0,171065954.0,855736388.0,1,2025-06-20 10:00,221.8,3.7,-5.77,-5.77,4.73,-18.35,3.65,-1.49,3.65,4.73,-6.67,-6.67,-2.75,-14.79,-13.17,-12.04,-18.17,-16.73
2025-06-24,SDTTR,5.29,330097590.0,1746997459.0,3,2025-06-24 12:00,209.7,3.96,-1.29,-1.29,3.96,-15.16,2.86,-9.87,-8.15,-6.72,-13.64,-13.4,-6.96,-13.45,-11.92,-13.11,-15.16,-14.74
2026-02-20,SDTTR,5.0,253846701.0,1270440406.0,3,2026-02-20 12:00,248.9,1.04,-7.11,-5.5,1.04,-13.14,-2.93,-9.52,-7.19,-1.57,-10.16,-9.6,-4.38,-9.72,-6.87,-3.05,-13.14,-3.05
2025-03-03,SEGYO,5.43,22148900.0,120181580.0,2,2025-03-03 11:00,5.3,3.77,-1.51,3.77,14.15,-14.53,14.15,3.77,3.77,-1.7,-6.6,-6.6,-5.09,-13.4,-11.13,-6.6,-13.77,-10.75
2025-03-04,SEGYO,5.88,31720984.0,186618430.0,1,2025-03-04 10:00,5.88,2.89,-6.46,-6.46,2.89,-22.96,-11.39,-15.82,-15.82,-14.46,-21.94,-19.9,-18.2,-22.96,-22.28,-17.52,-20.58,-19.39
2025-02-14,SEKFK,5.29,2751558.0,14556054.0,3,2025-02-14 12:00,7.63,0.26,-3.28,-0.66,0.26,-9.17,-1.83,-5.5,-4.19,-2.88,-7.34,-7.21,-5.9,-8.26,-8.26,-5.77,-9.17,-6.95
2025-03-17,SEKUR,5.76,3308167.0,19038798.0,1,2025-03-17 10:00,4.0852,2.39,-5.45,-1.04,2.39,-8.21,-0.37,-6.72,-2.24,-3.06,-8.21,-7.61,0.75,-8.21,-1.87,-0.45,-4.03,-1.87
2025-03-19,SELVA,5.73,23827494.0,136612161.0,2,2025-03-19 11:00,1.2014,4.93,-0.49,-0.49,4.93,-21.67,2.96,-10.34,-7.88,-7.88,-16.75,-16.75,-13.79,-21.67,-16.75,-9.36,-15.27,-13.79
2025-12-11,SELVA,5.92,49925294.0,295342681.0,1,2025-12-11 10:00,2.71,4.06,-14.39,4.06,9.96,-14.39,9.96,-3.69,-0.37,4.43,-6.64,3.32,8.86,-0.74,7.38,3.69,-5.17,-3.32
2026-01-29,SELVA,6.58,58046231.0,382024943.0,1,2026-01-29 10:00,3.12,8.65,-4.49,-4.49,8.65,-17.63,-4.49,-13.78,-13.46,-7.05,-15.06,-9.62,-8.97,-14.1,-14.1,-11.54,-17.63,-15.38
2024-09-19,SILVR,5.51,22551637.0,124260944.0,1,2024-09-19 10:00,2.7,4.67,-5.62,-5.62,15.24,-9.52,-1.71,-9.05,-9.05,0.0,-9.52,0.0,8.57,-3.81,2.86,15.24,8.19,12.86
2025-04-30,SILVR,5.36,4545767.0,24385460.0,2,2025-04-30 11:00,2.2847,4.05,-3.21,0.73,4.05,-9.4,0.23,-5.35,-2.19,-2.64,-6.64,-5.23,-4.67,-7.43,-7.15,-5.68,-9.0,-7.15
2024-10-16,SKTAS,5.43,25963782.0,140890396.0,2,2024-10-16 11:00,2.9989,4.39,-1.4,0.35,15.09,-8.07,4.56,-5.61,-4.74,4.74,0.88,4.74,15.09,-1.05,3.68,2.11,-8.07,-7.19
2024-12-16,SKYMD,6.35,28190160.0,178983549.0,2,2024-12-16 11:00,11.99,2.0,-2.42,0.42,21.93,-8.34,3.0,-1.17,-0.92,0.0,-5.0,-3.75,3.09,-8.34,3.09,21.93,10.93,21.85
2024-09-10,SMART,5.49,32468723.0,178407079.0,1,2024-09-10 10:00,32.66,4.47,-6.98,-6.98,7.23,-13.41,-6.18,-13.41,-12.8,-5.82,-12.61,-10.47,-7.96,-12.55,-8.94,7.23,-3.37,-2.33
2025-07-09,SMART,5.09,25729054.0,130943711.0,3,2025-07-09 12:00,24.54,4.73,-0.73,0.49,5.54,-2.44,1.63,-0.98,-0.73,1.14,-2.28,-1.63,-0.24,-2.04,-1.87,4.16,0.65,2.36
2025-08-08,SMART,6.42,40865554.0,262516195.0,2,2025-08-08 11:00,29.32,0.0,-7.57,-7.5,0.0,-7.57,-3.89,-7.23,-5.05,-0.61,-6.07,-1.91,-1.02,-2.8,-2.59,-1.09,-4.37,-1.77
2026-02-11,SMART,6.38,23389106.0,149226573.0,1,2026-02-11 10:00,26.26,0.0,-2.97,0.0,29.47,-2.97,9.98,5.26,9.98,20.94,20.94,20.94,29.47,14.01,22.62,21.17,10.05,10.05
2026-02-16,SMART,6.35,33676473.0,213772457.0,1,2026-02-16 10:00,32.38,5.0,-7.54,-0.56,5.0,-19.64,2.9,-4.08,-0.86,-1.73,-10.75,-10.75,-13.4,-19.64,-19.64,-4.88,-12.91,-4.88
2025-08-28,SMRVA,8.12,245915785.0,1996592602.0,1,2025-08-28 10:00,42.7146,22.12,-0.05,-0.05,22.12,-10.04,-3.22,-10.04,-8.29,0.87,-7.55,0.87,10.96,3.59,10.96,7.27,-3.31,1.2
2022-08-24,SNPAM,5.73,415401.0,2379226.0,3,2022-08-24 17:00,4.4288,0.0,-1.29,-1.29,0.0,-12.68,-6.61,-11.16,-11.16,-5.09,-5.85,-5.85,-5.85,-12.68,-5.85,-9.64,-12.68,-12.68
2023-05-18,SNPAM,5.57,182725.0,1018360.0,3,2023-05-18 17:00,4.2539,0.0,0.0,0.0,1.19,-7.51,1.19,0.0,0.0,-0.4,-7.51,-2.37,-5.53,-5.93,-5.53,-4.98,-6.32,-6.32
2023-06-15,SNPAM,5.39,531106.0,2865151.0,3,2023-06-15 17:00,5.4276,0.0,-0.87,-0.87,2.23,-16.05,2.23,-3.16,-0.31,-0.25,-4.58,-4.58,-5.39,-5.45,-5.45,-8.8,-16.05,-12.02
2023-07-14,SNPAM,5.02,974303.0,4890829.0,2,2023-07-14 13:00,7.2435,0.0,0.0,0.0,1.02,-13.65,1.02,0.0,0.74,0.84,-7.15,-6.96,-7.38,-12.07,-11.79,-9.24,-13.65,-13.65
2023-11-08,SNPAM,5.02,4200969.0,21081711.0,3,2023-11-08 17:00,41.0934,0.0,0.0,0.0,46.24,0.0,9.98,9.98,9.98,20.95,20.87,20.95,32.98,32.98,32.98,7.77,7.77,7.77
2023-11-14,SNPAM,5.53,8508666.0,47021348.0,1,2023-11-14 12:00,57.1676,0.0,-13.94,-13.94,12.94,-29.41,-22.53,-22.53,-22.53,-14.82,-29.41,-14.82,-6.35,-6.35,-6.35,12.94,-7.29,-7.29
2024-05-06,SNPAM,5.47,7043551.0,38547539.0,3,2024-05-06 17:00,39.9164,0.0,0.0,0.0,2.61,-8.51,-2.27,-7.08,-7.08,2.19,-7.08,2.19,2.61,-2.95,-0.67,-2.36,-8.51,-8.51
2025-04-09,SNPAM,5.32,1742689.0,9274176.0,2,2025-04-09 13:00,22.9343,0.0,0.0,0.0,12.46,-2.2,9.82,0.29,9.82,12.46,9.24,12.46,12.46,8.87,8.87,1.17,-2.2,-2.2
2025-04-10,SNPAM,5.44,2147388.0,11676445.0,3,2025-04-10 17:00,25.1874,0.0,0.0,0.0,2.4,-13.55,2.4,-0.53,2.4,2.4,-0.87,-0.87,-1.54,-10.68,-10.08,-12.35,-13.55,-12.35
2025-07-22,SNPAM,6.55,1472259.0,9648722.0,1,2025-07-22 12:00,26.3812,0.0,0.0,0.0,58.6,-0.13,9.94,-0.13,8.99,19.89,1.85,19.89,31.8,27.34,31.17,58.6,54.43,58.6
2025-07-23,SNPAM,6.86,1926616.0,13222781.0,1,2025-07-23 12:00,27.4404,5.7,0.0,4.78,67.42,-2.08,15.26,-2.08,15.26,26.72,22.43,26.1,38.6,38.11,38.6,67.42,45.77,46.43
2025-07-24,SNPAM,5.6,3158517.0,17683069.0,3,2025-07-24 17:00,31.6271,0.0,0.0,0.0,45.26,0.0,9.94,6.22,9.41,20.26,19.83,20.26,32.29,28.81,32.29,20.21,18.57,18.57
2025-07-25,SNPAM,6.2,4010141.0,24875662.0,1,2025-07-25 12:00,34.7714,0.0,-3.38,-0.48,32.12,-3.38,9.38,8.99,9.38,20.33,17.17,20.33,32.12,15.04,15.55,2.27,-2.05,-2.05
2022-08-05,SODSN,6.55,297581.0,1948871.0,3,2022-08-05 17:00,3.0575,0.0,0.0,0.0,9.73,-1.88,9.73,5.07,5.07,5.07,2.86,2.86,-1.23,-1.88,-1.23,1.96,-0.65,-0.65
2023-06-08,SODSN,9.13,305564.0,2789878.0,1,2023-06-08 12:00,3.9875,0.0,0.0,0.0,0.31,-11.29,0.31,-2.95,-2.95,-5.89,-8.78,-5.89,-6.33,-9.22,-9.22,0.0,-9.15,0.0
2023-06-09,SODSN,5.12,452158.0,2314841.0,2,2023-06-09 13:00,4.0,0.0,-3.25,-3.25,0.0,-11.56,-6.19,-9.06,-6.19,-6.63,-9.5,-9.5,-9.38,-11.56,-9.38,-1.56,-4.69,-3.12
2024-02-20,SODSN,6.16,2571106.0,15827088.0,3,2024-02-20 17:00,13.475,0.0,0.0,0.0,38.96,0.0,9.93,9.93,9.93,20.87,9.93,20.87,32.93,32.19,32.93,31.82,24.86,24.86
2024-02-21,SODSN,5.38,3426282.0,18440970.0,1,2024-02-21 12:00,14.8125,0.0,0.0,0.0,26.41,0.0,9.96,0.0,9.96,20.93,20.25,20.93,26.41,26.16,26.16,8.95,7.59,7.59
2024-02-22,SODSN,5.21,4723347.0,24588937.0,3,2024-02-22 17:00,16.2875,0.0,0.0,0.0,14.97,-2.15,9.98,9.36,9.98,14.97,14.74,14.74,9.06,3.3,3.3,5.14,-2.15,5.14
2025-06-25,SODSN,5.33,889928.0,4747015.0,1,2025-06-25 12:00,12.9875,0.38,0.0,0.38,5.39,-9.53,5.39,3.46,5.39,5.39,-5.15,-5.15,-5.15,-6.69,-6.69,-8.13,-8.33,-8.33
2025-06-26,SODSN,5.16,1218290.0,6284714.0,2,2025-06-26 13:00,13.6875,0.0,0.0,0.0,0.0,-14.16,0.0,-10.0,-10.0,-10.0,-11.46,-11.46,-12.74,-14.16,-12.83,-9.59,-12.79,-12.33
2025-11-03,SODSN,5.02,1762355.0,8852378.0,3,2025-11-03 17:00,15.95,0.0,0.0,0.0,4.39,-8.86,0.71,-1.25,0.71,4.39,2.27,4.39,4.39,3.37,3.37,-3.61,-8.86,-7.52
2026-01-16,SODSN,6.83,1545827.0,10554296.0,3,2026-01-16 17:00,13.7625,0.0,-1.0,-1.0,0.0,-7.36,-3.72,-5.99,-4.45,-6.45,-6.99,-6.99,-5.18,-6.09,-6.09,-5.63,-6.54,-6.54
2024-10-11,SOKE,5.47,22059571.0,120768584.0,1,2024-10-11 10:00,13.27,8.29,-4.07,-1.28,15.75,-5.43,6.48,-0.38,1.73,4.37,-3.32,-0.68,0.08,-5.43,-4.3,15.75,7.16,7.16
2025-02-14,SOKE,6.23,18721992.0,116672869.0,1,2025-02-14 10:00,13.0,2.54,-6.69,-6.69,2.54,-12.08,-6.08,-8.46,-8.15,-8.15,-10.08,-9.08,-8.62,-11.0,-11.0,-9.08,-12.08,-11.08
2025-04-25,SOKE,5.15,14703648.0,75771142.0,3,2025-04-25 12:00,11.78,0.0,0.0,0.0,4.92,-7.47,4.92,-4.24,-4.16,-0.25,-6.03,-5.18,-4.58,-7.13,-7.13,-3.4,-6.62,-5.69
2025-04-28,SOKE,5.29,18416977.0,97425712.0,3,2025-04-28 12:00,12.07,0.66,-6.55,-6.46,0.66,-9.69,-2.65,-8.29,-7.46,-6.88,-9.36,-9.36,-6.88,-9.69,-8.45,-6.88,-8.86,-8.86
2025-07-29,SOKE,5.59,25789144.0,144095272.0,3,2025-07-29 12:00,12.16,4.19,-4.11,4.19,10.2,-4.11,10.2,0.0,0.0,1.64,-1.23,-0.99,-0.66,-2.8,-2.22,2.14,-0.99,0.74
2025-04-11,SONME,6.01,9236773.0,55556964.0,2,2025-04-11 11:00,136.4,0.0,-1.32,0.0,18.18,-8.8,9.97,-5.79,9.97,18.18,-1.03,3.89,6.23,-4.62,-2.05,-0.07,-8.8,-3.23
2024-07-24,SRVGY,11.23,56261976.0,631765640.0,1,2024-07-24 10:00,5.924,22.15,0.0,0.0,22.15,-9.93,9.72,-9.93,5.87,11.28,5.87,8.04,7.97,-0.54,-0.14,-0.61,-8.51,-7.63
2024-07-25,SRVGY,6.2,95488839.0,591554050.0,2,2024-07-25 11:00,5.832,11.45,-4.8,7.54,13.03,-7.75,13.03,7.54,9.74,9.67,1.03,1.44,3.09,-4.05,-3.91,-4.12,-7.75,-7.27
2023-05-02,SUMAS,5.15,276717.0,1424170.0,2,2023-05-02 13:00,88.3,0.0,0.0,0.0,0.0,-13.93,-4.87,-9.97,-9.85,-8.27,-9.8,-9.29,-9.34,-13.82,-13.82,-11.66,-13.93,-12.12
2023-10-23,SUMAS,5.8,1036332.0,6008707.0,1,2023-10-23 12:00,305.6,0.0,-1.83,0.0,36.78,-1.83,9.98,0.0,9.98,20.75,2.78,2.78,13.06,3.27,13.06,36.78,24.35,36.78
2025-01-10,SUMAS,5.18,1438724.0,7449353.0,2,2025-01-10 13:00,388.75,0.0,-3.34,-3.34,0.0,-10.68,-7.07,-9.07,-7.59,-7.33,-10.68,-9.9,-7.4,-8.17,-7.65,-3.15,-6.17,-6.17
2025-07-03,TARKM,7.87,33497322.0,263497031.0,1,2025-07-03 10:00,403.75,2.97,-10.84,-4.64,4.83,-10.84,-0.19,-8.85,-3.34,4.83,-7.43,-0.37,3.9,-3.28,-2.35,-3.16,-5.63,-5.14
2025-08-26,TARKM,5.97,59000762.0,351986728.0,3,2025-08-26 12:00,437.5,1.94,-4.91,-4.91,5.09,-9.26,-1.14,-5.37,-5.37,-3.43,-8.97,-7.6,-4.0,-8.8,-7.66,5.09,-5.43,1.71
2025-10-01,TARKM,5.65,162300867.0,917557859.0,2,2025-10-01 11:00,466.25,8.95,-9.01,-8.42,8.95,-14.53,-5.2,-10.67,-10.4,-6.97,-11.69,-10.03,-9.33,-12.82,-12.33,-12.28,-14.53,-14.37
2025-12-15,TATEN,5.65,160776923.0,908084848.0,3,2025-12-15 12:00,16.92,5.79,-4.49,-4.49,5.79,-22.04,-4.14,-13.59,-4.14,-3.66,-13.71,-13.71,-13.48,-22.04,-13.48,-12.83,-20.69,-20.51
2026-02-18,TATGD,5.25,28842823.0,151284805.0,1,2026-02-18 10:00,17.46,0.0,-6.07,0.0,12.14,-6.07,9.45,0.57,4.24,12.14,-0.34,0.23,7.1,0.8,3.09,0.97,-3.49,-1.55
2026-02-19,TATGD,6.05,39001629.0,235828829.0,1,2026-02-19 10:00,18.13,5.41,-3.14,0.39,8.0,-8.22,8.0,-4.03,-3.47,3.14,-2.92,-0.72,0.06,-7.34,-4.3,-4.74,-8.22,-6.23
2026-05-06,TATGD,5.09,77847370.0,396039243.0,2,2026-05-06 11:00,19.7,0.56,-4.52,0.56,14.21,-4.52,10.56,0.51,8.63,10.86,4.06,5.28,9.14,-2.28,0.91,14.21,6.9,10.25
2024-06-05,TBORG,5.68,4935000.0,28008082.0,3,2024-06-05 17:00,97.35,0.0,0.0,0.0,18.13,0.0,9.91,9.91,9.91,18.13,9.91,18.13,16.28,10.43,10.43,4.78,3.03,4.78
2024-06-06,TBORG,5.02,5970248.0,29950477.0,1,2024-06-06 12:00,107.0,0.0,0.0,0.0,7.48,-6.26,7.48,0.0,7.48,5.79,0.47,0.47,0.0,-2.34,-2.34,-2.15,-3.08,-2.34
2024-09-20,TBORG,5.7,7551751.0,43023151.0,1,2024-09-20 12:00,157.3,0.0,0.0,0.0,0.13,-20.22,0.13,-9.98,-9.98,-11.25,-15.51,-15.45,-14.81,-20.22,-19.64,-14.18,-17.99,-17.36
2024-09-23,TBORG,6.8,10756755.0,73163462.0,2,2024-09-23 11:00,152.0,3.62,-6.84,-6.84,3.62,-17.89,-8.16,-12.57,-12.5,-11.84,-17.43,-16.84,-10.59,-17.11,-12.83,-14.67,-17.89,-16.84
2025-09-19,TEKTU,7.71,81840372.0,631118060.0,1,2025-09-19 10:00,22.96,3.14,-15.55,-15.55,3.14,-23.95,-11.76,-23.95,-18.16,-11.59,-19.43,-14.68,-10.98,-15.29,-14.29,-12.46,-17.9,-17.2
2024-09-30,TERA,5.4,49000918.0,264393512.0,3,2024-09-30 12:00,4.3785,5.45,-1.34,5.45,23.33,-1.34,15.93,8.94,15.93,23.33,9.15,13.05,15.11,7.4,7.81,21.89,12.44,17.57
2025-03-05,TERA,5.25,40557371.0,212858410.0,2,2025-03-05 11:00,8.3565,2.8,-1.99,-1.83,27.03,-2.32,7.97,-2.32,1.18,6.35,-1.29,1.88,9.85,1.13,5.01,27.03,18.47,27.03
2026-05-18,TGSAS,6.28,51741155.0,324939655.0,3,2026-05-18 12:00,197.8,0.0,-5.97,-4.55,0.35,-16.58,0.15,-10.31,-1.01,0.35,-10.87,-10.87,-8.24,-16.58,-10.01,-8.34,-10.36,-10.26
2024-08-07,TLMAN,5.14,24615827.0,126493202.0,2,2024-08-07 11:00,109.9,1.82,-6.19,1.82,9.01,-10.83,9.01,-2.64,-2.18,2.37,-3.46,-3.18,-2.0,-9.01,-8.1,-8.55,-10.56,-10.56
2024-08-08,TLMAN,5.05,33128914.0,167425592.0,3,2024-08-08 12:00,108.6,2.58,-1.47,-1.01,3.59,-11.42,3.59,-2.3,-2.03,-0.83,-7.92,-7.0,-6.54,-9.76,-8.47,-7.27,-11.42,-7.27
2024-11-11,TLMAN,6.24,12272913.0,76617931.0,2,2024-11-11 11:00,99.4,1.61,-2.21,-1.81,4.12,-4.07,1.91,-4.07,-0.45,0.5,-3.77,-3.37,4.12,-0.4,2.01,0.91,-2.11,-2.01
2025-05-13,TLMAN,5.69,15613681.0,88875765.0,3,2025-05-13 12:00,89.35,1.23,-3.13,-1.85,1.96,-6.99,1.96,-3.3,-1.85,-0.73,-6.16,-5.99,-2.13,-6.99,-5.26,-2.07,-5.82,-5.48
2025-08-11,TLMAN,5.24,24805404.0,129944482.0,3,2025-08-11 12:00,100.3,3.09,-3.29,-1.69,5.08,-5.63,1.1,-5.63,-2.34,-0.3,-4.44,-2.24,1.3,-5.28,-4.39,5.08,-0.45,3.49
2025-12-09,TLMAN,5.89,23723662.0,139747201.0,1,2025-12-09 10:00,111.3,4.22,-5.57,-5.3,4.22,-12.4,-0.27,-8.89,-5.21,-3.59,-9.7,-8.72,-8.27,-12.4,-10.47,-10.6,-12.13,-12.13
2024-12-16,TMPOL,5.15,16828931.0,86670481.0,3,2024-12-16 12:00,80.25,1.87,-4.74,-4.74,2.87,-10.9,2.87,-5.67,-1.56,1.18,-4.92,-4.74,-2.49,-7.85,-7.48,-6.98,-10.9,-10.9
2025-08-14,TMPOL,6.79,49485119.0,335987795.0,3,2025-08-14 12:00,109.9,0.73,-6.46,-5.0,11.92,-7.28,4.46,-7.28,1.82,11.83,2.46,11.37,11.92,1.36,4.09,4.19,-2.64,-2.18
2025-12-01,TMPOL,42.57,26843601.0,1142836962.0,3,2025-12-01 17:00,379.5,0.0,0.0,0.0,13.97,-7.64,8.37,-1.19,8.3,13.97,3.69,13.97,11.99,2.57,2.57,5.4,-5.6,2.24
2025-05-23,TMSN,8.91,61191215.0,544932717.0,1,2025-05-23 10:00,113.0,0.53,-5.84,-3.54,2.92,-14.65,2.92,-7.88,-4.78,-0.27,-9.73,-8.41,-5.58,-11.5,-11.5,-10.18,-14.65,-14.65
2025-11-19,TMSN,5.71,83928447.0,478978573.0,2,2025-11-19 11:00,118.4,0.84,-3.63,-3.38,0.84,-12.42,-0.76,-7.35,-6.76,-4.14,-9.04,-8.7,-8.61,-11.4,-11.06,-10.9,-12.42,-12.16
2026-04-08,TMSN,6.18,75746759.0,468109528.0,3,2026-04-08 12:00,109.7,0.0,-5.93,0.0,2.55,-5.93,2.55,-3.37,-2.46,-1.28,-3.56,-2.46,-3.46,-5.83,-5.56,-3.19,-4.74,-4.19
2025-06-23,TRCAS,5.23,56127214.0,293592166.0,2,2025-06-23 11:00,32.02,0.75,-2.87,0.75,15.55,-9.31,10.81,-9.31,9.24,15.55,6.37,10.24,12.43,6.81,10.31,9.12,3.69,7.37
2025-03-07,TRHOL,6.97,12147826.0,84699852.0,1,2025-03-07 12:00,43.92,0.0,0.0,0.0,32.97,0.0,9.97,9.97,9.97,20.9,20.9,20.9,32.97,8.83,8.83,31.6,14.87,19.76
2025-11-28,TRILC,7.44,62059481.0,461961228.0,2,2025-11-28 11:00,2.6635,7.67,-4.04,-4.04,7.67,-7.73,-2.99,-7.73,-5.92,-5.27,-6.44,-6.09,-0.18,-6.21,-2.11,-1.29,-4.51,-3.75
2026-04-29,TRILC,5.06,105871165.0,535444843.0,2,2026-04-29 11:00,3.71,5.39,-2.96,-0.27,11.32,-2.96,5.39,-2.16,-0.27,7.82,-0.27,1.08,8.09,-2.16,8.09,11.32,4.31,9.16
2026-05-08,TRILC,10.42,250874986.0,2614430694.0,2,2026-05-08 11:00,3.85,3.38,-5.19,-1.04,4.16,-24.68,2.86,-4.16,2.34,4.16,-7.79,-7.79,-10.39,-16.88,-16.88,-18.18,-23.9,-22.6
2024-11-22,TRMET,5.27,428801412.0,2260144293.0,3,2024-11-22 12:00,77.65,1.09,-3.86,-3.22,1.09,-12.75,-1.87,-7.66,-7.66,-5.34,-8.31,-8.31,-7.02,-10.75,-10.43,-7.47,-12.75,-9.27
2024-12-24,TSGYO,6.69,60222913.0,402966431.0,2,2024-12-24 11:00,7.43,2.15,-1.88,-1.88,2.15,-7.13,0.27,-5.11,-2.02,-0.94,-4.44,-4.44,-2.15,-5.38,-5.11,-4.85,-7.13,-6.46
2025-03-19,TSGYO,5.73,39162864.0,224485040.0,2,2025-03-19 11:00,8.4,0.0,-4.88,0.0,20.95,-9.52,10.0,5.48,10.0,20.95,2.38,3.69,13.1,-6.31,-5.36,0.6,-9.17,-5.83
2025-03-21,TSGYO,5.48,51330309.0,281232082.0,1,2025-03-21 10:00,9.52,6.72,-9.66,-8.51,6.72,-23.42,-0.21,-17.33,-16.49,-13.66,-20.17,-17.23,-11.24,-19.85,-16.91,-20.69,-23.42,-22.27
2025-11-10,TSGYO,6.45,48389503.0,311887814.0,2,2025-11-10 11:00,8.55,15.67,0.0,0.0,15.67,-14.74,-1.75,-9.94,-9.94,-10.29,-14.74,-14.5,-10.18,-14.27,-13.33,-7.84,-10.53,-8.54
2024-09-25,TUCLK,5.47,30828570.0,168626759.0,1,2024-09-25 10:00,6.445,1.55,-6.2,1.55,20.83,-7.06,11.7,2.32,11.7,17.47,1.46,1.55,11.7,-2.24,11.7,4.99,-7.06,-6.28
2024-09-27,TUCLK,5.21,73301433.0,381877319.0,3,2024-09-27 12:00,6.9885,2.38,-6.43,-6.35,11.43,-15.56,3.02,-9.84,3.02,11.43,-7.22,-4.76,-3.17,-14.29,-13.57,-8.73,-15.56,-13.49
2024-12-27,TUCLK,5.33,36805243.0,196208317.0,3,2024-12-27 12:00,5.9181,2.16,-1.87,-1.87,2.16,-5.06,-2.25,-4.31,-3.84,-3.47,-5.06,-4.12,-2.25,-4.31,-2.44,2.06,-1.12,-0.56
2025-03-13,TUCLK,5.02,17846801.0,89637020.0,3,2025-03-13 12:00,4.9142,2.03,-0.34,1.81,5.19,-9.14,4.74,1.81,3.95,5.19,3.39,3.95,4.74,1.58,3.61,-5.08,-9.14,-8.8
2026-01-29,TUCLK,5.12,74493854.0,381685125.0,2,2026-01-29 11:00,5.61,0.0,-1.43,0.0,11.94,-8.2,6.6,-8.02,-2.14,-0.18,-8.2,-5.88,3.39,-4.1,3.39,3.92,-4.1,-3.92
2025-01-31,TUKAS,5.42,56172884.0,304437730.0,3,2025-01-31 12:00,2.1856,0.9,-6.44,-6.29,0.9,-12.15,-4.34,-7.34,-6.74,-4.83,-7.58,-6.66,-6.2,-12.15,-10.78,-2.54,-11.69,-5.75
2025-08-06,TUKAS,5.4,212055592.0,1144825166.0,3,2025-08-06 12:00,3.12,6.73,-1.6,6.73,23.08,-7.69,17.31,6.41,17.31,23.08,5.77,5.77,4.49,-2.24,-2.24,-0.32,-5.45,-4.17
2025-08-08,TUKAS,5.06,453716559.0,2296834365.0,2,2025-08-08 11:00,3.49,4.58,-5.44,-5.44,4.58,-18.62,-6.59,-12.61,-12.61,-10.32,-17.48,-14.9,-10.89,-15.47,-14.33,-16.05,-18.62,-17.19
2024-12-18,TURGG,9.63,14101358.0,135743648.0,2,2024-12-18 11:00,35.3484,1.42,-3.48,1.42,7.44,-11.39,7.44,-4.51,-1.82,1.03,-6.09,-5.85,-3.96,-9.34,-9.18,-6.33,-11.39,-10.6
2025-03-13,TURGG,5.03,12969901.0,65208360.0,2,2025-03-13 11:00,31.4332,0.98,-5.69,-5.34,0.98,-19.26,-4.98,-10.05,-9.96,-7.92,-10.68,-9.61,-8.36,-10.14,-9.43,-14.59,-19.26,-16.55
2025-05-29,TURGG,5.63,9965094.0,56102662.0,3,2025-05-29 12:00,25.0711,3.29,-2.06,-0.56,3.29,-5.74,-0.28,-3.57,-2.51,-2.4,-5.74,-5.52,-2.62,-5.08,-3.57,1.17,-0.56,0.84
2025-10-31,TURGG,5.17,18369372.0,95052865.0,3,2025-10-31 12:00,31.46,1.59,-5.53,-5.53,1.59,-11.13,-2.48,-5.28,-4.9,-3.62,-6.36,-5.15,-3.12,-11.13,-8.39,-8.07,-10.36,-9.15
2026-04-24,TURGG,5.61,39091801.0,219170795.0,1,2026-04-24 10:00,38.28,0.89,-3.34,0.89,21.84,-5.38,6.84,-5.38,2.25,12.43,-0.05,12.43,21.84,10.24,14.16,8.93,-0.05,3.19
2025-02-25,UFUK,5.4,4567376.0,24663758.0,2,2025-02-25 11:00,540.0,1.2,-1.39,1.2,11.11,-1.85,3.7,-1.85,0.0,10.0,-1.85,9.91,11.11,6.48,8.33,10.74,5.93,8.61
2025-09-17,UFUK,6.55,16547710.0,108421058.0,2,2025-09-17 11:00,909.0,4.46,-4.73,-0.33,47.85,-4.73,8.8,-0.17,4.51,14.96,4.51,14.96,26.4,19.91,26.4,47.85,25.08,25.08
2026-02-19,UFUK,6.71,21170438.0,142099865.0,3,2026-02-19 12:00,1686.0,0.0,-14.95,-4.86,14.12,-14.95,4.39,-9.61,3.91,14.12,1.66,1.72,2.19,-6.58,-4.69,-6.58,-8.78,-7.18
2025-06-13,ULUSE,5.57,21361062.0,119028225.0,2,2025-06-13 11:00,167.2,1.61,-8.55,-6.64,2.15,-19.02,-0.42,-11.54,-11.06,-11.12,-15.55,-15.55,-7.12,-19.02,-7.12,-3.41,-13.88,-9.99
2025-08-29,ULUSE,5.33,24647150.0,131282364.0,2,2025-08-29 11:00,212.2,2.17,-2.36,-0.19,17.81,-2.36,9.75,1.74,9.75,17.81,-1.18,3.16,7.45,0.05,5.56,5.66,1.08,1.6
2025-11-04,ULUSE,5.24,26060164.0,136504259.0,3,2025-11-04 12:00,203.3,1.77,-1.03,-0.98,2.56,-14.17,-1.67,-6.54,-3.34,2.56,-5.16,-3.34,-3.3,-6.79,-6.54,-9.74,-14.17,-13.82
2026-04-15,ULUSE,5.3,36573540.0,193765280.0,3,2026-04-15 12:00,215.0,2.09,-5.21,-2.51,21.4,-5.21,3.81,-3.72,-0.05,2.33,-1.63,0.37,10.37,-1.49,10.37,20.58,13.02,16.4
2020-05-11,UMPAS,6.39,32000.0,204518.0,1,2020-05-11 12:00,0.67,0.0,0.0,0.0,49.25,0.0,8.96,8.96,8.96,19.4,17.91,19.4,31.34,31.34,31.34,49.25,29.85,29.85
2020-05-13,UMPAS,8.62,46687.0,402297.0,0,2020-05-13 09:00,0.79,1.27,0.0,1.27,26.58,-3.8,11.39,11.39,11.39,21.52,21.52,21.52,26.58,10.13,10.13,5.06,-3.8,5.06
2020-05-14,UMPAS,5.33,68525.0,365469.0,2,2020-05-14 13:00,0.88,0.0,0.0,0.0,13.64,-14.77,9.09,9.09,9.09,13.64,-1.14,-1.14,-10.23,-10.23,-10.23,-14.77,-14.77,-14.77
2020-12-04,UMPAS,6.9,30814.0,212662.0,3,2020-12-04 17:00,0.85,0.0,0.0,0.0,58.82,0.0,9.41,9.41,9.41,20.0,20.0,20.0,31.76,31.76,31.76,58.82,58.82,58.82
2020-12-10,UMPAS,6.92,43752.0,302670.0,2,2020-12-10 13:00,1.23,0.0,0.0,0.0,58.54,-0.81,9.76,9.76,9.76,20.33,-0.81,20.33,31.71,31.71,31.71,58.54,58.54,58.54
2020-12-11,UMPAS,13.42,61841.0,829625.0,0,2020-12-11 09:00,1.35,0.0,0.0,0.0,58.52,-9.63,9.63,-9.63,9.63,20.0,20.0,20.0,31.85,31.85,31.85,58.52,58.52,58.52
2020-12-14,UMPAS,5.21,117725.0,613490.0,0,2020-12-14 09:00,1.22,21.31,0.0,21.31,88.52,0.0,32.79,32.79,32.79,45.9,45.9,45.9,59.84,59.84,59.84,88.52,59.84,59.84
2021-01-07,UMPAS,5.34,447209.0,2387696.0,3,2021-01-07 17:00,3.8,0.0,-2.89,-2.89,0.0,-18.95,-12.37,-12.37,-12.37,-3.68,-18.95,-3.68,-13.16,-13.16,-13.16,-7.89,-18.16,-18.16
2021-10-18,UMPAS,5.12,53626.0,274368.0,2,2021-10-18 13:00,1.29,0.0,0.0,0.0,484.5,0.0,300.78,287.6,300.78,340.31,340.31,340.31,383.72,383.72,383.72,484.5,484.5,484.5
2022-12-19,UMPAS,24.05,68460.0,1646780.0,1,2022-12-19 12:00,5.0,3.4,0.0,3.4,65.8,0.0,13.6,13.6,13.6,24.8,24.8,24.8,37.2,37.2,37.2,65.8,65.8,65.8
2022-12-20,UMPAS,6.09,230628.0,1405266.0,1,2022-12-20 12:00,5.68,0.0,0.0,0.0,60.39,0.0,9.86,9.86,9.86,20.77,20.77,20.77,32.75,32.75,32.75,60.39,45.95,45.95
2022-12-21,UMPAS,5.96,344845.0,2056361.0,0,2022-12-21 09:00,6.24,0.0,0.0,0.0,45.99,0.0,9.94,9.94,9.94,20.83,20.83,20.83,32.85,32.85,32.85,19.71,19.71,19.71
2022-12-22,UMPAS,5.14,515381.0,2651020.0,3,2022-12-22 17:00,6.86,0.0,0.0,0.0,32.8,-1.9,9.91,9.91,9.91,20.85,20.85,20.85,32.8,20.85,20.85,-1.9,-1.9,-1.9
2022-12-27,UMPAS,5.44,840041.0,4568109.0,1,2022-12-27 12:00,9.11,0.0,-9.0,-9.0,0.0,-33.26,-18.0,-18.0,-18.0,-26.13,-26.13,-26.13,-18.77,-31.94,-18.77,-31.94,-33.26,-32.38
2024-01-30,UMPAS,5.93,1414116.0,8384018.0,3,2024-01-30 17:00,8.72,0.0,0.0,0.0,24.77,0.0,8.94,0.0,8.94,19.84,8.94,19.84,24.77,14.45,14.45,17.78,7.22,17.66
2024-12-10,USAK,6.3,107370151.0,676198656.0,3,2024-12-10 12:00,2.0011,0.0,-5.71,0.0,8.94,-12.57,8.94,-2.55,2.22,4.17,-4.37,-2.35,-2.69,-6.92,-3.9,-2.42,-12.3,-2.42
2024-12-11,USAK,5.95,135621186.0,806977535.0,2,2024-12-11 11:00,2.0683,2.28,-5.72,-1.11,2.6,-15.41,0.78,-7.48,-5.53,-5.85,-9.95,-7.02,-6.11,-15.41,-14.17,2.6,-4.16,-3.58
2025-03-11,USAK,5.56,105167968.0,584375597.0,2,2025-03-11 11:00,1.9634,0.0,-7.88,-7.53,5.48,-14.38,-1.37,-12.67,-7.88,-4.45,-11.99,-8.9,-7.88,-13.01,-12.67,5.48,-0.68,5.48
2026-04-07,USAK,5.4,112102863.0,605009977.0,3,2026-04-07 12:00,1.71,1.17,-4.68,-4.68,1.75,-4.68,1.75,-1.75,0.0,1.17,-2.92,-1.75,0.0,-2.34,-0.58,0.58,-1.75,-0.58
2026-01-14,VAKFN,5.5,134697019.0,741100793.0,2,2026-01-14 11:00,2.1,0.48,-8.1,-8.1,2.86,-8.57,-6.19,-8.57,-6.19,-4.76,-7.14,-6.19,-3.33,-6.67,-6.19,-0.48,-3.81,-2.86
2024-07-31,VANGD,5.4,17232795.0,92987941.0,3,2024-07-31 12:00,20.06,1.5,-1.6,-0.3,4.69,-13.06,4.69,-7.88,-5.23,4.19,-7.18,-3.54,0.0,-13.06,-10.77,-7.83,-12.36,-12.16
2026-01-14,VANGD,5.43,16321919.0,88651887.0,1,2026-01-14 10:00,55.15,8.52,-7.07,8.52,11.51,-11.15,11.51,-2.27,-2.27,1.54,-7.52,-2.09,3.26,-5.71,-2.81,-4.9,-11.15,-10.24
2024-11-28,VBTYZ,5.59,32454341.0,181428887.0,1,2024-11-28 10:00,26.92,4.23,-2.82,-2.75,4.23,-5.94,-1.93,-4.98,-4.9,-3.86,-5.94,-4.53,-4.01,-5.2,-4.98,-2.3,-4.9,-4.16
2025-12-12,VBTYZ,6.93,15590984.0,108057578.0,1,2025-12-12 10:00,16.7,3.65,-4.85,-4.79,3.65,-8.08,-2.75,-6.41,-4.31,-2.46,-8.08,-3.53,-2.99,-4.97,-4.79,-2.04,-7.6,-3.65
2024-11-27,VERTU,5.06,9775868.0,49510581.0,3,2024-11-27 12:00,40.86,0.29,-3.33,-2.69,0.29,-6.22,-2.5,-5.19,-5.19,-4.75,-6.22,-5.09,-4.21,-5.87,-5.04,-3.72,-5.19,-4.16
2025-04-14,VERTU,5.49,13573720.0,74523998.0,1,2025-04-14 10:00,36.94,8.83,-3.95,-1.79,8.83,-10.12,6.39,-4.87,1.25,3.74,-4.87,-4.55,-2.87,-7.53,-5.96,-3.95,-10.12,-8.61
2025-07-10,VERTU,5.22,11515230.0,60058510.0,3,2025-07-10 12:00,36.6,1.69,-8.52,-7.1,28.36,-8.52,2.19,-6.5,2.19,12.4,6.45,12.4,16.67,2.9,6.83,28.36,16.99,19.29
2025-07-14,VERTU,5.1,18016704.0,91808264.0,3,2025-07-14 12:00,41.02,0.29,-2.88,0.29,14.53,-8.19,4.1,-8.19,-4.68,4.83,-3.71,4.83,14.53,4.39,6.44,10.19,2.39,4.0
2025-07-16,VERTU,6.44,22691243.0,146027674.0,3,2025-07-16 12:00,38.1,8.77,-1.15,2.62,23.31,-1.15,12.86,3.67,12.86,23.31,12.39,14.59,16.48,9.45,10.24,12.44,5.83,5.83
2024-11-27,VERUS,5.32,11680109.0,62138648.0,1,2024-11-27 10:00,291.5,0.0,-6.0,0.0,6.95,-6.69,6.95,-1.54,-1.54,-0.6,-4.8,-3.86,-2.83,-5.23,-4.63,-3.52,-6.69,-5.83
2024-11-28,VERUS,5.89,14589862.0,85937700.0,1,2024-11-28 10:00,300.0,3.92,-4.33,-4.33,3.92,-9.33,-3.42,-7.5,-6.58,-5.58,-7.92,-7.33,-6.42,-8.33,-7.08,-8.0,-9.33,-8.83
2025-09-18,VERUS,6.94,53049006.0,368118375.0,1,2025-09-18 10:00,375.0,7.4,0.0,0.53,7.4,-19.13,2.27,-6.07,-0.47,5.0,-6.67,2.67,3.53,-7.0,-7.0,-7.87,-19.13,-7.87
2024-09-10,VKFYO,5.4,12313449.0,66515289.0,3,2024-09-10 12:00,21.78,1.47,-5.33,-2.66,1.47,-13.18,-1.29,-9.46,-8.59,-7.07,-13.18,-12.76,-4.04,-12.76,-4.04,-4.59,-8.22,-7.71
2025-01-24,VKFYO,5.71,2413020.0,13774055.0,1,2025-01-24 10:00,20.18,2.97,-3.87,2.97,2.97,-10.6,2.87,-6.14,-2.53,-2.48,-7.09,-3.72,-3.91,-8.18,-7.53,-6.05,-10.6,-7.93
2025-04-22,VKFYO,5.23,1876183.0,9820248.0,2,2025-04-22 11:00,18.79,0.0,-8.99,0.0,12.72,-8.99,9.95,-4.95,9.95,12.72,4.63,9.53,9.1,-1.38,3.89,-3.41,-7.93,-7.66
2025-04-24,VKFYO,6.24,2554141.0,15937346.0,1,2025-04-24 10:00,20.54,0.58,-13.05,0.58,3.12,-17.14,3.12,-4.28,0.19,-0.19,-9.79,-4.97,-7.98,-13.05,-10.42,-14.02,-17.14,-15.43
2025-12-09,VKFYO,7.15,8864312.0,63337383.0,3,2025-12-09 12:00,33.96,4.59,-0.41,4.59,21.38,-5.83,14.84,-5.83,14.02,11.96,2.65,11.96,21.38,14.25,21.38,20.97,9.07,9.07
2025-12-10,VKFYO,6.13,13230314.0,81123581.0,3,2025-12-10 12:00,37.18,4.9,-1.88,4.14,10.87,-7.96,2.26,-6.24,2.26,10.87,4.36,10.87,10.87,10.65,10.65,5.27,-7.96,5.27
2024-07-10,VKING,6.33,37230554.0,235604865.0,2,2024-07-10 11:00,63.7,0.0,-11.62,0.0,9.65,-21.66,9.65,-9.97,-9.97,-13.66,-18.92,-18.92,-15.54,-20.72,-20.41,-15.62,-19.94,-19.15
2024-07-11,VKING,5.26,52770673.0,277814494.0,2,2024-07-11 11:00,57.35,3.4,0.0,0.0,3.4,-12.99,-4.1,-9.94,-9.94,-6.19,-11.94,-11.6,-8.72,-12.99,-10.81,-1.22,-11.68,-10.55
2024-12-11,VKING,6.09,24388082.0,148589886.0,2,2024-12-11 11:00,37.88,4.17,-5.49,-4.01,4.17,-11.77,0.58,-11.77,-8.18,-3.8,-9.4,-6.92,-5.91,-10.03,-9.98,-2.32,-8.92,-6.12
2025-07-23,VKING,5.25,15591871.0,81819911.0,1,2025-07-23 10:00,42.1,7.17,-6.56,-2.71,7.17,-12.35,2.14,-7.36,-3.8,1.19,-7.41,-6.89,-3.09,-8.36,-8.31,-2.61,-12.35,-2.61
2026-04-10,VRGYO,5.33,49868722.0,265567304.0,3,2026-04-10 12:00,2.53,0.4,-3.56,-3.56,0.4,-7.51,-1.98,-7.51,-7.11,-3.95,-6.72,-5.93,-1.98,-5.53,-2.77,-1.58,-4.35,-1.98
2025-08-01,VSNMD,9.83,857954832.0,8429571432.0,1,2025-08-01 10:00,751.0,14.45,0.0,0.0,14.45,-40.88,-5.93,-9.99,-9.99,-13.45,-18.97,-18.97,-19.91,-27.03,-27.03,-36.25,-40.88,-40.88
2026-04-16,VSNMD,5.79,155838843.0,902891035.0,2,2026-04-16 11:00,102.3,2.83,-4.2,-3.08,4.59,-13.49,0.49,-6.01,-3.71,4.59,-5.67,-4.06,-0.29,-8.16,-7.62,-10.56,-13.49,-12.12
2024-11-20,YAPRK,5.44,30674966.0,166766027.0,3,2024-11-20 12:00,22.9643,2.33,-2.02,2.33,9.9,-6.01,9.49,-4.61,-4.51,-0.36,-6.01,-0.67,6.79,-2.75,6.79,9.28,0.93,1.04
2024-11-21,YAPRK,5.81,44823064.0,260637859.0,3,2024-11-21 12:00,22.1785,3.7,-1.23,-1.13,13.79,-2.68,3.17,-2.68,2.84,10.57,0.7,10.57,13.79,6.49,13.58,4.72,-2.25,0.27
2025-07-31,YAPRK,5.1,99469126.0,506943010.0,2,2025-07-31 11:00,16.1309,0.0,-1.7,0.0,8.56,-6.2,8.56,-0.22,1.03,6.57,-2.14,2.66,5.61,-1.7,-1.33,-1.18,-6.2,-5.9
2025-12-09,YAPRK,5.45,38694330.0,210921511.0,3,2025-12-09 12:00,13.2857,7.17,-0.36,7.17,8.6,-3.94,8.42,0.36,0.72,8.6,-3.94,4.3,7.17,0.36,0.36,5.91,-3.23,5.91
2026-02-16,YAPRK,6.09,77022928.0,469433172.0,2,2026-02-16 11:00,15.3809,3.56,-2.24,-0.93,3.56,-7.74,-1.08,-6.04,-5.8,-2.17,-6.58,-4.64,-4.02,-7.74,-6.04,-2.94,-5.73,-4.02
2025-01-27,YATAS,7.23,23689692.0,171289695.0,2,2025-01-27 11:00,28.94,0.07,-4.98,-1.17,0.07,-7.53,-1.17,-4.56,-2.97,-0.97,-3.46,-3.18,-0.55,-3.18,-1.24,-5.46,-7.53,-7.39
2026-05-11,YATAS,5.81,38590722.0,224350568.0,1,2026-05-11 10:00,44.06,4.18,0.0,0.0,8.17,-5.9,0.05,-3.27,-2.36,-1.63,-5.58,-5.36,-2.63,-5.9,-3.77,8.17,0.5,1.0
2024-07-30,YAYLA,5.52,33025433.0,182167926.0,2,2024-07-30 11:00,18.79,0.0,-6.33,0.0,9.1,-19.05,9.1,-7.13,-4.52,-1.01,-8.2,-6.39,-4.95,-11.12,-10.59,-10.11,-17.03,-15.91
2024-10-14,YAYLA,5.78,27892760.0,161239928.0,3,2024-10-14 12:00,13.97,0.79,-6.37,-6.37,10.81,-9.23,0.21,-6.94,-6.01,-5.08,-9.23,-8.38,0.79,-7.8,0.79,8.45,-2.93,1.57
2024-10-18,YAYLA,5.04,44653326.0,224834560.0,3,2024-10-18 12:00,14.8,2.03,-4.73,-4.46,2.36,-8.58,2.36,-8.38,-4.12,1.22,-5.14,-3.78,-2.91,-8.58,-7.43,-4.8,-8.45,-5.47
2026-01-22,YAYLA,5.28,37571911.0,198213446.0,3,2026-01-22 12:00,32.24,2.73,-3.47,-2.54,6.64,-10.3,6.64,-2.54,1.36,4.53,-4.28,-3.23,-2.85,-6.14,-5.4,-7.69,-10.3,-10.3
2022-01-26,YBTAS,5.21,193100.0,1005404.0,1,2022-01-26 12:00,6.4385,0.0,0.0,0.0,28.01,-12.9,10.0,5.47,8.61,19.47,19.47,19.47,28.01,7.53,7.53,-3.31,-12.9,-3.38
2022-01-27,YBTAS,7.73,250506.0,1935397.0,0,2022-01-27 09:00,7.0823,0.0,-4.12,-1.26,16.37,-20.82,8.61,8.61,8.61,16.37,-2.25,-2.25,-2.25,-12.02,-12.02,-15.02,-18.23,-18.23
2022-01-28,YBTAS,5.02,459881.0,2310000.0,2,2022-01-28 13:00,7.6923,0.0,0.0,0.0,7.14,-27.1,7.14,-10.0,-10.0,-10.0,-19.0,-19.0,-19.07,-27.1,-19.13,-17.18,-24.71,-17.18
2022-05-09,YBTAS,6.83,169745.0,1159702.0,2,2022-05-09 13:00,6.9597,0.0,0.0,0.0,0.48,-5.57,0.48,-4.31,-4.31,0.48,-4.3,0.48,-3.56,-5.5,-5.5,0.0,-2.03,-2.03
2022-08-02,YBTAS,6.83,246794.0,1685854.0,0,2022-08-02 09:00,8.3789,0.0,-4.62,-4.62,21.14,-8.6,-4.62,-8.6,-5.02,-5.41,-5.81,-5.81,3.61,-4.62,3.61,21.14,19.23,19.23
2023-02-02,YBTAS,5.41,961693.0,5199000.0,3,2023-02-02 17:00,27.4725,0.0,0.0,0.0,14.18,0.0,5.33,3.64,5.33,3.76,3.16,3.76,7.88,6.42,6.42,14.18,10.3,12.73
2023-08-15,YBTAS,5.16,1012938.0,5224499.0,3,2023-08-15 17:00,23.976,0.67,0.0,0.67,0.67,-9.31,-1.39,-6.0,-6.0,-4.86,-9.31,-4.86,-4.99,-6.81,-6.81,-2.78,-6.17,-2.78
2023-10-25,YBTAS,5.02,3258478.0,16341380.0,3,2023-10-25 18:00,36.8906,0.0,0.0,0.0,19.15,-0.8,10.0,2.0,10.0,19.15,17.45,17.45,12.83,9.22,11.03,3.81,-0.8,-0.8
2025-03-24,YBTAS,5.81,2073727.0,12057398.0,2,2025-03-24 13:00,56.5509,0.0,0.0,0.0,33.1,0.0,10.0,3.05,10.0,21.0,21.0,21.0,33.1,33.1,33.1,26.6,13.94,13.94
2025-03-25,YBTAS,6.72,2667597.0,17933040.0,0,2025-03-25 09:00,62.2052,0.0,-6.32,0.0,21.0,-6.77,10.0,10.0,10.0,21.0,21.0,21.0,21.0,15.09,15.09,13.94,-6.77,13.94
2025-09-08,YBTAS,5.33,7484553.0,39915353.0,2,2025-09-08 13:00,46.62,0.0,-4.29,-4.29,0.0,-29.43,-10.71,-12.5,-11.82,-11.41,-12.96,-12.96,-15.14,-21.62,-21.62,-29.17,-29.43,-29.43
2026-03-12,YBTAS,5.9,1831537.0,10814407.0,2,2026-03-12 13:00,23.1,0.0,-0.26,-0.26,0.0,-17.71,-10.22,-10.22,-10.22,-11.95,-16.75,-11.95,-12.73,-15.63,-15.63,-13.68,-17.71,-14.07
2024-07-17,YESIL,6.98,39650629.0,276873887.0,2,2024-07-17 11:00,2.6026,3.87,-6.58,-6.38,3.87,-14.89,-2.71,-9.86,-8.7,-4.64,-10.83,-8.9,-6.77,-11.8,-11.61,-9.86,-12.19,-11.8
2025-05-13,YESIL,5.24,24183863.0,126791245.0,2,2025-05-13 11:00,1.47,3.4,-0.68,-0.68,3.4,-5.44,0.0,-3.4,-3.4,-2.72,-5.44,-4.76,-3.4,-5.44,-4.08,-3.4,-5.44,-4.08
2026-05-26,YGGYO,8.58,77070797.0,661103393.0,3,2026-05-26 12:30,240.2,0.0,0.0,0.0,0.0,-12.36,-0.04,-6.33,-6.33,-4.37,-7.41,-5.83,-5.83,-11.74,-11.74,-8.66,-11.78,-10.91
2025-03-19,YKSLN,5.21,13789097.0,71890598.0,1,2025-03-19 10:00,4.9769,0.0,-6.32,0.0,9.95,-29.74,9.95,-9.95,-9.95,-18.85,-18.85,-18.85,-14.64,-26.93,-26.23,-27.52,-29.74,-29.74
2025-03-20,YKSLN,10.0,17875022.0,178773445.0,1,2025-03-20 10:00,4.4816,22.11,0.0,0.0,22.11,-22.24,-9.88,-9.88,-9.88,-5.2,-18.86,-18.08,-15.86,-20.42,-19.51,-14.82,-22.24,-20.42
2025-03-24,YKSLN,14.97,27848686.0,416824426.0,1,2025-03-24 10:00,4.0095,5.96,-9.3,-8.43,5.96,-13.08,-5.96,-11.05,-10.03,-10.03,-12.79,-12.79,-4.8,-13.08,-11.05,-6.98,-11.05,-9.59
2024-02-26,YONGA,5.28,2098099.0,11069536.0,1,2024-02-26 12:00,93.15,0.0,0.0,0.0,9.5,-13.04,9.5,-0.16,-0.16,-5.53,-10.14,-10.14,-1.29,-13.04,-1.29,-6.28,-11.54,-11.54
2024-02-27,YONGA,5.46,2704642.0,14754765.0,3,2024-02-27 17:00,93.1,0.0,-0.11,-0.11,3.11,-14.12,-5.48,-10.1,-10.1,-1.24,-13.0,-1.24,3.11,-6.23,-6.23,-11.49,-14.12,-14.12
2024-12-31,YUNSA,5.78,35101445.0,202772869.0,2,2024-12-31 11:00,7.41,1.89,-7.42,-7.29,1.89,-10.93,-7.02,-10.12,-9.58,-8.91,-10.8,-9.85,-6.61,-9.72,-7.96,-8.64,-10.93,-10.8
2025-03-19,YUNSA,5.15,24156858.0,124332383.0,2,2025-03-19 11:00,6.97,4.02,-13.49,-13.49,4.02,-20.95,-4.88,-13.49,-7.75,-5.74,-16.93,-15.21,-10.33,-20.95,-16.64,-13.63,-17.07,-15.49
2025-08-21,YUNSA,5.81,63038515.0,366338814.0,2,2025-08-21 11:00,7.41,2.43,-1.08,2.43,19.97,-1.89,9.85,-1.89,0.54,9.18,0.67,3.24,3.78,-0.54,0.13,19.97,11.34,11.74
2025-11-10,YUNSA,5.33,72405751.0,386270869.0,2,2025-11-10 11:00,9.47,1.48,-6.23,-3.8,1.48,-13.41,-2.96,-13.41,-7.71,0.21,-9.82,-6.02,-4.65,-11.72,-10.24,-4.65,-8.66,-5.07
2025-02-10,YYAPI,6.68,40573752.0,271027833.0,2,2025-02-10 11:00,0.996,0.64,-5.73,-3.82,13.38,-7.01,5.73,-7.01,5.73,13.38,7.01,8.92,7.64,-0.64,0.0,9.55,3.82,4.46
2026-01-16,YYLGD,5.1,55710907.0,284385941.0,3,2026-01-16 12:00,12.47,1.84,-3.77,-1.28,11.47,-4.41,-0.32,-4.41,-3.93,5.61,-4.09,5.61,11.47,3.53,5.77,6.42,2.73,3.85
2025-05-12,ZEDUR,5.35,6956844.0,37224142.0,1,2025-05-12 10:00,8.06,0.0,-6.7,0.0,23.95,-6.7,9.93,2.48,9.93,15.63,1.86,5.21,15.63,6.58,15.63,12.9,2.36,2.98
2025-05-13,ZEDUR,10.13,8680602.0,87929927.0,1,2025-05-13 10:00,8.86,0.0,-6.77,0.0,12.75,-7.34,5.19,-7.34,-4.29,5.19,-3.05,5.19,12.75,2.71,2.71,1.13,-7.0,-4.06
2025-05-14,ZEDUR,6.36,12922679.0,82126835.0,1,2025-05-14 10:00,8.35,11.62,-1.68,1.56,19.64,-1.68,11.62,2.87,11.62,19.64,8.98,8.98,8.98,-1.2,-0.6,4.19,-0.72,0.24
2026-04-09,ZERGY,6.01,101550954.0,609878260.0,3,2026-04-09 12:00,26.12,0.23,-2.83,-0.77,6.36,-24.27,6.36,-10.64,-10.64,-8.58,-19.53,-18.07,-13.86,-17.84,-16.31,-16.77,-24.27,-19.68
2026-05-26,ZRGYO,5.33,27912326.0,148890516.0,3,2026-05-26 12:30,16.39,0.0,0.0,0.0,10.31,-9.82,0.49,-9.82,-4.94,0.24,-4.88,-0.67,9.21,-0.43,4.03,5.06,2.5,3.17
2026-06-01,ZRGYO,6.35,33755891.0,214186317.0,1,2026-06-01 10:00,14.98,9.95,-1.34,4.01,20.69,-1.34,9.68,4.07,8.68,19.49,8.95,13.82,20.69,11.21,13.15,14.35,12.28,12.88
