tarih,hisse,kat,baseline_tl,kum_ciro_tl,tetik_bar,tetik_saat,giris,mfe_gun_kalan_%,mae_gun_kalan_%,kapanis_gun_%,mfe_5g_%,mae_5g_%,mfe_t1,mae_t1,kapanis_t1,mfe_t2,mae_t2,kapanis_t2,mfe_t3,mae_t3,kapanis_t3,mfe_t5,mae_t5,kapanis_t5
2025-03-04,A1CAP,5.23,20768666.0,108700460.0,1,2025-03-04 10:00,4.64,2.37,-3.66,-2.37,11.21,-3.66,5.17,-3.02,-2.37,2.8,-3.02,2.59,7.33,2.8,6.68,11.21,6.68,10.13
2025-05-15,A1CAP,10.94,44721098.0,489168103.0,1,2025-05-15 10:00,6.62,4.38,-4.83,-3.32,27.34,-4.83,6.34,-3.17,6.34,16.92,7.25,16.92,27.34,11.33,11.33,12.54,2.11,3.78
2025-05-21,A1CAP,5.18,127144031.0,659140561.0,2,2025-05-21 11:00,7.87,7.12,-6.35,-6.35,7.12,-21.35,-1.78,-12.2,-11.56,-5.34,-14.1,-12.71,-8.77,-15.5,-15.37,-17.66,-21.35,-17.92
2024-10-22,A1YEN,4.56,35421240.0,161464049.0,3,2024-10-22 12:00,2.4145,2.89,-3.19,-2.43,2.89,-5.39,1.44,-5.09,-5.09,-3.11,-4.71,-4.25,-3.87,-5.39,-4.18,1.59,-2.51,-0.15
2026-01-13,A1YEN,4.94,39508348.0,195322250.0,1,2026-01-13 10:00,3.1295,2.52,-2.05,0.23,2.52,-9.55,-0.35,-8.67,-7.85,-3.1,-9.55,-8.32,-6.03,-8.44,-7.44,-5.74,-9.49,-9.43
2024-09-06,ACSEL,6.23,17767816.0,110645852.0,1,2024-09-06 10:00,126.4,2.85,-7.12,2.85,13.13,-7.12,13.13,0.79,2.14,10.52,-3.56,2.85,8.23,-1.19,0.08,-1.11,-4.27,-2.29
2024-09-09,ACSEL,4.18,25950156.0,108503560.0,1,2024-09-09 10:00,141.6,0.99,-10.03,-8.83,0.99,-16.45,-1.34,-13.91,-8.19,-3.39,-11.79,-10.66,-7.34,-16.45,-13.14,-11.44,-14.9,-14.76
2024-12-10,ACSEL,6.28,17117770.0,107522244.0,1,2024-12-10 10:00,135.8,1.1,-7.14,-3.9,5.15,-8.39,1.62,-8.39,-6.11,-2.14,-7.66,-7.44,0.96,-7.36,-2.06,2.36,-3.46,-2.21
2025-03-10,ACSEL,4.39,10837926.0,47608826.0,3,2025-03-10 12:00,117.4,0.0,-0.6,0.0,3.66,-6.05,3.66,-4.43,-3.41,-2.56,-6.05,-3.92,-2.39,-4.43,-3.07,1.19,-3.75,-1.96
2025-07-18,ACSEL,5.32,16466389.0,87594008.0,1,2025-07-18 10:00,117.5,5.19,-3.32,-3.15,5.19,-7.4,0.26,-3.91,-3.15,-0.34,-4.0,-3.49,-2.89,-5.36,-5.11,-6.04,-7.4,-7.32
2026-01-05,ACSEL,4.27,13754323.0,58699628.0,2,2026-01-05 11:00,105.5,2.27,-2.84,-2.56,3.7,-5.12,3.7,-2.56,-1.42,1.42,-3.98,-3.98,-2.46,-5.12,-3.6,-1.61,-3.98,-3.7
2026-05-05,ACSEL,6.63,39619422.0,262788856.0,3,2026-05-05 12:00,140.2,4.07,-5.28,-4.07,9.84,-7.28,-0.78,-7.28,-4.56,3.07,-4.42,-0.93,2.28,-3.42,-1.0,9.84,-3.14,9.84
2025-03-12,ADEL,4.96,94149227.0,466771453.0,2,2025-03-12 11:00,40.86,6.85,-7.73,-7.73,6.85,-25.6,-7.73,-16.94,-16.94,-12.78,-16.79,-15.12,-12.14,-18.11,-17.57,-18.99,-25.6,-25.6
2025-08-06,ADEL,4.39,92675712.0,407228930.0,1,2025-08-06 10:00,39.34,6.15,-8.44,-8.34,6.15,-8.69,0.36,-8.44,-0.86,1.37,-5.34,-3.97,0.66,-5.39,-3.76,-3.61,-8.08,-7.12
2026-04-01,ADEL,5.92,82222553.0,486921023.0,2,2026-04-01 11:00,43.02,1.26,-3.53,-3.53,17.27,-7.02,4.74,-2.32,2.7,12.92,-0.05,12.92,17.27,7.53,8.6,1.49,-7.02,-3.35
2024-09-27,ADESE,4.74,61920963.0,293667401.0,1,2024-09-27 10:00,0.43,0.47,-2.79,0.47,6.05,-11.63,6.05,-2.33,-1.86,1.86,-7.44,-6.51,-6.98,-11.63,-11.16,-8.84,-11.16,-8.84
2025-04-30,ADESE,4.08,87035611.0,355093930.0,3,2025-04-30 12:00,0.452,12.39,-0.44,7.08,34.51,-0.44,17.7,6.19,17.7,26.55,16.37,22.12,26.55,15.93,17.7,34.51,16.37,18.14
2026-02-25,ADGYO,4.48,95379272.0,427507730.0,0,2026-02-25 09:00,55.05,3.91,-8.54,-6.54,4.45,-9.9,-2.0,-9.39,-3.0,4.45,-3.63,-2.0,-2.18,-9.9,-3.54,-3.91,-7.36,-5.45
2025-09-26,AGESA,4.32,44442147.0,191849002.0,2,2025-09-26 11:00,177.9,3.43,-0.34,2.81,5.9,-1.85,5.9,-1.07,-0.84,3.43,-1.85,3.43,3.71,0.45,2.42,4.83,0.9,3.37
2024-11-07,AGYO,7.14,10750302.0,76754630.0,3,2024-11-07 12:00,7.87,0.13,-4.57,0.13,14.36,-4.57,9.66,1.78,7.12,14.36,2.29,10.04,13.85,6.23,7.37,8.01,3.56,4.32
2024-11-08,AGYO,4.48,15578330.0,69841838.0,2,2024-11-08 11:00,8.54,1.05,-1.99,-1.29,5.39,-5.74,5.39,-5.74,1.41,4.92,-2.11,-1.05,0.59,-5.04,-5.04,-0.35,-4.68,-3.4
2026-03-04,AHSGY,4.58,45460000.0,208412074.0,2,2026-03-04 11:00,22.06,11.24,-4.44,1.09,11.24,-12.69,4.26,-4.9,-4.9,-1.27,-11.6,-10.06,-6.17,-12.69,-12.06,-7.52,-11.88,-10.74
2026-05-06,AHSGY,4.05,73165080.0,296184143.0,3,2026-05-06 12:00,22.6,1.33,-5.49,-4.78,13.72,-7.08,-1.06,-5.04,-4.69,0.88,-7.08,-0.62,5.66,1.15,3.72,10.62,-2.04,-2.04
2025-02-17,AKCNS,5.38,130944766.0,703987343.0,3,2025-02-17 12:00,188.4,2.92,0.0,0.0,2.92,-10.3,-1.49,-5.04,-2.55,-2.18,-6.05,-4.46,-3.34,-4.67,-4.56,-5.36,-7.96,-6.05
2026-01-29,AKCNS,6.13,105954576.0,649038360.0,1,2026-01-29 10:00,194.7,5.29,-2.67,-2.26,5.29,-5.96,1.75,-5.96,-0.26,2.82,-3.8,-0.1,3.54,-3.34,-1.39,1.34,-2.52,0.0
2024-08-14,AKENR,4.23,191166251.0,808861907.0,2,2024-08-14 11:00,14.09,3.97,-3.48,-2.06,9.65,-10.57,-1.28,-10.57,-7.88,1.28,-8.8,-5.89,3.48,-8.52,3.48,4.61,-2.77,-2.34
2024-12-31,AKENR,4.77,123252413.0,588000007.0,1,2024-12-31 10:00,13.66,6.15,-3.51,-3.51,8.35,-10.47,1.61,-7.69,-7.32,-4.03,-10.47,-7.76,1.46,-7.69,1.46,5.64,0.73,2.49
2025-05-06,AKENR,7.07,58621573.0,414264338.0,1,2025-05-06 10:00,11.5,2.35,-3.3,2.35,21.65,-8.87,11.3,-6.0,-5.65,3.74,-8.87,3.74,14.09,4.87,14.09,18.87,9.91,11.74
2025-05-07,AKENR,4.12,91113752.0,375503559.0,2,2025-05-07 11:00,12.62,0.63,-14.34,-14.03,10.86,-16.96,-5.47,-16.96,-5.47,3.96,-4.44,3.96,10.86,0.55,5.78,1.74,-3.01,-3.01
2025-11-05,AKENR,4.15,109347309.0,454220689.0,2,2025-11-05 11:00,11.84,2.36,-5.07,-4.98,2.36,-17.06,-3.04,-6.17,-4.56,-5.83,-10.98,-10.98,-9.97,-13.6,-13.18,-14.19,-15.71,-15.2
2026-05-11,AKENR,4.55,112103285.0,510486721.0,3,2026-05-11 12:00,12.55,1.04,-3.51,-2.71,19.36,-4.38,7.01,-4.38,7.01,17.69,8.53,10.36,18.73,6.77,14.58,11.16,0.32,0.32
2026-05-13,AKENR,4.6,161094829.0,740864496.0,1,2026-05-13 10:00,14.36,2.86,-5.15,-3.55,4.32,-24.03,3.76,-6.69,0.14,4.32,-5.08,-5.08,-2.86,-12.33,-12.33,-14.42,-24.03,-23.12
2025-05-27,AKFIS,4.49,140207030.0,629990403.0,1,2025-05-27 10:00,22.36,8.23,-3.58,-2.15,15.92,-6.62,6.8,-2.95,0.54,1.97,-4.47,-4.11,5.46,-6.62,5.46,9.03,1.7,1.88
2026-02-16,AKFIS,5.25,81261671.0,426755846.0,2,2026-02-16 11:00,27.86,0.29,-4.24,0.29,31.87,-4.24,10.27,2.3,10.27,21.25,8.76,21.25,31.87,11.84,26.35,10.77,2.37,2.37
2026-02-19,AKFIS,4.46,180966594.0,807778268.0,3,2026-02-19 12:00,35.2,4.37,-3.69,0.0,4.37,-32.33,-0.06,-10.0,-10.0,-12.33,-18.98,-18.98,-17.39,-26.99,-25.97,-24.6,-30.51,-27.33
2026-02-02,AKFYE,5.16,73526316.0,379547631.0,3,2026-02-02 12:00,20.08,2.39,-3.44,2.39,8.76,-6.37,7.07,-0.9,4.68,8.76,4.18,5.58,5.98,1.39,2.09,-3.59,-5.58,-4.33
2026-03-24,AKMGY,4.04,5737707.0,23168111.0,3,2026-03-24 12:00,257.0,4.09,-5.49,3.99,14.2,-5.49,13.72,-1.17,10.51,13.72,3.89,11.67,11.58,5.45,7.2,14.2,3.11,10.89
2026-04-07,AKMGY,4.15,20850637.0,86497366.0,3,2026-04-07 12:00,331.5,1.28,-10.71,-8.3,3.02,-10.71,-3.54,-9.58,-7.16,-3.09,-8.3,-8.14,-5.28,-8.9,-6.33,3.02,-3.09,-2.11
2025-02-26,AKSUE,4.16,3652693.0,15179210.0,3,2025-02-26 12:00,11.53,6.85,-0.17,6.59,10.58,-0.17,8.5,1.47,7.98,9.19,4.25,8.85,10.23,5.2,9.19,10.58,5.29,9.28
2025-12-22,AKSUE,5.61,5318845.0,29837566.0,1,2025-12-22 10:00,20.58,0.0,-6.85,0.0,16.62,-11.32,3.01,-8.26,-8.26,0.87,-11.32,0.87,10.88,2.04,10.88,9.33,2.04,5.44
2025-12-25,AKSUE,4.43,10471368.0,46392686.0,1,2025-12-25 10:00,22.82,0.0,-7.98,0.0,15.25,-8.85,5.17,-5.78,-0.96,-1.4,-7.98,-4.91,4.56,-8.85,4.56,15.25,2.54,6.4
2026-02-26,AKSUE,4.11,35969663.0,147995032.0,2,2026-02-26 11:00,25.5,1.41,-5.88,-3.84,11.76,-5.88,1.1,-5.1,0.31,8.71,-5.1,3.69,5.57,-2.9,4.08,10.98,0.0,4.86
2024-10-30,ALCTL,5.21,53807312.0,280544074.0,2,2024-10-30 11:00,126.4,0.71,-4.35,-3.16,0.71,-10.21,-0.63,-5.7,-5.14,-1.66,-7.75,-6.41,-4.75,-10.13,-9.81,-5.62,-8.62,-7.75
2025-08-12,ALCTL,4.24,42105515.0,178532250.0,2,2025-08-12 11:00,114.4,2.01,0.0,0.0,2.01,-7.78,-2.97,-6.29,-5.59,-4.81,-7.78,-7.78,-5.68,-7.52,-6.73,-2.36,-3.93,-3.76
2025-11-03,ALCTL,13.92,38721928.0,538988607.0,1,2025-11-03 10:00,127.0,7.01,-3.86,-2.6,7.09,-7.56,7.09,-5.67,7.09,6.22,-1.26,-1.26,1.1,-2.91,-0.39,-4.65,-7.56,-5.91
2025-12-10,ALKA,4.0,58533020.0,234156681.0,3,2025-12-10 12:00,10.34,2.03,-4.26,-3.97,29.98,-8.03,-2.9,-8.03,-8.03,0.29,-7.54,-2.13,7.64,-2.51,7.64,29.98,15.09,26.4
2025-09-29,ALKIM,4.76,94195442.0,448570257.0,1,2025-09-29 10:00,23.88,6.11,-9.38,-8.88,6.11,-14.66,-7.54,-12.06,-11.39,-8.38,-14.66,-9.13,-0.08,-9.38,-0.08,-7.04,-12.9,-12.73
2025-02-12,ALKLC,4.21,209072171.0,880728586.0,3,2025-02-12 12:00,31.4,5.8,-6.05,-4.9,5.8,-6.05,1.02,-5.16,-0.57,2.48,-4.9,-4.01,-1.97,-4.71,-3.06,-1.27,-4.71,-4.39
2025-08-07,ALKLC,5.0,145011831.0,724521525.0,1,2025-08-07 10:00,77.8,1.22,-3.47,1.03,9.9,-17.16,9.9,-2.31,5.4,7.01,0.0,0.0,2.06,-9.96,-9.96,-8.55,-15.42,-11.18
2026-01-29,ALVES,4.41,406222739.0,1792140477.0,2,2026-01-29 11:00,4.45,5.17,-2.02,5.17,5.17,-14.61,1.12,-5.17,-5.17,-7.42,-14.61,-14.61,-6.07,-12.13,-6.07,-6.74,-13.48,-11.91
2024-07-25,ANELE,6.07,13353653.0,81085500.0,1,2024-07-25 10:00,14.58,8.64,-3.98,8.64,19.48,-3.98,19.48,8.64,10.91,10.84,2.67,3.64,12.62,2.88,9.6,16.6,9.6,13.92
2024-07-26,ANELE,6.14,21361666.0,131264610.0,1,2024-07-26 10:00,16.1,8.2,-1.61,0.43,8.2,-7.02,0.37,-7.02,-6.15,1.99,-6.83,-0.75,8.07,-4.78,0.62,6.71,0.68,1.68
2024-09-30,ANELE,5.23,18312588.0,95707403.0,2,2024-09-30 11:00,14.57,1.37,-3.43,1.37,1.37,-13.59,1.3,-8.72,-8.65,-8.85,-13.59,-12.83,-7.89,-12.83,-11.46,-3.02,-11.94,-6.59
2024-12-17,ANELE,4.14,22784960.0,94374105.0,3,2024-12-17 12:00,16.99,0.06,-7.0,-6.95,0.06,-12.3,-4.59,-11.42,-10.12,-5.3,-11.12,-9.95,-4.0,-9.42,-6.42,-7.24,-12.3,-9.95
2025-07-29,ANELE,7.14,23647082.0,168914685.0,1,2025-07-29 10:00,21.32,6.38,-1.5,0.28,6.38,-8.07,0.0,-8.07,-6.66,-0.56,-7.13,-6.0,3.38,-6.8,-3.94,-0.19,-4.69,-4.41
2026-01-12,ANELE,4.83,18122519.0,87570076.0,2,2026-01-12 11:00,18.64,1.93,-6.12,-5.58,1.93,-11.96,-5.53,-10.25,-9.07,-7.73,-11.48,-11.11,-6.65,-11.96,-8.21,-7.3,-10.03,-10.03
2026-04-01,ANELE,7.9,14075599.0,111206409.0,1,2026-04-01 10:00,15.02,6.39,-3.6,5.93,32.69,-3.6,16.38,3.86,10.32,19.77,8.72,16.84,28.5,14.98,24.3,29.63,16.51,19.17
2026-04-02,ANELE,4.04,20990804.0,84761126.0,3,2026-04-02 12:00,16.77,1.61,-2.92,-1.19,18.84,-2.92,7.27,-2.62,4.65,15.09,2.98,11.33,18.84,3.7,5.55,17.41,2.33,17.41
2024-08-15,ANGEN,6.3,42152231.0,265393525.0,3,2024-08-15 12:00,13.78,7.33,0.0,7.33,37.88,0.0,18.0,2.39,18.0,29.75,16.4,29.75,37.88,16.84,16.84,15.6,1.31,15.6
2024-08-19,ANGEN,4.23,95862312.0,405451479.0,2,2024-08-19 11:00,17.64,1.36,-3.34,1.36,7.71,-20.86,7.71,-8.73,-8.73,-7.71,-17.86,-17.86,-9.69,-20.86,-9.69,1.3,-11.96,-11.96
2024-08-20,ANGEN,4.51,129626272.0,584371852.0,3,2024-08-20 12:00,16.59,6.03,-2.95,-2.95,7.72,-15.85,-1.87,-12.66,-12.66,-3.98,-15.85,-3.98,5.61,-4.16,2.05,-1.33,-10.79,-10.19
2025-01-07,ANGEN,5.56,77320180.0,429583204.0,2,2025-01-07 11:00,14.16,6.29,-1.77,3.88,16.17,-4.66,12.22,0.56,3.81,4.66,-0.78,-0.49,1.55,-4.66,-3.95,16.17,1.55,2.12
2025-01-08,ANGEN,5.5,117284511.0,644960746.0,3,2025-01-08 12:00,15.73,1.02,-6.55,-6.55,4.58,-14.18,-5.79,-10.68,-10.43,-8.58,-14.18,-13.54,-4.9,-11.95,-4.9,-5.4,-12.27,-10.68
2025-09-30,ANGEN,4.16,69856116.0,290417053.0,3,2025-09-30 12:00,12.7,3.46,-4.72,-4.17,12.76,-4.8,-2.05,-4.8,-3.94,5.35,-3.07,0.16,8.98,-0.87,8.98,5.91,-1.26,1.65
2026-01-26,ANGEN,4.43,17992022.0,79633195.0,1,2026-01-26 10:00,11.96,3.43,-3.01,0.25,3.43,-5.35,1.51,-1.67,-1.42,-1.42,-3.85,-3.51,-1.51,-4.01,-2.42,-2.34,-5.35,-3.6
2026-05-07,ANGEN,4.22,20194718.0,85136411.0,3,2026-05-07 12:00,12.16,1.15,-2.14,0.0,31.58,-2.14,9.95,2.8,9.95,20.89,11.84,20.89,31.58,8.8,8.96,26.64,14.39,14.8
2026-05-08,ANGEN,4.69,26131263.0,122623437.0,1,2026-05-08 10:00,13.37,0.0,-6.51,0.0,19.67,-6.51,9.95,1.72,9.95,19.67,-1.05,-0.9,8.98,-4.19,8.98,4.79,-4.86,-3.89
2026-05-11,ANGEN,7.04,31967582.0,225100264.0,1,2026-05-11 10:00,14.3,2.8,-4.9,2.8,11.89,-13.78,11.89,-7.48,-7.34,1.89,-10.42,1.89,7.69,-2.73,-2.38,-3.22,-13.78,-13.64
2026-05-12,ANGEN,5.7,56386009.0,321239390.0,1,2026-05-12 10:00,15.16,5.54,-12.73,-12.6,5.54,-23.09,-3.89,-15.5,-3.89,1.58,-8.25,-7.92,-7.59,-16.09,-15.24,-15.57,-23.09,-22.49
2025-11-07,ARASE,4.94,19785853.0,97761773.0,2,2025-11-07 11:00,61.15,3.92,-0.98,3.11,5.97,-8.42,5.97,-1.06,-0.25,1.06,-7.44,-2.7,-0.49,-6.21,-4.25,-5.89,-8.42,-7.03
2024-07-02,ARENA,4.09,28863567.0,118096673.0,3,2024-07-02 12:00,45.96,3.26,-3.13,3.26,8.49,-4.61,4.13,-3.39,-3.18,5.13,-4.61,2.74,3.35,-1.04,0.35,8.36,4.0,7.35
2024-12-11,ARENA,4.06,36436527.0,147912339.0,1,2024-12-11 10:00,32.54,1.48,-8.6,-6.15,1.48,-11.25,-1.23,-8.24,-7.81,-3.81,-8.36,-7.81,-6.64,-11.25,-7.5,-0.86,-11.19,-3.07
2026-05-18,ARMGD,5.17,90872338.0,469584831.0,1,2026-05-18 10:00,129.2,9.67,-9.75,-2.79,9.67,-14.32,6.89,-12.46,-9.83,-2.86,-14.32,-12.93,-4.26,-13.85,-4.26,2.86,-0.85,1.63
2025-08-27,ARSAN,4.07,40532468.0,164975880.0,3,2025-08-27 12:00,3.19,3.13,-2.82,0.31,3.13,-13.17,1.57,-5.96,-5.02,-4.08,-9.4,-8.46,-3.45,-8.78,-8.46,-9.09,-11.29,-9.72
2025-12-05,ARSAN,4.07,42877065.0,174473000.0,3,2025-12-05 12:00,3.23,0.62,-2.48,0.62,7.74,-3.41,6.19,-3.41,-2.17,0.93,-3.41,-1.24,7.74,-2.48,2.79,0.93,-3.41,-2.48
2024-11-14,ARTMS,4.15,45052295.0,186876244.0,2,2024-11-14 11:00,36.26,4.19,0.0,0.0,4.19,-12.02,0.94,-5.35,-3.03,-1.77,-5.13,-4.8,-4.47,-11.2,-9.71,-9.65,-12.02,-11.2
2025-03-04,ARTMS,4.1,36191808.0,148354155.0,3,2025-03-04 12:00,32.66,5.76,-0.12,2.94,7.72,-11.7,7.72,-7.35,-7.35,-6.12,-11.7,-9.37,-8.14,-11.39,-10.17,-4.41,-7.53,-7.41
2025-10-07,ARTMS,4.42,61559493.0,271797031.0,2,2025-10-07 11:00,44.6,0.9,-5.96,-5.16,16.48,-12.02,-0.4,-6.28,-4.3,-3.72,-12.02,-9.87,-0.85,-11.21,-0.85,16.48,4.71,7.17
2025-09-12,ARZUM,4.4,74439975.0,327353394.0,3,2025-09-12 12:00,3.21,0.0,-1.25,0.0,4.98,-8.1,4.98,-8.1,-3.12,-0.31,-6.23,-5.3,-4.05,-7.17,-6.85,0.31,-6.54,-4.98
2025-09-15,ARZUM,4.33,93258756.0,404015833.0,3,2025-09-15 12:00,3.24,1.23,-4.63,-4.01,1.23,-8.02,-1.23,-7.1,-6.17,-4.94,-8.02,-7.72,1.23,-7.41,-2.78,-3.7,-6.48,-5.56
2025-10-13,ARZUM,4.25,143500404.0,609907761.0,3,2025-10-13 12:00,3.38,3.55,-3.25,-3.25,3.55,-15.38,1.78,-8.28,-8.28,-2.37,-10.06,-8.88,-7.69,-13.02,-13.02,-9.76,-12.43,-10.95
2026-01-30,ARZUM,4.03,30898598.0,124436593.0,2,2026-01-30 11:00,2.57,1.56,-2.33,-1.17,6.61,-7.0,2.33,-4.67,-2.33,-2.33,-7.0,-4.67,1.17,-6.61,-3.5,6.61,-0.39,0.39
2026-04-06,ARZUM,4.75,78855610.0,374291744.0,1,2026-04-06 10:00,3.28,8.84,-4.27,0.3,9.15,-4.27,3.66,-3.96,-3.35,1.83,-3.35,0.3,8.84,-0.61,4.27,3.66,-2.44,-0.3
2026-04-17,ARZUM,4.32,167835782.0,724645783.0,3,2026-04-17 12:00,2.92,2.4,-0.68,-0.68,2.4,-8.9,0.34,-8.9,-3.77,-2.4,-6.16,-5.14,-3.42,-6.51,-6.16,-3.42,-7.19,-5.14
2026-05-04,ASGYO,6.29,36590781.0,230066223.0,1,2026-05-04 10:00,13.15,3.35,-2.89,-2.89,3.35,-7.68,-2.36,-6.24,-6.01,-5.1,-7.68,-7.38,-4.03,-7.3,-5.25,-1.83,-5.86,-3.19
2025-07-22,ASUZU,5.17,42255088.0,218630858.0,1,2025-07-22 10:00,65.8,1.22,-4.26,-3.5,1.44,-5.7,-0.84,-4.64,-3.12,1.44,-3.88,0.0,0.3,-3.27,-3.04,-2.96,-5.7,-5.55
2024-10-31,ATAGY,4.01,13597775.0,54564686.0,2,2024-10-31 11:00,12.87,0.23,-5.83,-1.17,6.37,-5.91,4.66,-5.91,-0.93,1.63,-4.82,-0.93,6.37,-5.83,-1.4,-1.86,-5.21,-5.13
2024-12-06,ATAGY,6.17,23045460.0,142221731.0,2,2024-12-06 11:00,12.4,0.65,-5.48,-4.6,0.65,-9.76,-3.71,-7.1,-5.73,-3.87,-6.85,-6.85,-5.97,-9.68,-9.52,-5.81,-8.87,-6.53
2025-05-09,ATAGY,4.26,3367621.0,14335556.0,2,2025-05-09 11:00,11.81,1.1,-5.59,-2.54,5.33,-7.11,-0.68,-7.11,-1.35,-1.35,-6.86,-2.12,-1.35,-5.59,-1.69,5.33,-0.42,2.62
2025-11-19,ATAGY,4.37,3524328.0,15393184.0,1,2025-11-19 10:00,15.47,0.13,-8.21,0.13,4.07,-14.03,4.07,-4.07,-3.81,-3.81,-9.5,-9.5,-8.53,-12.73,-11.76,-12.41,-14.03,-14.03
2025-12-29,ATAGY,4.04,4274821.0,17250927.0,3,2025-12-29 12:00,17.48,0.4,-2.63,0.4,5.72,-17.62,5.72,-9.5,-4.81,-3.89,-11.96,-11.44,-9.21,-14.24,-13.33,-14.82,-17.62,-16.48
2026-01-15,ATAKP,4.28,43970963.0,188273426.0,3,2026-01-15 12:00,60.65,1.32,-4.12,-3.63,3.54,-4.37,2.47,-4.37,-2.23,1.15,-2.89,-2.56,2.14,-4.37,-1.32,3.54,-3.87,3.3
2024-11-01,ATATP,6.49,38425142.0,249398566.0,2,2024-11-01 11:00,92.15,6.24,-3.04,-2.33,6.24,-12.21,-2.55,-8.79,-8.19,-7.6,-12.21,-12.1,-6.08,-10.58,-10.36,0.38,-4.5,-2.6
2025-08-19,ATATP,6.34,76129018.0,482771333.0,1,2025-08-19 10:00,117.6,0.51,-4.51,-1.96,21.6,-4.51,7.82,-1.7,7.82,16.58,8.5,11.05,13.95,5.87,7.14,21.6,8.67,18.96
2024-10-23,ATEKS,6.18,6592975.0,40776449.0,3,2024-10-23 12:00,158.8,1.32,-1.2,1.32,6.74,-2.33,6.74,-1.57,-1.13,5.73,-2.33,1.01,3.9,-0.69,-0.69,4.66,-0.5,2.77
2024-10-24,ATEKS,4.38,8925573.0,39072910.0,3,2024-10-24 12:00,159.3,2.89,-1.88,-1.44,5.4,-2.64,5.4,-2.64,0.69,3.58,-1.0,-1.0,1.95,-1.63,0.13,2.89,-1.38,-0.19
2025-12-18,ATEKS,6.79,570467.0,3874390.0,1,2025-12-18 12:00,90.1,0.0,0.0,0.0,60.82,0.0,9.99,7.44,9.99,20.98,19.87,20.98,33.07,31.96,33.07,60.82,60.82,60.82
2025-12-19,ATEKS,9.41,724803.0,6821118.0,1,2025-12-19 12:00,99.1,0.0,0.0,0.0,60.75,0.0,9.99,8.98,9.99,20.99,19.98,20.99,33.0,33.0,33.0,60.75,60.75,60.75
2025-12-22,ATEKS,4.44,1097744.0,4872289.0,2,2025-12-22 13:00,109.0,0.0,0.0,0.0,58.53,0.0,10.0,9.08,10.0,20.92,20.92,20.92,32.94,32.94,32.94,58.53,58.53,58.53
2025-12-23,ATEKS,4.15,1313258.0,5445913.0,1,2025-12-23 12:00,119.9,0.0,0.0,0.0,44.12,0.0,9.92,9.92,9.92,20.85,20.85,20.85,32.86,32.86,32.86,29.77,29.77,29.77
2025-12-26,ATEKS,4.7,1892684.0,8891807.0,1,2025-12-26 12:00,159.3,0.0,0.0,0.0,8.47,-19.59,8.47,8.47,8.47,-2.32,-2.32,-2.32,-12.05,-12.05,-12.05,-19.21,-19.21,-19.21
2026-01-06,ATEKS,4.13,2983118.0,12327832.0,0,2026-01-06 09:00,128.1,11.63,0.0,11.63,11.63,-19.52,0.47,0.47,0.47,-2.5,-9.52,-9.52,-7.88,-12.49,-10.62,-11.48,-19.36,-11.48
2025-12-18,ATLAS,4.06,3704404.0,15034813.0,2,2025-12-18 11:00,6.49,3.54,-4.47,2.62,3.54,-10.32,1.23,-4.16,-1.69,2.0,-7.55,-3.7,-4.62,-10.32,-7.7,-6.32,-8.78,-8.17
2026-01-30,ATLAS,5.06,6538209.0,33059722.0,2,2026-01-30 11:00,8.87,0.0,-4.28,0.0,23.22,-4.28,9.92,-2.82,9.58,17.7,-0.68,14.88,23.22,5.3,13.08,6.88,-2.48,2.25
2026-02-02,ATLAS,4.26,8310254.0,35435047.0,2,2026-02-02 11:00,9.05,7.73,-4.75,7.4,20.77,-6.08,15.36,-2.65,12.6,20.77,3.2,10.83,9.94,4.09,5.64,10.17,-6.08,10.17
2024-07-24,ATSYH,4.08,2071782.0,8453697.0,1,2024-07-24 12:00,59.0,0.0,0.0,0.0,22.71,0.0,10.0,10.0,10.0,16.61,10.0,10.0,3.39,1.53,1.53,22.71,22.71,22.71
2024-07-26,ATSYH,4.35,3054646.0,13299484.0,1,2024-07-26 13:00,65.0,0.0,-0.15,-0.15,34.69,-7.85,-6.15,-7.85,-7.85,1.31,1.31,1.31,11.38,11.38,11.38,34.69,33.85,33.85
2024-08-02,ATSYH,5.26,5002394.0,26301421.0,0,2024-08-02 09:00,87.55,0.0,-0.63,-0.63,19.25,-4.68,-0.69,-1.37,-1.37,8.45,6.17,8.45,19.25,5.88,5.88,16.85,16.39,16.85
2024-08-06,ATSYH,4.25,8806561.0,37458639.0,3,2024-08-06 17:00,94.95,0.0,0.0,0.0,19.33,-12.11,9.95,-2.37,-2.37,-2.05,-12.11,-2.05,7.74,7.32,7.74,19.33,10.58,19.33
2025-02-10,ATSYH,4.04,1658070.0,6700449.0,3,2025-02-10 17:00,50.6,0.0,0.0,0.0,16.6,0.0,9.98,4.45,9.98,16.5,10.47,13.64,6.72,2.27,6.72,16.6,10.38,12.65
2025-02-11,ATSYH,4.81,1933899.0,9304239.0,3,2025-02-11 17:00,55.65,0.0,0.0,0.0,6.02,-7.01,5.93,0.45,3.32,-2.96,-7.01,-2.96,-0.09,-3.68,-0.09,6.02,3.77,6.02
2025-04-04,ATSYH,4.87,1955228.0,9513036.0,3,2025-04-04 17:00,52.9,0.0,0.0,0.0,3.97,-12.78,3.97,0.0,0.0,0.0,-2.08,-2.08,-3.59,-10.32,-9.57,-9.26,-12.78,-12.78
2025-03-12,AVGYO,4.88,1371749.0,6693965.0,2,2025-03-12 11:00,8.25,0.61,-1.82,-0.97,0.61,-15.76,0.48,-5.33,-3.27,-3.27,-4.85,-4.12,-3.52,-6.18,-5.09,-9.09,-15.76,-11.27
2025-10-03,AVGYO,8.46,7209140.0,60994256.0,2,2025-10-03 11:00,16.2,1.85,-4.14,1.54,22.78,-9.44,11.67,3.7,11.67,22.78,0.56,0.56,10.56,-9.44,10.56,13.52,4.75,7.16
2025-10-06,AVGYO,4.65,13016931.0,60506591.0,2,2025-10-06 11:00,18.09,0.0,-1.66,0.0,9.95,-18.91,9.95,-9.95,-9.95,-1.0,-18.91,-1.0,7.96,-7.02,0.77,5.47,-8.79,-4.37
2025-10-07,AVGYO,4.54,16515727.0,74949225.0,1,2025-10-07 10:00,19.27,3.22,-15.46,-15.46,3.22,-23.87,-7.06,-23.87,-7.06,1.35,-12.71,-5.4,-4.57,-11.94,-9.91,-7.37,-12.97,-12.14
2025-10-08,AVGYO,4.55,25598701.0,116417999.0,1,2025-10-08 10:00,17.91,0.0,-18.09,0.0,9.05,-18.09,9.05,-6.09,1.79,2.68,-5.25,-3.07,6.53,-7.87,-3.41,-3.18,-8.43,-5.92
2025-12-18,AVGYO,5.2,14828098.0,77131247.0,1,2025-12-18 10:00,12.84,1.95,-6.0,-6.0,2.1,-25.08,2.1,-10.36,-8.96,-7.94,-17.99,-17.99,-18.93,-25.08,-21.57,-19.08,-23.68,-23.6
2024-06-28,AVHOL,5.31,31691806.0,168315454.0,1,2024-06-28 10:00,38.6,1.81,-4.92,1.81,10.1,-6.42,10.1,-5.85,3.11,9.64,1.71,2.75,2.07,-4.66,-4.66,-1.61,-6.42,-6.37
2024-11-12,AVHOL,6.04,21151834.0,127721434.0,1,2024-11-12 10:00,37.8,0.37,-10.58,-1.59,19.95,-10.58,8.1,-2.06,4.55,14.44,0.53,10.74,17.72,6.14,15.45,13.76,5.87,8.36
2025-01-08,AVHOL,5.38,26559432.0,143006749.0,1,2025-01-08 10:00,38.34,2.76,-2.09,0.68,2.76,-8.56,2.71,-4.59,-4.12,-2.92,-6.62,-4.54,-0.37,-5.74,-5.69,-5.89,-8.56,-8.29
2025-03-05,AVHOL,4.23,46401740.0,196182047.0,2,2025-03-05 11:00,35.7,3.36,-2.18,-1.62,13.45,-2.35,1.68,-2.35,0.34,7.79,-0.78,3.98,12.61,3.42,9.36,9.92,3.53,4.71
2026-04-27,AVHOL,4.31,36595632.0,157620433.0,3,2026-04-27 12:00,40.3,2.43,-1.34,-0.69,2.43,-5.66,0.25,-4.02,-3.47,0.2,-4.71,-4.57,-2.53,-5.41,-3.28,-4.02,-5.66,-4.67
2024-09-09,AVOD,4.77,19773176.0,94306181.0,2,2024-09-09 11:00,3.42,3.22,-2.92,-1.75,3.22,-11.7,-0.58,-8.48,-8.19,-1.17,-8.19,-6.43,-5.26,-11.7,-9.94,-5.56,-10.23,-10.23
2025-01-13,AVOD,4.99,15085835.0,75230939.0,3,2025-01-13 12:00,3.19,1.25,-1.57,-1.25,18.81,-1.57,5.33,-1.25,4.08,5.96,1.88,5.96,8.78,4.08,8.15,18.81,10.66,15.36
2025-04-16,AVOD,9.26,15762578.0,146011649.0,1,2025-04-16 10:00,3.34,3.29,-8.08,3.29,8.68,-17.66,8.68,-2.69,-0.9,-1.2,-10.78,-10.78,-5.69,-14.37,-12.87,-8.98,-17.66,-8.98
2025-07-22,AVOD,4.37,20159927.0,88168731.0,3,2025-07-22 12:00,3.3,2.73,-3.64,-3.64,5.15,-5.76,2.12,-5.45,-5.45,-0.91,-5.76,-2.12,1.82,-4.55,-2.73,5.15,-0.3,3.03
2026-01-08,AVOD,4.14,22916073.0,94821239.0,1,2026-01-08 10:00,4.03,1.49,-8.19,-5.21,4.96,-8.19,3.72,-7.44,1.74,4.96,-1.49,-1.24,-0.99,-4.47,-2.48,-0.74,-6.45,-0.99
2024-12-04,AVTUR,4.25,20591892.0,87458313.0,1,2024-12-04 10:00,14.0,0.0,-11.07,0.0,32.71,-11.07,9.86,0.29,5.71,16.21,5.14,16.21,23.57,11.07,20.71,27.36,17.86,24.29
2024-12-05,AVTUR,6.31,24921006.0,157250653.0,1,2024-12-05 10:00,14.68,4.77,-4.36,0.82,27.38,-4.36,10.83,0.27,10.83,17.85,5.93,15.12,26.57,15.33,17.98,27.38,15.8,15.8
2025-06-18,AVTUR,4.94,4620608.0,22833575.0,2,2025-06-18 11:00,12.38,1.78,-1.53,1.78,9.94,-10.99,9.94,-7.19,0.24,-0.08,-8.64,-6.38,2.91,-10.99,2.91,-6.38,-10.34,-10.34
2026-03-04,AVTUR,5.05,14374729.0,72614259.0,3,2026-03-04 12:00,19.81,14.59,-1.36,14.18,14.89,-2.98,14.89,3.48,6.51,5.0,-2.98,0.96,11.06,-0.4,11.06,9.84,-1.21,3.79
2025-06-25,AYCES,4.39,12392244.0,54436466.0,3,2025-06-25 12:00,414.0,2.36,-2.36,-1.75,27.54,-2.36,8.03,2.48,8.03,18.78,9.18,18.78,27.54,10.02,15.94,20.47,7.37,14.25
2025-06-27,AYCES,8.69,16767816.0,145641966.0,1,2025-06-27 10:00,467.5,5.19,-3.32,5.19,12.94,-4.92,12.94,-2.57,2.67,8.45,-1.55,-1.39,6.68,-4.92,1.18,1.07,-1.93,-1.6
2025-06-30,AYCES,4.67,28038167.0,130856024.0,1,2025-06-30 10:00,470.5,12.22,-3.19,2.02,12.22,-5.53,7.76,-2.18,-2.02,6.0,-5.53,0.53,3.08,-0.9,-0.43,1.28,-5.1,-3.99
2025-12-04,AYCES,4.44,13707632.0,60803408.0,3,2025-12-04 12:00,423.25,4.08,-1.95,4.08,10.57,-4.13,10.57,-0.3,3.66,4.08,-1.06,-0.3,0.53,-4.13,-2.95,8.56,1.36,2.3
2025-12-05,AYCES,4.15,18422086.0,76369475.0,2,2025-12-05 11:00,437.0,7.09,-3.43,0.4,7.09,-7.15,0.8,-4.18,-3.43,-2.63,-7.15,-6.01,3.38,-6.29,3.38,5.21,-0.34,-0.23
2024-08-23,AYDEM,4.36,59120485.0,258049578.0,2,2024-08-23 11:00,28.04,0.57,-4.07,-3.42,2.35,-11.55,2.35,-3.42,-3.42,-3.07,-9.42,-9.2,-8.35,-11.13,-10.63,-7.56,-9.7,-9.2
2026-03-31,AYEN,4.49,38925240.0,174927354.0,3,2026-03-31 12:00,32.8,2.38,-1.22,2.38,25.91,-2.8,5.0,-2.8,0.85,10.91,1.22,10.91,19.27,4.88,4.88,25.91,9.15,12.32
2026-04-02,AYEN,4.02,60450824.0,243061292.0,3,2026-04-02 12:00,36.38,0.0,-1.04,0.0,13.52,-5.44,7.53,-5.44,-5.44,4.01,-5.11,4.01,13.52,-1.59,1.26,4.45,-2.42,-1.37
2026-04-03,AYEN,4.26,74871069.0,319278029.0,3,2026-04-03 12:00,37.7,1.59,-8.75,-8.75,9.55,-8.75,0.37,-8.44,0.37,9.55,-5.04,-2.28,2.18,-6.58,-1.59,-0.69,-6.63,-4.93
2024-05-07,AYES,5.48,2778683.0,15221216.0,0,2024-05-07 09:00,12.3832,0.0,-11.0,-11.0,6.72,-11.0,-2.1,-10.76,-2.1,6.72,3.72,5.02,1.62,-1.13,-1.13,1.7,-8.9,0.32
2025-06-03,AYES,4.32,1254422.0,5423983.0,1,2025-06-03 12:00,12.29,0.0,0.0,0.0,9.85,-2.36,5.78,0.0,2.6,-1.55,-2.36,-2.36,1.71,-2.36,0.9,3.34,-2.36,-1.14
2025-06-04,AYES,4.5,1498780.0,6747580.0,2,2025-06-04 13:00,13.0,0.0,-3.0,-3.0,3.85,-8.46,-6.92,-7.69,-7.69,-3.85,-7.69,-4.62,3.85,-3.77,-1.92,-7.69,-8.46,-8.23
2024-07-25,AZTEK,4.84,81912744.0,396145656.0,2,2024-07-25 11:00,6.855,2.77,-8.39,-6.56,10.8,-8.39,2.77,-4.81,2.77,10.8,-1.9,3.28,8.68,2.84,2.84,8.39,-3.21,1.39
2025-03-06,AZTEK,4.27,34479277.0,147155881.0,3,2025-03-06 12:00,4.178,0.48,-2.06,0.48,9.81,-2.06,9.81,0.77,1.34,6.18,1.05,2.3,6.51,1.96,2.92,3.69,1.01,3.02
2025-06-25,AZTEK,4.29,37560168.0,161008435.0,3,2025-06-25 12:00,3.874,1.76,-2.79,-2.79,6.35,-5.89,-2.01,-5.16,-5.16,-3.98,-5.89,-5.27,-0.52,-4.96,-0.88,5.47,-0.36,0.15
2025-09-12,AZTEK,5.77,45617335.0,263101388.0,1,2025-09-12 10:00,4.848,3.09,-7.18,-7.18,17.57,-11.8,-3.05,-11.8,-5.12,2.1,-5.03,-0.54,0.62,-3.01,-0.91,17.57,6.02,13.14
2025-11-26,AZTEK,4.26,49852751.0,212390500.0,2,2025-11-26 11:00,4.99,1.4,-3.13,1.4,5.41,-11.82,0.9,-5.41,-5.41,4.01,-6.09,1.2,5.41,-3.81,-3.41,-8.62,-11.82,-11.82
2026-02-03,AZTEK,4.89,35224251.0,172299069.0,2,2026-02-03 11:00,4.83,5.59,-3.11,-2.9,5.59,-5.18,0.21,-3.31,-1.24,1.04,-3.11,-2.69,-1.24,-5.18,-3.93,-0.41,-2.48,-0.62
2026-04-15,AZTEK,4.53,25226358.0,114163095.0,2,2026-04-15 11:00,4.47,2.68,-2.46,2.68,12.53,-2.46,12.53,-1.79,-1.34,6.26,-1.34,3.13,6.04,0.67,3.13,10.29,5.15,7.16
2026-04-16,AZTEK,4.31,41091954.0,177042848.0,1,2026-04-16 10:00,4.95,1.62,-11.31,-10.91,1.62,-11.31,-4.04,-10.91,-6.87,-4.24,-9.09,-6.87,-1.41,-8.69,-4.04,-1.62,-7.68,-7.68
2025-04-11,BAGFS,12.22,36325115.0,444045352.0,1,2025-04-11 10:00,28.16,2.49,-6.82,-3.55,5.11,-12.57,-0.64,-8.31,-7.32,1.92,-7.95,1.92,5.11,-5.75,-3.98,-3.34,-12.57,-11.65
2024-10-22,BAKAB,5.47,3250484.0,17796115.0,3,2024-10-22 12:00,33.1,0.91,-1.57,0.91,22.05,-1.57,11.0,4.53,11.0,22.05,5.86,7.85,18.61,9.79,13.17,12.08,6.53,6.59
2024-10-23,BAKAB,6.38,4149383.0,26459388.0,1,2024-10-23 10:00,36.74,0.0,-5.82,0.0,9.96,-7.19,9.96,-4.63,-2.83,6.86,-1.09,1.96,6.1,-2.18,-0.38,-0.44,-7.19,-4.14
2024-10-24,BAKAB,17.7,5535026.0,97985358.0,1,2024-10-24 10:00,39.12,3.27,-10.43,-8.74,3.27,-12.83,0.36,-7.11,-4.24,-0.36,-8.13,-6.44,-5.16,-9.87,-9.82,-9.3,-12.07,-11.3
2024-10-25,BAKAB,4.28,13072075.0,55918250.0,1,2024-10-25 10:00,37.98,3.37,-4.32,-1.37,3.37,-11.53,2.63,-5.37,-3.63,-2.32,-7.16,-7.11,-3.69,-10.22,-7.27,-8.11,-11.53,-11.37
2025-01-27,BAKAB,5.06,6129747.0,30997921.0,1,2025-01-27 10:00,37.24,1.99,-6.02,-4.56,1.99,-12.35,-2.85,-6.5,-5.37,-4.56,-7.68,-7.52,-5.75,-8.7,-6.77,-6.07,-12.35,-12.24
2025-04-15,BAKAB,7.34,11274096.0,82779198.0,1,2025-04-15 10:00,42.2,0.0,-18.1,-14.69,0.0,-26.87,-9.05,-20.38,-19.95,-17.77,-23.46,-20.52,-20.57,-24.17,-24.12,-23.18,-26.87,-26.64
2022-11-01,BALAT,5.76,478537.0,2755396.0,2,2022-11-01 13:00,11.8,0.0,0.0,0.0,10.08,-6.61,-1.61,-1.69,-1.69,-2.37,-6.61,-2.37,5.42,1.69,4.75,10.08,2.88,3.39
2022-12-06,BALAT,4.17,832506.0,3469658.0,2,2022-12-06 13:00,15.97,0.0,0.0,0.0,20.79,-9.83,3.32,0.19,0.19,-1.69,-9.83,-9.2,-0.13,-5.13,-0.13,20.79,20.79,20.79
2022-12-13,BALAT,4.07,1390318.0,5655558.0,3,2022-12-13 17:00,19.29,0.0,0.0,0.0,1.66,-11.77,1.66,1.61,1.61,1.61,-1.5,-1.5,-1.5,-3.84,-3.84,-7.21,-11.77,-11.77
2023-04-14,BALAT,4.02,758799.0,3054036.0,1,2023-04-14 12:00,18.5,0.0,-0.05,-0.05,0.0,-18.97,-1.08,-10.0,-10.0,-13.51,-18.97,-18.97,-11.41,-18.97,-11.41,-11.73,-11.89,-11.73
2024-05-07,BALAT,4.08,3080770.0,12560088.0,3,2024-05-07 17:00,33.0,2.97,0.0,2.97,13.82,-6.18,12.12,10.61,10.85,9.7,4.24,4.24,1.52,-6.18,-5.88,13.82,5.94,12.12
2024-05-21,BALAT,4.14,5406213.0,22368764.0,3,2024-05-21 17:00,42.0,0.0,-3.0,-3.0,0.0,-17.9,-3.0,-12.67,-6.81,-6.81,-14.29,-14.05,-14.05,-17.9,-17.24,-15.9,-16.67,-16.67
2024-09-18,BALAT,4.14,4861998.0,20134576.0,1,2024-09-18 12:00,56.0,0.0,-10.18,-10.09,4.29,-15.46,-1.16,-14.61,-1.16,1.79,-4.46,1.79,4.29,1.43,4.29,-10.71,-15.46,-15.46
2025-07-23,BALAT,4.6,3321698.0,15275664.0,2,2025-07-23 13:00,72.0,0.0,-3.12,-3.12,0.0,-12.78,-9.1,-12.78,-9.31,-9.31,-12.5,-11.18,-2.36,-9.72,-3.4,-0.35,-2.78,-2.78
2025-07-03,BANVT,4.22,66720392.0,281608024.0,1,2025-07-03 10:00,216.7,2.68,-3.0,-1.2,2.68,-6.65,0.37,-6.09,-3.14,2.68,-6.65,-0.69,1.85,-3.14,-3.0,-0.78,-3.05,-3.0
2025-12-15,BANVT,4.45,30161770.0,134204835.0,2,2025-12-15 11:00,169.3,2.42,-1.3,-0.77,4.84,-4.02,-0.18,-4.02,-3.84,1.18,-3.84,-3.13,-1.48,-3.72,-3.25,4.84,-0.53,-0.18
2025-01-22,BARMA,5.03,18414361.0,92676455.0,2,2025-01-22 11:00,18.05,2.22,-3.32,-2.83,2.22,-9.09,-2.05,-5.15,-4.71,-4.16,-5.82,-4.99,-5.04,-6.59,-6.43,-6.04,-9.09,-9.09
2025-03-18,BARMA,4.24,25606705.0,108476385.0,3,2025-03-18 12:00,18.74,1.33,0.0,0.0,1.33,-18.89,-5.92,-9.98,-9.98,-8.32,-13.02,-10.09,-10.46,-18.89,-15.69,-11.31,-13.55,-11.31
2025-09-02,BARMA,4.24,41242519.0,174857718.0,2,2025-09-02 11:00,21.24,0.0,-4.43,0.0,10.36,-4.43,9.32,0.19,2.45,4.43,-2.35,-1.69,5.65,-1.22,1.22,10.36,0.0,1.88
2025-09-03,BARMA,4.34,55269039.0,239742795.0,2,2025-09-03 11:00,22.62,1.95,-5.84,-3.8,3.63,-8.31,-1.95,-8.31,-7.69,-0.8,-7.25,-4.95,3.45,-6.81,-0.35,-3.18,-8.31,-7.16
2025-11-19,BARMA,4.04,67357815.0,271931689.0,2,2025-11-19 11:00,27.08,3.4,-6.94,-2.51,7.53,-6.94,-0.74,-6.57,-4.65,2.44,-5.98,-3.1,-2.14,-5.76,-4.43,7.53,-4.14,7.53
2022-06-27,BASCM,5.42,241643.0,1309730.0,3,2022-06-27 17:00,2.774,0.0,0.0,0.0,8.79,-11.89,8.79,3.88,8.53,8.53,-2.33,-2.33,-5.17,-11.89,-11.89,-3.1,-5.68,-5.68
2022-06-28,BASCM,5.06,297284.0,1505465.0,2,2022-06-28 13:00,3.0178,0.0,-0.24,-0.24,0.0,-19.24,-0.24,-10.21,-10.21,-12.83,-19.0,-19.0,-12.83,-19.0,-13.3,-14.96,-19.24,-19.0
2023-02-07,BASCM,6.06,544103.0,3297379.0,3,2023-02-07 17:00,4.85,0.21,0.0,0.21,42.89,0.0,10.1,9.28,10.1,21.03,21.03,21.03,24.33,21.24,24.33,42.89,31.96,42.89
2023-02-17,BASCM,4.77,823338.0,3926375.0,3,2023-02-17 17:00,6.03,0.0,0.0,0.0,24.38,-12.94,4.48,0.17,4.48,14.93,6.14,14.93,24.38,3.48,3.48,2.49,-12.94,2.49
2023-02-22,BASCM,4.26,1328668.0,5655154.0,2,2023-02-22 13:00,6.25,0.0,-0.16,-0.16,5.6,-16.0,-6.56,-10.08,-10.08,-1.12,-16.0,-1.12,-0.8,-3.2,-0.8,5.6,5.6,5.6
2025-07-30,BASCM,5.67,2098072.0,11889744.0,3,2025-07-30 17:00,16.17,0.06,0.0,0.06,15.96,-4.14,2.91,1.3,1.3,-2.91,-3.03,-3.03,-4.14,-4.14,-4.14,15.96,15.96,15.96
2026-01-27,BASCM,4.8,1353861.0,6502794.0,2,2026-01-27 13:00,16.48,0.3,0.0,0.3,0.3,-7.46,0.3,-7.46,-3.16,-3.16,-5.34,-3.58,-3.58,-5.95,-5.95,-5.89,-6.61,-6.61
2025-05-02,BASGZ,4.15,18058536.0,75029693.0,3,2025-05-02 12:00,33.52,0.0,0.0,0.0,7.28,-8.53,7.28,-1.43,-1.01,1.37,-3.16,0.54,2.74,-3.04,-2.8,0.18,-8.53,-5.67
2025-05-05,BASGZ,4.78,21125968.0,100950682.0,2,2025-05-05 11:00,33.38,4.01,-1.02,-0.6,4.01,-8.15,1.8,-2.76,0.96,3.18,-2.64,-2.4,1.5,-2.34,-0.3,-0.72,-6.23,-2.04
2024-07-03,BAYRK,4.51,195399690.0,881596301.0,3,2024-07-03 12:00,7.1733,1.32,-0.38,-0.38,1.32,-18.51,1.07,-10.33,-7.75,-2.02,-9.76,-5.16,-6.23,-12.53,-12.15,-13.54,-17.13,-13.54
2024-08-07,BAYRK,4.29,61058214.0,262088823.0,3,2024-08-07 12:00,6.1931,2.55,-2.12,-0.07,2.55,-14.66,2.04,-4.67,0.22,2.48,-6.27,-4.52,-3.36,-9.48,-5.84,-10.5,-14.66,-11.82
2024-09-11,BAYRK,5.22,147783545.0,771769747.0,3,2024-09-11 12:00,6.7668,16.76,-0.2,-0.2,16.76,-27.1,5.54,-10.15,-10.15,-11.62,-19.09,-19.09,-18.49,-24.83,-24.63,-21.03,-27.1,-25.23
2025-01-08,BAYRK,4.4,63235673.0,278409167.0,3,2025-01-08 12:00,4.5398,5.37,-4.48,-3.98,5.37,-13.78,-1.49,-9.95,-8.81,-7.41,-12.34,-11.39,-9.65,-12.79,-12.49,-11.84,-13.53,-13.13
2025-09-18,BAYRK,4.91,141066772.0,692772757.0,3,2025-09-18 12:00,8.786,2.83,-5.3,-4.99,2.83,-13.78,0.57,-7.56,-2.93,-0.77,-7.3,-6.68,-6.63,-11.83,-10.8,-5.81,-11.72,-10.95
2026-04-02,BEGYO,4.05,30235951.0,122441981.0,2,2026-04-02 11:00,4.54,6.61,-2.64,6.61,10.13,-5.29,10.13,1.32,2.64,4.19,0.0,1.32,1.76,-5.29,-5.29,0.66,-4.41,-2.2
2025-03-11,BESLR,7.12,40110183.0,285714407.0,1,2025-03-11 10:00,16.24,0.0,-7.33,0.0,10.22,-7.33,5.54,-1.35,2.22,5.36,-0.92,4.68,10.22,3.82,7.51,8.93,5.85,6.53
2025-08-07,BEYAZ,4.65,45378482.0,210836788.0,3,2025-08-07 12:00,28.56,0.56,-2.1,0.56,9.24,-7.07,9.24,-3.64,-2.24,6.09,-1.75,0.84,3.85,-3.08,-1.12,-1.61,-7.07,-5.81
2025-12-05,BEYAZ,4.03,31392683.0,126524061.0,2,2025-12-05 11:00,29.52,4.67,-4.34,-1.56,5.62,-6.57,5.62,-6.57,0.34,3.25,-4.0,-2.78,-1.08,-5.15,-4.07,1.42,-4.54,-2.3
2024-10-22,BFREN,6.93,39436004.0,273406808.0,1,2024-10-22 10:00,194.0103,13.92,-0.78,1.75,13.92,-0.78,11.26,3.11,7.7,13.4,8.87,9.64,10.81,4.4,5.76,6.41,3.82,3.95
2024-10-23,BFREN,4.05,63961146.0,259163294.0,2,2024-10-23 11:00,211.9672,1.84,-4.03,-1.42,3.79,-6.58,3.79,-0.36,0.36,1.42,-4.44,-3.2,-0.47,-4.21,-4.09,-4.21,-6.58,-4.86
2024-12-27,BFREN,4.03,44371413.0,178917255.0,3,2024-12-27 12:00,182.332,0.55,-2.62,-2.62,0.55,-7.09,0.48,-5.23,-5.23,-4.96,-7.09,-6.54,-5.3,-6.89,-6.47,-5.1,-6.34,-5.58
2025-04-22,BFREN,4.51,48035402.0,216776619.0,2,2025-04-22 11:00,185.3457,1.49,-8.13,-6.44,1.49,-12.33,-6.64,-9.76,-8.47,-3.59,-9.21,-7.52,-3.93,-8.6,-7.38,-8.33,-12.33,-12.26
2025-05-07,BFREN,4.72,76570549.0,361782525.0,2,2025-05-07 11:00,208.3,2.93,-6.29,-4.27,2.93,-15.03,0.77,-12.1,-10.95,-8.07,-13.59,-12.39,-7.92,-13.49,-11.67,-11.91,-15.03,-15.03
2025-11-19,BFREN,5.23,42805670.0,223750982.0,1,2025-11-19 10:00,184.8,1.41,-10.28,-8.5,1.41,-13.53,-1.79,-10.12,-8.12,-7.36,-10.55,-9.63,-8.33,-11.26,-11.26,-12.01,-13.53,-13.42
2026-01-15,BFREN,4.55,26680089.0,121361370.0,3,2026-01-15 12:00,162.5,2.15,-1.23,0.43,2.15,-4.25,2.15,-2.4,-1.91,-1.29,-2.4,-2.22,-1.78,-3.38,-3.32,-2.15,-3.69,-2.46
2026-04-14,BFREN,5.33,18507433.0,98585937.0,3,2026-04-14 12:00,151.2,0.0,-1.52,0.0,9.33,-1.52,9.33,2.51,2.65,5.36,-0.13,0.0,7.47,0.26,4.1,4.03,0.33,0.33
2026-04-15,BFREN,9.11,24821618.0,226065349.0,1,2026-04-15 10:00,163.2,1.29,-5.02,-4.9,1.29,-8.03,-2.39,-7.48,-7.35,-0.43,-7.11,-3.55,-3.55,-5.82,-5.51,-6.0,-8.03,-7.78
2025-01-10,BIENY,4.51,45353477.0,204349678.0,1,2025-01-10 10:00,36.94,4.01,-5.09,-4.06,4.01,-6.55,1.25,-5.14,-3.79,-2.33,-5.63,-5.52,-1.19,-5.36,-4.06,-2.27,-6.55,-5.63
2026-04-07,BIGCH,4.38,32513509.0,142495491.0,3,2026-04-07 12:00,7.0,1.29,-5.71,-5.71,5.57,-5.71,0.0,-4.14,-1.43,2.14,-2.43,1.14,5.57,1.43,3.43,3.14,0.71,3.0
2024-11-29,BIGTK,4.25,38179680.0,162444549.0,2,2024-11-29 11:00,190.2,1.21,-6.62,-5.78,21.14,-6.68,1.89,-6.68,-4.36,0.32,-5.36,-3.79,1.89,-5.36,0.16,21.14,13.04,21.14
2025-09-11,BIGTK,4.14,133849668.0,554564695.0,3,2025-09-11 12:00,347.0,1.08,-1.44,-1.44,22.48,-4.47,6.05,-4.47,-2.38,7.35,-2.81,7.35,17.58,12.03,15.56,20.39,6.56,6.56
2025-12-25,BIGTK,4.29,80770490.0,346734950.0,2,2025-12-25 11:00,380.5,0.46,-2.76,0.46,9.07,-21.02,9.07,-3.15,-1.71,-1.25,-11.5,-11.5,-13.07,-20.3,-17.21,-18.46,-21.02,-20.63
2025-12-26,BIGTK,7.41,92783970.0,687385014.0,1,2025-12-26 10:00,409.0,1.47,-9.9,-8.56,1.47,-31.54,-8.13,-17.67,-17.67,-19.13,-25.86,-22.98,-22.0,-25.43,-25.06,-24.69,-31.54,-29.58
2026-03-25,BIGTK,5.11,30709672.0,156958440.0,3,2026-03-25 12:00,323.75,0.08,-3.55,0.08,16.37,-22.84,4.09,-3.86,-3.78,5.79,-4.79,5.79,16.37,-4.79,-4.79,-22.84,-22.84,-22.84
2026-03-30,BIGTK,4.72,54813249.0,258530620.0,1,2026-03-30 10:00,308.25,22.22,0.0,0.0,22.22,-32.85,-9.98,-9.98,-9.98,-18.96,-18.96,-18.96,-21.88,-27.04,-27.04,-21.36,-25.58,-25.58
2026-04-02,BIGTK,8.4,88673662.0,745231257.0,1,2026-04-02 10:00,234.3,2.77,-4.01,-4.01,5.55,-11.65,5.55,-11.65,-0.26,3.46,-2.09,-2.09,0.09,-9.22,-9.09,-4.27,-9.09,-7.55
2026-01-19,BINBN,5.84,64516027.0,376518670.0,3,2026-01-19 12:00,182.7,11.28,-1.42,-1.04,11.28,-3.07,-0.66,-3.07,-2.57,0.6,-2.9,-0.93,0.22,-2.19,-0.55,4.71,-1.04,1.37
2026-02-10,BINBN,5.78,135107461.0,780303781.0,2,2026-02-10 11:00,218.1,3.21,-13.71,-12.79,3.21,-18.57,-12.52,-18.57,-17.74,-15.86,-17.74,-17.24,-16.32,-18.07,-17.38,-16.6,-17.84,-17.65
2026-04-21,BINBN,4.99,91509529.0,456464923.0,3,2026-04-21 12:00,201.6,1.19,-4.66,1.19,12.25,-13.59,8.09,-0.79,3.97,12.25,-6.2,-3.27,-0.89,-7.74,-7.44,-9.03,-13.59,-13.59
2025-05-08,BINHO,5.1,253269863.0,1290528253.0,1,2025-05-08 10:00,11.8303,5.08,-1.92,-1.92,6.85,-16.24,6.85,-4.23,0.38,3.16,-7.08,-7.08,-2.85,-14.24,-14.09,-13.39,-16.24,-16.09
2026-02-10,BINHO,4.85,417592737.0,2025740304.0,2,2026-02-10 11:00,11.8,0.0,-2.03,0.0,5.76,-15.0,5.76,-9.58,-9.58,-4.66,-9.58,-9.32,-6.36,-14.41,-13.31,-11.27,-15.0,-14.41
2026-02-11,BINHO,5.17,497066529.0,2567532092.0,2,2026-02-11 11:00,10.72,8.3,-0.47,-0.47,8.3,-8.21,4.94,-0.47,-0.19,3.08,-5.78,-4.57,-1.12,-5.41,-5.04,-4.01,-8.21,-7.93
2025-09-25,BIZIM,4.4,14166628.0,62323897.0,3,2025-09-25 12:00,29.02,2.21,-2.48,-2.14,2.21,-9.1,-1.79,-5.24,-5.17,-5.38,-7.65,-7.24,-6.27,-9.1,-8.13,-4.41,-7.1,-6.96
2026-05-11,BIZIM,5.93,13743882.0,81502887.0,1,2026-05-11 10:00,32.24,13.83,-5.33,-4.03,13.83,-12.66,-2.23,-5.33,-5.33,-4.03,-7.63,-7.63,-3.91,-9.18,-7.75,-10.42,-12.66,-12.47
2025-04-25,BJKAS,4.02,90515146.0,364239494.0,2,2025-04-25 11:00,2.12,4.25,-4.72,-2.83,4.25,-8.49,-1.89,-7.08,-6.6,-5.19,-8.49,-5.19,-0.47,-7.08,-6.6,-1.42,-7.08,-7.08
2025-12-19,BJKAS,4.72,58302013.0,274932732.0,3,2025-12-19 12:00,1.74,1.72,-1.15,-1.15,1.72,-9.2,-2.87,-6.32,-6.32,-5.75,-8.62,-8.62,-4.6,-9.2,-8.05,-6.9,-8.62,-7.47
2026-04-20,BJKAS,4.26,65061335.0,277386613.0,2,2026-04-20 11:00,1.75,1.14,-2.29,-2.29,9.14,-5.14,6.86,-2.86,5.14,9.14,-4.57,-3.43,0.57,-5.14,-1.71,1.14,-2.86,-2.86
2025-10-01,BLCYT,6.4,50584586.0,323893405.0,3,2025-10-01 12:00,26.12,4.67,-4.13,1.45,10.95,-4.13,6.81,-0.15,4.13,7.58,1.45,7.2,9.34,5.44,9.26,4.29,0.0,3.68
2026-02-04,BLCYT,4.51,45942143.0,207178807.0,2,2026-02-04 11:00,44.14,7.16,-3.94,2.85,13.73,-3.94,6.98,-1.9,3.53,5.75,1.22,4.8,8.61,4.08,7.25,10.51,6.66,9.88
2025-06-24,BMSCH,5.78,10636168.0,61481113.0,1,2025-06-24 10:00,16.69,4.61,-13.72,4.61,4.61,-13.72,3.65,-3.0,-3.0,3.65,-11.44,-0.6,-0.12,-7.13,-1.26,-2.64,-5.51,-3.12
2026-04-21,BMSCH,6.5,32823806.0,213509840.0,3,2026-04-21 12:00,18.36,2.67,-1.96,0.71,7.19,-3.05,7.19,-0.05,2.12,6.7,-1.91,0.54,3.27,-2.45,-0.6,1.14,-2.72,-1.25
2024-12-27,BMSTL,4.34,104778791.0,455187422.0,2,2024-12-27 11:00,30.72,1.95,0.0,0.0,1.95,-9.96,-2.02,-9.96,-9.83,-4.69,-9.44,-5.79,-3.97,-6.12,-6.05,-4.88,-8.85,-5.86
2025-10-30,BMSTL,4.1,131187098.0,538091383.0,3,2025-10-30 12:00,71.85,0.97,-1.81,0.63,18.51,-1.81,4.52,-0.21,0.63,5.29,1.53,2.99,4.24,0.42,0.63,18.51,13.43,17.05
2024-09-27,BNTAS,4.3,52426573.0,225607322.0,3,2024-09-27 12:00,6.2315,0.7,-2.82,-2.73,0.7,-16.37,-2.9,-7.22,-6.95,-6.51,-14.52,-11.53,-11.36,-14.96,-14.61,-13.82,-16.37,-14.44
2025-04-30,BNTAS,4.21,21441882.0,90265853.0,1,2025-04-30 10:00,5.85,1.88,-5.13,-0.17,32.48,-5.13,9.4,2.56,7.69,18.46,4.44,15.73,23.08,13.68,13.68,32.48,20.17,26.84
2025-05-02,BNTAS,4.36,29432028.0,128178397.0,3,2025-05-02 12:00,6.31,1.43,-1.74,-0.16,26.47,-3.17,9.83,-3.17,7.29,14.1,5.39,5.39,15.85,3.33,15.37,26.47,14.58,16.01
2025-04-16,BOBET,4.0,70906157.0,283798553.0,2,2025-04-16 11:00,21.68,1.57,-8.21,-7.56,15.31,-8.86,-0.65,-8.86,-1.11,8.76,-0.55,7.56,14.3,8.21,10.79,15.31,6.09,6.09
2026-02-16,BOBET,4.42,68583374.0,303347818.0,3,2026-02-16 12:00,23.54,1.87,-4.16,1.87,8.41,-7.31,8.41,0.08,3.31,4.16,-2.46,-1.95,-1.02,-6.88,-6.88,-3.82,-7.31,-6.54
2026-02-17,BOBET,4.06,97231281.0,394981897.0,2,2026-02-17 11:00,24.98,2.16,-3.68,-2.64,2.16,-13.93,-1.84,-8.09,-7.61,-6.73,-12.25,-12.25,-9.21,-12.65,-11.05,-12.09,-13.93,-12.97
2025-09-19,BORLS,4.78,168952998.0,807488804.0,3,2025-09-19 12:00,25.26,4.51,-2.69,0.95,4.51,-10.77,4.51,0.95,1.5,1.43,-6.18,-6.18,-4.59,-10.77,-6.97,-4.83,-7.68,-6.41
2025-11-10,BORLS,4.85,91927973.0,445494272.0,2,2025-11-10 11:00,16.57,3.8,-2.72,-2.72,3.8,-29.63,-4.04,-12.43,-4.35,-2.29,-13.88,-11.35,-10.68,-20.16,-20.16,-17.62,-29.63,-29.63
2026-04-16,BORLS,9.0,92637882.0,833842491.0,1,2026-04-16 10:00,5.81,0.0,-15.83,0.0,46.13,-15.83,9.98,3.61,9.98,20.83,16.35,20.83,32.87,32.87,32.87,31.5,14.11,31.5
2026-04-22,BORLS,4.39,193732362.0,850982626.0,2,2026-04-22 11:00,7.12,11.1,-2.39,-2.39,15.59,-20.37,7.3,-6.88,7.3,15.59,-1.69,-1.69,-1.83,-11.52,-11.52,7.02,0.28,7.02
2024-11-22,BOSSA,4.3,28091200.0,120732459.0,3,2024-11-22 12:00,7.11,0.0,-2.11,0.0,25.88,-2.11,9.99,5.06,9.99,20.11,5.63,9.7,20.11,12.52,14.49,25.88,14.21,16.17
2024-11-25,BOSSA,4.24,33668797.0,142758525.0,2,2024-11-25 11:00,7.66,2.09,-1.44,2.09,16.84,-1.96,11.49,-1.96,1.83,11.49,4.44,6.27,12.53,7.57,11.49,15.8,9.14,15.8
2024-11-26,BOSSA,4.39,46307026.0,203426842.0,3,2024-11-26 12:00,8.33,2.52,-6.36,-6.36,12.0,-6.36,2.52,-3.96,-2.28,3.48,-1.08,2.52,7.44,-2.52,-0.84,12.0,4.44,9.72
2025-06-26,BOSSA,4.15,19841642.0,82392329.0,3,2025-06-26 12:00,6.32,3.64,-4.59,-3.16,3.64,-6.8,-2.22,-6.8,-2.37,-1.74,-4.43,-2.22,-1.11,-3.01,-2.37,-1.9,-3.48,-2.69
2025-07-30,BOSSA,5.17,25061747.0,129618671.0,1,2025-07-30 10:00,7.51,3.73,-11.05,-10.12,3.73,-12.52,-2.93,-12.52,-6.79,-5.59,-8.79,-8.52,-6.39,-9.99,-9.32,-3.46,-6.13,-4.93
2026-01-14,BOSSA,4.45,8787046.0,39100434.0,2,2026-01-14 11:00,6.72,3.57,-1.04,-1.04,4.46,-3.12,1.49,-3.12,-0.3,1.64,-1.93,0.15,0.89,-0.89,-0.3,2.08,-0.3,-0.3
2022-07-28,BRKO,5.88,1516815.0,8912143.0,2,2022-07-28 17:00,2.47,0.0,0.0,0.0,0.0,-21.05,0.0,-9.72,-9.72,-12.55,-17.41,-12.55,-4.86,-9.72,-4.86,-12.55,-21.05,-19.03
2024-01-31,BRKO,4.7,1301736.0,6113713.0,3,2024-01-31 17:00,4.2,1.43,0.0,1.43,1.43,-14.05,-0.48,-3.81,-3.81,-3.57,-3.81,-3.81,-4.05,-7.14,-7.14,-12.14,-14.05,-13.57
2024-05-07,BRKO,4.34,6754855.0,29299369.0,3,2024-05-07 17:00,7.48,0.0,0.0,0.0,19.65,-3.07,5.75,0.27,5.75,5.75,0.53,0.53,1.6,-3.07,1.6,19.65,12.3,19.65
2025-04-28,BRKO,4.47,10946422.0,48902489.0,3,2025-04-28 17:00,11.0,0.0,0.0,0.0,0.0,-21.82,-1.09,-10.0,-10.0,-10.0,-18.18,-12.36,-14.55,-16.82,-16.73,-18.18,-18.73,-18.73
2026-04-02,BRKVY,4.55,45824441.0,208570279.0,1,2026-04-02 10:00,95.35,5.93,-4.46,-2.41,5.93,-9.28,0.68,-5.61,-5.35,-1.21,-5.77,-5.03,-4.3,-9.28,-8.86,-2.78,-6.08,-3.88
2024-09-30,BRLSM,5.66,29706683.0,168139606.0,2,2024-09-30 11:00,16.19,1.85,-4.69,-4.39,1.85,-15.87,-4.26,-13.28,-11.43,-6.49,-14.21,-13.4,-11.43,-14.39,-14.02,-10.13,-14.02,-12.35
2025-03-13,BRLSM,4.11,28589054.0,117446072.0,3,2025-03-13 12:00,16.37,2.57,-1.22,2.57,10.2,-11.91,10.2,0.79,4.22,6.29,-2.32,-0.43,4.64,-1.95,0.98,-5.8,-11.91,-9.77
2025-03-14,BRLSM,4.59,37073843.0,170255224.0,2,2025-03-14 11:00,17.6,1.53,-3.07,-3.07,1.53,-23.47,-1.14,-9.15,-7.39,-2.67,-8.81,-6.08,-8.07,-15.45,-15.45,-16.65,-23.47,-19.77
2026-01-14,BRLSM,5.18,22249398.0,115300780.0,2,2026-01-14 11:00,14.88,2.69,-2.55,-0.74,3.63,-4.7,3.63,-2.62,-1.88,-0.81,-3.29,-2.89,-0.87,-2.96,-2.28,-2.22,-4.7,-4.1
2026-05-14,BRLSM,4.63,87017855.0,402734690.0,1,2026-05-14 10:00,18.85,2.71,-3.98,2.71,35.17,-5.99,12.89,5.57,12.89,24.14,16.6,24.14,35.17,11.72,11.72,3.93,-5.99,0.64
2026-05-20,BRLSM,5.01,174905990.0,876892272.0,2,2026-05-20 11:00,22.12,9.86,-4.79,-4.79,9.86,-19.89,4.52,-14.29,-14.29,-11.44,-19.89,-14.24,-6.6,-13.2,-10.76,-6.69,-14.56,-6.69
2022-07-26,BRMEN,5.05,89952.0,454423.0,3,2022-07-26 17:00,0.6417,0.0,-0.52,-0.52,0.0,-5.76,0.0,-1.57,-1.57,-1.05,-2.09,-2.09,-1.57,-5.76,-5.76,0.0,-1.05,-1.05
2022-08-29,BRMEN,4.47,263272.0,1177389.0,1,2022-08-29 12:00,0.8735,0.0,-3.85,-3.85,40.38,-3.85,5.77,1.92,5.77,16.15,14.62,16.15,27.69,26.54,27.69,38.46,26.54,31.54
2022-09-05,BRMEN,4.29,544307.0,2333225.0,2,2022-09-05 13:00,1.2263,0.0,0.0,0.0,9.59,-9.86,-1.37,-9.86,-6.3,3.01,2.19,2.74,9.59,7.4,7.4,-3.29,-9.86,-9.86
2022-10-19,BRMEN,4.81,113220.0,544217.0,3,2022-10-19 17:00,0.9441,0.0,0.0,0.0,0.0,-6.76,-1.42,-4.98,-4.98,-3.2,-5.34,-3.2,-3.2,-5.34,-5.34,-5.69,-6.76,-6.76
2022-10-20,BRMEN,4.19,135050.0,565453.0,2,2022-10-20 13:00,0.9071,0.37,-1.11,-1.11,0.74,-4.81,0.74,-1.48,0.74,0.74,-1.48,-1.48,-0.74,-1.85,-1.85,-2.96,-4.81,-4.81
2022-12-02,BRMEN,4.16,414031.0,1722550.0,2,2022-12-02 13:00,1.0482,0.0,0.0,0.0,4.81,-7.05,0.0,-3.21,-3.21,0.96,-7.05,-1.92,4.81,0.96,2.56,-1.92,-2.56,-2.24
2022-12-05,BRMEN,4.3,510142.0,2191513.0,3,2022-12-05 17:00,1.0449,0.0,-2.89,-2.89,5.14,-6.75,1.29,-6.75,-1.61,5.14,1.29,2.89,2.89,-0.32,-0.32,4.82,2.25,2.25
2023-06-06,BRMEN,5.22,216119.0,1128800.0,3,2023-06-06 17:00,1.0274,0.0,0.0,0.0,0.0,-12.89,0.0,-6.7,-5.67,-2.06,-5.67,-5.67,-5.15,-8.25,-7.22,-9.79,-12.89,-12.89
2023-07-03,BRMEN,4.38,574125.0,2514256.0,2,2023-07-03 13:00,1.2975,0.0,0.0,0.0,6.53,-11.43,0.0,-3.27,-3.27,-6.12,-6.53,-6.53,-6.53,-11.43,-11.43,6.53,-2.45,6.53
2023-08-15,BRMEN,4.13,996424.0,4114534.0,3,2023-08-15 17:00,1.7476,1.52,0.0,1.52,11.52,0.0,11.52,7.58,11.52,11.52,10.0,10.61,10.91,9.09,9.09,10.61,3.64,6.67
2023-11-27,BRMEN,4.04,669828.0,2706331.0,2,2023-11-27 13:00,2.113,0.0,0.0,0.0,32.58,0.0,9.77,9.77,9.77,20.55,20.55,20.55,32.58,32.58,32.58,22.06,13.03,13.78
2023-11-28,BRMEN,4.08,799254.0,3258952.0,2,2023-11-28 13:00,2.3196,0.0,0.0,0.0,20.78,-2.51,9.82,9.82,9.82,20.78,20.78,20.78,12.33,8.9,12.33,3.65,-2.51,-1.14
2023-11-30,BRMEN,4.75,993576.0,4717400.0,2,2023-11-30 13:00,2.8015,0.0,0.0,0.0,0.0,-26.28,-6.99,-9.83,-6.99,-7.94,-14.74,-14.18,-14.18,-19.28,-18.15,-22.5,-24.39,-22.5
2023-12-01,BRMEN,4.46,1374089.0,6129485.0,2,2023-12-01 13:00,2.5685,1.44,0.0,1.44,1.44,-19.59,0.41,-7.01,-6.39,-6.39,-11.96,-10.72,-10.72,-19.59,-19.59,-7.01,-8.25,-7.01
2024-02-19,BRMEN,4.49,1513379.0,6800555.0,2,2024-02-19 13:00,2.8651,0.0,0.0,0.0,5.36,-8.5,5.36,0.55,0.55,-5.55,-8.5,-8.5,-4.44,-7.58,-4.44,-2.77,-7.21,-6.65
2024-02-20,BRMEN,4.44,1885028.0,8361210.0,3,2024-02-20 17:00,2.9657,0.0,-2.86,-2.86,0.0,-13.93,-8.75,-11.61,-11.61,-7.68,-10.71,-7.68,-2.86,-7.5,-3.57,-9.82,-13.93,-12.68
2024-03-13,BRMEN,4.75,2784722.0,13235628.0,1,2024-03-13 12:00,3.6594,0.0,-4.05,-4.05,12.16,-13.6,-6.22,-13.6,-6.22,3.04,-6.22,3.04,3.04,-7.24,-7.24,12.16,4.2,12.16
2024-10-22,BRMEN,5.45,1153071.0,6283407.0,1,2024-10-22 12:00,3.1669,0.0,0.0,0.0,0.0,-19.4,-6.35,-9.87,-9.87,-13.04,-14.72,-14.72,-15.89,-16.22,-15.89,-18.56,-19.4,-18.56
2025-07-11,BRMEN,5.07,754657.0,3827078.0,3,2025-07-11 17:00,3.1775,0.0,-0.17,-0.17,6.5,-4.5,-1.5,-3.5,-1.5,6.5,-4.5,3.33,5.83,3.33,3.33,3.33,2.5,3.0
2025-10-17,BRMEN,4.54,4845924.0,22009656.0,3,2025-10-17 17:00,11.3331,0.0,-0.09,-0.09,7.38,-12.15,-0.47,-10.05,-10.05,-10.51,-12.15,-12.15,-5.61,-11.68,-5.61,7.38,0.65,0.65
2026-04-17,BRMEN,4.41,2293910.0,10110627.0,3,2026-04-17 17:00,7.8,0.13,0.0,0.13,8.97,-8.59,8.97,0.13,5.77,3.85,-4.74,-1.92,-1.92,-3.72,-2.69,-5.13,-8.59,-8.59
2026-05-04,BRMEN,4.07,3357037.0,13650754.0,3,2026-05-04 17:00,6.3,2.7,0.0,2.7,56.51,0.0,7.14,2.7,7.14,17.78,7.14,17.78,29.52,26.19,29.52,56.51,39.52,55.4
2024-12-09,BUCIM,4.17,54626826.0,228008599.0,3,2024-12-09 12:00,8.75,1.6,-2.86,1.14,1.83,-6.06,1.83,-4.69,-4.69,-3.31,-5.94,-5.6,-4.0,-5.26,-5.26,-1.83,-4.46,-4.46
2025-10-31,BULGS,4.13,340921714.0,1407670075.0,1,2025-10-31 10:00,48.54,7.44,-1.69,3.01,7.44,-16.19,4.04,-7.29,-7.29,-0.21,-9.35,-5.85,-5.03,-11.17,-11.08,-10.18,-16.15,-15.9
2024-09-10,BURCE,4.16,41742790.0,173681646.0,3,2024-09-10 12:00,20.35,13.02,-1.97,4.91,15.38,-2.75,15.38,2.65,8.11,10.32,-0.49,-0.05,5.95,-2.75,1.08,10.52,0.74,7.62
2024-09-11,BURCE,4.05,58121903.0,235356934.0,2,2024-09-11 11:00,22.67,2.73,-3.84,-2.96,2.73,-12.7,-0.97,-10.67,-10.28,-4.9,-12.7,-9.26,-0.22,-4.06,-3.62,1.99,-5.16,-4.37
2025-05-26,BURCE,4.14,41838874.0,173167371.0,3,2025-05-26 12:00,16.28,1.78,-7.56,-7.25,13.64,-7.86,2.03,-7.86,-2.4,-0.74,-4.67,-3.44,1.04,-3.56,-1.47,13.64,0.74,13.64
2025-07-11,BURCE,4.71,50444699.0,237728350.0,3,2025-07-11 12:00,16.89,5.21,-2.49,-2.49,5.21,-9.06,-3.85,-7.93,-5.98,-4.2,-9.06,-6.28,-5.21,-6.75,-6.22,-5.86,-7.1,-6.51
2025-09-24,BURCE,4.1,101388446.0,415360475.0,3,2025-09-24 12:00,21.18,3.49,-1.51,-0.19,3.49,-14.59,1.42,-6.7,-6.7,-5.29,-13.79,-11.85,-6.99,-13.6,-11.14,-10.76,-14.59,-12.89
2026-01-08,BURCE,5.04,26132136.0,131706056.0,3,2026-01-08 12:00,70.15,0.5,-7.63,0.5,20.88,-7.63,10.55,1.92,10.55,20.88,11.62,15.4,19.1,7.7,11.97,13.47,0.93,1.43
2026-01-09,BURCE,4.23,32708995.0,138388275.0,2,2026-01-09 11:00,75.45,2.78,-5.24,2.78,12.39,-9.87,12.39,3.78,7.29,10.74,0.13,4.11,5.3,-2.98,-2.58,-5.7,-9.87,-9.61
2026-01-12,BURCE,4.28,49769956.0,213077575.0,3,2026-01-12 12:00,82.2,3.16,-1.52,-1.52,3.16,-25.3,1.64,-8.09,-4.44,-3.35,-10.95,-10.58,-3.16,-13.87,-13.44,-13.63,-25.3,-23.36
2024-11-04,BVSAN,4.48,29995856.0,134427654.0,2,2024-11-04 11:00,89.4,1.23,-2.24,-1.73,4.92,-3.64,1.73,-3.64,-0.45,4.7,-1.01,0.5,2.57,-0.17,0.78,4.92,0.34,4.14
2025-01-22,BVSAN,4.7,38466052.0,180724915.0,2,2025-01-22 11:00,104.7,0.0,-3.92,0.0,18.34,-3.92,9.93,0.38,9.93,18.34,1.72,3.15,8.79,0.1,5.54,9.46,2.2,5.25
2025-01-23,BVSAN,4.12,46901566.0,193375863.0,2,2025-01-23 11:00,115.1,0.0,-3.56,0.0,7.65,-8.95,7.65,-7.47,-6.17,-1.04,-8.95,-4.0,-1.13,-5.3,-4.34,-3.13,-8.34,-7.91
2025-01-24,BVSAN,4.54,58227362.0,264606952.0,2,2025-01-24 11:00,121.3,2.14,-12.2,-10.96,2.14,-13.6,-6.1,-13.6,-8.9,-6.18,-10.14,-9.23,-5.52,-11.79,-9.15,-8.99,-13.52,-12.7
2025-03-11,BVSAN,4.28,112262263.0,480569405.0,3,2025-03-11 12:00,130.3,2.23,-2.15,2.23,7.75,-15.73,7.75,-6.75,-5.22,-1.77,-7.83,-6.6,-6.14,-15.73,-14.04,-12.13,-15.2,-14.2
2026-05-11,BVSAN,4.02,167565783.0,672819967.0,3,2026-05-11 12:00,153.9,6.56,-5.13,-4.81,6.56,-16.44,-9.1,-14.29,-12.02,-5.13,-13.39,-9.88,-0.91,-9.68,-0.91,-10.33,-16.44,-15.85
2024-08-26,BYDNR,6.11,10279990.0,62797629.0,1,2024-08-26 10:00,25.96,0.23,-8.24,-4.08,0.23,-12.56,-2.54,-9.63,-9.32,-8.4,-12.17,-11.48,-9.32,-12.56,-9.32,-4.78,-9.09,-6.93
2024-11-29,BYDNR,5.24,11166375.0,58521482.0,3,2024-11-29 12:00,22.04,0.0,-4.99,0.0,9.8,-4.99,2.99,-1.18,0.36,3.27,-0.64,1.63,5.9,0.82,1.36,9.8,4.45,8.35
2025-05-14,BYDNR,4.81,11582605.0,55721156.0,2,2025-05-14 11:00,21.22,1.6,-2.36,-0.85,1.6,-3.39,1.6,-1.7,-0.57,0.85,-1.23,0.09,0.66,-2.64,-1.6,0.85,-3.39,-0.28
2022-06-10,CASA,4.72,1436546.0,6777975.0,1,2022-06-10 12:00,120.0,0.0,-0.83,-0.83,9.08,-7.5,9.08,4.08,4.08,4.17,-1.67,-1.25,4.17,-1.25,-0.33,3.92,0.17,1.67
2022-06-27,CASA,6.76,2015945.0,13617900.0,2,2022-06-27 13:00,115.0,0.0,0.0,0.0,3.48,0.0,3.48,0.0,3.48,3.48,1.74,1.74,1.74,0.0,1.74,2.7,1.74,1.74
2022-07-06,CASA,4.36,2619093.0,11428125.0,2,2022-07-06 13:00,115.0,1.74,0.0,1.74,2.61,-1.57,1.74,1.74,1.74,2.61,1.74,2.61,0.78,-0.09,-0.09,-1.04,-1.57,-1.57
2022-08-09,CASA,4.16,708304.0,2944920.0,2,2022-08-09 13:00,115.0,0.78,0.0,0.78,8.78,0.0,0.87,0.17,0.87,4.35,1.04,4.35,8.7,8.7,8.7,4.09,0.0,0.0
2022-08-10,CASA,4.35,872538.0,3799243.0,3,2022-08-10 17:00,116.0,0.0,0.0,0.0,7.84,-0.86,3.45,0.17,3.45,7.76,7.76,7.76,7.84,3.45,3.45,2.16,-0.86,-0.86
2023-09-26,CASA,10.42,8148178.0,84879596.0,1,2023-09-26 12:00,102.8,0.0,-8.95,-2.97,7.68,-13.52,6.71,-2.72,6.71,6.71,-3.94,-3.94,-9.44,-13.52,-10.94,7.68,7.68,7.68
2024-11-25,CASA,4.16,1631281.0,6791061.0,3,2024-11-25 17:00,86.9,0.0,0.0,0.0,9.95,-6.39,9.95,5.75,5.81,4.55,1.27,1.27,-2.7,-3.11,-2.7,-2.24,-5.64,-4.49
2024-11-26,CASA,5.83,1929939.0,11259325.0,1,2024-11-26 12:00,95.55,0.0,-3.82,-3.77,0.0,-14.86,-4.92,-7.9,-7.9,-11.51,-11.88,-11.51,-5.81,-14.86,-11.04,-11.2,-13.13,-13.13
2025-03-27,CASA,4.53,1749835.0,7931536.0,1,2025-03-27 12:00,62.1,0.0,0.0,0.0,4.27,-3.86,-2.58,-3.46,-2.58,-1.77,-2.82,-1.77,0.48,-1.37,0.48,-1.37,-3.54,-1.37
2025-05-07,CASA,4.94,1923299.0,9499084.0,0,2025-05-07 09:00,86.5,0.0,0.0,0.0,60.81,0.0,10.0,10.0,10.0,20.92,20.81,20.92,32.95,32.83,32.95,60.81,60.12,60.12
2025-05-08,CASA,5.23,2647022.0,13850034.0,1,2025-05-08 12:00,95.15,0.0,0.0,0.0,46.19,0.0,9.93,9.83,9.93,20.86,20.76,20.86,32.95,32.95,32.95,45.56,31.06,31.06
2025-05-09,CASA,4.54,3498039.0,15893614.0,1,2025-05-09 12:00,104.5,0.1,0.0,0.1,33.11,0.0,10.05,9.95,10.05,21.05,21.05,21.05,33.11,32.54,32.54,7.46,7.46,7.46
2025-05-13,CASA,4.05,5384546.0,21790764.0,3,2025-05-13 17:00,126.5,0.0,0.0,0.0,9.96,-20.08,9.96,9.49,9.49,9.49,-1.42,-1.42,-11.23,-11.23,-11.23,-12.09,-18.66,-12.09
2025-05-14,CASA,5.58,6400042.0,35694269.0,3,2025-05-14 17:00,139.0,0.0,-0.36,-0.36,0.0,-27.99,-0.36,-10.29,-10.29,-19.21,-19.21,-19.21,-27.27,-27.27,-27.27,-20.0,-27.99,-26.55
2025-05-13,CATES,4.48,28628846.0,128319692.0,1,2025-05-13 10:00,33.04,2.91,-6.84,-5.39,5.81,-6.84,-2.72,-6.78,-6.17,2.18,-4.06,-1.76,5.81,-1.63,4.36,-1.03,-5.87,-5.87
2025-06-20,CATES,5.58,40364960.0,225092757.0,2,2025-06-20 11:00,31.38,11.22,-5.04,-4.4,11.22,-10.26,-4.02,-8.48,-8.48,-5.35,-7.33,-7.07,-4.97,-7.78,-7.71,-7.58,-10.26,-9.88
2025-08-13,CATES,4.62,66400448.0,306735933.0,2,2025-08-13 11:00,37.08,9.49,-5.07,-4.96,9.49,-8.36,-5.02,-8.31,-8.14,-6.31,-8.36,-6.9,-3.45,-6.36,-3.99,-2.8,-5.83,-4.31
2026-03-04,CATES,4.74,39981609.0,189669179.0,1,2026-03-04 10:00,41.34,1.5,-6.53,-4.69,20.42,-6.53,2.81,-5.66,-0.77,3.34,-4.74,-2.56,7.16,-4.31,7.16,20.42,11.32,16.5
2026-03-10,CATES,4.67,66758702.0,311642171.0,2,2026-03-10 11:00,47.12,3.4,-0.98,0.76,11.42,-2.33,5.65,-2.33,2.21,10.04,2.29,8.45,11.42,-0.21,4.24,6.22,-0.89,0.0
2024-07-09,CELHA,4.4,9955004.0,43842893.0,2,2024-07-09 11:00,9.3232,9.63,-3.54,9.63,34.36,-3.54,20.57,5.16,20.57,28.97,14.56,18.18,19.41,9.4,11.09,34.36,27.5,34.36
2024-07-10,CELHA,4.86,13727627.0,66675826.0,3,2024-07-10 12:00,10.3791,8.3,-0.76,8.3,32.73,-1.73,15.85,2.91,6.16,7.27,-1.73,-0.21,9.76,-1.31,9.76,32.73,30.38,32.73
2024-10-11,CELHA,4.03,21041649.0,84729075.0,3,2024-10-11 12:00,10.1708,2.12,-7.42,-7.42,2.12,-13.7,-2.12,-13.14,-12.22,-9.68,-12.08,-11.51,-10.73,-13.7,-12.36,-10.03,-13.42,-13.21
2025-01-16,CELHA,4.06,40154809.0,162924469.0,2,2025-01-16 11:00,8.8492,3.65,-3.41,-3.41,3.81,-7.63,-2.6,-7.63,-5.6,3.81,-6.98,-2.27,2.19,-4.87,-4.06,1.06,-2.68,-1.7
2025-06-26,CELHA,4.08,8196461.0,33430920.0,2,2025-06-26 11:00,7.269,2.87,-2.92,-1.93,2.87,-5.24,-1.24,-5.24,-4.5,-2.03,-4.45,-2.77,2.08,-3.31,-1.48,-0.1,-2.47,-2.08
2025-07-22,CELHA,6.97,18708366.0,130411309.0,1,2025-07-22 10:00,9.4669,2.35,-3.19,2.35,40.6,-3.19,12.52,2.66,12.52,23.69,23.69,23.69,36.05,14.82,16.19,40.6,35.42,40.6
2025-07-23,CELHA,4.29,28731305.0,123395951.0,1,2025-07-23 10:00,10.4653,1.78,-7.14,1.78,38.55,-7.14,11.89,11.89,11.89,23.07,3.87,5.11,15.62,7.4,15.62,38.55,20.02,25.18
2025-07-25,CELHA,4.76,38898067.0,185239280.0,2,2025-07-25 11:00,12.08,2.98,-10.02,-8.94,20.03,-10.02,0.17,-6.95,0.17,10.18,6.13,10.18,20.03,3.97,8.44,4.3,-7.2,-6.95
2025-07-30,CELHA,4.61,59589005.0,274462503.0,3,2025-07-30 12:00,13.47,3.41,-6.76,-2.75,3.41,-20.49,-2.52,-12.47,-12.47,-6.46,-16.78,-16.56,-9.8,-20.49,-15.37,-16.11,-20.12,-19.67
2025-11-26,CELHA,4.38,22376692.0,98052575.0,1,2025-11-26 10:00,10.43,0.0,-6.81,0.0,28.28,-6.81,9.97,3.55,9.97,20.23,0.48,6.9,17.55,12.18,17.55,19.65,9.11,9.11
2025-11-28,CELHA,7.8,29914319.0,233387319.0,1,2025-11-28 10:00,11.43,9.71,-8.31,-2.45,17.06,-12.16,7.26,2.36,7.26,17.06,0.87,4.72,9.19,-0.44,-0.44,-2.71,-12.16,-11.81
2025-03-28,CEMAS,4.63,28846992.0,133518491.0,3,2025-03-28 12:00,3.23,1.55,-3.1,1.55,34.67,-3.1,11.46,5.57,11.46,21.98,7.74,14.55,20.12,10.22,11.46,34.67,26.32,34.67
2025-04-02,CEMAS,4.4,40328469.0,177573437.0,1,2025-04-02 10:00,3.55,1.41,-3.94,1.41,34.65,-3.94,10.99,-1.97,4.23,9.3,0.28,1.41,11.55,-3.1,11.55,34.65,21.41,21.41
2025-04-03,CEMAS,4.38,52216487.0,228949452.0,2,2025-04-03 11:00,3.74,5.35,-3.74,-1.07,27.81,-8.02,3.74,-4.81,-3.74,5.88,-8.02,5.88,16.31,9.09,16.31,20.05,5.88,10.96
2025-04-09,CEMAS,4.01,93718284.0,375706444.0,2,2025-04-09 11:00,4.65,2.8,-7.31,-7.31,12.47,-14.84,-3.44,-14.84,-10.75,-2.15,-14.84,-8.6,0.43,-7.31,0.43,12.47,-0.65,4.3
2026-03-27,CEMAS,4.32,83506319.0,360791198.0,3,2026-03-27 12:00,5.35,2.8,-6.92,-5.61,2.8,-11.21,-3.18,-10.47,-10.28,-9.16,-11.21,-10.84,-4.11,-10.28,-8.41,-1.31,-8.41,-5.61
2025-04-07,CEMTS,4.26,87107094.0,371289040.0,1,2025-04-07 10:00,13.64,4.69,-4.69,-3.3,6.09,-5.94,4.69,-3.74,-0.59,3.89,-2.57,1.39,6.09,-0.81,0.66,4.84,-5.94,1.91
2025-08-13,CEMZY,4.67,109584132.0,511962571.0,3,2025-08-13 12:00,3.4327,0.0,-2.19,0.0,25.56,-2.19,6.42,0.56,1.27,6.11,0.25,4.48,14.87,3.67,14.87,25.56,16.7,24.24
2025-09-18,CEMZY,4.29,220298717.0,945133749.0,1,2025-09-18 10:00,5.3448,10.46,-0.39,8.89,18.57,-0.39,18.57,9.03,10.92,16.61,9.55,13.15,18.57,11.12,11.12,11.31,7.0,7.0
2026-03-25,CEOEM,4.74,31205059.0,147838938.0,1,2026-03-25 10:00,23.28,9.54,-4.81,-2.58,9.54,-12.11,-0.17,-7.47,-6.36,-5.5,-10.65,-9.71,-7.99,-11.0,-10.65,-9.36,-12.11,-9.71
2026-04-15,CGCAM,4.08,198519402.0,810315905.0,3,2026-04-15 12:00,40.02,1.4,-2.05,-1.55,8.1,-2.05,5.65,-2.05,2.15,7.15,-0.3,5.35,7.8,1.5,6.9,4.95,0.55,3.4
2024-10-16,CMBTN,4.05,61612234.0,249413804.0,3,2024-10-16 12:00,2422.0,2.6,-2.23,-2.23,9.93,-4.62,6.32,-1.11,1.9,9.41,1.36,5.59,9.93,-2.56,-2.52,2.15,-4.62,-3.8
2025-04-15,CMBTN,4.13,82667741.0,341387210.0,3,2025-04-15 12:00,2835.0,2.2,-4.94,-2.56,7.5,-7.94,6.26,-6.35,1.94,7.5,-5.82,-2.65,-0.18,-7.32,-5.47,-3.0,-7.94,-7.85
2026-04-17,CMBTN,4.07,30042997.0,122263560.0,3,2026-04-17 12:00,1985.0,0.0,-5.29,-4.23,0.0,-9.32,-3.38,-5.69,-5.54,-2.32,-6.8,-6.35,-4.89,-9.32,-5.29,-5.49,-8.01,-7.91
2022-07-07,CMENT,4.95,215948.0,1068532.0,3,2022-07-07 17:00,30.7,0.0,-0.33,-0.33,0.98,-8.6,0.98,-0.65,-0.65,-3.91,-6.71,-6.71,-2.21,-7.36,-2.61,-3.26,-4.89,-4.89
2022-07-27,CMENT,4.85,351465.0,1703993.0,3,2022-07-27 17:00,34.1,0.0,0.0,0.0,23.17,0.0,9.97,9.97,9.97,18.18,10.03,10.79,18.77,8.5,18.77,23.11,20.23,20.23
2023-02-07,CMENT,4.59,514577.0,2361629.0,2,2023-02-07 13:00,68.8,0.0,0.0,0.0,23.62,0.0,9.96,9.67,9.96,20.93,20.93,20.93,23.62,18.82,23.62,16.28,16.06,16.06
2023-02-16,CMENT,4.51,719323.0,3244966.0,3,2023-02-16 17:00,83.2,0.0,0.0,0.0,2.22,-22.0,2.22,-1.74,2.22,2.16,0.84,0.84,-3.85,-4.03,-4.03,-21.27,-22.0,-21.27
2023-08-08,CMENT,4.47,1456035.0,6511818.0,1,2023-08-08 12:00,97.9,0.56,0.0,0.56,8.17,-9.45,0.61,-0.92,-0.92,-2.2,-9.09,-9.09,-0.26,-9.45,-0.26,8.17,6.23,8.17
2023-10-24,CMENT,4.28,3879343.0,16589160.0,2,2023-10-24 13:00,243.6,0.0,0.0,0.0,25.66,0.0,8.37,6.77,7.68,7.68,4.27,4.27,3.86,2.63,3.86,25.66,14.24,14.24
2024-02-27,CMENT,4.12,6878727.0,28361120.0,3,2024-02-27 17:00,495.0,0.0,0.0,0.0,0.15,-22.78,0.0,-0.71,-0.71,-1.11,-7.98,-7.98,-8.33,-17.17,-17.17,0.15,-8.84,0.15
2026-01-26,CONSE,4.74,19666145.0,93220178.0,2,2026-01-26 11:00,3.34,2.1,-1.2,2.1,5.09,-5.99,5.09,-1.5,-1.2,2.4,-2.1,-1.8,-1.2,-2.99,-2.1,-0.6,-5.99,-1.5
2024-12-10,COSMO,5.37,24896400.0,133791558.0,2,2024-12-10 11:00,130.0,2.46,-1.54,-0.62,12.92,-5.15,6.15,-5.15,-2.0,1.15,-3.77,-0.15,5.46,-2.31,4.77,10.0,0.15,2.08
2025-07-21,COSMO,4.11,3636320.0,14952621.0,3,2025-07-21 12:00,120.9,1.32,-1.41,1.32,4.22,-5.87,4.22,-2.4,0.08,0.08,-4.05,-0.91,-0.74,-4.8,-1.24,-2.48,-5.87,-2.65
2025-09-19,COSMO,4.13,5872298.0,24244246.0,3,2025-09-19 12:00,168.0,1.01,-1.96,1.01,20.77,-7.74,0.89,-7.74,-6.31,3.04,-6.73,3.04,13.33,6.96,13.33,20.18,12.26,16.9
2024-11-28,CRDFA,4.01,66936265.0,268705435.0,3,2024-11-28 12:00,2.6167,1.78,-2.17,-2.17,1.78,-16.31,-1.27,-10.06,-8.79,-7.39,-13.89,-13.89,-8.66,-14.65,-12.74,-14.01,-16.31,-15.54
2025-10-15,CRDFA,4.85,44093996.0,213948583.0,1,2025-10-15 12:00,13.64,0.0,-2.3,-2.3,0.0,-20.82,-12.02,-12.02,-12.02,-20.77,-20.82,-20.82,-12.9,-19.35,-16.91,-18.13,-18.67,-18.13
2025-10-08,CRFSA,9.6,45293769.0,434932369.0,1,2025-10-08 10:00,119.3,1.42,-7.12,-6.2,11.48,-9.56,-5.2,-9.56,-7.8,-1.93,-8.89,-5.2,4.27,-6.62,4.27,-1.42,-7.54,-5.11
2025-12-12,CRFSA,4.27,71462691.0,304912253.0,3,2025-12-12 12:00,132.3,0.6,-2.12,0.6,0.6,-11.94,0.6,-9.45,-9.45,-7.79,-11.94,-10.13,-6.95,-10.66,-9.98,-5.29,-9.3,-9.07
2025-12-15,CRFSA,5.65,91835245.0,519199530.0,2,2025-12-15 11:00,120.3,1.33,-0.42,-0.42,4.16,-3.16,1.41,-3.16,-1.16,2.33,-1.75,-1.0,2.16,-1.0,0.67,0.5,-2.91,-2.83
2026-04-08,CRFSA,4.42,64514841.0,285109368.0,2,2026-04-08 11:00,153.3,4.04,-1.57,2.41,10.18,-1.57,5.68,0.46,3.33,6.33,-1.5,0.59,9.59,1.3,8.68,10.18,5.02,7.96
2026-04-20,CRFSA,4.23,176175272.0,745057389.0,3,2026-04-20 12:00,173.3,0.98,-0.29,-0.29,0.98,-20.37,-4.79,-10.21,-10.21,-7.67,-12.29,-12.23,-11.19,-15.93,-14.43,-16.73,-20.37,-20.37
2024-12-16,CUSAN,4.39,9172931.0,40253763.0,3,2024-12-16 12:00,22.3,5.74,-0.9,5.74,22.06,-0.9,15.52,2.42,14.53,18.21,12.56,14.98,18.83,13.0,17.31,22.06,17.58,20.18
2024-12-17,CUSAN,4.87,14733029.0,71718074.0,1,2024-12-17 10:00,25.52,0.94,-10.5,0.08,7.76,-10.5,3.29,-1.65,0.47,3.84,-1.25,2.51,5.88,1.1,4.08,7.76,1.72,4.62
2025-08-13,CUSAN,4.62,42132530.0,194737370.0,2,2025-08-13 11:00,29.6,2.91,-6.28,-4.12,22.03,-12.84,-4.73,-12.84,-7.09,2.16,-10.0,2.16,12.36,10.68,12.36,18.72,7.36,16.42
2025-10-15,CUSAN,4.21,25357766.0,106795144.0,2,2025-10-15 11:00,27.82,1.01,-7.69,-6.54,1.01,-13.52,-6.04,-9.85,-9.2,-5.39,-11.36,-10.28,-5.39,-11.07,-9.92,-9.35,-13.52,-13.52
2025-12-02,CUSAN,5.35,11997965.0,64159210.0,1,2025-12-02 10:00,24.08,9.3,-6.23,-5.73,9.3,-8.55,-1.66,-7.64,-7.64,-1.5,-8.55,-4.9,-4.9,-7.81,-7.81,-7.06,-8.06,-7.81
2026-01-13,CUSAN,4.26,9708409.0,41365366.0,2,2026-01-13 11:00,23.94,1.09,-3.01,-2.67,2.34,-6.02,-0.08,-5.93,-5.18,-3.59,-5.85,-4.85,-3.68,-6.02,-5.01,2.34,-2.51,1.34
2026-01-28,CUSAN,4.62,21560511.0,99518594.0,1,2026-01-28 10:00,29.68,0.81,-5.32,0.81,10.85,-10.18,10.85,6.6,10.85,10.58,-0.2,-0.2,-1.95,-10.18,-9.03,9.43,-3.98,-0.74
2026-01-29,CUSAN,4.18,29328675.0,122597235.0,2,2026-01-29 11:00,32.16,2.3,-1.43,2.3,2.3,-17.1,2.05,-7.9,-7.9,-9.51,-17.1,-16.04,-7.65,-15.3,-7.65,-8.96,-13.56,-13.56
2025-02-26,DAGI,4.67,44090168.0,205766728.0,3,2025-02-26 12:00,7.69,0.78,-13.0,-12.87,0.78,-33.55,-7.93,-15.99,-13.0,-11.44,-15.73,-15.08,-12.35,-20.03,-18.21,-24.58,-33.55,-28.87
2025-07-14,DAGI,4.43,38827624.0,172163484.0,1,2025-07-14 10:00,5.74,5.23,-4.01,-3.48,16.55,-5.92,6.1,-5.92,2.09,12.2,4.88,10.63,16.55,5.75,11.5,8.19,-0.87,0.0
2025-07-16,DAGI,4.82,55253094.0,266478284.0,2,2025-07-16 11:00,6.0,1.5,-10.0,-2.33,11.5,-10.0,7.33,0.33,5.83,11.5,1.17,6.67,10.5,2.83,3.33,-2.5,-7.67,-7.5
2025-07-22,DAPGM,5.42,129460259.0,701137582.0,1,2025-07-22 10:00,10.3,4.66,-5.73,2.91,25.05,-5.73,6.6,0.68,2.14,5.44,1.46,2.33,5.44,3.01,3.4,25.05,18.74,25.05
2024-12-02,DARDL,7.88,18179568.0,143235450.0,1,2024-12-02 10:00,2.7017,0.0,-4.26,0.0,8.05,-8.66,8.05,-8.66,-7.45,0.3,-8.36,-3.65,-3.04,-7.6,-6.69,-2.89,-6.69,-5.32
2024-12-03,DARDL,7.66,24910893.0,190853691.0,1,2024-12-03 10:00,2.8167,3.64,-12.39,-11.22,3.64,-12.39,-3.79,-12.1,-7.58,-7.0,-11.37,-10.5,-6.85,-11.66,-9.04,-6.12,-12.1,-7.0
2025-02-26,DARDL,4.05,24878479.0,100756619.0,3,2025-02-26 12:00,1.9914,1.24,-1.65,1.24,4.54,-6.19,4.54,-3.51,-2.06,-1.24,-4.12,-3.92,-2.68,-5.36,-4.95,-3.3,-5.98,-4.74
2025-04-16,DENGE,4.14,36202372.0,149868571.0,3,2025-04-16 12:00,2.3828,5.78,-3.18,-3.18,5.78,-13.01,-1.73,-7.23,-6.94,-6.07,-11.85,-10.12,-4.91,-10.4,-10.12,-8.09,-12.14,-9.83
2025-10-31,DENGE,4.03,84885326.0,342233832.0,3,2025-10-31 12:00,3.54,0.85,-5.65,0.85,10.45,-6.78,10.45,-6.78,-1.69,3.39,-4.8,-1.69,0.85,-3.95,-3.67,3.95,-6.21,-2.26
2024-12-13,DERHL,4.77,78633176.0,374954705.0,1,2024-12-13 10:00,16.33,0.92,-10.59,-7.65,0.92,-15.13,-3.37,-8.14,-7.23,-5.08,-15.13,-14.76,-6.25,-15.0,-6.25,-2.94,-15.06,-12.06
2025-03-18,DERHL,4.12,149635567.0,616673144.0,1,2025-03-18 10:00,41.98,0.0,-13.2,0.0,11.77,-23.06,9.58,0.0,2.91,11.77,0.71,1.0,0.05,-9.1,-9.1,-10.0,-23.06,-10.0
2025-05-14,DERHL,4.59,240685518.0,1105864842.0,3,2025-05-14 12:00,109.3,3.29,-0.91,3.29,37.33,-8.83,13.54,5.86,13.54,24.89,15.37,24.89,37.33,12.44,12.44,-3.93,-8.83,-8.83
2025-05-20,DERHL,4.88,401982653.0,1960904446.0,3,2025-05-20 12:00,122.9,11.47,0.0,0.0,11.47,-40.85,4.72,-9.93,-9.93,-14.56,-18.92,-18.92,-17.33,-27.01,-27.01,-37.35,-40.85,-40.85
2026-01-23,DERHL,5.54,63752718.0,353241731.0,3,2026-01-23 12:00,14.21,5.77,-3.24,2.04,5.77,-3.24,5.0,-1.76,-1.41,0.63,-2.74,-1.2,0.63,-1.9,-0.63,4.36,-1.97,0.42
2024-07-29,DERIM,6.23,22307108.0,138973253.0,1,2024-07-29 10:00,46.88,1.45,-7.76,-5.5,1.45,-24.74,-1.92,-10.96,-10.2,-3.03,-15.7,-13.05,-9.34,-13.35,-12.88,-18.73,-24.74,-23.68
2025-12-30,DERIM,7.2,7116451.0,51229419.0,2,2025-12-30 11:00,36.84,0.0,-5.21,0.0,8.31,-7.55,8.31,-3.85,-0.16,2.61,-1.85,-1.3,2.39,-3.8,-0.54,-0.92,-7.55,-5.16
2025-12-31,DERIM,7.06,9366473.0,66115690.0,1,2025-12-31 10:00,37.84,5.44,-6.4,-2.8,5.44,-9.99,-0.11,-4.44,-3.91,-0.32,-6.34,-3.17,-2.8,-6.29,-5.34,-6.4,-9.88,-6.55
2026-04-15,DERIM,5.08,16237595.0,82420585.0,3,2026-04-15 12:00,39.86,1.91,-1.51,0.15,8.18,-2.06,1.66,-2.06,-1.4,1.61,-2.06,0.85,6.17,-0.7,3.36,4.32,1.25,2.86
2024-09-11,DESA,4.6,12147468.0,55839418.0,1,2024-09-11 10:00,10.65,0.0,-7.18,0.0,4.98,-8.17,4.98,-8.17,-6.71,-4.23,-6.62,-5.16,4.32,-5.16,1.03,4.23,-0.09,0.28
2024-09-12,DESA,4.28,14643383.0,62670350.0,3,2024-09-12 12:00,10.23,1.66,-4.4,-2.88,8.6,-4.4,-0.29,-2.79,-1.27,8.6,-1.27,5.18,7.53,2.25,5.08,8.41,4.99,7.72
2025-01-16,DESA,5.94,11881613.0,70564438.0,1,2025-01-16 10:00,11.25,1.96,-8.62,-7.56,1.96,-13.78,-7.11,-11.02,-9.87,-9.51,-10.76,-10.49,-9.6,-11.29,-11.11,-8.44,-11.73,-11.02
2025-05-09,DESA,9.44,10521759.0,99377927.0,1,2025-05-09 10:00,8.92,3.36,-1.91,-1.01,8.07,-1.91,5.16,-1.57,2.91,3.81,1.23,2.91,8.07,2.47,4.6,3.92,1.57,2.35
2026-03-03,DESPC,4.71,15143467.0,71307687.0,2,2026-03-03 11:00,43.46,0.6,-5.02,-5.02,0.6,-14.27,-4.51,-11.73,-10.26,-8.47,-12.52,-10.12,-9.3,-12.75,-12.1,-7.64,-11.09,-7.64
2025-03-10,DEVA,6.56,30574395.0,200599770.0,1,2025-03-10 10:00,66.3,3.24,-2.26,-2.26,3.24,-3.7,-1.73,-3.39,-3.09,-2.34,-3.7,-3.54,-1.36,-3.39,-1.73,-0.45,-1.36,-1.06
2025-04-28,DGATE,5.93,18396010.0,109154257.0,2,2025-04-28 11:00,64.45,0.39,-2.79,0.39,18.7,-2.79,10.24,3.49,3.57,11.71,0.08,9.46,16.52,10.24,16.37,14.2,1.78,5.9
2025-04-29,DGATE,4.16,26562087.0,110436882.0,2,2025-04-29 11:00,67.95,4.56,-1.77,-1.77,12.58,-5.08,5.96,-5.08,3.83,10.52,4.56,10.38,12.58,0.66,3.09,5.96,-2.8,3.02
2025-07-03,DGATE,4.22,20335414.0,85894710.0,3,2025-07-03 12:00,62.7,0.48,-1.52,-0.32,22.73,-1.52,8.13,-1.2,3.51,9.09,-0.8,7.18,10.69,6.14,7.81,22.73,9.49,21.93
2026-05-08,DGATE,4.08,61341394.0,250072827.0,3,2026-05-08 12:00,107.0,5.89,-3.55,5.89,10.75,-3.55,10.75,2.99,9.25,9.81,4.86,6.54,8.79,-1.68,0.47,4.49,-2.9,-2.34
2025-12-09,DGGYO,4.26,2905608.0,12370882.0,2,2025-12-09 11:00,34.0,1.88,-0.88,1.41,1.88,-5.71,0.53,-4.35,-3.53,-1.18,-5.24,-3.12,-2.06,-5.71,-2.53,-2.65,-5.47,-4.12
2026-04-15,DGGYO,4.07,2947100.0,11991062.0,2,2026-04-15 11:00,32.42,4.5,-5.0,4.26,6.42,-8.7,6.42,-1.54,-1.42,-1.42,-6.29,-2.65,-3.15,-7.09,-4.38,-4.44,-7.46,-5.68
2025-07-22,DGNMO,4.43,16749601.0,74151243.0,3,2025-07-22 12:00,7.01,3.0,-3.0,1.85,5.56,-3.0,3.28,-0.14,0.0,4.71,-0.43,2.85,4.71,2.14,3.99,5.14,2.57,3.0
2026-04-13,DGNMO,10.26,29277027.0,300512846.0,1,2026-04-13 10:00,6.08,0.0,-11.84,0.0,54.11,-11.84,9.87,9.87,9.87,20.72,20.72,20.72,32.73,28.12,32.73,54.11,40.62,44.41
2026-04-20,DGNMO,4.02,60860861.0,244645100.0,2,2026-04-20 11:00,8.88,5.18,-2.59,-1.13,18.24,-3.15,1.35,-3.15,-0.9,9.01,-0.9,9.01,18.24,-0.56,5.97,7.21,-2.03,2.36
2026-04-24,DGNMO,4.12,91342905.0,376188111.0,2,2026-04-24 11:00,10.01,2.4,-11.49,-5.99,2.4,-15.48,-6.39,-12.39,-9.89,-4.9,-13.09,-9.19,-9.09,-14.79,-12.09,-9.39,-13.49,-11.39
2026-06-02,DGNMO,4.07,34382563.0,139995003.0,2,2026-06-02 11:00,9.49,10.96,-1.26,2.32,12.54,-8.01,12.54,-4.64,-2.63,4.85,-8.01,4.32,7.59,-0.95,-0.95,,,
2022-07-26,DIRIT,4.74,86279.0,409117.0,3,2022-07-26 17:00,3.02,0.99,0.0,0.99,25.83,0.0,10.93,1.32,10.93,21.85,21.85,21.85,25.83,21.85,25.5,13.25,5.96,6.29
2022-07-27,DIRIT,6.5,110673.0,719077.0,3,2022-07-27 17:00,3.35,0.0,0.0,0.0,13.43,-5.97,9.85,9.85,9.85,13.43,9.85,13.13,11.94,2.09,2.09,-5.07,-5.97,-5.07
2022-07-28,DIRIT,4.51,149372.0,674408.0,3,2022-07-28 17:00,3.68,0.0,0.0,0.0,3.26,-14.4,3.26,0.0,2.99,1.9,-7.07,-7.07,-7.07,-13.04,-12.77,-7.88,-12.5,-11.14
2022-07-29,DIRIT,5.04,178368.0,898100.0,1,2022-07-29 12:00,3.68,3.26,0.0,2.99,3.26,-14.4,1.9,-7.07,-7.07,-7.07,-13.04,-12.77,-13.59,-14.4,-13.59,-8.97,-11.14,-8.97
2023-03-10,DIRIT,5.37,268207.0,1441102.0,2,2023-03-10 13:00,5.58,0.0,0.0,0.0,0.0,-12.01,-2.15,-8.6,-8.6,-8.6,-12.01,-10.39,-6.81,-10.39,-8.42,-5.02,-6.81,-6.81
2023-12-01,DIRIT,4.35,679606.0,2954306.0,3,2023-12-01 17:00,8.83,0.0,-2.94,-2.94,16.76,-8.27,6.34,-8.27,6.34,16.76,8.72,8.72,8.72,1.13,1.13,5.32,-5.21,3.06
2024-01-30,DIRIT,5.88,3942566.0,23185702.0,1,2024-01-30 12:00,23.0,0.0,-5.22,-5.22,0.0,-28.13,-14.7,-14.7,-14.7,-23.22,-23.22,-23.22,-15.7,-28.13,-16.09,-24.17,-24.17,-24.17
2024-07-18,DIRIT,6.26,7572678.0,47379950.0,1,2024-07-18 12:00,42.38,0.0,-9.25,-9.25,24.94,-9.25,-0.19,-9.25,-0.19,9.77,-6.09,9.77,17.93,17.89,17.93,24.94,22.7,24.94
2025-03-12,DIRIT,5.92,2302124.0,13619822.0,3,2025-03-12 17:00,27.0,0.0,-2.96,-2.96,1.85,-19.56,-2.74,-3.7,-2.74,1.85,-3.7,-3.7,-3.7,-7.19,-6.96,-14.3,-19.56,-19.56
2025-05-26,DIRIT,5.19,2220683.0,11522820.0,1,2025-05-26 12:00,26.46,0.0,-9.3,-4.61,1.66,-19.88,1.66,-5.52,-3.63,-5.82,-13.23,-13.23,-14.97,-19.43,-18.44,-14.59,-18.75,-18.75
2026-03-31,DIRIT,5.86,2388609.0,14002975.0,3,2026-03-31 17:00,33.98,0.0,-2.94,-2.94,0.0,-21.13,-6.59,-12.6,-12.6,-16.72,-18.19,-16.72,-18.3,-19.48,-19.48,-17.66,-21.13,-21.13
2024-07-18,DITAS,4.49,12765790.0,57346905.0,3,2024-07-18 12:00,9.4766,1.02,-2.25,0.05,19.57,-3.22,5.47,-3.22,2.63,11.42,0.75,10.03,18.5,5.9,14.42,18.5,8.2,13.67
2025-01-24,DITAS,4.66,14351771.0,66917463.0,3,2025-01-24 12:00,8.186,0.37,-2.05,-1.92,0.37,-9.19,0.31,-4.9,-4.22,-3.17,-6.52,-5.96,-5.52,-7.39,-6.95,-7.14,-9.19,-8.26
2025-04-15,DITAS,4.73,11600957.0,54818211.0,2,2025-04-15 11:00,7.4797,2.45,-4.76,-3.6,2.45,-10.26,0.54,-8.29,-7.81,-4.82,-9.44,-7.54,-6.39,-9.58,-9.44,-5.57,-10.26,-9.51
2025-05-27,DITAS,4.06,26474033.0,107369226.0,1,2025-05-27 10:00,9.8069,10.26,-5.65,1.3,11.4,-8.45,3.52,-6.74,-6.74,1.3,-8.45,-0.52,8.19,-2.12,5.28,0.31,-4.4,-3.47
2025-12-26,DITAS,4.26,59523168.0,253413553.0,1,2025-12-26 10:00,32.2917,0.0,-4.01,0.0,10.55,-7.72,6.53,-5.43,3.62,4.88,-4.01,-0.24,2.75,-3.23,-3.23,10.55,0.65,2.69
2025-03-17,DMRGD,4.47,42001761.0,187711171.0,3,2025-03-17 12:00,1.8175,1.72,-5.3,-3.65,1.72,-18.57,-2.34,-7.02,-6.26,-9.97,-15.61,-15.61,-12.52,-16.23,-14.58,-5.91,-12.04,-8.05
2025-06-26,DMRGD,6.47,78625702.0,508341073.0,2,2025-06-26 11:00,3.495,0.29,-7.3,-3.79,0.29,-11.37,-3.43,-9.3,-9.08,-3.08,-11.37,-3.43,-1.5,-7.01,-6.29,-3.86,-7.3,-4.22
2025-09-24,DMRGD,8.7,124701673.0,1085291656.0,1,2025-09-24 10:00,3.655,3.35,-2.53,-1.71,3.35,-15.73,-0.75,-5.75,-4.99,-4.72,-9.44,-7.66,-7.66,-13.47,-13.47,-6.7,-14.16,-12.72
2026-04-13,DMRGD,4.1,260881689.0,1070073467.0,2,2026-04-13 11:00,5.34,8.43,-3.18,-1.12,8.43,-6.74,4.68,-5.24,-5.24,1.12,-4.49,-3.56,-2.06,-5.81,-4.49,-2.43,-6.74,-6.55
2025-02-18,DMSAS,5.16,30998128.0,159843341.0,1,2025-02-18 10:00,8.18,3.67,-0.86,-0.24,3.67,-19.56,-0.49,-8.56,-7.7,-2.69,-10.02,-9.66,-9.17,-15.04,-14.3,-15.4,-19.56,-19.07
2025-12-29,DMSAS,4.21,29356574.0,123578982.0,1,2025-12-29 10:00,12.42,19.97,0.0,0.0,19.97,-27.54,-9.98,-9.98,-9.98,-18.92,-18.92,-18.92,-23.99,-26.97,-26.89,-26.49,-27.21,-27.13
2026-01-02,DMSAS,4.21,34898370.0,146840739.0,1,2026-01-02 10:00,9.11,3.62,-0.44,-0.33,3.62,-1.21,1.32,-1.21,-0.55,0.22,-0.77,-0.66,0.77,-0.55,-0.22,0.99,-0.22,0.22
2024-09-03,DNISI,6.07,11712482.0,71135651.0,1,2024-09-03 10:00,13.76,2.03,-3.85,2.03,33.21,-3.85,12.21,2.47,12.21,23.4,16.13,23.4,33.21,11.12,11.12,15.33,5.31,5.31
2024-09-05,DNISI,4.36,22231493.0,96897469.0,3,2024-09-05 12:00,16.58,2.41,-1.69,2.41,10.55,-19.84,10.55,-7.78,-7.78,1.03,-15.08,-6.51,-4.28,-12.61,-12.61,-9.89,-19.84,-17.85
2024-09-06,DNISI,4.47,27977355.0,125019154.0,3,2024-09-06 12:00,15.96,2.38,-4.2,-4.2,4.95,-17.73,4.95,-11.78,-2.88,-0.56,-9.21,-9.21,-2.26,-10.84,-10.34,-13.47,-17.73,-14.85
2024-11-14,DOCO,6.41,18010096.0,115372318.0,3,2024-11-14 12:00,5592.5,0.67,-4.2,0.67,10.73,-4.2,10.73,5.5,6.66,6.48,1.43,2.15,7.06,0.85,1.07,6.75,3.17,3.31
2024-11-15,DOCO,4.38,25058251.0,109670100.0,3,2024-11-15 12:00,6185.0,0.12,-3.56,-3.56,0.12,-9.58,-3.72,-8.29,-7.64,-3.19,-8.81,-8.61,-2.38,-9.58,-4.28,-4.53,-9.01,-7.56
2025-08-14,DOCO,4.73,41032602.0,193887065.0,3,2025-08-14 12:00,10417.5,0.72,-0.17,0.72,9.43,-0.17,7.51,1.85,7.1,9.43,3.82,4.42,5.98,2.52,4.66,4.32,1.42,1.61
2025-04-03,DOFER,4.12,19204990.0,79119235.0,3,2025-04-03 12:00,27.0,1.56,-3.26,-2.81,1.56,-11.11,-2.81,-5.63,-5.63,-5.63,-11.11,-7.26,-4.44,-6.37,-5.78,1.48,-5.56,0.07
2025-05-22,DOFER,4.1,54960738.0,225316622.0,2,2025-05-22 11:00,34.94,11.05,-3.61,-3.43,11.05,-16.26,-0.4,-7.56,-3.03,-2.29,-7.21,-7.21,-6.41,-11.85,-11.28,-12.25,-16.26,-14.65
2024-08-26,DOGUB,4.26,19539940.0,83271114.0,2,2024-08-26 11:00,26.48,3.32,-8.76,-8.76,5.06,-10.5,-3.85,-10.5,-10.12,-7.85,-10.05,-9.89,-3.32,-9.89,-4.46,3.4,-2.95,-1.51
2025-10-23,DOGUB,4.2,15995416.0,67231622.0,2,2025-10-23 11:00,44.72,0.0,-9.93,0.0,56.53,-9.93,9.97,-4.96,9.97,20.86,9.97,20.86,32.94,25.67,32.94,56.53,31.6,31.6
2024-10-02,DOKTA,4.54,8277159.0,37585607.0,3,2024-10-02 12:00,23.56,3.23,-3.82,-2.29,3.23,-9.68,-0.25,-5.09,-4.58,-3.9,-6.79,-5.01,-2.72,-5.77,-5.35,-0.59,-5.35,-3.06
2025-04-24,DOKTA,8.01,8995395.0,72094993.0,1,2025-04-24 10:00,24.26,5.11,-4.7,-4.7,6.76,-11.05,-4.7,-9.89,-8.99,0.08,-7.01,0.08,6.76,-6.43,-6.02,-7.01,-11.05,-10.55
2025-04-29,DOKTA,4.06,20455831.0,83077179.0,3,2025-04-29 12:00,23.02,6.69,-1.39,-0.96,6.69,-8.77,2.52,-5.99,-3.82,-2.0,-6.26,-5.73,-4.52,-8.77,-6.86,3.74,-7.12,3.74
2025-04-25,DSTKF,4.14,446998779.0,1851258790.0,1,2025-04-25 10:00,187.5,3.47,-4.96,3.47,20.0,-4.96,13.81,2.45,13.81,20.0,9.81,10.93,14.56,3.84,10.67,17.65,8.0,11.63
2025-12-02,DSTKF,4.93,2491735970.0,12294250760.0,1,2025-12-02 10:00,792.0,22.22,0.0,0.0,22.22,-29.61,-9.97,-9.97,-9.97,-6.06,-18.94,-18.94,-18.24,-27.02,-26.77,-27.71,-29.61,-29.61
2024-10-02,DUNYH,4.77,8127152.0,38797954.0,3,2024-10-02 12:00,53.85,1.86,-7.74,-7.74,1.86,-10.83,-3.44,-7.71,-3.71,-0.09,-7.48,-3.81,-2.69,-8.04,-6.78,-2.51,-7.15,-5.29
2024-12-10,DUNYH,5.34,22642753.0,120814288.0,2,2024-12-10 11:00,54.55,4.67,-2.47,-2.47,4.67,-9.44,-2.57,-8.89,-6.51,0.46,-6.51,-4.67,0.27,-6.05,-5.41,-0.18,-9.44,-0.18
2025-05-02,DUNYH,5.28,4146227.0,21912781.0,2,2025-05-02 11:00,52.2,0.0,-3.26,0.0,11.78,-6.51,9.96,1.53,9.2,11.78,-0.38,-0.38,1.53,-4.79,-2.87,-1.44,-4.64,-3.07
2025-05-05,DUNYH,6.06,5192278.0,31487115.0,1,2025-05-05 10:00,55.0,4.36,-3.64,3.64,6.09,-11.27,6.09,-5.45,-5.45,-3.64,-9.64,-7.82,-5.45,-11.27,-7.45,-5.45,-9.09,-7.36
2025-10-03,DUNYH,4.69,23320401.0,109407543.0,1,2025-10-03 10:00,99.25,0.0,-4.94,0.0,46.3,-4.94,9.92,7.81,9.92,20.91,15.16,20.91,33.0,28.97,33.0,31.59,7.81,31.59
2025-10-06,DUNYH,4.8,28212307.0,135546276.0,1,2025-10-06 10:00,109.1,0.0,-1.92,0.0,33.09,-1.92,9.99,4.77,9.99,20.99,17.32,20.99,33.09,8.89,8.89,23.28,8.16,8.16
2025-10-07,DUNYH,4.12,33940016.0,139920960.0,1,2025-10-07 10:00,120.0,0.0,-4.75,0.0,21.0,-10.83,10.0,6.67,10.0,21.0,-1.0,-1.0,8.83,-10.83,8.83,2.25,-10.67,-5.0
2025-10-08,DUNYH,4.32,40724664.0,175783872.0,1,2025-10-08 10:00,132.0,0.0,-3.03,0.0,10.0,-22.27,10.0,-10.0,-10.0,-1.06,-18.94,-1.06,1.89,-10.61,-10.61,-14.92,-22.27,-22.12
2025-10-09,DUNYH,6.18,51959381.0,320945949.0,2,2025-10-09 11:00,140.5,3.35,-15.44,-15.44,3.35,-30.96,-7.05,-23.84,-7.05,-4.27,-16.01,-16.01,-12.67,-23.7,-18.86,-23.56,-30.96,-30.6
2026-04-06,DUNYH,4.95,55875145.0,276601931.0,2,2026-04-06 11:00,111.5,4.3,-4.39,-2.78,4.3,-7.62,-1.26,-7.62,-5.02,-2.06,-5.38,-5.2,-4.84,-7.0,-6.28,2.6,-5.02,-4.93
2026-05-25,DUNYH,4.22,222991477.0,940476700.0,2,2026-05-25 11:00,120.2,4.08,-0.42,0.17,4.08,-8.4,3.33,-4.83,-3.91,-0.25,-5.57,-3.49,-0.75,-5.24,-3.49,1.5,-8.4,-2.41
2024-08-06,DURDO,6.14,3397532.0,20854960.0,3,2024-08-06 12:00,2.606,4.76,-3.91,-1.84,4.76,-8.6,0.77,-4.68,-1.38,0.31,-4.07,-1.15,-0.38,-4.3,-4.07,-4.3,-8.6,-5.6
2024-09-17,DURDO,8.03,6109863.0,49092286.0,1,2024-09-17 10:00,2.704,2.88,-8.65,-8.65,25.96,-9.62,0.44,-9.62,0.44,10.43,0.07,10.43,18.71,1.85,4.22,25.96,18.64,25.96
2024-09-19,DURDO,4.98,13579252.0,67574380.0,2,2024-09-19 11:00,2.958,0.95,-2.23,0.95,39.28,-6.9,8.52,-6.9,-4.73,4.73,-4.26,4.73,15.15,8.45,15.15,39.28,26.77,30.7
2024-09-24,DURDO,4.11,23492876.0,96575281.0,2,2024-09-24 11:00,3.406,0.0,-4.46,0.0,20.96,-12.45,9.98,4.23,9.98,20.96,10.1,13.51,18.61,2.17,7.57,4.23,-12.45,-2.82
2024-09-25,DURDO,4.49,28283536.0,127102753.0,2,2024-09-25 11:00,3.668,2.13,-1.8,2.13,12.32,-18.76,12.32,2.24,5.4,10.14,-5.13,-0.11,-3.05,-10.09,-10.09,-14.07,-18.76,-18.76
2024-12-05,DURDO,5.04,15078135.0,75997232.0,1,2024-12-05 10:00,5.428,9.43,-1.62,2.8,9.43,-20.71,1.77,-7.44,-7.44,-7.89,-14.96,-13.93,-7.22,-15.48,-15.18,-16.58,-20.71,-18.64
2025-03-27,DURDO,4.88,51911259.0,253071833.0,3,2025-03-27 12:00,3.95,4.81,-2.78,-2.03,4.81,-13.16,3.8,-6.84,-4.81,-2.53,-7.09,-4.81,-2.78,-7.85,-6.08,-5.32,-13.16,-9.11
2025-07-09,DURDO,4.17,7818494.0,32613094.0,1,2025-07-09 10:00,3.2,2.5,-5.94,0.94,4.69,-5.94,4.37,-2.81,-1.25,0.0,-3.75,-2.19,4.69,-2.5,2.5,2.81,0.31,1.87
2025-07-24,DURDO,4.03,22543623.0,90861623.0,3,2025-07-24 12:00,3.97,0.0,-3.27,0.0,7.05,-7.56,3.27,-7.3,-6.8,-3.53,-7.56,-5.29,3.27,-5.29,-0.76,7.05,-2.52,7.05
2025-12-17,DURKN,4.15,22624474.0,93799850.0,3,2025-12-17 12:00,14.64,3.76,-0.96,1.09,3.76,-6.83,1.84,-3.28,-3.28,-3.14,-6.49,-4.58,-4.23,-6.28,-5.94,-3.69,-6.01,-3.83
2026-01-06,DURKN,4.04,45146747.0,182314420.0,3,2026-01-06 12:00,16.42,2.74,-4.75,-3.35,3.84,-8.28,-2.92,-8.28,-6.46,-3.9,-7.43,-6.03,-0.73,-6.39,-3.47,3.84,-0.3,2.01
2025-07-04,DYOBY,4.68,50702867.0,237489441.0,3,2025-07-04 12:00,15.25,1.97,-1.64,-0.33,11.67,-5.31,8.0,-5.31,6.1,11.67,3.48,5.57,8.66,1.44,1.9,2.43,-1.38,-0.07
2025-09-19,DYOBY,6.2,50167234.0,311283467.0,2,2025-09-19 11:00,16.75,6.87,-5.85,-4.84,6.87,-7.34,-3.64,-6.33,-6.21,-2.99,-7.34,-5.43,-4.66,-6.21,-6.09,-4.18,-7.1,-6.27
2026-04-15,DYOBY,7.78,32418453.0,252363377.0,1,2026-04-15 10:00,16.5,0.0,-7.15,0.0,12.12,-10.3,5.7,-9.09,-7.64,-4.48,-8.67,-7.88,1.33,-10.3,-1.33,12.12,4.48,6.24
2026-04-16,DYOBY,5.1,44598955.0,227551822.0,1,2026-04-16 10:00,15.64,11.51,-4.09,-2.56,18.29,-5.37,0.77,-3.64,-2.81,6.91,-5.37,4.09,13.11,7.42,9.59,15.86,6.59,10.42
2024-09-04,DZGYO,4.76,16346013.0,77872166.0,3,2024-09-04 12:00,5.59,0.54,-4.47,-3.4,24.51,-4.47,6.26,-2.33,6.26,13.95,5.55,5.72,13.77,4.29,10.02,24.51,8.94,9.12
2026-03-13,ECOGR,4.35,280609213.0,1219538196.0,1,2026-03-13 10:00,29.9,0.4,-9.16,0.4,27.36,-9.16,7.69,-1.94,3.48,13.78,0.47,13.78,23.61,15.05,21.54,27.36,7.83,27.36
2026-04-01,ECZYT,4.13,114099407.0,471337752.0,3,2026-04-01 12:00,333.75,1.05,-3.52,1.05,7.12,-3.52,5.77,0.67,2.25,2.77,-2.17,-2.1,0.22,-2.92,-0.15,7.12,-0.45,7.12
2025-07-30,EDATA,4.18,44039886.0,184146828.0,3,2025-07-30 12:00,6.07,1.98,-14.17,-10.21,1.98,-14.17,-1.32,-8.9,-6.75,-3.79,-10.87,-8.07,-7.74,-11.04,-10.54,-4.12,-8.9,-7.74
2025-12-30,EDATA,4.37,50778203.0,222044146.0,2,2025-12-30 11:00,6.15,6.99,-4.07,-1.46,31.54,-5.53,5.69,-2.28,-1.46,8.29,-5.53,8.29,18.7,5.85,11.22,31.54,24.88,26.02
2025-01-13,EDIP,4.01,26924322.0,107982377.0,3,2025-01-13 12:00,21.42,1.21,-3.08,-2.89,1.21,-4.48,-2.15,-3.73,-3.08,-2.24,-4.48,-3.55,-1.68,-4.3,-2.8,-1.12,-3.27,-2.43
2025-04-30,EDIP,4.41,47975257.0,211705682.0,2,2025-04-30 11:00,27.34,5.34,-6.07,-6.07,51.06,-6.36,3.29,-6.36,3.29,13.61,7.83,13.61,24.95,18.22,24.95,51.06,45.06,51.06
2025-05-09,EDIP,4.86,100497364.0,488449621.0,2,2025-05-09 11:00,41.02,4.83,-8.73,-8.73,21.4,-9.31,0.39,-9.31,0.39,10.39,10.39,10.39,21.4,2.93,14.58,3.12,-7.17,-7.17
2025-12-03,EFOR,4.08,215347382.0,877945298.0,3,2025-12-03 12:00,26.88,1.19,-5.88,-1.12,24.78,-5.88,8.71,-1.41,8.71,19.05,7.44,18.68,24.78,13.39,18.97,18.01,12.8,14.43
2026-03-13,EFOR,4.78,188529544.0,900746121.0,3,2026-03-13 12:00,18.47,2.82,-9.75,-7.04,2.82,-44.99,-3.84,-16.3,-16.3,-24.63,-24.63,-24.63,-32.16,-32.16,-32.16,-44.99,-44.99,-44.99
2026-03-25,EFOR,4.8,246210003.0,1182399824.0,2,2026-03-25 11:00,9.9,1.31,-8.69,-7.47,2.63,-10.61,-3.03,-10.61,-7.68,-3.54,-8.79,-6.87,-0.2,-9.8,-2.53,2.63,-8.59,-8.59
2025-12-29,EGEGY,4.25,43989391.0,187140313.0,2,2025-12-29 11:00,25.88,3.4,-2.63,-0.85,4.02,-4.25,4.02,-0.31,1.08,3.17,0.77,1.7,2.16,-1.47,0.46,-0.7,-4.25,-1.93
2026-04-16,EGEGY,4.07,123828606.0,503942053.0,3,2026-04-16 12:00,32.08,4.68,-3.12,-0.87,4.68,-5.92,0.19,-5.24,-3.18,-1.68,-4.99,-4.8,1.18,-5.55,-4.3,-3.37,-5.74,-4.18
2024-09-23,EGEPO,5.3,16405794.0,86878064.0,3,2024-09-23 12:00,5.68,0.0,-7.04,-6.25,0.0,-11.36,-4.4,-8.45,-5.55,-4.58,-7.57,-7.39,-5.9,-9.07,-7.83,-8.19,-11.36,-10.83
2025-03-21,EGEPO,5.75,17488546.0,100576250.0,3,2025-03-21 12:00,5.4,3.7,-0.93,-0.93,23.33,-10.74,7.22,-10.74,-0.74,9.07,-1.11,9.07,15.93,5.93,9.26,23.33,10.19,15.74
2025-12-30,EGEPO,4.95,22427348.0,111005422.0,1,2025-12-30 10:00,8.78,1.82,-11.39,-7.97,1.82,-11.5,-4.33,-11.5,-6.72,-2.39,-7.52,-6.38,-0.46,-8.77,-5.35,-0.11,-5.13,-3.76
2024-07-12,EGGUB,4.02,11225942.0,45074751.0,2,2024-07-12 11:00,41.86,2.15,-2.34,-0.14,50.86,-2.34,9.84,-1.34,9.84,20.76,12.28,13.57,24.82,10.46,24.82,50.86,37.48,41.78
2024-07-16,EGGUB,4.12,15146230.0,62450678.0,2,2024-07-16 11:00,45.98,0.0,-2.78,0.0,37.34,-2.78,9.94,2.22,3.39,13.64,0.57,13.64,24.95,16.25,24.95,34.41,20.16,22.88
2024-07-17,EGGUB,8.25,17627437.0,145418498.0,1,2024-07-17 10:00,50.55,0.0,-7.02,-5.95,24.93,-8.53,3.36,-8.53,3.36,13.65,5.74,13.65,24.93,13.85,17.41,19.29,7.42,10.09
2024-07-22,EGGUB,4.74,51768840.0,245616255.0,2,2024-07-22 11:00,60.9,1.72,-5.5,-2.55,10.02,-10.84,1.48,-9.28,-7.22,-0.99,-10.84,-8.62,0.49,-9.61,0.49,6.73,-3.12,1.23
2024-12-25,EGGUB,4.18,29818587.0,124606040.0,2,2024-12-25 11:00,58.55,0.0,-1.28,0.0,19.39,-1.28,9.99,2.65,9.99,19.39,8.03,8.03,16.99,7.6,13.41,10.93,5.12,6.4
2024-12-26,EGGUB,7.01,34402811.0,241045583.0,1,2024-12-26 10:00,62.75,2.63,-4.22,2.63,11.39,-4.22,11.39,0.8,0.8,9.16,0.4,5.82,6.45,1.43,1.51,9.16,-0.8,9.16
2025-05-08,EGGUB,4.12,66045091.0,271792033.0,3,2025-05-08 12:00,73.4,1.36,-4.63,-1.16,5.38,-4.63,0.95,-4.5,-1.23,5.38,-0.95,3.41,4.5,1.57,2.18,3.88,-0.2,0.48
2025-08-29,EGGUB,6.33,60083445.0,380246437.0,3,2025-08-29 12:00,113.3,0.35,-2.82,0.35,19.15,-2.82,10.33,-1.06,6.71,11.92,3.71,8.3,17.92,2.56,16.59,12.71,9.18,10.86
2025-09-01,EGGUB,4.94,87755005.0,433147415.0,3,2025-09-01 12:00,123.1,1.54,-6.34,-1.79,9.67,-6.34,3.01,-4.55,-0.32,8.53,-5.61,7.31,9.67,1.22,2.03,5.61,-1.79,-1.54
2026-03-09,EGGUB,5.82,68206351.0,396953381.0,1,2026-03-09 10:00,110.0,0.0,-7.0,-2.73,15.27,-7.0,2.45,-6.82,-1.45,0.82,-3.64,-1.91,4.55,-1.64,1.82,15.27,4.82,13.0
2025-01-10,EGPRO,4.34,22373984.0,97052107.0,2,2025-01-10 11:00,26.4338,1.18,-3.77,-3.77,1.18,-13.6,-3.65,-7.25,-6.58,-3.91,-8.68,-8.07,-7.39,-12.23,-11.25,-11.02,-13.6,-13.52
2024-07-10,EGSER,4.04,13448950.0,54277635.0,2,2024-07-10 11:00,3.69,2.44,-0.81,2.44,20.05,-0.81,12.47,4.61,12.47,20.05,5.69,7.86,13.28,7.32,7.59,11.38,3.79,9.21
2024-07-11,EGSER,4.38,18106989.0,79363858.0,1,2024-07-11 10:00,4.02,3.23,-3.98,3.23,10.2,-4.73,10.2,-2.99,-1.0,3.98,-1.49,-1.24,-0.25,-3.98,-3.48,0.0,-3.23,-2.74
2024-07-12,EGSER,4.52,24502904.0,110719148.0,1,2024-07-12 10:00,3.9,13.59,0.0,2.05,13.59,-2.31,7.18,1.54,1.79,2.82,-1.03,-0.51,5.38,-1.79,3.33,1.79,-2.31,-1.79
2024-11-25,EGSER,8.05,19770154.0,159197920.0,3,2024-11-25 12:00,3.79,5.28,-0.26,3.17,5.28,-2.37,3.17,0.26,0.53,1.85,-1.85,-1.58,1.06,-2.37,-0.79,-0.26,-2.11,-1.58
2025-07-22,EGSER,4.31,11353781.0,48921675.0,3,2025-07-22 12:00,3.58,1.12,-1.12,-0.28,1.68,-3.07,1.68,-1.4,-0.28,1.4,-1.12,-0.28,0.28,-3.07,-1.96,-0.56,-2.51,-2.23
2025-08-25,EGSER,4.31,27861075.0,120200424.0,3,2025-08-25 12:00,3.94,2.28,-2.79,-2.28,2.28,-10.15,-0.25,-6.35,-5.58,-3.55,-10.15,-9.64,-6.35,-9.39,-6.85,-5.08,-8.63,-5.08
2022-08-16,EKIZ,4.58,515192.0,2362032.0,3,2022-08-16 17:00,9.05,0.0,0.0,0.0,20.99,-8.73,-1.1,-8.73,-6.08,3.31,0.55,3.31,13.59,9.94,13.59,16.57,16.02,16.57
2023-06-06,EKIZ,4.16,411666.0,1712122.0,0,2023-06-06 09:00,16.9,0.36,-0.47,0.36,0.59,-10.77,0.59,0.36,0.36,-1.78,-6.92,-1.78,-2.43,-6.8,-4.44,-8.28,-10.77,-8.28
2023-07-13,EKIZ,7.06,828690.0,5853435.0,1,2023-07-13 12:00,23.56,0.0,-0.34,-0.34,10.36,-6.54,-2.38,-6.54,-6.54,-6.37,-6.37,-6.37,2.12,-1.78,2.12,10.36,10.36,10.36
2023-10-25,EKIZ,4.55,2149194.0,9787171.0,3,2023-10-25 18:00,49.6,0.0,0.0,0.0,12.9,0.0,6.65,2.62,3.83,12.9,11.29,12.1,12.1,11.39,11.39,10.28,10.28,10.28
2024-03-01,EKIZ,4.09,2488649.0,10179153.0,3,2024-03-01 17:00,63.3,0.0,0.0,0.0,21.64,0.0,9.0,6.64,6.64,15.32,14.93,14.93,14.14,13.67,13.67,21.48,16.03,16.03
2025-03-04,EKIZ,4.22,1091325.0,4605282.0,3,2025-03-04 17:00,57.0,0.0,0.0,0.0,14.04,0.0,0.18,0.0,0.18,10.18,1.75,10.09,10.18,10.09,10.18,13.77,13.25,13.25
2025-08-08,EKIZ,4.28,1857139.0,7956322.0,3,2025-08-08 17:00,74.35,0.0,0.0,0.0,9.95,-8.34,9.95,0.07,9.89,-1.08,-1.08,-1.08,7.6,-0.81,-0.81,-3.77,-6.19,-3.83
2025-08-11,EKIZ,4.92,2176372.0,10711211.0,3,2025-08-11 17:00,81.75,0.0,-0.06,-0.06,0.0,-16.64,-10.03,-10.03,-10.03,-2.14,-9.79,-9.79,-9.97,-16.64,-16.64,-10.09,-12.29,-10.09
2025-09-10,EKIZ,4.24,3036059.0,12877893.0,1,2025-09-10 12:00,111.7,0.0,-1.52,0.0,13.97,-5.28,9.94,7.34,9.94,13.97,10.12,10.12,11.01,6.98,11.01,1.16,-5.28,-5.28
2025-09-11,EKIZ,4.61,3797135.0,17488163.0,3,2025-09-11 17:00,122.8,0.0,0.0,0.0,3.66,-15.55,3.66,0.16,0.16,0.98,-2.69,0.98,-5.37,-9.12,-7.49,-13.52,-15.55,-13.52
2025-12-22,EKIZ,4.38,2440743.0,10685120.0,3,2025-12-22 17:00,138.0,0.0,-0.72,-0.72,15.94,-6.96,-0.72,-6.96,-6.96,2.32,-6.3,2.32,12.54,8.41,12.54,10.94,4.06,4.06
2024-07-24,EKOS,4.25,109731555.0,466830083.0,2,2024-07-24 11:00,9.915,2.62,-5.6,-4.49,2.62,-10.74,-0.5,-9.73,-9.68,-4.44,-10.74,-5.45,-0.81,-5.85,-3.68,-5.7,-9.93,-9.23
2024-10-28,EKOS,4.03,52234541.0,210323583.0,1,2024-10-28 10:00,6.77,11.0,-2.14,-2.07,11.0,-10.04,5.02,-1.62,-1.4,0.59,-3.62,-2.88,0.37,-5.32,-3.55,-4.43,-10.04,-7.83
2025-04-09,EKOS,7.14,40803694.0,291341426.0,3,2025-04-09 12:00,5.35,4.49,-3.46,0.0,8.41,-6.26,5.05,-2.52,-2.15,-0.28,-6.26,-2.52,2.15,-3.18,-0.93,8.41,-1.4,8.41
2025-04-18,EKOS,4.32,95193917.0,411109176.0,1,2025-04-18 10:00,6.615,3.55,-9.67,-4.54,3.55,-14.97,-5.14,-11.41,-10.28,-7.48,-13.83,-11.64,-8.39,-12.93,-8.92,-10.73,-14.97,-13.38
2025-05-29,EKOS,4.98,51321353.0,255778606.0,2,2025-05-29 11:00,5.425,9.22,0.0,0.0,9.22,-8.29,-0.74,-7.37,-5.25,2.67,-8.29,-0.37,2.3,-1.94,-0.18,3.04,0.83,1.75
2025-07-24,EKOS,4.29,106683452.0,458070763.0,3,2025-07-24 12:00,5.55,1.62,-1.71,-1.71,1.62,-3.69,-0.54,-3.69,-2.25,-0.45,-2.16,-1.89,-0.99,-2.79,-2.25,-0.9,-2.25,-1.26
2026-02-19,EKOS,4.08,82094375.0,335129796.0,3,2026-02-19 12:00,6.47,2.78,-7.26,-6.49,11.13,-7.26,2.78,-6.34,2.78,11.13,2.16,4.33,5.87,-1.85,0.15,0.15,-4.33,-4.17
2025-05-20,EKSUN,4.06,25449254.0,103240593.0,3,2025-05-20 12:00,5.9,1.36,-6.78,-6.78,1.53,-9.32,0.0,-6.44,-3.56,1.53,-3.39,-3.05,-2.03,-6.78,-6.44,-7.29,-9.32,-8.14
2025-07-07,EKSUN,4.41,29907176.0,131886456.0,2,2025-07-07 11:00,5.84,3.6,-0.86,-0.51,3.6,-3.6,0.34,-3.6,-2.74,-0.17,-2.4,-2.23,-0.34,-2.05,-1.71,-0.17,-1.71,-1.2
2026-01-19,EKSUN,4.46,12504407.0,55734991.0,2,2026-01-19 11:00,5.9,1.36,-0.85,1.36,3.39,-5.25,2.37,-3.39,-2.71,-1.36,-5.25,-4.41,-0.85,-3.73,-1.36,3.39,-3.05,-0.68
2026-04-20,EKSUN,4.34,19807514.0,86044167.0,1,2026-04-20 10:00,6.2,4.03,-4.19,-3.06,4.03,-7.42,-0.65,-4.84,-1.61,-1.29,-5.65,-5.16,-4.68,-7.1,-4.68,-4.19,-7.42,-6.94
2026-02-02,ELITE,4.16,56990527.0,236832655.0,2,2026-02-02 11:00,34.9,2.52,-4.24,-4.24,2.52,-8.31,-0.57,-5.62,-2.98,-1.66,-5.73,-4.87,-1.49,-7.05,-3.95,-4.58,-8.31,-6.02
2024-07-30,EMKEL,4.07,42983137.0,174765201.0,3,2024-07-30 12:00,15.5,1.42,-1.87,0.0,3.23,-15.81,3.23,-4.52,-3.1,-0.13,-3.94,-3.87,-1.94,-8.32,-6.77,-11.16,-14.45,-14.19
2025-05-12,EMKEL,4.65,167088896.0,777728482.0,3,2025-05-12 12:00,30.62,5.55,-2.94,3.79,19.66,-2.94,11.82,5.16,9.67,13.85,7.45,9.34,13.59,8.3,9.54,19.66,13.32,16.39
2025-10-13,EMKEL,4.16,531752862.0,2212425299.0,3,2025-10-13 12:00,62.25,3.13,-5.54,-5.54,3.13,-26.84,-13.25,-14.94,-14.94,-14.3,-23.44,-21.45,-18.96,-25.69,-25.2,-16.31,-22.8,-22.7
2026-03-18,EMKEL,4.23,111379247.0,471083364.0,3,2026-03-18 12:00,18.82,7.76,-3.29,7.76,52.5,-3.29,17.64,7.76,15.94,27.52,15.52,27.52,37.62,23.27,28.06,52.5,36.88,37.19
2022-12-07,EMNIS,6.13,703689.0,4314405.0,0,2022-12-07 09:00,71.65,0.0,-0.21,-0.21,0.0,-24.63,-4.4,-10.19,-10.19,-4.4,-19.12,-6.91,-13.47,-16.19,-13.47,-19.54,-24.63,-24.63
2023-03-29,EMNIS,5.19,326548.0,1695146.0,1,2023-03-29 12:00,42.9,0.0,0.0,0.0,9.51,-13.15,9.51,4.9,7.18,1.35,-3.5,-3.5,-7.41,-13.15,-13.1,-11.24,-12.35,-11.75
2023-03-30,EMNIS,6.6,431766.0,2851026.0,3,2023-03-30 17:00,46.98,0.0,-2.13,-2.13,0.0,-20.69,-7.45,-11.88,-11.88,-15.45,-20.69,-20.65,-19.97,-20.65,-19.97,-19.37,-20.18,-19.37
2023-06-06,EMNIS,4.5,234255.0,1054876.0,2,2023-06-06 13:00,43.0,3.26,0.0,3.26,13.58,0.0,13.58,3.26,13.58,12.33,4.51,4.51,3.86,3.67,3.72,3.3,3.3,3.3
2023-06-07,EMNIS,5.14,298194.0,1532471.0,3,2023-06-07 17:00,48.78,0.12,0.0,0.12,0.12,-8.94,-0.98,-7.87,-7.87,-8.45,-8.61,-8.57,-8.57,-8.94,-8.94,-2.5,-8.82,-5.7
2023-06-19,EMNIS,4.84,472109.0,2286188.0,3,2023-06-19 17:00,50.15,0.0,0.0,0.0,20.94,-10.27,9.97,9.97,9.97,20.94,-1.02,-1.02,-6.28,-10.27,-6.32,-6.28,-9.67,-9.67
2023-06-20,EMNIS,4.21,573340.0,2412151.0,3,2023-06-20 17:00,55.15,0.0,0.0,0.0,9.97,-18.4,9.97,-9.99,-9.99,-14.78,-18.4,-14.81,-16.81,-17.61,-17.61,-17.79,-17.79,-17.79
2023-06-21,EMNIS,5.37,685072.0,3681334.0,0,2023-06-21 09:00,60.65,0.0,-18.15,-18.15,0.0,-25.8,-22.51,-25.8,-22.54,-24.35,-25.08,-25.08,-22.51,-25.31,-25.31,-24.32,-24.32,-24.32
2023-08-22,EMNIS,4.06,649725.0,2637862.0,2,2023-08-22 13:00,55.45,0.0,0.0,0.0,17.49,-11.63,0.0,-8.93,-6.94,-6.67,-11.63,-11.63,-2.8,-9.83,-2.8,17.49,17.49,17.49
2024-03-07,EMNIS,4.14,4324876.0,17919453.0,3,2024-03-07 17:00,217.8,2.98,0.0,2.98,8.68,-11.85,2.98,-2.57,0.32,8.68,1.06,3.26,3.26,1.42,1.42,-8.22,-11.85,-11.34
2024-08-06,EMNIS,6.88,5598371.0,38525310.0,3,2024-08-06 17:00,338.25,0.0,0.0,0.0,9.98,-3.03,9.98,3.47,9.98,5.76,2.59,2.59,7.17,3.33,7.17,2.0,-3.03,-2.88
2025-02-21,EMNIS,4.45,2584684.0,11506190.0,3,2025-02-21 17:00,330.5,0.0,0.0,0.0,0.0,-3.63,-0.45,-2.04,-2.04,-2.04,-3.25,-3.18,-3.18,-3.63,-3.48,-1.97,-3.1,-1.97
2025-06-11,EMNIS,5.49,3056321.0,16793708.0,3,2025-06-11 17:00,252.25,0.0,0.0,0.0,0.0,-21.11,-1.21,-9.97,-8.66,-17.78,-17.78,-17.78,-14.09,-20.71,-14.09,-18.69,-21.11,-19.48
2025-09-25,EMNIS,4.75,1799614.0,8542260.0,3,2025-09-25 17:00,220.0,0.0,-0.91,-0.91,0.0,-10.45,-3.64,-5.09,-4.73,-5.23,-7.55,-7.55,-7.27,-9.09,-9.09,-9.09,-9.09,-9.09
2026-05-08,EMNIS,4.37,2054391.0,8967529.0,2,2026-05-08 13:00,191.0,0.05,0.0,0.05,0.26,-12.04,0.26,-6.91,-6.91,-7.33,-9.42,-9.42,-9.95,-12.04,-10.99,-2.93,-7.85,-7.85
2024-12-05,ENSRI,5.65,25601833.0,144760264.0,1,2024-12-05 10:00,4.3297,9.29,-4.64,-4.4,20.55,-5.83,5.14,-5.83,5.14,15.61,10.18,15.61,20.55,4.05,4.05,1.58,-3.51,-2.67
2024-12-10,ENSRI,5.27,44633941.0,235349773.0,3,2024-12-10 12:00,4.6848,1.46,-3.84,-3.84,1.46,-12.88,-3.84,-11.42,-10.05,-6.12,-10.82,-10.05,-7.76,-11.55,-8.95,-8.13,-12.88,-11.0
2025-07-31,ENSRI,4.36,72808976.0,317269442.0,2,2025-07-31 11:00,8.3386,8.36,-5.08,8.36,32.89,-5.08,16.01,8.77,9.85,20.83,8.0,20.83,32.89,19.7,32.89,21.09,7.64,20.32
2025-12-02,ENSRI,20.09,36727881.0,737858949.0,1,2025-12-02 10:00,14.5893,13.12,-7.4,-1.47,13.12,-8.21,4.33,-4.47,-3.08,3.23,-8.21,0.81,8.58,-2.71,3.23,12.68,1.03,12.68
2024-10-01,ENTRA,4.04,87433187.0,352975546.0,2,2024-10-01 11:00,3.7999,1.96,-4.28,-2.82,1.96,-7.96,-1.84,-6.0,-5.63,-3.79,-6.49,-6.36,-5.39,-7.96,-6.0,-4.16,-6.24,-5.63
2025-06-26,ENTRA,5.11,130755599.0,667606224.0,2,2025-06-26 11:00,5.2046,0.0,-6.61,0.0,11.8,-6.61,9.92,0.18,9.92,11.8,6.61,8.67,9.83,4.56,6.17,8.13,3.75,5.72
2025-06-27,ENTRA,4.02,162008039.0,651966846.0,2,2025-06-27 11:00,5.4604,4.77,-0.85,4.77,6.56,-1.96,6.56,1.62,3.58,4.68,-0.34,1.19,5.03,-1.96,0.51,2.73,-1.96,-0.77
2025-05-13,EPLAS,4.14,14703073.0,60800525.0,2,2025-05-13 11:00,5.6,2.14,-7.86,2.14,8.57,-7.86,6.61,-1.96,6.07,6.25,4.29,5.0,5.89,1.43,1.43,8.57,2.5,3.75
2026-01-20,EPLAS,5.35,18468033.0,98815915.0,1,2026-01-20 10:00,6.29,6.36,-1.91,6.36,23.69,-1.91,16.85,7.95,16.85,23.21,11.29,16.38,23.69,13.35,21.3,17.01,12.72,14.94
2026-01-21,EPLAS,5.5,27831243.0,153080277.0,3,2026-01-21 12:00,7.34,0.14,-6.54,0.14,5.99,-6.54,5.59,-4.63,-0.27,5.99,-2.86,3.95,3.81,-5.31,-1.23,3.41,-3.13,2.04
2026-01-22,EPLAS,4.55,39034781.0,177442918.0,3,2026-01-22 12:00,7.22,1.8,-2.35,1.39,7.76,-3.74,7.76,-1.25,5.68,5.54,-3.74,0.42,1.94,-1.8,0.14,3.46,-1.52,-0.28
2026-04-08,EPLAS,5.7,23280846.0,132658154.0,2,2026-04-08 11:00,6.74,0.0,-8.01,-7.86,0.0,-14.69,-6.08,-11.72,-11.72,-10.39,-12.02,-11.72,-11.72,-14.69,-12.46,-9.94,-12.61,-11.87
2025-02-19,ERBOS,4.21,10190961.0,42873705.0,3,2025-02-19 12:00,180.1,1.11,-3.11,-3.05,1.11,-8.55,-2.5,-4.89,-3.55,-2.78,-6.05,-5.5,-4.28,-7.66,-6.66,-6.89,-8.55,-8.05
2025-07-02,ERBOS,8.61,10017941.0,86304252.0,1,2025-07-02 10:00,168.7,3.08,-6.05,-4.33,3.79,-6.4,-2.19,-6.4,-3.85,3.79,-4.03,-0.59,-1.07,-3.5,-3.26,0.89,-3.2,0.12
2025-11-20,ERBOS,4.19,14288965.0,59927996.0,3,2025-11-20 12:00,202.2,0.74,-3.17,-2.13,0.74,-10.73,-0.59,-8.36,-8.21,-2.97,-8.9,-6.43,-2.62,-8.95,-8.61,-8.21,-10.73,-10.24
2025-11-21,ERCB,8.31,35423125.0,294411635.0,1,2025-11-21 10:00,85.35,20.68,-1.23,2.4,23.02,-9.08,12.6,-2.99,12.6,23.02,1.82,6.85,6.62,-3.81,-3.81,9.31,-5.74,-5.57
2025-11-25,ERCB,4.03,169894333.0,684339522.0,3,2025-11-25 12:00,94.7,3.43,-8.24,-3.7,3.43,-22.07,-3.91,-13.31,-13.31,-8.5,-18.06,-10.35,-1.48,-15.05,-14.89,-14.89,-22.07,-22.07
2026-04-03,ERCB,4.07,67744271.0,275562685.0,3,2026-04-03 12:00,58.5,3.93,-2.48,-0.85,3.93,-7.61,0.85,-2.48,-2.05,-1.03,-7.61,-6.92,-0.94,-4.44,-4.44,-1.79,-3.76,-3.68
2024-08-07,ERSU,4.25,49489823.0,210132609.0,2,2024-08-07 11:00,23.4,3.59,-3.85,3.59,27.35,-3.85,13.93,0.51,13.93,25.3,17.09,25.3,27.35,12.82,12.82,24.19,8.97,9.23
2024-11-28,ERSU,4.21,36521454.0,153671624.0,3,2024-11-28 12:00,19.79,0.96,-9.8,-9.25,2.78,-12.78,-3.28,-12.78,-9.1,-5.61,-11.67,-9.55,-7.53,-10.21,-9.3,2.78,-4.5,2.78
2025-04-07,ERSU,4.07,6967105.0,28363279.0,3,2025-04-07 12:00,17.11,0.0,0.0,0.0,9.99,-9.29,9.99,2.45,8.12,5.26,-2.51,2.28,2.22,-3.57,-2.1,2.4,-9.29,2.4
2025-04-08,ERSU,4.29,8199300.0,35143435.0,1,2025-04-08 10:00,17.94,4.91,-2.29,3.12,5.91,-13.49,0.39,-7.02,-2.45,-2.51,-8.03,-6.63,-7.02,-11.65,-11.2,5.91,-7.08,0.56
2026-03-30,ESCAR,4.34,262016274.0,1136986912.0,3,2026-03-30 12:00,41.02,10.68,-4.39,2.93,15.16,-4.39,10.04,2.83,8.09,12.09,5.66,7.65,15.16,3.71,4.83,6.39,3.36,4.19
2024-10-21,ESCOM,8.09,25222310.0,203936603.0,1,2024-10-21 10:00,3.7662,0.0,-2.35,0.0,3.58,-8.44,3.58,-5.74,-4.99,-4.05,-8.44,-8.14,-0.19,-7.42,-1.98,-2.73,-5.08,-4.9
2026-02-25,ESCOM,5.39,109150373.0,588490091.0,2,2026-02-25 11:00,4.88,6.56,-3.48,-1.64,36.27,-7.58,8.2,-5.74,4.71,12.09,0.82,2.46,12.7,-7.58,12.7,36.27,26.43,36.27
2025-08-19,ESEN,15.2,83550464.0,1270249441.0,1,2025-08-19 10:00,16.45,10.64,0.0,0.0,10.64,-40.91,-3.47,-9.97,-9.97,-5.9,-18.97,-18.97,-15.32,-27.05,-27.05,-32.52,-40.91,-40.91
2025-08-20,ESEN,9.07,165164589.0,1498744636.0,1,2025-08-20 10:00,14.81,7.22,0.0,0.0,7.22,-36.73,4.52,-9.99,-9.99,-5.94,-18.97,-18.97,-15.6,-27.08,-27.08,-28.9,-36.73,-31.4
2025-08-21,ESEN,4.72,245200250.0,1157896364.0,2,2025-08-21 11:00,13.49,14.75,-1.19,-1.19,14.75,-30.54,3.26,-11.05,-11.05,-7.34,-19.94,-19.94,-17.72,-27.95,-27.95,-21.42,-27.35,-24.39
2026-04-22,ESEN,4.95,326661835.0,1618372344.0,2,2026-04-22 11:00,4.33,3.7,-1.39,-1.39,3.7,-14.55,-0.23,-11.09,-10.85,-8.78,-11.32,-11.09,-10.39,-13.39,-13.39,-12.93,-14.55,-13.86
2024-09-13,ETILR,5.96,34476737.0,205646601.0,1,2024-09-13 10:00,5.405,13.1,-1.96,-1.96,34.37,-4.86,7.83,-4.86,5.87,16.41,4.66,14.45,25.86,14.79,25.86,24.58,7.36,24.58
2025-03-12,ETILR,4.45,11127483.0,49501503.0,3,2025-03-12 12:00,3.5529,0.0,-3.39,0.0,60.55,-3.39,9.86,5.86,9.86,20.8,11.25,20.8,32.82,23.42,32.82,60.55,31.59,52.08
2025-03-14,ETILR,4.63,15163581.0,70166084.0,1,2025-03-14 10:00,4.2536,0.9,-7.08,0.9,34.11,-7.08,10.94,3.09,10.94,22.01,15.83,22.01,34.11,9.91,27.03,18.66,7.46,7.46
2025-04-07,ETILR,4.08,75255652.0,307098324.0,2,2025-04-07 11:00,6.2736,2.88,-2.18,2.88,24.35,-8.2,13.09,6.89,13.09,24.35,1.83,1.83,10.99,-8.2,0.35,1.22,-6.37,1.22
2025-04-10,ETILR,4.41,122110518.0,538740281.0,2,2025-04-10 11:00,6.4871,3.12,-7.17,-2.95,17.72,-10.97,-0.84,-10.97,-10.97,-2.11,-9.45,-2.11,7.68,2.53,7.68,13.59,5.49,8.27
2025-05-29,ETILR,4.76,67245175.0,319937614.0,1,2025-05-29 10:00,5.7645,4.56,-14.43,-14.43,4.56,-21.37,-15.1,-21.37,-20.23,-12.25,-19.37,-12.25,-3.51,-10.07,-3.51,-2.18,-8.83,-8.74
2025-12-11,ETILR,4.02,20781841.0,83466142.0,1,2025-12-11 10:00,4.52,0.0,-6.19,0.0,6.64,-13.94,6.64,-9.96,-9.96,-5.09,-13.72,-12.39,-5.09,-13.94,-11.28,-8.85,-13.72,-13.27
2025-12-12,ETILR,6.5,24556218.0,159643889.0,1,2025-12-12 10:00,4.41,9.3,-7.71,-7.71,9.3,-12.02,-2.72,-11.56,-10.2,-2.72,-11.79,-9.07,-4.99,-9.75,-9.52,-7.71,-12.02,-10.43
2026-04-22,ETILR,6.37,56857469.0,362059113.0,2,2026-04-22 11:00,5.18,13.32,-4.83,-0.19,13.32,-7.34,1.74,-7.34,-6.37,2.9,-6.37,2.9,12.55,0.97,4.25,4.25,-6.37,-0.58
2025-03-12,ETYAT,4.03,1973663.0,7960064.0,3,2025-03-12 12:00,3.9,2.48,-3.5,-2.56,2.48,-11.79,-2.56,-9.66,-5.38,-4.7,-9.4,-8.55,0.43,-11.28,-2.91,-5.13,-11.79,-11.79
2025-05-28,ETYAT,4.58,3734740.0,17104990.0,1,2025-05-28 10:00,4.2133,8.62,-1.19,3.24,19.38,-6.65,7.99,-6.65,-1.5,3.09,-5.46,1.9,9.1,2.85,6.57,19.38,12.66,14.56
2025-09-29,ETYAT,4.02,7772750.0,31269154.0,2,2025-09-29 11:00,7.0733,4.52,-1.32,4.52,16.21,-1.32,13.29,2.54,12.63,15.17,1.41,9.33,13.2,8.39,8.67,16.21,10.18,15.65
2024-12-24,EUHOL,11.25,7161043.0,80552650.0,1,2024-12-24 12:00,7.1,1.41,0.0,1.41,26.76,0.0,2.82,0.0,2.82,13.1,2.11,13.1,24.37,18.03,23.24,26.76,23.94,26.76
2025-02-24,EUHOL,5.61,3243573.0,18205894.0,3,2025-02-24 17:00,9.02,0.0,-0.11,-0.11,4.21,-14.86,4.21,-6.87,-6.87,-6.87,-14.86,-8.65,-5.76,-7.87,-6.87,-5.76,-5.76,-5.76
2025-03-17,EUHOL,4.0,8813165.0,35271644.0,1,2025-03-17 12:00,10.8,7.41,0.0,7.41,38.89,0.0,18.15,17.78,18.15,25.37,20.37,20.46,28.06,20.46,28.06,38.89,31.02,38.89
2025-11-04,EUHOL,5.05,9424950.0,47592261.0,3,2025-11-04 17:00,14.43,0.0,0.0,0.0,9.91,-24.81,9.91,-9.98,-9.98,-12.82,-14.14,-13.79,-13.79,-18.57,-18.57,-20.3,-24.81,-20.3
2025-11-05,EUHOL,4.4,11534866.0,50737846.0,3,2025-11-05 17:00,12.99,0.0,0.0,0.0,0.0,-16.47,-3.16,-4.62,-4.23,-4.23,-9.55,-9.55,-13.78,-13.78,-13.78,-3.7,-8.16,-3.7
2026-01-30,EUHOL,4.09,9624700.0,39381882.0,3,2026-01-30 17:00,14.9,0.0,-2.68,-2.68,0.0,-14.16,-3.36,-12.42,-6.04,-6.11,-10.74,-10.74,-11.74,-12.08,-11.74,-12.35,-14.16,-12.35
2026-02-26,EUHOL,4.01,16067284.0,64379890.0,3,2026-02-26 17:00,15.01,0.6,0.0,0.6,7.93,-6.53,3.26,3.26,3.26,-2.93,-5.4,-2.93,-4.73,-6.53,-5.06,7.93,2.6,5.26
2025-05-07,EUKYO,4.6,2769085.0,12729435.0,1,2025-05-07 10:00,4.12,0.0,-9.06,0.0,2.91,-16.99,2.91,-9.39,-7.2,-7.44,-12.78,-12.62,-10.36,-13.67,-10.76,-11.08,-16.99,-13.59
2025-09-26,EUKYO,4.31,12085261.0,52044604.0,3,2025-09-26 12:00,6.68,8.08,-3.44,3.79,8.08,-20.21,1.8,-6.59,-6.59,-8.68,-15.92,-15.92,-7.53,-20.21,-7.53,-11.93,-18.66,-18.41
2025-02-24,EYGYO,4.46,21735641.0,97023498.0,3,2025-02-24 12:00,2.41,5.81,-1.66,0.0,12.86,-12.86,0.0,-4.56,-4.56,4.98,-6.64,4.98,12.86,-5.39,-3.32,-7.05,-12.86,-12.03
2025-02-27,EYGYO,4.92,35890543.0,176688206.0,2,2025-02-27 11:00,2.49,6.43,-6.43,-6.43,6.43,-16.47,-5.62,-13.25,-11.65,-10.04,-15.66,-14.86,-7.63,-16.47,-10.84,-6.02,-11.65,-9.64
2025-09-15,EYGYO,4.69,125436904.0,588866895.0,3,2025-09-15 12:00,3.93,5.09,-3.31,-2.04,5.09,-3.31,2.54,-1.78,0.0,1.02,-0.76,-0.51,2.54,-1.78,-0.76,4.07,1.27,3.05
2026-05-11,EYGYO,4.3,63683825.0,273904896.0,2,2026-05-11 11:00,3.2,2.19,-3.75,-3.75,2.19,-13.44,0.0,-5.0,-4.06,-3.44,-8.44,-8.44,-5.94,-8.44,-8.13,-10.31,-13.44,-13.44
2024-08-15,FADE,4.05,13985195.0,56652743.0,3,2024-08-15 12:00,15.04,1.93,-2.53,1.93,8.38,-4.59,8.38,-0.47,-0.07,3.26,-0.33,0.6,0.6,-2.13,-1.6,3.32,-4.32,1.4
2024-11-11,FADE,4.15,8648716.0,35867764.0,2,2024-11-11 11:00,15.43,2.72,-1.04,2.72,7.26,-2.27,7.26,-1.62,-1.36,4.86,-2.27,0.45,1.56,-0.84,-0.26,0.52,-2.07,-0.52
2025-04-15,FADE,5.17,11619072.0,60089735.0,1,2025-04-15 10:00,15.02,3.2,-4.13,-4.13,3.2,-11.78,-4.19,-9.45,-8.99,-7.79,-11.78,-10.12,-4.39,-11.72,-7.12,-7.19,-10.65,-10.25
2026-04-03,FADE,4.23,40284983.0,170552596.0,1,2026-04-03 10:00,17.75,4.79,-12.56,-12.56,4.79,-17.18,-8.23,-15.55,-13.24,-11.55,-17.18,-16.73,-12.68,-15.77,-15.61,-15.27,-16.28,-16.0
2025-07-02,FENER,4.33,359756104.0,1559157317.0,3,2025-07-02 12:00,4.8816,1.67,-2.96,-2.96,8.66,-5.47,2.66,-5.47,1.29,8.66,1.44,4.64,7.75,0.91,1.44,8.05,-1.67,3.27
2025-05-20,FLAP,4.57,11222832.0,51238143.0,1,2025-05-20 10:00,9.1,0.33,-4.84,0.33,18.68,-5.16,5.27,-5.16,2.86,4.07,-0.77,1.87,1.65,-5.05,1.21,18.68,3.19,8.68
2026-04-14,FLAP,4.34,8542056.0,37055758.0,3,2026-04-14 12:00,13.88,0.22,-3.46,0.22,18.95,-6.27,4.47,-6.27,0.43,4.47,-4.18,2.31,8.14,0.14,8.14,18.66,10.23,13.33
2024-08-21,FMIZP,4.16,24617226.0,102509360.0,2,2024-08-21 11:00,314.0,2.95,-0.32,0.08,2.95,-14.49,0.08,-4.22,-3.98,-3.18,-7.64,-7.17,-5.02,-10.99,-10.99,-5.73,-8.6,-8.52
2024-09-18,FMIZP,4.34,35112438.0,152433316.0,3,2024-09-18 12:00,322.5,8.29,-1.16,4.19,8.29,-1.16,8.14,1.78,2.4,2.95,-0.39,0.0,7.98,-0.47,6.2,7.91,1.63,2.33
2025-02-28,FMIZP,4.16,13588842.0,56594556.0,3,2025-02-28 12:00,302.0,0.91,-2.07,-1.16,6.95,-4.3,0.08,-3.56,-2.32,-2.32,-4.3,-4.06,0.5,-3.97,-1.49,6.95,-1.24,6.95
2025-09-02,FMIZP,4.42,58881375.0,260238048.0,3,2025-09-02 12:00,370.75,0.54,-6.54,-4.79,0.54,-11.8,-3.51,-8.29,-7.22,-1.28,-6.14,-6.0,-1.08,-6.14,-6.07,-7.96,-11.8,-10.11
2024-07-31,FONET,4.84,211771901.0,1023989533.0,2,2024-07-31 11:00,4.1261,1.94,-13.05,-10.96,1.94,-25.21,-6.26,-15.51,-15.14,-11.48,-19.99,-16.93,-19.84,-25.21,-25.21,-14.69,-21.7,-19.61
2025-03-07,FONET,4.14,49235046.0,203792485.0,2,2025-03-07 11:00,2.4354,0.19,-4.67,-3.35,0.19,-12.44,0.0,-7.01,-3.66,-4.61,-10.17,-6.13,-5.05,-9.29,-7.9,-3.1,-7.14,-4.3
2025-10-13,FONET,4.06,116129763.0,471733823.0,2,2025-10-13 11:00,3.0892,1.79,-4.38,-1.59,14.24,-10.01,1.29,-8.91,-8.37,-2.89,-10.01,-4.98,4.48,-4.88,4.48,11.35,-2.89,-2.89
2025-10-17,FONET,4.12,170745475.0,704174160.0,3,2025-10-17 12:00,3.3108,1.95,-8.13,-5.58,3.9,-17.54,3.9,-9.39,-9.39,-5.46,-11.8,-9.08,-7.88,-16.03,-15.73,-10.59,-16.64,-10.9
2026-02-03,FORMT,4.57,190725404.0,870813165.0,2,2026-02-03 11:00,3.16,4.43,-4.43,3.8,22.47,-4.43,12.97,0.63,10.13,20.25,9.81,15.51,18.67,11.39,17.41,15.82,12.03,12.34
2024-07-30,FORTE,6.67,36170693.0,241235992.0,1,2024-07-30 10:00,67.25,2.08,-6.47,-5.95,2.08,-18.14,0.22,-4.83,-3.35,-1.26,-6.91,-6.39,-3.49,-11.0,-9.67,-11.9,-16.65,-15.09
2026-01-07,FORTE,4.25,120916192.0,513981096.0,1,2026-01-07 10:00,90.15,3.61,-5.49,2.33,13.14,-5.49,5.21,-2.94,4.83,8.04,2.05,6.77,13.14,5.82,8.26,8.49,3.16,4.71
2025-07-02,FRIGO,4.64,28325639.0,131481682.0,3,2025-07-02 12:00,1.248,2.06,-2.36,-1.77,2.06,-4.42,-0.44,-2.21,-2.21,-1.18,-3.39,-2.65,-2.5,-4.12,-3.98,-2.36,-4.12,-3.09
2026-03-23,FZLGY,5.18,162380357.0,841126604.0,1,2026-03-23 10:00,18.44,6.18,-3.04,1.63,9.54,-17.73,7.7,-8.24,-3.47,2.22,-6.67,-0.38,9.54,-2.22,1.41,-4.01,-17.73,-17.73
2024-12-06,GARFA,4.13,13285112.0,54924180.0,1,2024-12-06 10:00,20.9,4.31,-1.34,-1.05,4.31,-7.89,0.38,-2.3,-0.96,0.0,-3.64,-3.54,-2.68,-7.89,-4.4,-2.01,-3.73,-2.01
2025-04-15,GARFA,4.19,15947855.0,66888812.0,2,2025-04-15 11:00,18.2,2.97,-2.58,-1.65,31.87,-6.32,-0.66,-6.32,-5.16,3.3,-5.6,-0.55,9.4,-1.1,9.4,31.87,15.82,31.65
2025-04-22,GARFA,4.4,36427512.0,160183750.0,3,2025-04-22 12:00,23.24,3.27,-0.95,3.1,62.31,-0.95,13.34,3.1,13.34,24.61,13.34,24.61,37.01,28.14,37.01,62.31,35.63,35.63
2026-01-13,GARFA,5.46,21572010.0,117848515.0,2,2026-01-13 11:00,30.42,0.26,-2.37,0.26,5.0,-7.76,5.0,-2.37,-2.37,-1.38,-7.76,-2.89,-0.53,-4.4,-2.76,0.26,-4.6,-2.89
2026-01-14,GARFA,4.23,27393622.0,115750167.0,2,2026-01-14 11:00,30.12,2.59,-1.39,-1.39,2.59,-6.84,-0.4,-6.84,-1.93,0.46,-3.45,-1.79,-0.93,-3.98,-3.39,-1.39,-5.38,-4.18
2022-06-24,GATEG,4.3,1811014.0,7792469.0,2,2022-06-24 13:00,26.38,0.0,-2.35,-2.35,0.0,-26.72,-12.05,-12.05,-12.05,-14.63,-19.11,-19.11,-21.76,-23.2,-23.2,-24.37,-26.72,-24.37
2023-01-09,GATEG,5.53,2531986.0,14009945.0,1,2023-01-09 12:00,33.58,0.66,0.0,0.66,7.21,-12.15,-0.18,-4.71,-4.71,-10.66,-10.96,-10.96,-7.68,-12.15,-7.68,7.21,6.55,7.21
2023-09-26,GATEG,5.4,1893906.0,10224997.0,1,2023-09-26 12:00,29.7,0.07,-0.74,-0.74,1.08,-15.82,-6.87,-9.63,-9.63,-14.34,-15.82,-15.69,-10.3,-14.48,-10.3,1.08,0.0,0.0
2023-10-11,GATEG,4.7,3957700.0,18591124.0,3,2023-10-11 17:00,39.4,0.0,-1.02,-1.02,1.42,-19.8,-4.82,-10.91,-10.91,-14.21,-19.8,-19.8,-11.78,-14.26,-11.78,1.42,-3.55,-3.55
2024-02-21,GATEG,4.09,1747015.0,7152328.0,3,2024-02-21 17:00,35.2,0.0,0.0,0.0,41.99,0.0,10.0,10.0,10.0,20.97,20.97,20.97,33.01,20.97,33.01,41.76,27.84,27.84
2024-02-26,GATEG,4.87,2527403.0,12316696.0,1,2024-02-26 12:00,43.0,8.88,0.0,8.88,16.23,-5.81,16.23,14.19,16.23,16.05,4.65,4.65,15.12,-5.81,15.12,5.53,-3.53,-0.65
2024-02-27,GATEG,4.14,3537911.0,14660607.0,3,2024-02-27 17:00,49.98,0.0,0.0,0.0,0.0,-18.97,-0.16,-9.96,-9.96,-0.96,-18.97,-0.96,-1.96,-7.8,-7.8,-6.0,-14.53,-6.0
2025-05-30,GATEG,4.82,7759913.0,37401888.0,3,2025-05-30 17:00,183.5,0.0,-0.05,-0.05,19.89,-0.05,8.99,0.82,8.34,18.8,8.34,18.8,19.89,16.57,17.38,19.62,19.35,19.62
2025-06-02,GATEG,4.66,9227276.0,43033780.0,3,2025-06-02 17:00,200.0,0.0,-0.6,-0.6,10.0,-0.6,9.0,-0.6,9.0,10.0,6.95,7.7,10.0,6.7,6.7,10.0,9.75,9.75
2025-06-03,GATEG,4.23,11188325.0,47303457.0,3,2025-06-03 17:00,218.0,0.0,0.0,0.0,0.92,-6.56,0.92,-1.88,-1.19,0.92,-2.11,-2.11,0.69,0.46,0.69,0.46,-6.56,-6.56
2026-01-29,GATEG,6.65,5134930.0,34136336.0,3,2026-01-29 17:00,350.0,0.0,-1.43,-1.43,6.29,-11.29,6.29,-1.5,-1.5,-1.43,-11.29,-1.43,0.0,-3.0,-3.0,1.43,-2.86,0.86
2026-01-30,GATEG,6.71,6694846.0,44948760.0,0,2026-01-30 09:00,372.0,0.0,-7.33,-7.33,0.0,-16.53,-7.26,-16.53,-7.26,-5.91,-8.74,-8.74,-8.47,-10.75,-8.6,-3.23,-7.66,-7.66
2024-09-27,GEDIK,6.67,6763085.0,45092562.0,1,2024-09-27 10:00,3.685,5.02,-6.38,-5.7,5.02,-14.25,-0.14,-7.46,-2.17,-1.63,-11.13,-7.06,-6.38,-14.25,-14.25,-5.97,-12.89,-10.45
2025-06-12,GEDIK,4.21,17649262.0,74264217.0,1,2025-06-12 10:00,5.095,0.0,-7.85,0.0,33.07,-7.85,9.91,-6.48,9.91,20.9,12.86,20.9,32.97,14.52,14.52,33.07,26.89,33.07
2025-06-13,GEDIK,6.48,20564404.0,133294555.0,1,2025-06-13 10:00,5.6,0.0,-14.91,0.0,33.13,-14.91,10.0,2.68,10.0,20.98,4.2,4.2,14.55,0.45,14.55,33.13,21.07,33.13
2025-06-17,GEDIK,6.23,34376632.0,213995858.0,1,2025-06-17 10:00,6.57,3.12,-11.19,-11.19,37.29,-14.38,-2.36,-14.38,-2.36,3.2,-1.6,3.2,13.47,3.2,13.47,37.29,29.76,37.29
2025-06-20,GEDIK,4.11,68504170.0,281589813.0,2,2025-06-20 11:00,7.38,1.02,-4.81,1.02,47.83,-4.81,11.11,2.57,11.11,22.22,15.51,22.22,34.42,28.59,34.42,41.73,20.39,28.46
2025-06-23,GEDIK,4.9,86029763.0,421797804.0,2,2025-06-23 11:00,8.105,1.17,-4.07,1.17,34.61,-4.07,11.29,5.18,11.29,22.39,17.09,22.39,34.61,11.66,21.78,15.67,5.31,5.31
2025-06-26,GEDIK,4.19,135329316.0,567043668.0,2,2025-06-26 11:00,10.62,2.07,-14.78,-7.06,2.07,-27.64,-1.51,-16.34,-10.73,-11.72,-19.63,-19.63,-11.63,-27.64,-11.63,-15.73,-24.58,-24.58
2025-10-06,GEDIK,4.18,78512656.0,328292730.0,2,2025-10-06 11:00,7.82,0.9,-4.09,-2.3,0.9,-12.15,-2.17,-9.46,-9.46,-6.52,-11.64,-11.51,-9.59,-12.15,-11.76,-3.71,-10.23,-10.1
2026-02-11,GEDIK,4.34,37320022.0,161941805.0,2,2026-02-11 11:00,6.41,2.18,-3.9,-3.9,10.76,-3.9,-1.09,-3.59,-1.87,-0.47,-2.96,-2.65,3.74,-1.72,3.43,10.76,-1.25,-1.09
2026-05-12,GEDIK,4.09,27089090.0,110687476.0,1,2026-05-12 10:00,6.3,3.33,-4.76,-4.29,27.78,-8.25,-2.54,-8.25,-8.25,0.79,-6.35,0.79,10.79,3.65,10.79,27.78,9.68,9.68
2026-05-18,GEDIK,9.44,46738880.0,441020883.0,1,2026-05-18 10:00,7.61,0.79,-6.31,0.79,5.78,-22.47,5.78,-9.2,-9.2,-10.64,-18.27,-18.27,-15.64,-22.47,-19.58,-17.21,-19.84,-19.32
2026-05-20,GEDIK,5.63,71082103.0,400186327.0,2,2026-05-20 11:00,7.08,10.31,-2.4,-2.4,10.31,-16.67,-3.95,-12.15,-12.15,-9.32,-16.67,-13.56,-9.18,-14.69,-11.58,-6.21,-12.99,-10.88
2025-03-14,GEDZA,4.91,29904757.0,146696352.0,1,2025-03-14 10:00,29.16,2.33,-7.82,-3.36,2.33,-24.28,-1.71,-9.47,-9.33,-2.81,-12.14,-6.1,-9.67,-15.43,-15.43,-15.98,-24.28,-23.53
2025-12-25,GEDZA,4.13,12078613.0,49883208.0,1,2025-12-25 10:00,28.76,3.89,-5.49,-5.08,4.24,-6.12,2.23,-6.12,-1.32,4.24,-1.11,0.56,1.88,-1.67,-0.56,-1.11,-3.48,-1.25
2026-02-25,GEDZA,4.08,40762617.0,166270743.0,3,2026-02-25 12:00,33.56,0.72,-5.01,-2.68,2.62,-21.63,2.62,-9.36,-7.27,-4.65,-13.29,-12.93,-15.85,-21.63,-17.94,-12.75,-19.49,-14.06
2024-09-13,GENTS,4.85,7656783.0,37145549.0,1,2024-09-13 10:00,3.472,3.34,-7.83,-4.49,3.34,-7.83,-3.0,-7.37,-7.14,-3.57,-6.68,-6.22,-3.92,-7.14,-7.14,-5.41,-7.14,-7.14
2024-12-30,GENTS,4.08,9608828.0,39224277.0,2,2024-12-30 11:00,4.028,2.18,-4.57,0.3,17.58,-4.57,3.87,-1.19,2.48,12.71,1.89,11.72,12.31,8.44,9.33,17.58,11.02,13.01
2026-02-13,GEREL,4.11,190527052.0,783898909.0,2,2026-02-13 11:00,25.46,10.76,-1.89,8.01,10.76,-13.12,7.54,-2.75,-2.75,3.38,-5.89,-4.56,-3.06,-7.86,-5.89,-9.43,-13.12,-12.18
2026-04-06,GEREL,4.23,94961783.0,401763749.0,1,2026-04-06 10:00,33.02,0.0,-6.12,0.0,17.2,-6.12,5.75,-1.57,2.48,11.45,1.82,10.54,12.05,3.94,7.75,17.2,9.33,14.9
2026-04-07,GEREL,4.71,121031977.0,569565108.0,3,2026-04-07 12:00,34.4,1.51,-4.13,-1.63,13.14,-4.13,6.98,-2.27,6.1,7.56,-0.23,3.43,11.4,1.28,10.17,13.14,3.78,8.55
2025-12-18,GIPTA,5.81,392577318.0,2281640951.0,3,2025-12-18 12:00,70.15,8.27,-4.35,-4.35,38.49,-13.9,5.2,-13.9,5.2,15.68,5.77,15.68,27.23,15.04,27.23,32.86,14.04,17.61
2026-04-17,GIPTA,4.18,226942853.0,948433336.0,3,2026-04-17 12:00,93.7,0.75,-5.55,-5.02,0.75,-13.77,-4.16,-10.3,-8.22,0.59,-8.96,-7.26,-4.27,-10.89,-10.35,-8.38,-13.77,-13.45
2024-11-19,GLBMD,6.1,14056921.0,85753243.0,2,2024-11-19 11:00,12.93,2.4,-1.39,-1.01,3.63,-8.82,3.63,-4.33,-1.78,0.62,-5.57,-4.33,-2.94,-7.04,-5.96,-4.49,-7.97,-6.73
2025-04-15,GLBMD,4.25,3319208.0,14097018.0,2,2025-04-15 11:00,12.1,7.02,-6.86,2.48,7.6,-13.22,0.17,-7.69,-1.74,7.6,-8.84,1.32,0.74,-4.21,0.0,-4.46,-13.22,-6.69
2025-10-09,GLCVY,4.07,40930695.0,166569516.0,3,2025-10-09 12:00,65.65,1.9,-3.12,-1.75,6.02,-3.12,3.58,-0.76,1.14,6.02,1.14,1.29,2.74,-1.75,-0.46,0.53,-1.83,-0.76
2026-04-03,GLRMK,4.4,580820017.0,2554711671.0,3,2026-04-03 12:00,191.5,2.98,-1.67,-1.57,36.29,-1.67,2.19,-0.37,0.57,7.73,0.89,5.01,15.51,7.42,15.51,36.29,24.39,25.59
2026-04-07,GLRMK,6.42,735624004.0,4719481278.0,3,2026-04-07 12:00,202.9,1.68,-3.6,-0.89,28.63,-3.6,9.02,1.38,9.02,19.91,13.5,19.76,28.63,17.4,18.53,17.64,10.94,11.48
2026-04-09,GLRMK,4.56,1069458987.0,4880384878.0,3,2026-04-09 12:00,242.0,0.54,-1.28,0.41,7.85,-7.56,7.85,-1.57,-0.62,6.61,-5.08,-4.13,-1.36,-6.98,-6.53,-2.6,-6.82,-2.6
2024-08-15,GLRYH,4.02,26066795.0,104701551.0,1,2024-08-15 10:00,2.9186,0.0,-6.95,-3.44,14.15,-8.79,6.08,-6.95,6.08,14.15,2.32,2.32,6.31,-5.2,-5.12,0.72,-8.79,-2.96
2024-08-19,GLRYH,4.18,52147044.0,217865280.0,3,2024-08-19 12:00,3.2943,1.13,-9.35,-9.35,1.13,-19.19,-5.81,-16.01,-15.93,-15.44,-18.2,-17.78,-10.76,-19.19,-14.02,-12.61,-19.05,-17.85
2026-03-11,GLRYH,4.31,79385748.0,342483730.0,2,2026-03-11 11:00,4.98,1.41,-3.61,-2.21,1.41,-12.25,-0.8,-6.43,-5.82,-5.62,-9.04,-8.23,-7.43,-10.64,-10.24,-9.44,-12.25,-12.25
2025-10-02,GLYHO,5.43,191243422.0,1038925419.0,2,2025-10-02 11:00,8.61,3.95,-1.86,1.39,14.87,-1.86,5.69,0.7,3.83,5.23,2.09,3.83,14.17,3.72,14.17,12.43,4.76,11.15
2024-09-20,GMTAS,6.81,13950887.0,94949484.0,1,2024-09-20 10:00,5.0081,1.59,-3.08,1.59,10.53,-3.08,10.53,-1.79,7.35,7.65,1.19,3.08,3.38,-1.19,-0.7,1.29,-1.89,-1.29
2024-10-28,GMTAS,4.21,33337995.0,140316395.0,3,2024-10-28 12:00,4.7097,0.32,-0.42,0.0,1.06,-6.86,1.06,-1.27,-1.16,-0.32,-3.06,-2.75,-1.8,-2.85,-2.64,-3.06,-6.86,-3.17
2025-02-28,GMTAS,4.47,9821144.0,43888017.0,1,2025-02-28 10:00,5.774,0.0,-2.5,0.0,10.25,-2.5,9.99,0.52,5.94,9.39,1.29,3.01,10.25,-0.09,5.43,9.65,3.88,5.68
2025-03-03,GMTAS,5.49,12295314.0,67526985.0,1,2025-03-03 10:00,6.3509,0.0,-8.61,-3.68,5.64,-9.16,-0.55,-7.91,-6.34,0.23,-9.16,-4.15,-3.29,-7.05,-5.25,5.64,-3.92,3.13
2025-08-11,GMTAS,4.05,42931674.0,173665676.0,2,2025-08-11 11:00,9.5985,0.88,-0.21,-0.21,3.63,-2.95,3.63,-1.4,0.26,3.06,-0.73,0.21,1.55,-0.83,0.21,0.98,-0.78,0.0
2025-09-29,GMTAS,5.37,32379513.0,173778932.0,2,2025-09-29 11:00,15.7157,0.95,-2.59,0.95,31.96,-2.59,11.01,6.01,11.01,22.09,13.04,17.22,21.65,11.27,20.0,30.57,14.05,14.05
2025-09-30,GMTAS,4.35,47097719.0,205048601.0,2,2025-09-30 11:00,17.4166,0.17,-1.2,0.17,19.07,-1.2,10.17,2.0,5.77,9.77,0.4,8.28,19.07,5.43,14.33,13.19,3.03,13.19
2025-10-01,GMTAS,5.04,56513781.0,284707445.0,3,2025-10-01 12:00,19.0578,0.68,-6.78,-3.34,13.78,-8.25,0.31,-8.25,-1.04,8.82,-3.65,4.49,7.67,-5.95,-5.95,13.78,9.55,13.78
2026-01-12,GMTAS,4.0,67035670.0,268289717.0,3,2026-01-12 12:00,26.4332,7.24,-1.6,1.32,19.17,-5.46,2.16,-3.67,-2.73,-0.47,-5.46,-4.89,3.01,-5.08,-1.22,19.17,-2.02,-1.26
2025-03-12,GOKNR,5.07,89241561.0,452081594.0,3,2025-03-12 12:00,25.18,0.64,-2.62,-1.43,2.86,-13.5,0.48,-2.86,-1.35,2.86,-1.11,1.51,1.75,-2.78,-1.75,-7.94,-13.5,-12.31
2026-05-18,GOKNR,5.01,160958661.0,806710350.0,2,2026-05-18 11:00,25.06,0.56,-5.91,-4.39,0.96,-14.05,-0.16,-5.03,-4.63,-3.51,-12.21,-12.21,-7.98,-14.05,-8.22,0.96,-2.55,-2.0
2025-04-30,GOODY,5.97,20448654.0,122173735.0,1,2025-04-30 10:00,17.49,2.06,-5.43,-5.43,5.26,-5.77,2.63,-5.03,-0.17,5.26,-2.97,-2.69,-2.29,-4.29,-3.6,-2.0,-5.77,-3.03
2025-10-24,GOODY,5.14,19396839.0,99703085.0,2,2025-10-24 11:00,16.35,1.35,-2.32,0.24,2.51,-2.75,2.51,-1.53,-1.35,-0.98,-2.75,-2.63,-0.61,-2.14,-1.77,1.59,-1.04,1.41
2026-03-27,GOODY,16.83,12306177.0,207079298.0,1,2026-03-27 10:00,15.65,4.47,-7.67,-6.2,4.47,-8.31,-1.98,-7.22,-3.32,-1.28,-7.09,-5.3,-2.81,-5.5,-3.07,-3.77,-8.31,-7.8
2025-08-15,GRNYO,4.84,4886501.0,23673235.0,3,2025-08-15 12:00,10.45,0.0,-4.31,0.0,36.08,-4.31,9.95,6.03,9.95,20.86,14.83,20.86,32.92,16.27,26.99,36.08,22.78,31.39
2025-08-19,GRNYO,4.02,6090504.0,24467518.0,3,2025-08-19 12:00,12.63,0.0,0.0,0.0,16.31,-3.8,9.98,-3.8,5.07,9.26,0.0,7.05,12.59,1.58,8.71,16.31,6.57,16.31
2025-08-20,GRNYO,4.08,7215298.0,29464173.0,3,2025-08-20 12:00,12.9,7.67,-5.81,2.87,20.16,-5.81,6.98,-2.09,4.81,10.23,-0.54,6.43,6.51,1.63,3.57,20.16,5.43,13.57
2025-06-30,GRSEL,8.83,262722427.0,2319308468.0,1,2025-06-30 10:00,284.5,4.57,-2.99,0.53,7.91,-2.99,6.15,0.53,5.18,7.91,2.99,3.69,6.41,2.2,4.13,-0.18,-2.72,-1.67
2024-12-12,GSDDE,4.36,35509041.0,154726999.0,1,2024-12-12 10:00,11.46,1.57,-5.5,-1.83,1.57,-19.37,-1.13,-5.06,-4.28,-1.57,-5.15,-4.19,-4.19,-13.7,-13.7,-16.06,-19.37,-18.85
2026-05-06,GSDDE,7.46,24470583.0,182430056.0,1,2026-05-06 10:00,17.4,0.0,-4.77,0.0,8.51,-19.6,8.51,-6.21,-4.02,0.57,-13.62,-10.8,-6.95,-14.83,-14.31,-11.61,-19.25,-11.61
2026-05-07,GSDDE,4.99,42825862.0,213516895.0,1,2026-05-07 10:00,18.07,4.48,-9.68,-7.58,4.48,-23.35,-3.15,-16.82,-14.11,-10.4,-17.99,-17.49,-13.23,-22.58,-22.58,-11.46,-23.35,-23.35
2025-03-12,GSDHO,4.17,22647520.0,94548022.0,2,2025-03-12 11:00,3.93,0.51,-2.29,-0.76,6.11,-4.58,2.29,-0.25,1.53,4.33,1.02,3.05,6.11,3.05,5.34,2.54,-4.58,-3.56
2026-05-06,GSDHO,5.29,59831376.0,316704513.0,2,2026-05-06 11:00,6.01,0.0,-4.16,-2.5,0.0,-15.64,-1.33,-7.32,-6.49,-5.49,-9.15,-7.32,-4.49,-7.65,-7.32,-5.99,-11.15,-10.15
2025-04-07,GUNDG,4.66,40686582.0,189396236.0,1,2025-04-07 10:00,59.1,4.15,-8.12,-3.13,4.15,-11.17,-1.18,-7.11,-4.4,1.69,-6.09,-2.88,-0.08,-6.6,-6.6,-7.02,-10.15,-8.63
2025-10-22,GUNDG,6.69,149704245.0,1001740249.0,2,2025-10-22 11:00,99.65,0.0,-9.83,-8.58,10.09,-11.74,-6.87,-11.74,-9.68,-0.65,-10.69,-0.65,9.28,1.35,4.47,5.87,-0.25,0.35
2026-02-06,GUNDG,4.03,125967941.0,507156988.0,2,2026-02-06 11:00,261.25,3.83,-10.51,-10.51,7.08,-11.2,-2.78,-11.2,-8.52,-4.5,-9.28,-7.02,2.2,-7.64,2.2,4.4,-1.34,2.49
2025-11-20,GZNMI,4.06,98167843.0,398272025.0,1,2025-11-20 10:00,101.4,17.85,0.0,0.0,17.85,-39.79,-18.93,-18.93,-18.93,-10.85,-27.02,-27.02,-28.11,-34.32,-34.32,-29.14,-34.91,-32.69
2025-11-25,GZNMI,4.69,115076274.0,539408366.0,2,2025-11-25 11:00,78.1,8.51,-5.25,-5.25,8.51,-21.83,-6.66,-14.72,-14.72,-7.43,-21.83,-13.51,-8.0,-15.49,-12.61,4.93,-7.04,-3.91
2025-06-30,HATEK,4.93,19905897.0,98173335.0,3,2025-06-30 12:00,27.72,0.51,-9.52,-9.52,0.51,-37.34,-18.54,-18.54,-18.54,-26.62,-26.62,-26.62,-20.92,-33.19,-25.54,-31.28,-37.34,-37.34
2025-07-03,HATEK,4.21,25653850.0,107977076.0,2,2025-07-03 11:00,21.02,2.66,-4.9,-1.81,2.66,-22.65,-0.57,-9.47,-9.09,-9.37,-17.36,-17.36,-14.13,-21.74,-21.46,-15.41,-19.55,-18.41
2025-08-25,HATEK,4.54,59470986.0,269894713.0,3,2025-08-25 12:00,19.61,8.31,-2.24,0.71,8.31,-10.25,1.84,-3.98,-3.62,-1.68,-5.56,-4.64,-4.08,-8.82,-8.06,-6.02,-9.84,-7.85
2026-02-17,HATEK,4.2,42241000.0,177435625.0,3,2026-02-17 12:00,18.27,1.26,-4.49,-4.49,1.26,-16.64,-4.71,-10.89,-10.62,-8.26,-16.58,-15.6,-12.75,-16.64,-13.79,-1.86,-8.59,-7.33
2024-07-31,HATSN,4.39,116527508.0,511176410.0,2,2024-07-31 11:00,58.6,2.47,-1.28,0.34,7.68,-13.31,7.68,-0.17,0.17,-0.85,-5.8,-3.41,-7.34,-13.05,-12.8,-9.64,-13.31,-11.6
2024-09-06,HATSN,4.1,82644653.0,338816681.0,2,2024-09-06 11:00,54.15,1.48,-8.73,-8.59,1.48,-19.15,-7.85,-12.32,-12.32,-10.54,-15.05,-15.01,-13.68,-18.19,-17.53,-15.09,-18.49,-15.53
2024-11-13,HATSN,4.08,54709457.0,223293544.0,3,2024-11-13 12:00,46.36,0.0,-2.07,-0.99,3.49,-5.65,3.49,-1.86,-1.34,-0.13,-2.16,-1.47,-1.04,-4.44,-3.36,-1.77,-5.52,-5.26
2025-12-03,HATSN,4.36,33340104.0,145380392.0,3,2025-12-03 12:00,42.7,3.19,-0.47,3.04,3.51,-6.32,3.51,-1.73,-1.73,0.0,-6.32,-3.61,-2.67,-4.22,-3.51,-3.79,-5.2,-5.06
2025-02-10,HDFGS,4.41,64355384.0,284080894.0,1,2025-02-10 10:00,1.7723,2.31,-5.56,2.31,18.06,-10.65,12.5,3.7,10.65,18.06,1.85,2.78,8.8,-7.41,-7.41,-3.7,-6.94,-5.56
2025-01-06,HEDEF,5.68,13146382.0,74643147.0,2,2025-01-06 11:00,2.8072,0.0,-3.7,0.0,12.73,-10.88,9.03,-1.16,-0.46,6.25,-6.25,-5.09,-2.78,-8.33,-6.71,12.73,3.24,9.95
2025-01-07,HEDEF,4.94,15692328.0,77489015.0,2,2025-01-07 11:00,2.9827,1.09,-6.54,-6.32,6.1,-16.12,0.0,-11.76,-10.68,-8.5,-13.73,-12.2,-3.49,-16.12,-3.49,3.49,-5.88,-5.23
2025-01-10,HEDEF,4.16,29502859.0,122715944.0,2,2025-01-10 11:00,2.8462,1.14,-1.37,1.14,11.19,-7.31,11.19,1.83,8.45,8.45,-1.37,-0.68,4.11,-7.31,-4.34,4.11,-6.39,1.14
2025-02-18,HEDEF,4.4,66436969.0,292389125.0,3,2025-02-18 12:00,3.9249,2.15,-6.46,-4.64,3.97,-14.4,0.33,-12.42,-11.42,-2.65,-14.4,-2.65,3.97,-9.93,-9.11,-5.96,-14.24,-12.75
2025-03-26,HEDEF,4.78,78574454.0,375909522.0,3,2025-03-26 12:00,4.2888,1.67,-4.39,-3.94,11.67,-8.33,2.88,-8.33,-5.45,-2.27,-8.33,-4.09,4.7,-4.7,3.79,10.15,3.33,6.21
2025-09-19,HEDEF,8.01,123350275.0,987818140.0,3,2025-09-19 12:00,23.6274,0.0,-0.99,0.0,43.01,-0.99,9.96,0.39,9.96,20.9,10.18,20.9,32.95,20.9,32.95,43.01,21.23,37.35
2024-07-31,HKTM,5.02,35418706.0,177858189.0,3,2024-07-31 12:00,19.72,3.04,-3.5,3.04,13.29,-15.11,13.29,3.45,3.85,2.74,-6.19,-5.73,-7.15,-15.11,-13.29,4.87,-4.46,4.87
2024-08-01,HKTM,4.12,49992325.0,206130089.0,1,2024-08-01 10:00,21.8,2.48,-6.42,-6.06,4.31,-23.21,-7.06,-15.14,-14.72,-16.01,-23.21,-21.56,-13.72,-19.45,-13.72,4.31,-2.02,1.01
2025-07-30,HKTM,4.25,33216081.0,141152199.0,3,2025-07-30 12:00,12.16,3.21,-2.71,-1.89,3.21,-2.71,1.73,-1.81,-0.49,0.66,-1.97,-1.56,-0.49,-1.56,-0.74,0.82,-1.32,-0.9
2026-02-06,HKTM,5.12,43254603.0,221400322.0,1,2026-02-06 10:00,14.63,2.19,-6.84,-2.94,2.19,-10.32,-0.21,-5.19,-4.51,-3.21,-6.9,-6.9,-5.88,-9.09,-9.02,-6.15,-10.32,-9.16
2026-04-09,HKTM,4.04,46264479.0,186987714.0,3,2026-04-09 12:00,13.65,2.56,-7.33,-5.35,8.13,-11.36,-3.3,-8.21,-8.21,-8.79,-11.36,-11.21,-8.28,-10.77,-9.82,8.13,2.05,6.08
2026-04-16,HKTM,4.09,74449333.0,304332088.0,2,2026-04-16 11:00,14.51,1.72,-2.96,-0.21,13.03,-5.58,6.62,-5.58,4.2,13.03,7.99,8.55,12.75,5.44,6.75,12.13,0.0,0.34
2025-01-27,HLGYO,7.85,100476005.0,788368372.0,1,2025-01-27 10:00,2.99,0.64,-6.09,0.64,0.64,-11.54,0.64,-6.41,-6.09,-4.49,-8.33,-8.01,-6.41,-9.29,-8.33,-8.97,-11.54,-10.58
2025-05-13,HLGYO,4.47,77646277.0,346794471.0,3,2025-05-13 12:00,2.7504,0.7,-2.44,-2.09,1.05,-6.62,0.0,-3.14,-3.14,-1.74,-4.88,-4.53,1.05,-4.18,-2.09,-4.53,-6.62,-5.57
2026-03-10,HLGYO,4.87,250169322.0,1217575482.0,3,2026-03-10 12:00,5.85,0.51,-2.22,0.51,2.91,-10.94,2.91,-7.52,-6.15,-4.44,-7.69,-7.35,-3.59,-7.52,-5.81,-8.72,-10.94,-10.6
2026-04-24,HOROZ,4.08,128824823.0,525201710.0,2,2026-04-24 11:00,73.95,1.83,-3.99,-3.58,28.74,-7.98,6.02,-7.98,6.02,12.78,2.16,8.72,19.54,9.6,19.07,20.96,5.34,12.85
2025-05-13,HRKET,4.39,116182692.0,510112692.0,2,2025-05-13 11:00,67.15,2.46,-2.38,-1.94,2.46,-5.81,1.04,-3.8,-2.61,-1.12,-4.32,-4.17,-2.38,-4.99,-4.1,2.46,-5.81,-1.41
2026-06-02,HRKET,5.59,149881273.0,837678957.0,3,2026-06-02 12:00,104.1,1.92,-9.94,1.92,26.8,-9.94,12.1,3.27,12.1,20.75,6.53,18.73,26.8,16.71,19.69,,,
2026-06-04,HRKET,4.48,253349900.0,1134118846.0,3,2026-06-04 12:00,121.0,3.88,-6.86,2.15,9.09,-6.86,9.09,0.41,2.98,5.87,-5.79,2.89,,,,,,
2024-10-08,HUBVC,4.69,11134842.0,52273112.0,2,2024-10-08 11:00,2.3075,2.38,-5.2,-3.79,2.38,-13.33,-0.65,-8.88,-6.72,0.22,-7.58,-4.66,-0.98,-7.91,-7.91,-5.85,-9.75,-8.78
2025-07-11,HUBVC,4.3,7467315.0,32138813.0,2,2025-07-11 11:00,2.1,3.33,-4.29,3.33,23.33,-4.29,13.33,-1.9,13.33,23.33,6.19,19.05,23.33,13.33,15.24,22.38,5.71,22.38
2025-07-14,HUBVC,4.12,9595762.0,39505002.0,3,2025-07-14 12:00,2.38,0.0,-3.78,0.0,17.65,-6.72,8.82,-6.3,5.04,8.82,0.0,1.68,0.42,-4.62,-1.68,17.65,5.04,17.65
2024-12-09,HUNER,4.31,35428728.0,152618033.0,3,2024-12-09 12:00,3.58,4.47,-1.96,0.56,4.47,-5.31,1.4,-3.07,-3.07,-1.68,-5.03,-3.91,-2.51,-4.75,-3.35,-1.12,-3.91,-3.91
2025-03-11,HUNER,4.72,51860825.0,244850390.0,1,2025-03-11 10:00,4.21,3.8,-4.51,-2.61,8.08,-8.08,-2.14,-8.08,-5.46,-1.43,-5.7,-1.66,1.9,-3.56,0.24,4.28,0.0,2.61
2026-04-27,HURGZ,4.47,75082530.0,335990670.0,3,2026-04-27 12:00,7.95,0.0,-4.4,0.0,18.74,-9.81,9.43,-3.27,0.38,4.28,-4.78,-4.78,3.14,-9.81,0.0,18.74,10.94,13.58
2024-07-16,ICBCT,4.13,19492926.0,80459345.0,2,2024-07-16 11:00,16.45,0.91,-6.44,-6.44,5.11,-8.02,0.73,-8.02,-0.79,5.11,-0.91,-0.36,2.49,-3.34,-2.8,-3.65,-5.71,-5.23
2025-03-11,ICBCT,4.18,12048593.0,50324376.0,3,2025-03-11 12:00,14.35,2.79,-0.91,0.7,4.11,-2.3,4.11,-2.3,-2.09,3.0,-2.09,2.72,2.65,0.7,1.32,2.79,-0.14,0.42
2026-03-13,ICBCT,4.43,22826725.0,101139795.0,2,2026-03-13 11:00,15.5,0.26,-9.03,-7.29,3.1,-9.03,-4.19,-8.13,-5.87,3.1,-5.68,0.32,0.13,-5.55,-4.77,-3.23,-7.74,-3.94
2026-05-26,ICBCT,6.25,62641085.0,391206902.0,1,2026-05-26 10:30,25.32,5.85,-7.19,2.69,5.85,-20.54,2.69,-7.58,-7.58,-3.63,-11.61,-9.24,-6.64,-14.61,-6.64,-12.64,-20.54,-18.56
2024-07-11,ICUGS,5.05,11350734.0,57277575.0,3,2024-07-11 12:00,3.172,0.0,-3.03,0.0,24.97,-7.63,9.96,-1.58,-0.88,4.35,-6.05,-6.05,3.34,-7.63,3.34,24.97,14.12,18.54
2024-07-12,ICUGS,4.86,14054889.0,68302005.0,2,2024-07-12 11:00,3.332,2.46,-6.3,-5.64,20.65,-12.06,-0.66,-10.56,-10.56,-1.62,-12.06,-1.62,8.16,3.96,8.16,20.65,10.56,14.05
2025-02-25,ICUGS,4.25,33348573.0,141568572.0,1,2025-02-25 10:00,4.696,8.09,0.0,0.0,8.09,-37.82,-5.88,-9.97,-9.97,-13.12,-18.95,-18.95,-20.14,-27.04,-27.04,-32.07,-37.82,-37.82
2025-02-28,ICUGS,5.07,54217636.0,275034927.0,3,2025-02-28 12:00,3.562,5.28,-3.82,-3.82,5.28,-27.01,-2.86,-13.42,-13.42,-10.44,-18.02,-18.02,-16.62,-26.22,-26.22,-21.0,-25.66,-25.15
2026-04-01,ICUGS,4.4,61535442.0,270623147.0,3,2026-04-01 12:00,3.63,0.0,-5.79,0.0,7.71,-13.22,7.71,-6.61,-5.51,2.75,-5.79,-1.93,1.93,-4.41,-3.58,-4.68,-11.85,-4.68
2026-04-02,ICUGS,4.86,67796035.0,329727637.0,2,2026-04-02 11:00,3.69,5.96,-8.13,-7.05,5.96,-14.63,1.08,-7.32,-3.52,0.27,-5.96,-5.15,-5.15,-14.63,-14.63,1.08,-9.76,-2.44
2025-12-22,IDGYO,5.11,5122101.0,26154198.0,3,2025-12-22 12:00,3.56,3.09,-4.21,-1.97,14.33,-8.15,7.02,-8.15,4.21,6.18,0.56,4.21,12.92,0.28,12.08,9.55,-1.4,3.65
2025-01-30,IHAAS,4.32,36309625.0,156713815.0,1,2025-01-30 10:00,20.02,5.99,-3.6,5.99,14.39,-14.09,14.39,-4.6,-4.6,4.7,-7.99,-6.54,-1.4,-7.59,-7.34,-7.84,-14.09,-12.09
2025-03-18,IHAAS,5.28,43730273.0,230682526.0,3,2025-03-18 12:00,23.64,0.93,-11.17,-9.48,0.93,-23.86,-12.94,-18.53,-18.53,-10.41,-18.57,-10.41,-6.68,-19.33,-19.33,-15.48,-19.42,-17.3
2026-01-19,IHAAS,5.12,28195164.0,144252202.0,3,2026-01-19 12:00,42.64,5.35,-1.36,4.69,44.7,-1.36,15.15,3.19,15.15,26.64,16.79,26.64,37.9,28.99,31.21,44.7,33.44,36.84
2024-11-05,IHEVA,4.63,15956150.0,73880277.0,2,2024-11-05 11:00,2.2,3.18,-4.09,2.27,20.0,-4.09,10.45,3.18,7.73,9.09,0.45,1.36,7.27,-0.91,2.73,20.0,10.0,12.73
2024-11-06,IHEVA,4.38,21473669.0,94118270.0,3,2024-11-06 12:00,2.35,2.98,-3.4,0.85,12.34,-7.23,2.13,-5.96,-5.11,0.43,-7.23,-3.83,5.53,-6.38,5.53,8.51,0.0,2.13
2024-11-05,IHGZT,4.24,12485662.0,52981942.0,3,2024-11-05 12:00,1.21,2.48,-0.83,0.0,21.49,-0.83,7.44,2.48,6.61,9.09,1.65,2.48,5.79,1.65,4.96,21.49,14.88,15.7
2024-11-06,IHGZT,4.31,16529159.0,71308086.0,2,2024-11-06 11:00,1.26,3.17,0.0,2.38,16.67,-2.38,4.76,-2.38,-1.59,1.59,-2.38,0.79,10.32,0.0,10.32,15.08,6.35,10.32
2024-11-07,IHGZT,4.12,20132861.0,82869390.0,3,2024-11-07 12:00,1.25,1.6,-1.6,-0.8,17.6,-1.6,2.4,-1.6,1.6,11.2,0.8,11.2,17.6,11.2,12.0,14.4,2.4,4.8
2025-02-12,IHGZT,4.45,62866976.0,280022014.0,3,2025-02-12 12:00,1.6,3.12,-5.63,-5.63,3.12,-13.75,-5.63,-12.5,-11.88,-10.0,-12.5,-11.25,-8.13,-11.88,-11.88,-4.38,-12.5,-9.38
2024-11-07,IHLAS,5.32,40456571.0,215376113.0,2,2024-11-07 11:00,1.26,0.0,-3.17,0.0,57.94,-3.17,9.52,5.56,9.52,19.84,15.08,19.84,31.75,30.16,31.75,57.94,34.92,44.44
2024-11-08,IHLAS,4.52,49139177.0,221925072.0,1,2024-11-08 10:00,1.38,0.0,-3.62,0.0,44.2,-3.62,9.42,5.07,9.42,20.29,18.84,20.29,31.88,18.12,31.88,36.23,24.64,28.99
2024-11-13,IHLAS,5.03,61967705.0,311770447.0,1,2024-11-13 10:00,1.74,4.6,-6.32,4.6,35.06,-6.32,14.37,-2.3,4.6,8.05,-1.15,2.3,12.07,-1.15,12.07,35.06,24.14,35.06
2024-11-14,IHLAS,4.41,87850086.0,387477494.0,1,2024-11-14 10:00,1.99,0.0,-14.57,-8.54,29.65,-14.57,-5.53,-13.57,-10.55,-2.01,-13.57,-2.01,7.54,2.51,7.54,29.65,19.1,29.65
2025-01-10,IHLAS,5.27,172432046.0,908750383.0,2,2025-01-10 11:00,3.73,7.51,0.0,0.0,7.51,-10.72,-0.8,-7.24,-7.24,-0.27,-8.31,-4.56,-3.22,-10.46,-8.85,-6.43,-9.65,-9.12
2024-11-05,IHLGM,4.52,18580886.0,83905428.0,3,2024-11-05 12:00,1.21,1.65,-1.65,1.65,33.88,-1.65,11.57,7.44,11.57,22.31,9.92,11.57,15.7,6.61,11.57,33.88,22.31,33.88
2024-11-07,IHLGM,8.99,22704356.0,204005671.0,1,2024-11-07 10:00,1.35,9.63,-1.48,0.0,31.85,-4.44,3.7,-4.44,0.0,9.63,0.0,9.63,20.0,9.63,20.0,29.63,13.33,13.33
2024-11-13,IHLGM,5.02,66202611.0,332183461.0,2,2024-11-13 11:00,1.72,3.49,-7.56,-1.16,9.88,-18.02,1.74,-11.05,-11.05,-11.05,-18.02,-15.7,-7.56,-16.86,-7.56,9.88,0.0,2.91
2025-08-12,IHLGM,4.16,204283535.0,850163359.0,3,2025-08-12 12:00,3.39,2.65,-5.01,-4.13,2.65,-15.34,-3.83,-9.44,-8.55,-7.08,-15.34,-13.57,-5.01,-14.16,-11.5,-7.37,-11.8,-10.03
2026-04-22,IHLGM,4.05,43544305.0,176428578.0,1,2026-04-22 10:00,2.29,7.86,-3.93,-2.62,8.3,-5.68,6.99,-5.68,4.8,8.3,1.75,1.75,6.11,0.44,0.87,-0.87,-3.06,-2.18
2024-08-16,IHYAY,4.55,31946373.0,145440524.0,3,2024-08-16 12:00,4.34,6.22,0.0,0.0,6.22,-11.98,0.0,-8.99,-5.3,-0.69,-8.06,-8.06,-2.76,-8.29,-8.29,-7.83,-11.98,-11.52
2024-12-03,IHYAY,4.04,88441942.0,357575649.0,2,2024-12-03 11:00,5.84,1.88,-15.41,-15.41,1.88,-31.34,-21.58,-23.8,-23.8,-18.84,-31.34,-23.63,-17.47,-24.83,-21.23,-24.66,-28.94,-28.94
2025-11-05,IHYAY,4.59,34210558.0,157182496.0,2,2025-11-05 11:00,2.75,0.73,-3.64,-1.82,0.73,-17.45,0.0,-5.82,-5.82,-3.27,-6.18,-6.18,-5.45,-10.55,-10.55,-12.73,-16.0,-15.27
2026-04-10,IHYAY,4.3,9031429.0,38876427.0,3,2026-04-10 12:00,1.83,2.73,-1.09,-0.55,6.01,-3.83,6.01,-3.83,-0.55,3.28,0.0,1.09,2.73,0.55,1.09,4.37,1.64,3.83
2024-11-12,IMASM,6.27,28335110.0,177562660.0,2,2024-11-12 11:00,2.86,0.0,-5.59,-3.85,12.59,-8.39,-3.15,-8.39,-6.99,-4.9,-7.69,-6.64,2.45,-3.85,2.45,10.14,2.8,6.29
2024-11-18,IMASM,4.78,49392315.0,235985363.0,2,2024-11-18 11:00,3.11,2.25,-2.89,-2.25,4.18,-5.47,1.29,-5.47,-2.25,4.18,-5.14,-5.14,-0.32,-5.14,-2.25,-1.61,-4.5,-4.18
2025-02-25,IMASM,11.27,25966308.0,292555997.0,1,2025-02-25 10:00,2.85,5.26,-12.28,-11.58,5.26,-17.89,-7.02,-14.04,-13.33,-9.12,-15.44,-14.39,-12.98,-15.44,-15.44,-14.74,-17.89,-17.19
2025-03-03,INFO,4.3,9007944.0,38758035.0,3,2025-03-03 12:00,2.1,0.95,-1.43,-0.48,7.14,-4.29,0.48,-4.29,-4.29,-1.43,-3.81,-1.43,1.9,-1.43,1.9,7.14,4.29,5.71
2025-03-07,INGRM,4.53,14582926.0,66054474.0,3,2025-03-07 12:00,440.75,0.0,-2.67,0.0,9.98,-4.88,9.98,-4.88,-2.72,4.37,-2.78,-1.93,4.14,-4.25,-1.76,-1.59,-3.63,-3.06
2025-03-10,INGRM,6.15,18259804.0,112322049.0,1,2025-03-10 10:00,438.25,10.61,-4.34,-2.17,10.61,-4.34,4.96,-2.22,-1.37,4.73,-3.71,-1.2,-0.06,-2.51,-1.65,0.4,-2.45,-0.4
2026-01-20,INGRM,4.6,14932088.0,68669601.0,2,2026-01-20 11:00,467.75,3.37,-6.47,-5.18,9.46,-6.47,4.28,-6.47,4.28,9.46,3.31,3.9,5.83,-1.12,0.16,-1.87,-6.41,-5.99
2022-07-29,INTEK,6.84,189737.0,1297532.0,2,2022-07-29 13:00,38.56,0.0,0.0,0.0,0.26,-9.18,0.26,-5.96,-5.96,-3.53,-5.39,-5.39,0.0,-9.18,-1.97,-2.85,-6.64,-2.85
2022-08-01,INTEK,4.6,253605.0,1166611.0,3,2022-08-01 17:00,36.26,0.0,0.0,0.0,6.34,-3.42,2.59,0.61,0.61,6.34,-3.42,4.25,3.09,1.1,1.1,0.99,0.61,0.99
2022-09-29,INTEK,5.44,334929.0,1823071.0,3,2022-09-29 17:00,42.68,0.0,0.0,0.0,9.98,-2.76,9.98,9.98,9.98,9.98,2.16,7.5,5.67,0.66,0.66,0.8,-1.59,0.8
2022-11-23,INTEK,5.37,615847.0,3307802.0,1,2022-11-23 12:00,75.6,0.0,-2.78,0.0,60.71,-2.78,9.99,9.99,9.99,20.97,20.97,20.97,32.94,32.94,32.94,60.71,46.83,46.83
2022-11-24,INTEK,4.09,886112.0,3622679.0,0,2022-11-24 09:00,83.15,0.0,0.0,0.0,46.84,0.0,9.98,9.98,9.98,20.87,20.87,20.87,32.89,32.89,32.89,46.84,46.84,46.84
2022-11-30,INTEK,5.0,1310389.0,6558471.0,3,2022-11-30 17:00,111.0,0.0,0.0,0.0,46.31,0.0,10.0,10.0,10.0,20.99,20.99,20.99,33.06,33.06,33.06,18.92,7.84,7.84
2022-12-27,INTEK,19.3,2572632.0,49663603.0,2,2022-12-27 13:00,153.1,0.0,0.0,0.0,37.03,-0.07,9.99,4.51,9.41,20.31,11.04,11.04,22.14,-0.07,22.14,37.03,35.21,35.21
2023-03-31,INTEK,4.68,2157939.0,10093711.0,3,2023-03-31 17:00,215.0,1.4,0.0,1.4,2.05,-11.86,1.4,-8.74,-8.74,-9.3,-11.86,-9.3,-7.91,-9.3,-8.37,2.05,-7.44,2.05
2023-10-23,INTEK,4.55,2741777.0,12476237.0,3,2023-10-23 17:00,217.8,0.0,0.0,0.0,31.4,-1.24,9.73,-0.64,9.73,9.73,-1.24,-1.24,8.63,3.31,8.63,31.4,24.75,31.4
2023-10-24,INTEK,4.27,3326364.0,14189443.0,3,2023-10-24 17:00,239.0,0.0,0.0,0.0,19.75,-10.0,0.0,-10.0,-10.0,-1.0,-5.86,-1.0,8.87,8.87,8.87,17.99,7.78,7.78
2024-04-19,INTEK,4.25,11068848.0,47000824.0,2,2024-04-19 13:00,600.0,3.25,0.0,3.25,50.0,0.0,13.5,13.5,13.5,24.83,24.83,24.83,37.25,24.83,37.25,50.0,38.92,50.0
2024-08-29,INTEM,4.3,22041343.0,94748220.0,2,2024-08-29 11:00,259.0,2.41,-9.69,-9.65,7.92,-9.69,-0.68,-8.84,-0.68,7.92,-1.16,0.77,7.34,-3.09,2.51,3.57,-4.83,-3.09
2025-04-11,INTEM,4.28,14315124.0,61219756.0,2,2025-04-11 11:00,223.1,2.15,-5.29,-4.71,2.15,-11.25,0.4,-5.33,-4.84,-3.09,-7.22,-6.86,-6.19,-10.22,-9.23,-7.71,-11.25,-10.8
2024-09-27,INVEO,4.04,20452934.0,82536372.0,1,2024-09-27 10:00,8.73,3.44,-9.51,-8.02,3.44,-17.87,-3.89,-10.31,-6.64,-6.64,-13.52,-11.11,-12.03,-16.38,-16.38,-14.89,-17.87,-16.15
2025-05-16,INVEO,5.32,10449462.0,55561331.0,2,2025-05-16 11:00,6.65,0.0,-4.81,0.0,20.3,-6.62,9.92,3.61,9.92,20.3,0.75,0.75,7.52,-1.5,1.2,1.5,-6.62,-4.81
2025-05-20,INVEO,6.43,13075581.0,84094948.0,1,2025-05-20 10:00,7.31,0.0,-5.75,0.0,9.44,-16.14,9.44,-8.34,-8.34,-2.19,-10.4,-7.93,-5.06,-11.35,-10.94,-12.31,-16.14,-16.01
2025-05-21,INVEO,7.49,17973062.0,134688763.0,1,2025-05-21 10:00,7.81,2.43,-14.21,-14.21,2.43,-23.82,-8.45,-16.13,-13.83,-11.14,-17.03,-16.65,-13.57,-20.49,-18.95,-20.74,-23.82,-23.69
2025-08-07,INVEO,4.41,152640032.0,673903607.0,2,2025-08-07 11:00,12.84,2.02,-3.27,-0.86,14.64,-4.21,1.71,-4.21,-3.97,2.1,-2.34,-2.34,7.4,-3.82,7.4,14.64,6.0,8.33
2026-05-15,INVEO,5.83,55363219.0,322944980.0,1,2026-05-15 10:00,9.09,5.83,-4.84,-2.86,5.83,-21.01,4.51,-2.86,2.2,3.96,-7.92,-7.92,-6.27,-16.94,-16.94,-10.78,-16.39,-12.43
2024-11-27,INVES,5.04,3741575.0,18859558.0,2,2024-11-27 11:00,336.0,3.65,-3.94,-0.52,3.65,-6.1,-0.6,-4.76,-3.57,0.67,-6.1,-0.89,-0.37,-2.68,-0.45,0.07,-2.01,-0.97
2025-01-27,INVES,4.73,4754191.0,22510022.0,3,2025-01-27 12:00,259.25,0.77,-1.64,-1.25,0.77,-24.36,-0.19,-8.24,-5.96,-5.5,-11.36,-11.36,-10.59,-16.26,-15.91,-19.0,-24.36,-24.13
2025-01-31,INVES,5.26,9558421.0,50302452.0,1,2025-01-31 10:00,228.7,4.85,-7.78,-7.74,4.85,-19.76,-8.18,-14.25,-13.99,-12.16,-15.61,-15.61,-10.8,-15.83,-15.17,-17.36,-19.76,-19.15
2025-09-25,INVES,4.41,107365476.0,473530991.0,3,2025-09-25 12:00,356.75,4.91,-0.77,-0.77,8.76,-14.79,2.73,-9.81,-7.22,2.03,-9.67,2.03,8.76,-8.13,-8.13,-6.17,-14.79,-9.32
2026-03-03,INVES,4.37,29174241.0,127574588.0,2,2026-03-03 11:00,276.0,1.36,-3.99,1.36,33.51,-3.99,10.33,1.63,8.7,17.75,6.88,15.94,21.38,11.59,21.38,26.99,18.03,20.65
2026-03-04,INVES,4.14,35583014.0,147377834.0,2,2026-03-04 11:00,290.75,4.73,-1.46,3.18,26.74,-1.46,11.78,1.46,10.06,15.22,5.93,15.22,26.74,13.67,19.86,25.97,9.97,25.97
2024-06-12,ISATR,4.68,1574021.0,7369998.0,1,2024-06-12 17:00,3679997.5,0.0,0.0,0.0,8.8,-6.79,-2.72,-2.72,-2.72,-4.89,-5.68,-4.89,-6.79,-6.79,-6.79,8.8,8.13,8.8
2023-03-20,ISBIR,4.56,1790677.0,8166586.0,0,2023-03-20 09:00,72.15,0.14,0.0,0.0,5.34,-3.05,-1.04,-1.59,-1.59,-1.94,-3.05,-2.98,0.97,-2.36,0.35,5.34,-0.21,-0.21
2023-05-10,ISBIR,4.12,1239631.0,5102227.0,2,2023-05-10 13:00,73.85,0.0,-0.2,-0.2,4.27,-10.9,-2.91,-3.86,-3.52,4.27,-3.52,-1.02,4.27,-10.9,2.84,3.18,2.37,2.37
2025-03-12,ISBIR,4.74,1794080.0,8499121.0,2,2025-03-12 13:00,84.75,6.19,0.0,6.19,7.37,-10.27,7.37,3.42,3.42,3.36,0.29,1.47,3.24,0.18,0.18,-2.18,-10.27,-10.27
2020-09-21,ISBTR,4.8,477864.0,2294706.0,3,2020-09-21 17:00,9063.881,0.0,0.0,0.0,0.0,-13.67,-0.1,-10.0,-10.0,-11.24,-13.67,-11.61,-10.73,-12.0,-10.73,-7.31,-8.97,-8.97
2021-02-01,ISBTR,4.07,352985.0,1435378.0,3,2021-02-01 17:00,7234.8271,0.0,0.0,0.0,25.52,0.0,9.09,0.65,9.09,18.48,15.78,18.48,25.52,20.57,20.57,8.51,1.59,1.59
2021-02-03,ISBTR,4.12,460046.0,1894249.0,3,2021-02-03 17:00,8571.6477,0.0,0.0,0.0,5.94,-14.85,5.94,1.76,1.76,-3.71,-8.41,-8.41,-8.41,-14.26,-14.26,-9.01,-14.82,-14.82
2021-05-20,ISBTR,5.19,243813.0,1264448.0,2,2021-05-20 17:00,6958.9898,0.0,-0.28,-0.28,0.0,-11.82,-1.22,-9.39,-9.39,-9.12,-9.39,-9.12,-9.17,-10.0,-10.0,-10.0,-10.56,-10.56
2021-11-25,ISBTR,4.92,231116.0,1136277.0,2,2021-11-25 13:00,5797.3194,0.0,0.0,0.0,50.03,0.0,2.47,0.0,2.47,12.72,11.26,12.72,23.99,21.5,23.99,50.03,50.03,50.03
2021-11-29,ISBTR,4.82,331489.0,1597467.0,3,2021-11-29 17:00,6534.8205,0.0,0.0,0.0,46.41,0.0,10.0,7.79,10.0,21.0,21.0,21.0,33.1,33.1,33.1,33.1,32.47,32.47
2021-12-02,ISBTR,5.33,474933.0,2531073.0,1,2021-12-02 12:00,8697.8461,0.0,0.0,0.0,10.0,-21.94,10.0,0.0,0.0,0.0,-0.48,-0.48,-2.43,-10.43,-10.43,-19.38,-21.94,-19.38
2021-12-03,ISBTR,4.49,593955.0,2669329.0,1,2021-12-03 12:00,9567.4865,0.0,-9.09,-9.09,0.0,-29.04,-9.09,-9.52,-9.52,-11.3,-18.57,-18.57,-22.83,-26.71,-26.71,-19.38,-23.71,-19.38
2022-02-14,ISBTR,5.54,250456.0,1388607.0,1,2022-02-14 12:00,8571.6477,0.0,0.0,0.0,38.61,0.0,2.97,0.99,2.97,9.03,6.93,9.03,19.93,16.96,19.93,38.61,38.61,38.61
2022-02-17,ISBTR,4.36,425887.0,1856433.0,3,2022-02-17 17:00,10280.2232,0.0,0.0,0.0,15.58,-15.13,10.0,10.0,10.0,15.58,15.58,15.58,10.62,4.02,4.02,-14.97,-15.13,-15.13
2022-02-18,ISBTR,4.65,508029.0,2363423.0,1,2022-02-18 12:00,11308.2439,0.0,0.0,0.0,5.07,-22.85,5.07,5.07,5.07,0.57,-5.44,-5.44,-10.65,-14.81,-14.28,-15.13,-21.12,-15.13
2022-02-21,ISBTR,5.2,632934.0,3291173.0,3,2022-02-21 17:00,11881.4919,0.0,0.0,0.0,0.0,-26.57,-4.29,-10.0,-10.0,-14.96,-18.92,-18.41,-26.43,-26.57,-26.57,-11.15,-16.43,-11.15
2023-05-12,ISBTR,4.8,369206.0,1773149.0,3,2023-05-12 17:00,43250.0,0.0,0.0,0.0,0.0,-10.0,-3.12,-10.0,-3.35,-7.51,-7.51,-7.51,-4.05,-4.54,-4.54,-7.51,-7.51,-7.51
2023-06-13,ISBTR,5.37,474281.0,2547050.0,1,2023-06-13 12:00,50941.0,0.0,0.0,0.0,20.92,-5.77,10.0,10.0,10.0,20.92,17.55,17.55,17.53,5.79,5.79,0.12,-5.77,-5.77
2023-06-15,ISBTR,5.57,548631.0,3056200.0,1,2023-06-15 12:00,60750.0,0.0,-1.43,-1.43,0.0,-24.76,-1.45,-11.29,-11.29,-12.76,-20.0,-18.27,-16.05,-20.99,-20.99,-22.78,-22.78,-22.78
2023-09-01,ISBTR,6.89,758316.0,5226820.0,1,2023-09-01 12:00,76865.0,0.0,0.0,0.0,61.05,0.0,10.0,10.0,10.0,21.0,21.0,21.0,33.1,33.1,33.1,61.05,61.05,61.05
2023-09-08,ISBTR,4.03,1135289.0,4580304.0,2,2023-09-08 17:00,123792.0,0.0,0.0,0.0,61.05,0.0,10.0,10.0,10.0,21.0,21.0,21.0,33.1,33.1,33.1,61.05,61.05,61.05
2023-09-11,ISBTR,4.09,1330474.0,5446848.0,2,2023-09-11 17:00,136171.2,0.0,0.0,0.0,61.05,0.0,10.0,10.0,10.0,21.0,21.0,21.0,33.1,33.1,33.1,61.05,61.05,61.05
2023-09-15,ISBTR,5.37,1745823.0,9370301.0,2,2023-09-15 13:00,199368.1,0.0,0.0,0.0,61.05,0.0,10.0,10.0,10.0,21.0,21.0,21.0,33.1,33.1,33.1,61.05,61.05,61.05
2023-10-04,ISBTR,4.16,3930676.0,16356667.0,3,2023-10-04 17:00,308432.1,0.0,0.0,0.0,12.7,-9.54,-3.06,-3.06,-3.06,6.64,3.59,3.59,3.59,-6.77,-6.77,12.7,12.7,12.7
2024-04-19,ISBTR,4.15,3149643.0,13073792.0,3,2024-04-19 17:00,524947.5,0.0,0.0,0.0,20.87,0.0,10.0,10.0,10.0,20.87,20.0,20.01,20.77,20.01,20.01,8.96,2.87,2.87
2024-04-24,ISBTR,4.66,4082141.0,19008395.0,3,2024-04-24 17:00,633000.0,0.0,-0.47,-0.47,0.16,-14.69,0.16,-0.47,-0.47,-1.26,-5.21,-5.21,-9.64,-14.69,-14.69,-14.69,-14.69,-14.69
2025-09-19,ISBTR,4.1,3793676.0,15540775.0,3,2025-09-19 17:00,609592.5,0.0,0.0,0.0,10.0,-9.78,10.0,0.0,10.0,10.0,-1.0,-1.0,-8.05,-9.78,-8.05,-1.54,-3.21,-3.21
2024-12-10,ISDMR,4.94,106883995.0,528332574.0,1,2024-12-10 10:00,43.7,2.2,-5.77,-5.49,2.2,-7.14,-3.48,-6.68,-5.49,-3.8,-5.4,-5.13,-3.89,-6.13,-4.26,-5.26,-7.14,-6.64
2025-07-30,ISFIN,5.01,66985767.0,335625267.0,1,2025-07-30 10:00,17.16,0.0,-3.55,-0.64,7.58,-6.18,7.11,-6.18,3.61,4.78,1.17,4.78,5.3,1.17,1.86,7.58,4.08,4.49
2025-10-24,ISFIN,5.54,40053417.0,221974989.0,2,2025-10-24 11:00,19.44,0.0,-4.06,-3.81,0.51,-7.97,-3.03,-5.97,-5.61,-5.14,-7.82,-7.51,-5.56,-7.97,-6.43,0.51,-1.59,-0.98
2024-11-01,ISGSY,13.28,13830760.0,183609407.0,1,2024-11-01 10:00,26.44,0.0,-4.08,0.0,20.35,-4.08,8.55,0.08,6.73,16.79,2.72,11.5,17.1,8.4,13.46,18.91,13.77,16.57
2024-11-04,ISGSY,4.62,23015299.0,106248904.0,1,2024-11-04 10:00,28.12,2.06,-5.9,0.36,20.55,-5.9,9.82,-3.41,4.84,10.1,1.92,6.69,13.16,3.34,9.6,20.55,10.24,20.55
2024-11-12,ISGSY,4.78,65251841.0,312073632.0,2,2024-11-12 11:00,36.9,1.03,-1.9,1.03,8.35,-12.79,8.35,-3.96,-1.3,1.63,-6.72,-5.75,-3.63,-8.13,-7.75,-5.96,-12.79,-12.41
2025-05-08,ISGSY,4.74,38589572.0,182824159.0,2,2025-05-08 11:00,37.94,3.58,-11.44,-10.86,3.58,-15.71,-1.95,-12.07,-8.86,-3.64,-9.91,-9.54,-8.7,-12.76,-12.76,-12.7,-15.71,-15.71
2025-08-15,ISGSY,4.42,110151346.0,486521702.0,2,2025-08-15 11:00,67.2,1.34,-3.72,1.34,36.16,-3.72,11.46,3.05,9.45,9.67,1.34,4.39,14.81,5.28,14.81,36.16,18.3,23.74
2026-02-05,ISGSY,4.32,104659374.0,452466557.0,3,2026-02-05 12:00,89.25,2.35,-3.7,-0.78,7.17,-6.44,-0.73,-6.44,-4.87,0.78,-3.7,-0.22,7.17,-3.75,1.34,4.2,-0.95,1.74
2025-08-01,ISKPL,6.43,55242771.0,355360634.0,1,2025-08-01 10:00,5.3911,15.85,-1.79,-1.79,15.85,-12.08,-4.63,-11.59,-8.74,-5.79,-10.8,-7.58,-0.76,-9.67,-9.67,-5.4,-9.29,-6.14
2025-08-04,ISKPL,5.41,91209646.0,493673312.0,2,2025-08-04 11:00,5.0249,2.32,-5.08,-2.09,6.47,-5.67,1.07,-4.29,-0.85,6.47,-3.08,-3.08,1.89,-5.67,0.5,4.48,-0.89,4.08
2018-10-11,ISKUR,13.54,18335.0,248216.0,3,2018-10-11 17:00,16999.9,0.0,0.0,0.0,317.03,0.0,23.56,8.82,23.56,85.34,85.34,85.34,178.02,178.02,178.02,286.47,141.18,147.06
2018-10-15,ISKUR,7.55,33395.0,252067.0,1,2018-10-15 12:00,31508.4,0.0,0.0,0.0,125.0,0.0,50.0,50.0,50.0,125.0,109.47,109.47,108.52,30.12,33.3,122.16,121.81,121.81
2018-10-16,ISKUR,5.81,48789.0,283576.0,2,2018-10-16 17:00,47262.6,0.0,0.0,0.0,50.0,-13.25,50.0,39.65,39.65,39.01,-13.25,-11.13,5.79,-0.56,5.79,48.11,47.79,47.79
2018-10-17,ISKUR,6.79,62608.0,425363.0,0,2018-10-17 09:00,70893.9,0.0,-6.9,-6.9,0.0,-42.17,-7.33,-42.17,-40.76,-29.47,-33.7,-29.47,-1.26,-1.42,-1.42,-18.19,-27.98,-18.19
2019-02-05,ISKUR,4.86,77022.0,374250.0,1,2019-02-05 17:00,84750.0,0.0,0.0,0.0,20.35,0.0,20.35,20.35,20.35,16.81,16.81,16.81,16.7,12.09,12.09,7.37,7.37,7.37
2019-04-24,ISKUR,4.38,154154.0,675000.0,2,2019-04-24 17:00,224999.9,0.0,0.0,0.0,7.56,-51.02,7.56,6.51,7.56,-28.89,-40.89,-28.89,-28.89,-28.89,-28.89,-51.02,-51.02,-51.02
2020-01-24,ISKUR,4.36,313452.0,1366072.0,1,2020-01-24 13:00,274000.0,9.12,0.0,9.12,27.74,0.0,10.04,9.13,10.04,9.49,9.49,9.49,9.49,9.49,9.49,27.74,27.74,27.74
2023-09-29,ISKUR,5.2,2190973.0,11385000.0,1,2023-09-29 12:00,3795000.0,0.0,0.0,0.0,47.3,0.0,5.4,5.4,5.4,10.67,10.67,10.67,21.74,21.74,21.74,47.3,47.3,47.3
2025-11-25,ISSEN,5.22,7768349.0,40582414.0,1,2025-11-25 10:00,8.42,4.28,-7.24,-6.41,4.28,-12.0,-3.92,-9.5,-8.31,-6.89,-10.93,-10.57,-7.01,-12.0,-11.05,-7.96,-9.38,-8.43
2026-03-25,ISSEN,4.13,8579090.0,35402705.0,2,2026-03-25 11:00,8.17,1.35,-5.51,-5.26,1.35,-10.89,-2.08,-7.83,-6.49,-4.77,-10.65,-10.65,-2.57,-10.89,-6.98,-4.77,-7.96,-6.36
2026-05-15,ISSEN,4.74,15184208.0,72039680.0,2,2026-05-15 11:00,9.57,0.0,-1.99,0.0,19.54,-13.69,9.93,4.18,9.93,19.54,-0.42,4.39,7.52,-5.96,-5.96,-5.02,-9.82,-9.82
2026-05-18,ISSEN,5.21,18461136.0,96185376.0,1,2026-05-18 10:00,10.52,0.0,-5.23,0.0,8.75,-21.48,8.75,-9.41,-5.04,-2.19,-14.45,-14.45,-13.88,-21.48,-16.92,-13.59,-20.15,-17.21
2026-05-20,ISSEN,7.72,23118720.0,178487137.0,1,2026-05-20 10:00,10.95,4.47,-12.97,-8.77,4.47,-24.57,-6.03,-17.81,-17.81,-17.26,-24.57,-20.18,-16.99,-21.19,-21.19,-15.07,-20.37,-15.34
2024-07-17,ISYAT,5.51,8956101.0,49326519.0,1,2024-07-17 10:00,11.06,1.27,-5.42,-4.34,1.27,-11.3,-3.16,-7.78,-6.42,-0.9,-6.42,-3.35,-3.16,-8.14,-7.96,-7.59,-11.3,-10.85
2024-10-18,ISYAT,10.26,5083995.0,52150466.0,1,2024-10-18 10:00,8.59,3.26,-2.79,3.26,7.33,-8.38,7.33,-4.66,-3.96,-0.23,-6.87,-4.54,-3.26,-8.38,-7.57,-5.24,-7.33,-5.47
2024-11-11,ISYAT,4.08,26671483.0,108711487.0,3,2024-11-11 12:00,8.79,0.68,-3.75,-3.41,5.23,-5.01,2.39,-5.01,0.11,0.11,-4.44,-3.75,5.23,-4.44,-0.57,2.5,-1.82,-1.02
2025-02-25,ISYAT,4.35,5191401.0,22570072.0,3,2025-02-25 12:00,8.24,0.36,-9.1,-5.34,1.82,-9.1,-4.13,-8.37,-6.92,-1.7,-7.65,-3.16,1.82,-4.85,-3.76,-3.28,-4.98,-4.98
2025-04-09,ISYAT,6.35,20341625.0,129201266.0,2,2025-04-09 11:00,8.78,5.13,-3.99,-1.71,5.13,-12.19,0.23,-5.69,-5.69,-5.47,-10.02,-8.54,-3.19,-8.43,-7.4,-7.63,-12.19,-11.39
2025-05-27,ISYAT,4.05,19934017.0,80648398.0,2,2025-05-27 11:00,7.98,2.26,-2.26,-2.13,2.63,-4.89,-1.13,-4.14,-3.01,2.63,-3.13,-1.88,1.0,-3.76,-3.26,0.0,-3.13,-2.01
2025-12-09,ISYAT,4.81,7067743.0,34025608.0,2,2025-12-09 11:00,8.74,2.06,-7.32,2.06,18.42,-7.32,12.24,2.17,12.24,18.42,3.55,7.09,6.98,0.34,0.46,5.84,1.6,2.17
2025-12-10,ISYAT,6.02,12060263.0,72647573.0,1,2025-12-10 10:00,9.52,3.05,-6.2,3.05,8.72,-8.82,8.72,-4.94,-1.68,-1.79,-7.88,-7.77,-0.11,-8.82,-3.15,-5.46,-8.4,-8.3
2025-12-11,ISYAT,4.2,23152241.0,97176759.0,1,2025-12-11 10:00,10.27,0.78,-11.88,-8.86,0.78,-16.46,-8.96,-14.61,-14.51,-7.4,-15.48,-10.22,-9.93,-13.53,-13.05,-14.51,-16.46,-16.16
2026-01-29,ISYAT,4.81,29333326.0,140998554.0,2,2026-01-29 11:00,9.58,5.85,-4.49,-4.49,5.85,-7.93,1.46,-5.64,-4.49,-4.49,-7.93,-4.8,-2.92,-5.32,-4.49,0.73,-3.86,-2.71
2024-10-04,IZFAS,5.31,68545643.0,364283589.0,2,2024-10-04 11:00,12.0933,8.39,-0.83,-0.83,27.79,-5.34,3.39,-5.34,-3.17,6.5,-2.72,6.5,17.12,8.67,17.12,19.34,12.06,16.95
2025-03-10,IZINV,4.14,1859492.0,7690519.0,2,2025-03-10 11:00,43.68,0.0,0.0,0.0,8.56,-8.42,8.56,-1.79,2.75,-0.87,-6.14,-5.08,-2.7,-8.42,-4.3,-1.79,-5.86,-3.85
2025-03-11,IZINV,5.36,2244946.0,12039353.0,1,2025-03-11 10:00,42.98,10.33,-0.19,4.42,10.33,-6.93,0.74,-4.61,-3.54,-1.12,-6.93,-2.75,0.37,-5.72,-1.58,-1.12,-5.07,-3.21
2024-12-06,IZMDC,4.66,23223225.0,108218900.0,3,2024-12-06 12:00,5.54,2.35,-1.44,-0.54,10.83,-1.44,9.39,2.35,9.21,10.83,2.89,4.69,6.5,1.99,2.35,1.81,-0.36,1.81
2025-09-03,IZMDC,4.44,72346512.0,321106271.0,3,2025-09-03 12:00,7.78,12.85,-4.37,12.85,22.37,-4.37,22.37,11.18,11.7,16.71,8.23,11.18,12.85,1.67,3.6,11.7,0.13,6.04
2025-12-03,IZMDC,4.4,30252232.0,132960348.0,3,2025-12-03 12:00,6.63,0.6,-3.77,0.6,12.52,-3.77,8.45,-1.96,-1.81,7.99,-3.17,7.24,12.52,6.03,7.84,8.75,1.06,3.32
2025-12-04,IZMDC,5.21,36500704.0,190102579.0,3,2025-12-04 12:00,6.87,4.66,-5.39,-5.24,8.59,-6.55,4.22,-6.55,3.49,8.59,2.33,4.08,5.97,2.91,3.35,4.51,-0.58,3.78
2024-09-03,JANTS,4.34,118640558.0,514319257.0,2,2024-09-03 11:00,28.56,2.94,-4.97,-1.96,12.96,-6.51,-1.96,-6.51,-5.18,4.27,-5.46,4.27,12.96,3.29,3.29,9.52,0.98,2.1
2025-03-05,JANTS,4.13,57025661.0,235248442.0,2,2025-03-05 11:00,23.48,0.0,-2.47,0.0,6.81,-2.47,5.54,-2.04,1.45,5.2,0.34,2.39,5.03,1.53,3.92,6.81,2.47,4.34
2025-05-23,JANTS,4.2,53825721.0,225868956.0,3,2025-05-23 12:00,22.2,2.25,-2.25,-1.8,2.25,-10.81,-0.18,-4.05,-4.05,-2.52,-6.76,-6.58,-6.13,-9.1,-8.92,-4.32,-10.81,-9.73
2025-08-14,JANTS,4.13,130344487.0,538253372.0,3,2025-08-14 12:00,25.56,1.1,-1.56,1.1,21.28,-4.54,11.19,5.48,11.19,21.28,5.24,5.24,11.19,-0.63,1.72,-0.31,-4.54,-2.82
2025-08-18,JANTS,5.25,196370864.0,1031925774.0,2,2025-08-18 11:00,29.74,1.28,-9.55,-9.55,1.28,-17.96,-4.44,-14.59,-12.58,-9.08,-16.27,-15.53,-14.32,-17.96,-16.48,-14.32,-16.95,-16.95
2026-01-05,JANTS,4.53,47567246.0,215514003.0,2,2026-01-05 11:00,21.04,2.19,-4.47,-4.47,2.19,-7.08,-0.29,-5.18,-4.66,-3.33,-6.84,-6.51,-4.18,-7.08,-5.94,-3.9,-6.84,-6.65
2024-10-16,KAPLM,4.25,9645799.0,41010108.0,3,2024-10-16 12:00,159.0,3.14,-6.92,-5.66,29.87,-6.92,3.77,-6.67,3.77,14.15,1.76,14.15,24.53,8.99,8.99,29.87,14.59,19.81
2024-10-18,KAPLM,5.06,14300522.0,72333596.0,2,2024-10-18 11:00,175.7,3.3,-2.5,3.3,17.53,-2.56,12.69,-1.37,-1.37,8.48,-2.56,8.48,17.53,3.7,8.42,12.12,0.63,7.85
2025-02-03,KAPLM,5.15,14706556.0,75686465.0,2,2025-02-03 11:00,187.2,4.81,-1.87,1.5,4.81,-6.62,2.78,-2.56,-1.92,-0.64,-5.93,-4.75,-2.24,-6.62,-4.38,0.32,-3.26,-2.88
2026-01-16,KAPLM,4.18,72817655.0,304059826.0,3,2026-01-16 12:00,381.75,3.54,-5.04,-3.14,12.64,-8.25,0.72,-7.01,-4.91,-4.72,-8.25,-5.96,-4.06,-8.25,-5.89,12.64,1.51,11.33
2025-06-26,KAREL,4.01,34543368.0,138411935.0,2,2025-06-26 11:00,8.45,3.2,-3.67,-2.25,7.1,-4.26,1.78,-4.26,-1.07,2.37,-2.49,2.13,7.1,1.18,4.62,5.92,2.37,4.62
2025-01-10,KARTN,4.05,36935899.0,149565614.0,3,2025-01-10 12:00,113.9,0.0,0.0,0.0,7.37,-11.68,1.23,-9.92,-9.92,-0.97,-11.68,-0.97,7.37,-1.93,-1.93,3.16,-3.16,-1.4
2025-01-13,KARTN,4.12,40481733.0,166810300.0,2,2025-01-13 11:00,109.9,4.91,-6.64,-6.64,11.28,-8.46,2.64,-8.46,2.64,11.28,1.64,1.64,8.28,0.64,3.73,6.46,1.73,4.0
2025-01-14,KARTN,4.14,53497163.0,221617651.0,2,2025-01-14 11:00,110.9,1.71,-1.53,1.71,10.28,-1.53,10.28,0.72,0.72,7.3,-0.27,2.8,5.95,-0.54,1.26,3.7,-0.72,0.54
2025-05-16,KARTN,7.03,26302797.0,185036882.0,1,2025-05-16 10:00,94.15,3.51,-3.93,-3.72,3.51,-12.37,-0.16,-6.74,-5.47,-4.62,-9.56,-9.56,-8.39,-10.52,-9.51,-4.62,-12.06,-9.51
2026-01-16,KARTN,4.58,15235540.0,69802004.0,1,2026-01-16 10:00,87.3,3.09,-4.93,-4.35,3.09,-6.93,0.63,-4.58,-4.01,-3.44,-5.96,-5.73,-5.38,-6.93,-6.41,-3.84,-5.9,-5.56
2026-04-06,KARTN,4.34,18788331.0,81520772.0,1,2026-04-06 10:00,72.5,2.41,-2.41,-2.07,2.41,-11.24,-1.38,-8.34,-8.28,-2.07,-6.83,-6.34,-6.76,-10.97,-9.59,-8.55,-11.24,-11.03
2026-04-16,KARTN,4.25,38106430.0,161995201.0,3,2026-04-16 12:00,80.75,1.05,-3.41,-3.22,41.55,-5.51,6.44,-5.51,6.44,17.03,17.03,17.03,28.67,16.66,21.3,41.55,29.41,41.55
2026-04-21,KARTN,5.86,60770762.0,356060462.0,2,2026-04-21 11:00,96.75,5.63,-2.64,1.24,23.51,-2.89,10.59,-2.89,7.6,18.14,8.01,18.14,23.51,9.56,13.49,12.97,0.1,0.31
2025-02-20,KATMR,6.34,60796820.0,385514459.0,1,2025-02-20 10:00,1.6874,2.61,-6.09,-5.65,2.61,-10.43,-3.91,-9.13,-8.26,-6.09,-8.7,-7.83,-7.39,-10.43,-10.43,-7.39,-10.43,-8.7
2025-06-11,KBORU,4.32,77613954.0,335195981.0,1,2025-06-11 10:00,13.68,3.07,-6.07,-3.51,3.07,-17.76,-3.65,-10.53,-9.5,-13.45,-17.76,-13.67,-7.75,-15.5,-11.4,-0.88,-7.89,-6.51
2023-08-11,KENT,4.22,2622766.0,11055753.0,1,2023-08-11 12:00,182.4305,0.0,0.0,0.0,46.29,0.0,9.98,9.98,9.98,20.95,20.95,20.95,33.02,33.02,33.02,46.29,46.29,46.29
2023-08-17,KENT,4.27,4076879.0,17408098.0,3,2023-08-17 17:00,266.8755,0.0,0.0,0.0,46.39,0.0,0.0,0.0,0.0,10.0,9.85,10.0,20.99,20.99,20.99,46.39,46.39,46.39
2023-08-18,KENT,4.21,4887457.0,20564340.0,3,2023-08-18 17:00,266.8755,0.0,0.0,0.0,46.39,0.0,10.0,9.85,10.0,20.99,20.99,20.99,33.09,33.09,33.09,31.77,31.77,31.77
2023-10-25,KENT,4.32,5096112.0,22023000.0,3,2023-10-25 18:00,366.8621,0.0,0.0,0.0,46.4,0.0,10.0,7.27,10.0,21.0,21.0,21.0,33.09,33.09,33.09,19.78,18.51,18.51
2024-12-13,KENT,4.73,4221986.0,19952060.0,3,2024-12-13 17:00,745.0636,0.0,-2.06,-2.06,10.12,-5.73,-2.06,-2.42,-2.42,7.34,7.34,7.34,10.12,5.64,5.64,-0.72,-5.73,-5.73
2026-02-04,KENT,4.79,4456755.0,21351552.0,3,2026-02-04 17:00,624.9996,0.05,0.0,0.05,7.2,-10.96,-0.88,-4.8,-4.8,-5.6,-10.96,-10.96,-2.08,-6.32,-2.08,4.8,-2.16,-2.16
2022-10-21,KERVN,4.53,618694.0,2801301.0,3,2022-10-21 17:00,0.6,0.0,0.0,0.0,20.0,-3.33,10.0,10.0,10.0,20.0,20.0,20.0,13.33,8.33,8.33,1.67,-3.33,1.67
2022-10-25,KERVN,5.54,853604.0,4727796.0,3,2022-10-25 17:00,0.72,0.0,0.0,0.0,0.0,-19.44,-5.56,-9.72,-9.72,-13.89,-18.06,-18.06,-15.28,-19.44,-15.28,0.0,-4.17,0.0
2023-06-12,KERVN,5.94,744658.0,4422972.0,1,2023-06-12 12:00,0.91,0.0,0.0,0.0,0.0,-13.19,-2.2,-8.79,-7.69,-9.89,-12.09,-12.09,-10.99,-12.09,-10.99,-8.79,-13.19,-13.19
2024-02-14,KERVN,4.08,1173030.0,4785803.0,3,2024-02-14 17:00,1.17,0.0,0.0,0.0,44.44,0.0,9.4,8.55,9.4,19.66,19.66,19.66,31.62,31.62,31.62,44.44,30.77,30.77
2024-02-16,KERVN,4.09,1517459.0,6210361.0,3,2024-02-16 17:00,1.4,0.0,0.0,0.0,20.71,0.0,10.0,10.0,10.0,20.71,20.71,20.71,20.71,9.29,9.29,20.0,10.0,20.0
2024-02-19,KERVN,4.52,1804679.0,8164578.0,1,2024-02-19 12:00,1.54,0.0,0.0,0.0,16.88,-6.49,9.74,9.74,9.74,9.74,-0.65,-0.65,-0.65,-6.49,-0.65,16.88,14.94,16.88
2024-02-20,KERVN,4.82,2217893.0,10686747.0,2,2024-02-20 13:00,1.69,0.0,0.0,0.0,17.16,-14.79,0.0,-9.47,-9.47,-9.47,-14.79,-9.47,-0.59,-8.88,-0.59,17.16,12.43,17.16
2024-06-25,KERVN,4.03,1621246.0,6535261.0,3,2024-06-25 17:00,2.06,0.0,0.0,0.0,19.42,-5.83,0.0,-5.83,-2.43,4.37,-1.94,4.37,14.56,9.22,14.56,19.42,2.91,19.42
2024-09-16,KERVN,4.57,995672.0,4552568.0,3,2024-09-16 17:00,2.08,0.0,-0.96,-0.96,0.0,-6.73,-1.44,-4.33,-4.33,-4.33,-6.25,-6.25,-3.37,-6.25,-3.37,0.0,-6.73,0.0
2024-11-08,KERVN,4.18,1288025.0,5377873.0,3,2024-11-08 17:00,2.22,0.0,0.0,0.0,20.72,-7.21,9.91,4.5,9.91,20.72,13.51,13.51,2.25,2.25,2.25,-1.35,-1.35,-1.35
2024-11-11,KERVN,4.22,1533749.0,6473886.0,1,2024-11-11 12:00,2.44,0.0,0.0,0.0,9.84,-17.62,9.84,3.28,3.28,-6.97,-6.97,-6.97,2.05,-15.57,-0.41,-10.25,-17.62,-12.7
2024-11-12,KERVN,4.45,2024853.0,9012961.0,3,2024-11-12 17:00,2.59,0.0,-2.7,-2.7,0.0,-22.39,-12.36,-12.36,-12.36,-3.86,-20.46,-6.18,-15.44,-15.44,-15.44,-20.85,-22.39,-22.39
2025-03-14,KERVN,4.6,1242786.0,5716338.0,1,2025-03-14 12:00,2.56,0.0,-0.78,-0.78,0.0,-20.31,-0.78,-10.55,-10.16,-10.94,-11.72,-11.72,-17.58,-20.31,-20.31,-16.41,-19.53,-19.53
2025-08-05,KERVN,5.57,1936087.0,10786048.0,3,2025-08-05 17:00,2.67,0.0,0.0,0.0,0.0,-10.11,-3.0,-9.74,-9.74,-6.74,-10.11,-6.74,-4.49,-8.99,-8.99,-0.37,-4.49,-0.37
2026-02-17,KERVN,4.28,1671748.0,7159885.0,3,2026-02-17 17:00,2.74,0.0,-2.92,-2.92,0.0,-21.17,-6.93,-11.31,-11.31,-7.3,-15.33,-13.14,-10.58,-10.58,-10.58,-12.77,-21.17,-17.88
2026-05-11,KERVN,6.34,4044170.0,25635800.0,2,2026-05-11 13:00,5.1,0.0,-1.96,-1.96,9.22,-9.8,-6.08,-9.8,-9.41,-7.84,-9.41,-7.84,0.0,-6.86,0.0,9.22,-6.86,2.16
2025-03-13,KFEIN,4.04,43890042.0,177466045.0,2,2025-03-13 11:00,12.06,3.65,-3.07,-1.16,4.89,-9.87,2.65,-3.32,-0.58,4.89,-1.66,2.49,3.32,-0.91,1.24,-3.48,-9.87,-7.13
2025-08-04,KFEIN,4.24,55001242.0,233010784.0,3,2025-08-04 12:00,11.4,3.07,-2.19,-1.93,4.39,-5.09,-1.05,-4.39,-3.86,4.39,-5.09,-0.26,1.05,-1.4,-1.05,-1.93,-3.95,-3.95
2026-05-20,KFEIN,4.24,55361616.0,234467138.0,1,2026-05-20 10:00,11.15,0.0,-14.35,-13.45,0.36,-27.35,-9.51,-22.06,-22.06,-16.32,-27.35,-16.32,-12.29,-16.77,-14.53,0.36,-3.95,0.36
2025-05-14,KGYO,6.35,19509031.0,123965889.0,3,2025-05-14 12:00,3.77,3.71,-1.33,3.71,6.9,-5.04,6.9,-3.98,-1.59,1.86,-4.24,-2.12,-0.53,-4.51,-3.71,-1.33,-5.04,-3.45
2024-09-24,KIMMR,5.63,13695444.0,77047433.0,1,2024-09-24 10:00,10.62,3.11,-2.73,3.11,9.23,-5.08,5.65,-1.04,1.32,9.23,0.85,6.21,7.91,3.58,3.95,3.86,-5.08,-3.3
2025-01-13,KIMMR,4.74,24717004.0,117209287.0,1,2025-01-13 10:00,11.02,3.81,-5.35,-5.08,3.81,-5.35,-0.27,-4.9,-2.45,-0.64,-4.26,-0.91,2.18,-1.63,0.27,2.45,0.27,1.45
2026-03-04,KIMMR,4.37,20336412.0,88872335.0,1,2026-03-04 10:00,17.28,0.93,-7.0,-6.83,1.85,-11.57,-3.7,-7.52,-7.23,-5.79,-11.34,-10.01,-4.63,-11.57,-5.67,1.85,-2.37,-0.75
2024-08-12,KLGYO,4.01,71083175.0,284975686.0,3,2024-08-12 12:00,4.74,2.32,-3.59,-2.95,2.32,-5.91,-2.32,-5.91,-4.64,-0.42,-3.8,-3.59,-2.53,-5.49,-4.22,-4.22,-5.7,-5.06
2025-01-10,KLGYO,4.03,43389471.0,174836186.0,3,2025-01-10 12:00,5.4,2.41,-2.41,-1.48,2.41,-6.67,-0.19,-6.67,-6.11,0.74,-5.56,-0.56,1.85,-4.26,-3.15,-0.93,-4.44,-2.41
2026-01-09,KLGYO,4.58,68176634.0,312500889.0,1,2026-01-09 10:00,7.28,3.71,-5.08,3.71,14.01,-5.49,14.01,5.36,8.93,9.62,-1.92,-1.92,1.79,-4.53,-4.26,12.77,1.65,6.18
2025-06-18,KLMSN,4.45,20143963.0,89707901.0,1,2025-06-18 10:00,24.34,8.96,-4.68,-4.68,8.96,-9.7,-3.62,-9.04,-9.04,-6.82,-9.53,-8.13,-6.82,-9.7,-8.71,-4.6,-6.66,-6.41
2025-09-25,KLMSN,4.48,53935468.0,241578282.0,2,2025-09-25 11:00,47.92,3.63,-4.17,0.17,3.63,-15.86,2.5,-2.09,-0.38,0.0,-10.31,-10.31,-7.89,-14.82,-11.98,-9.64,-14.36,-13.9
2026-02-27,KLMSN,4.75,59481875.0,282332588.0,2,2026-02-27 11:00,35.8,1.96,-6.42,-6.42,1.96,-20.56,-11.45,-15.75,-15.14,-11.96,-19.94,-19.94,-11.96,-20.56,-11.96,-2.18,-12.29,-11.73
2026-04-13,KLMSN,4.44,54785035.0,243174966.0,3,2026-04-13 12:00,34.22,7.77,-0.64,7.54,15.43,-0.64,15.43,8.12,10.17,11.92,4.91,5.44,6.37,0.99,1.87,6.2,1.17,1.99
2026-04-14,KLMSN,4.19,73951475.0,309916496.0,3,2026-04-14 12:00,38.9,1.54,-3.34,-3.08,1.54,-12.6,-1.54,-7.71,-7.25,-6.43,-11.16,-10.39,-7.25,-12.6,-8.64,-8.89,-11.98,-11.83
2022-08-24,KLNMA,4.97,769869.0,3826774.0,1,2022-08-24 12:00,4.1666,0.0,0.0,0.0,10.07,-6.82,9.96,9.96,9.96,10.07,-1.01,1.92,2.29,-6.23,-6.23,-6.18,-6.82,-6.82
2022-08-26,KLNMA,4.49,1134040.0,5091738.0,3,2022-08-26 17:00,4.1245,2.96,0.0,2.96,3.34,-8.02,3.34,-5.27,-5.27,-5.22,-5.27,-5.22,-5.22,-5.87,-5.87,2.37,-5.49,2.37
2023-08-18,KLNMA,4.9,1935524.0,9482607.0,3,2023-08-18 17:00,5.0678,0.16,0.0,0.16,19.01,-2.81,10.04,-2.81,9.83,19.01,18.9,18.9,18.79,12.63,12.63,8.64,7.99,8.53
2023-10-13,KLNMA,4.3,4997544.0,21505365.0,3,2023-10-13 17:00,10.2669,1.17,0.0,1.17,19.67,-5.01,9.12,6.88,9.12,19.67,17.27,19.67,19.67,8.58,8.58,2.29,-5.01,-5.01
2023-10-17,KLNMA,4.02,6455163.0,25940420.0,2,2023-10-17 13:00,12.04,2.05,0.0,2.05,2.05,-19.0,2.05,-7.41,-7.41,-10.0,-15.91,-10.05,-12.77,-19.0,-19.0,-2.0,-2.0,-2.0
2024-08-29,KLNMA,4.08,2582626.0,10549603.0,2,2024-08-29 13:00,10.5018,0.0,-2.22,-2.22,0.0,-11.33,-2.22,-2.72,-2.72,-2.78,-5.0,-5.0,-3.61,-4.44,-4.44,-8.33,-11.33,-11.33
2025-07-17,KLNMA,6.5,1962381.0,12752298.0,1,2025-07-17 12:00,8.99,0.0,-3.89,-3.23,17.02,-3.89,-3.23,-3.23,-3.23,6.45,-3.0,6.45,17.02,11.23,16.24,5.67,4.67,5.67
2025-07-22,KLNMA,4.97,3091910.0,15356802.0,3,2025-07-22 17:00,10.52,0.0,-0.67,-0.67,2.09,-10.55,-4.94,-10.55,-10.55,-9.7,-10.55,-9.7,-0.76,-4.94,-0.86,2.09,-2.09,2.09
2025-10-10,KLNMA,4.16,4878367.0,20311153.0,2,2025-10-10 13:00,15.75,0.0,0.0,0.0,0.0,-17.65,0.0,-4.38,-4.38,-4.38,-9.59,-9.59,-9.59,-9.84,-9.84,-13.33,-17.65,-17.65
2024-07-04,KLRHO,5.44,18627405.0,101275138.0,3,2024-07-04 12:00,32.32,4.58,-0.99,0.5,11.39,-0.99,2.66,-0.99,0.56,4.64,-0.37,4.64,11.39,1.92,5.2,7.36,2.78,5.75
2024-09-18,KLRHO,4.0,10458074.0,41883938.0,3,2024-09-18 12:00,31.08,2.25,-1.29,-0.64,2.25,-8.11,1.09,-4.12,-1.03,-0.9,-7.27,-7.27,-4.76,-7.34,-6.24,-6.05,-8.11,-7.85
2025-09-12,KLRHO,93.81,69664362.0,6535284788.0,0,2025-09-12 09:00,67.0,4.63,-5.3,4.63,68.21,-5.3,15.07,8.21,15.07,26.57,26.57,26.57,39.18,34.18,39.18,68.21,47.46,68.21
2024-07-09,KLSER,4.42,106266066.0,470197138.0,2,2024-07-09 11:00,51.15,4.79,-1.17,1.66,12.41,-5.14,2.25,-5.14,-4.87,4.59,-4.91,4.59,12.41,1.66,1.96,8.99,4.01,4.59
2024-11-22,KLSER,4.29,51810780.0,222451069.0,3,2024-11-22 12:00,37.3,1.34,-4.08,-3.06,1.34,-9.97,-0.32,-5.31,-5.31,-3.22,-7.67,-6.6,-5.74,-8.04,-7.94,-8.04,-9.38,-9.22
2025-07-31,KLSER,4.13,66685083.0,275376953.0,1,2025-07-31 10:00,36.14,2.27,-4.15,-3.71,2.27,-8.25,-1.05,-5.92,-3.38,-2.6,-5.37,-4.1,-2.1,-6.42,-6.25,-5.64,-8.25,-7.97
2026-05-07,KLSER,6.94,40055790.0,277985900.0,1,2026-05-07 10:00,29.86,5.36,-1.88,-1.74,5.36,-4.69,-0.6,-4.42,-2.21,-1.74,-3.42,-3.28,1.94,-3.95,-1.0,-2.41,-4.69,-4.55
2025-02-18,KLSYN,4.45,16363207.0,72807009.0,1,2025-02-18 10:00,5.93,3.54,-3.2,-1.52,3.54,-5.23,2.02,-2.7,-2.36,-1.69,-5.06,-3.54,2.87,-3.88,0.0,-1.52,-5.23,-3.88
2026-01-07,KLSYN,8.08,39877681.0,322147801.0,3,2026-01-07 12:00,7.87,0.0,-4.45,0.0,7.75,-10.8,7.75,-4.83,-1.52,1.91,-1.52,1.65,2.16,-8.01,-6.48,6.73,-7.37,-7.37
2026-05-11,KLSYN,4.74,66064103.0,313409481.0,3,2026-05-11 12:00,12.0,1.25,-5.92,-3.08,1.25,-12.17,-2.33,-8.33,-5.75,-4.17,-7.58,-5.58,-3.33,-9.75,-9.75,-7.58,-11.75,-11.5
2026-02-05,KLYPV,5.23,132142618.0,690800524.0,1,2026-02-05 10:00,72.45,3.38,-5.8,-4.83,3.38,-10.97,-4.9,-10.35,-8.9,-7.59,-10.97,-10.84,-3.52,-10.97,-9.45,-4.62,-7.73,-6.63
2025-11-04,KMPUR,4.16,34623733.0,144079682.0,1,2025-11-04 10:00,19.86,1.11,-4.33,-3.37,1.11,-17.88,-0.86,-6.14,-4.93,-3.52,-7.35,-5.79,-5.34,-9.32,-9.16,-11.43,-17.88,-17.32
2026-06-02,KNFRT,4.08,52439486.0,214041615.0,2,2026-06-02 11:00,14.63,0.0,-9.09,0.0,19.89,-9.09,9.98,2.8,9.98,19.89,7.86,11.28,17.5,0.21,3.01,,,
2026-06-04,KNFRT,4.15,68568872.0,284857786.0,1,2026-06-04 10:00,16.63,5.47,-5.11,-2.1,5.47,-12.33,3.37,-11.85,-9.38,-6.19,-12.33,-11.79,,,,,,
2025-05-09,KONKA,4.09,25630605.0,104928671.0,1,2025-05-09 10:00,12.76,1.83,-7.89,-7.89,1.83,-13.27,-6.48,-10.19,-9.14,-9.09,-11.91,-11.02,-10.76,-12.23,-11.81,-11.6,-13.27,-12.9
2025-07-08,KONKA,4.16,11658136.0,48544756.0,2,2025-07-08 11:00,11.64,0.0,-8.02,-6.3,0.0,-8.02,-2.98,-7.16,-5.38,-4.3,-5.5,-5.21,-3.38,-6.19,-5.27,-2.75,-6.59,-4.93
2024-11-22,KOPOL,4.04,71253767.0,287884498.0,3,2024-11-22 12:00,5.83,4.35,-2.8,-2.06,4.35,-7.6,-0.46,-3.37,-1.94,-1.37,-5.72,-5.66,-3.95,-6.52,-6.52,-3.89,-7.6,-4.57
2026-03-17,KOPOL,4.59,85231417.0,391400820.0,3,2026-03-17 12:00,6.84,1.02,-9.65,-8.33,1.02,-17.84,-6.87,-12.72,-12.28,-12.28,-13.74,-13.74,-13.74,-17.4,-15.2,-14.77,-17.4,-17.4
2025-09-15,KORDS,4.69,59269666.0,278267096.0,1,2025-09-15 10:00,56.25,9.07,0.0,6.67,20.8,0.0,14.93,5.69,14.58,20.71,14.76,18.04,20.8,14.58,14.58,19.73,15.2,15.91
2024-08-01,KOTON,5.08,137099797.0,696322543.0,3,2024-08-01 12:00,23.66,0.17,-1.61,0.17,6.85,-10.48,6.85,-1.78,-1.18,-2.79,-10.48,-9.55,-2.62,-8.2,-6.34,-6.26,-7.78,-7.44
2024-09-10,KRDMA,4.05,45824692.0,185704540.0,3,2024-09-10 12:00,17.62,1.99,-4.82,-4.65,1.99,-9.08,-4.37,-7.49,-7.04,-4.94,-9.08,-6.98,-2.67,-7.43,-2.72,-1.53,-3.69,-2.21
2024-09-10,KRDMB,4.92,20110408.0,98948825.0,3,2024-09-10 12:00,17.28,1.45,-5.09,-5.09,1.45,-10.19,-4.57,-9.14,-8.39,-6.83,-10.19,-7.64,-3.88,-8.28,-3.94,-3.24,-5.15,-3.76
2025-06-23,KRDMB,6.27,44779442.0,280636555.0,1,2025-06-23 10:00,27.6,5.22,-8.62,-7.61,5.22,-12.54,1.38,-8.41,-8.41,-4.78,-9.64,-9.64,-7.32,-12.17,-10.43,-8.84,-12.54,-9.28
2026-01-08,KRDMB,4.4,17717178.0,78034246.0,1,2026-01-08 10:00,25.24,1.27,-7.53,-0.95,8.56,-7.53,1.51,-1.03,0.24,2.77,-0.08,1.35,6.97,0.79,4.83,8.56,4.99,8.56
2026-03-16,KRDMB,4.12,116860599.0,481172708.0,2,2026-03-16 11:00,48.34,2.44,-2.44,1.53,17.5,-2.44,7.57,1.78,7.26,17.5,5.5,6.64,6.64,-0.12,3.43,9.64,4.47,8.09
2024-12-03,KRGYO,4.63,40417064.0,187311972.0,2,2024-12-03 11:00,4.0116,0.53,-1.72,-0.25,10.1,-5.78,0.49,-4.71,-3.73,1.97,-5.78,-1.47,8.25,-4.22,6.0,8.56,0.53,2.42
2025-01-29,KRONT,4.71,20809257.0,98108216.0,3,2025-01-29 12:00,13.4273,0.47,-6.24,-5.61,0.47,-15.72,-2.61,-9.4,-8.37,-8.06,-11.53,-11.37,-9.32,-14.06,-9.32,-11.53,-15.72,-14.77
2025-04-14,KRONT,5.34,12022577.0,64158596.0,2,2025-04-14 11:00,8.697,1.83,-3.41,1.83,9.09,-7.99,9.09,1.22,1.22,0.12,-5.79,-4.88,-0.91,-6.59,-4.39,0.91,-7.99,-5.24
2025-05-14,KRPLS,4.21,8970555.0,37734525.0,2,2025-05-14 11:00,7.0,2.43,-0.57,-0.57,2.43,-4.57,0.86,-2.57,-1.86,-1.14,-4.14,-3.14,-1.57,-3.14,-2.86,-1.86,-4.57,-4.14
2025-07-18,KRPLS,4.08,16956131.0,69251282.0,1,2025-07-18 10:00,7.88,7.61,-3.55,-3.43,7.61,-4.7,-2.16,-3.93,-3.3,-2.54,-3.93,-3.68,-2.92,-4.7,-4.19,-3.43,-4.7,-4.44
2025-09-25,KRPLS,4.58,25127943.0,115138276.0,2,2025-09-25 11:00,10.06,4.67,-6.86,-2.58,4.67,-15.9,-1.59,-8.35,-8.35,-5.86,-13.92,-13.92,-12.62,-15.9,-15.11,-8.05,-12.52,-11.93
2026-01-15,KRPLS,4.83,20378099.0,98383853.0,3,2026-01-15 12:00,9.34,5.67,-1.5,3.85,18.74,-4.82,12.53,1.71,12.42,18.74,4.18,7.07,8.99,-3.21,-1.18,-0.96,-4.07,-2.78
2024-10-01,KRSTL,6.8,33935769.0,230622515.0,1,2024-10-01 10:00,6.24,4.33,-5.61,4.33,9.78,-13.14,9.78,-6.09,-6.09,-1.12,-9.94,-8.97,-8.17,-13.14,-11.06,4.33,-2.24,-1.76
2025-03-13,KRSTL,9.92,19173849.0,190229958.0,1,2025-03-13 10:00,6.66,3.3,-3.6,-3.3,5.71,-12.31,-0.6,-4.05,-3.9,5.71,-5.41,4.2,5.41,-1.35,-1.35,-8.11,-12.31,-9.01
2026-05-07,KRSTL,4.17,85017546.0,354578574.0,2,2026-05-07 11:00,10.39,0.96,-1.15,0.96,11.65,-1.15,5.87,0.1,2.41,8.76,2.21,5.1,11.65,4.33,10.3,9.24,5.77,7.41
2025-04-22,KRTEK,6.58,22563431.0,148381230.0,1,2025-04-22 10:00,32.2,3.91,-10.0,-9.32,3.91,-18.7,-6.77,-13.48,-10.0,-5.78,-11.3,-6.83,-3.73,-13.6,-13.6,-10.87,-18.63,-18.26
2025-07-08,KRTEK,4.49,8875890.0,39812123.0,3,2025-07-08 12:00,23.04,4.17,-0.17,1.56,5.47,-0.17,5.47,1.56,3.56,4.77,3.04,3.73,4.51,0.43,2.0,3.73,-0.09,1.13
2025-11-03,KRTEK,5.05,34286083.0,173271562.0,3,2025-11-03 12:00,35.02,4.74,-4.8,-4.8,4.74,-19.47,-8.05,-14.28,-14.28,-12.16,-19.47,-13.42,-11.59,-16.05,-14.33,-11.48,-16.62,-16.16
2022-12-01,KSTUR,4.81,754132.0,3625427.0,3,2022-12-01 17:00,368.7,0.0,0.0,0.0,3.61,-14.29,0.0,-9.98,-9.98,-9.98,-14.29,-14.18,-5.61,-10.5,-5.61,-7.78,-9.14,-9.14
2023-07-11,KSTUR,4.98,429313.0,2137078.0,0,2023-07-11 09:00,423.1,0.0,0.0,0.0,8.48,-10.0,8.48,-10.0,-8.23,0.95,-8.23,0.95,0.69,-5.46,-3.4,4.77,-8.86,4.77
2023-07-12,KSTUR,5.63,578684.0,3256605.0,0,2023-07-12 09:00,459.0,0.0,-17.04,-15.4,0.0,-17.04,-6.95,-15.4,-6.95,-7.19,-12.85,-10.96,-11.68,-12.2,-12.2,-3.18,-6.75,-6.36
2023-10-19,KSTUR,4.08,3436927.0,14020240.0,3,2023-10-19 17:00,1384.0,0.0,0.0,0.0,35.4,-7.51,0.14,-7.51,-7.51,1.73,1.73,1.73,11.91,10.55,11.91,35.4,23.92,35.4
2024-05-31,KSTUR,7.12,10386130.0,73941645.0,3,2024-05-31 17:00,8310.0,0.0,0.0,0.0,5.9,-12.88,5.9,4.69,4.69,4.45,-0.15,-0.15,-3.73,-10.11,-6.59,-6.74,-12.88,-9.99
2026-01-06,KSTUR,4.07,1824357.0,7418400.0,2,2026-01-06 13:00,3410.0,0.0,0.0,0.0,12.61,-2.13,5.65,4.18,5.65,7.26,-1.76,-1.76,-2.05,-2.13,-2.05,12.61,11.44,12.61
2026-01-07,KSTUR,5.04,2204943.0,11107555.0,3,2026-01-07 17:00,3577.5,0.7,0.0,0.7,7.34,-6.71,2.24,-6.36,-6.36,-6.64,-6.71,-6.64,-2.38,-6.64,-2.38,6.85,-0.91,6.85
2024-08-05,KTSKR,4.36,29646753.0,129232140.0,2,2024-08-05 11:00,73.3,9.07,-6.68,-6.68,9.07,-6.96,1.09,-6.14,-2.73,0.95,-5.05,-1.77,1.84,-3.41,-2.39,-2.46,-6.96,-6.68
2026-04-15,KTSKR,4.36,143778957.0,626941659.0,2,2026-04-15 11:00,115.2,14.15,-0.61,4.08,31.08,-1.91,10.5,0.26,1.39,11.46,-1.91,11.46,22.57,15.45,22.57,30.3,14.5,16.84
2024-11-12,KUTPO,6.07,12763457.0,77493267.0,2,2024-11-12 11:00,72.25,0.0,-3.11,0.0,9.97,-3.94,9.97,-0.83,-0.14,3.6,-0.9,0.21,6.51,-0.28,2.63,1.04,-3.94,-2.91
2024-11-13,KUTPO,7.07,16217027.0,114576690.0,1,2024-11-13 10:00,78.5,1.21,-8.73,-8.09,1.21,-12.55,-4.65,-8.79,-7.77,-1.97,-8.22,-5.54,-4.59,-8.6,-8.6,-7.96,-12.55,-12.55
2022-10-31,KUVVA,10.75,1414530.0,15207608.0,1,2022-10-31 12:00,41.0,0.0,-2.44,-2.44,0.0,-9.07,-0.1,-2.68,-2.68,-3.66,-9.07,-4.88,-2.44,-3.66,-3.66,-7.32,-8.54,-7.32
2022-12-08,KUVVA,4.02,1352324.0,5441492.0,3,2022-12-08 17:00,40.5,0.0,0.0,0.0,22.12,-1.23,4.25,-1.23,4.25,8.64,6.17,6.17,8.64,8.54,8.64,22.12,16.05,22.07
2023-05-24,KUVVA,4.01,897737.0,3604031.0,3,2023-05-24 17:00,33.5,0.0,0.0,0.0,8.96,-0.3,2.87,1.43,1.49,4.18,2.99,2.99,6.87,-0.3,5.67,8.96,5.97,5.97
2023-08-24,KUVVA,4.38,1728954.0,7566990.0,3,2023-08-24 17:00,47.74,0.0,0.0,0.0,3.77,-5.74,0.08,-5.74,-5.66,3.77,3.77,3.77,2.93,2.47,2.47,2.64,2.43,2.64
2023-09-21,KUVVA,4.44,4361516.0,19371133.0,3,2023-09-21 17:00,54.7,0.0,0.0,0.0,45.98,-4.02,4.2,-4.02,4.2,9.69,-2.19,9.69,20.66,18.83,20.66,45.98,37.11,45.89
2023-09-25,KUVVA,4.36,5970481.0,26031938.0,2,2023-09-25 13:00,53.5,12.15,0.0,12.15,51.4,0.0,23.36,21.5,23.36,35.7,25.23,35.7,49.25,40.19,49.16,45.42,33.27,33.27
2024-04-01,KUVVA,4.12,2188407.0,9009688.0,1,2024-04-01 12:00,42.46,0.33,0.0,0.33,2.21,-5.79,2.21,-1.22,-1.22,-2.5,-5.79,-5.79,-4.15,-5.42,-5.42,-0.8,-1.79,-0.8
2024-07-05,KUVVA,4.73,2580291.0,12204512.0,3,2024-07-05 17:00,55.0,0.0,-0.91,-0.91,0.0,-6.36,-1.82,-5.45,-5.45,-5.45,-6.36,-6.36,-3.45,-5.73,-5.73,-1.91,-3.64,-2.73
2024-10-23,KUVVA,4.09,1943073.0,7946971.0,3,2024-10-23 17:00,42.06,0.0,0.0,0.0,2.14,-0.14,2.14,-0.14,2.14,0.81,0.81,0.81,1.05,0.81,0.81,-0.14,-0.14,-0.14
2024-11-25,KUVVA,5.44,2243892.0,12210225.0,3,2024-11-25 17:00,54.4,0.0,0.0,0.0,10.29,0.0,5.7,1.1,5.7,8.46,7.54,8.0,8.46,1.1,1.1,10.29,8.27,8.27
2024-12-03,KUVVA,14.57,4461719.0,65008984.0,3,2024-12-03 17:00,58.0,0.0,0.0,0.0,9.48,0.0,3.45,0.86,3.36,4.31,1.72,1.72,9.48,1.72,8.62,8.62,7.76,7.76
2025-04-14,KUVVA,6.26,4380108.0,27420516.0,3,2025-04-14 17:00,57.0,0.0,-1.84,-1.84,4.21,-5.26,-0.09,-0.88,-0.09,0.61,-5.26,-4.39,-3.51,-5.09,-3.51,4.21,-4.39,4.21
2025-04-21,KUVVA,5.13,6403253.0,32847392.0,2,2025-04-21 13:00,55.0,8.0,0.0,8.0,42.09,0.0,18.73,18.73,18.73,21.73,11.45,21.73,29.09,27.18,29.09,42.09,38.18,41.82
2025-11-06,KUVVA,4.24,14836010.0,62920480.0,2,2025-11-06 13:00,140.0,5.0,0.0,5.0,21.43,0.0,7.14,5.0,6.93,10.71,5.0,10.71,21.43,16.43,16.5,21.43,16.43,16.43
2025-11-07,KUVVA,4.23,16362190.0,69193047.0,0,2025-11-07 09:00,147.0,2.04,0.0,1.84,15.65,0.0,5.44,0.0,5.44,15.65,10.88,10.95,15.58,14.97,14.97,12.24,12.18,12.24
2026-03-05,KUVVA,12.54,4592877.0,57586199.0,1,2026-03-05 10:00,121.0,0.0,-2.73,0.0,13.97,-2.73,10.0,1.65,10.0,7.44,-0.99,1.65,3.47,-1.82,0.83,13.97,3.72,11.74
2026-03-06,KUVVA,4.5,7180966.0,32303441.0,1,2026-03-06 10:00,129.4,2.86,-4.95,2.86,6.57,-8.19,0.46,-7.42,-4.95,-3.25,-8.19,-5.72,1.24,-6.41,0.77,4.33,0.08,0.46
2025-03-17,KUYAS,4.15,234159309.0,971580556.0,3,2025-03-17 12:00,38.08,0.74,-1.79,0.74,9.77,-7.3,5.2,0.95,4.73,7.98,-5.2,3.89,4.67,-6.46,-6.46,9.77,2.15,6.62
2025-03-13,KZBGY,4.29,54716962.0,234610307.0,2,2025-03-13 11:00,1.905,0.0,-4.57,-2.99,10.87,-7.87,0.0,-4.25,-2.68,6.93,-1.42,2.36,10.87,-1.1,5.83,-0.79,-7.87,-5.51
2025-02-20,LIDFA,4.39,22576948.0,99216236.0,1,2025-02-20 10:00,1.5846,3.88,-3.24,1.94,5.5,-3.24,5.5,-1.62,0.0,2.27,-0.32,0.32,0.32,-1.94,-0.97,3.24,-1.94,0.32
2026-04-27,LIDFA,4.89,43021604.0,210338685.0,2,2026-04-27 11:00,3.32,2.71,-3.92,0.9,3.61,-3.92,3.01,-1.2,-1.2,1.51,-1.81,0.3,1.2,-2.11,0.0,3.61,0.3,0.6
2024-08-02,LILAK,4.54,161862865.0,734443670.0,1,2024-08-02 10:00,30.88,3.63,-4.47,-2.27,3.63,-11.33,-1.88,-11.33,-9.84,-0.84,-8.68,-4.08,-1.3,-6.87,-5.89,0.45,-4.08,-3.89
2025-06-24,LILAK,46.25,81185872.0,3755010629.0,1,2025-06-24 10:00,22.44,5.7,-0.8,2.23,11.76,-0.8,11.68,2.67,6.06,8.73,5.08,5.79,10.43,5.88,9.8,3.65,-0.36,0.8
2025-12-16,LILAK,4.1,92938550.0,381276960.0,3,2025-12-16 12:00,29.18,0.62,-1.85,-1.64,3.84,-4.46,2.81,-4.46,-4.32,-1.78,-4.39,-2.67,3.84,-3.91,3.15,0.34,-3.02,-2.06
2026-03-27,LILAK,4.54,189540277.0,859900257.0,3,2026-03-27 12:00,39.04,0.87,-5.89,-3.18,1.18,-7.84,0.31,-6.81,-6.25,1.18,-6.92,-3.89,-2.25,-6.2,-6.2,-2.36,-5.79,-5.58
2025-09-25,LINK,4.91,84474298.0,414760082.0,2,2025-09-25 11:00,11.4877,1.22,-1.65,-1.65,1.22,-30.31,-4.46,-11.46,-11.46,-12.42,-20.28,-20.28,-20.91,-28.24,-27.34,-20.17,-27.23,-20.17
2025-09-26,LINK,4.73,113687169.0,537701562.0,2,2025-09-26 11:00,10.3231,2.36,-1.48,-1.48,2.36,-22.45,-2.54,-11.28,-11.28,-11.99,-20.14,-19.14,-14.18,-22.45,-19.2,-8.98,-19.2,-16.66
2026-05-05,LINK,4.68,168153001.0,786904171.0,1,2026-05-05 10:00,6.23,4.33,-3.53,-3.53,9.63,-3.69,1.44,-3.37,-1.61,2.73,-3.69,1.44,3.53,-0.8,1.12,6.74,2.89,5.14
2025-12-04,LKMNH,4.05,17385523.0,70372755.0,3,2025-12-04 12:00,14.79,1.56,-1.28,-0.47,9.53,-1.42,0.2,-1.42,0.2,2.1,0.27,1.69,7.64,1.69,7.51,9.53,6.83,9.13
2026-03-25,LKMNH,4.23,20438298.0,86400506.0,2,2026-03-25 11:00,15.52,0.39,-1.1,-0.77,0.39,-4.32,0.13,-1.61,-1.03,-0.52,-2.38,-2.26,-2.26,-4.06,-3.8,-0.77,-3.09,-2.45
2025-02-05,LRSHO,5.34,20093695.0,107378828.0,1,2025-02-05 10:00,2.07,3.86,-2.9,-1.93,9.66,-3.38,0.48,-3.38,-2.42,6.28,-1.93,4.35,9.66,3.86,6.76,6.28,2.9,2.9
2025-04-30,LRSHO,6.49,67651142.0,438833807.0,2,2025-04-30 11:00,3.44,4.65,-2.62,4.65,27.62,-2.62,15.12,7.27,15.12,25.87,10.47,21.22,27.62,14.83,16.86,7.56,-2.62,2.03
2025-05-05,LRSHO,5.12,118309112.0,605792805.0,2,2025-05-05 11:00,4.18,3.59,-5.98,-0.24,5.02,-19.86,5.02,-5.5,-3.83,-1.91,-13.4,-13.4,-11.48,-19.86,-16.03,-1.44,-15.31,-15.31
2025-07-01,LRSHO,4.74,134855706.0,639122461.0,2,2025-07-01 11:00,6.68,6.29,0.0,0.0,6.29,-28.44,1.65,-9.88,-9.88,-7.63,-18.86,-18.86,-13.02,-25.15,-22.9,-20.21,-28.44,-20.21
2025-07-02,LRSHO,5.45,181526145.0,989089984.0,2,2025-07-02 11:00,6.02,6.64,0.0,0.0,6.64,-20.6,2.49,-9.97,-9.97,-3.49,-16.94,-14.45,-9.47,-20.27,-19.44,-5.48,-18.6,-18.6
2025-07-04,LRSHO,4.07,255856808.0,1042140264.0,3,2025-07-04 12:00,5.33,3.94,-5.63,-3.38,6.75,-10.88,2.25,-9.94,-9.01,0.0,-10.32,0.0,6.75,-8.07,-8.07,-6.57,-10.88,-10.88
2025-02-10,LUKSK,4.82,19166846.0,92444083.0,3,2025-02-10 12:00,96.95,2.73,-7.17,-7.17,2.73,-12.43,-2.42,-8.2,-6.65,-6.19,-11.19,-11.19,-9.28,-12.38,-10.93,-9.03,-12.33,-11.71
2025-07-30,LUKSK,4.11,16800157.0,69045635.0,3,2025-07-30 12:00,91.7,1.53,-1.64,1.53,4.58,-4.03,4.58,-2.94,-1.85,-0.11,-3.98,-3.76,0.11,-4.03,-2.78,0.22,-2.73,-1.42
2025-07-09,LYDHO,5.44,60727525.0,330376984.0,3,2025-07-09 12:00,98.6,2.84,-4.06,0.15,17.65,-4.06,6.8,0.1,3.55,13.49,4.46,12.58,17.65,10.24,11.36,8.01,2.43,3.45
2025-10-28,LYDHO,4.6,101147620.0,465673735.0,1,2025-10-28 10:30,160.7,0.0,-0.87,0.0,40.7,-0.87,9.96,3.17,9.96,20.91,10.52,20.91,32.98,19.42,32.98,28.81,13.44,13.44
2025-10-31,LYDHO,4.11,129456455.0,532032862.0,1,2025-10-31 10:00,189.6,2.48,-6.33,2.48,19.25,-11.55,12.71,1.21,12.71,19.25,4.32,6.8,9.18,-3.85,-3.85,1.58,-5.64,-4.01
2025-11-03,LYDHO,4.59,163793939.0,752269477.0,1,2025-11-03 10:00,207.2,3.14,-7.38,3.14,9.12,-19.06,9.12,-4.54,-2.27,-0.1,-12.02,-12.02,-5.41,-19.06,-11.1,-3.38,-14.33,-3.38
2025-11-04,LYDHO,4.16,205947004.0,855864591.0,3,2025-11-04 12:00,210.3,2.52,-5.94,-3.71,2.52,-20.26,-1.57,-13.31,-13.31,-6.8,-20.26,-12.41,-8.42,-14.93,-13.46,2.52,-10.84,-9.22
2025-11-12,LYDYE,4.01,173609972.0,696786445.0,2,2025-11-12 11:00,13545.0,7.6,0.0,0.0,7.6,-9.52,-0.72,-9.52,-4.56,-1.81,-7.05,-4.84,1.7,-5.72,-3.29,-1.03,-8.07,-5.63
2025-02-19,MAALT,4.22,22436375.0,94697057.0,2,2025-02-19 11:00,828.0,4.59,-0.42,0.24,4.59,-5.43,0.6,-3.14,-1.57,3.68,-2.42,-0.36,-0.24,-2.96,-2.96,-0.06,-5.43,-2.66
2025-06-27,MAALT,8.34,24840109.0,207123397.0,1,2025-06-27 10:00,806.0,5.46,-2.05,5.33,6.08,-4.78,6.08,-0.74,-0.68,1.43,-4.28,-3.85,3.97,-4.78,-0.37,0.81,-1.05,0.0
2025-12-16,MACKO,5.15,24937711.0,128488823.0,2,2025-12-16 11:00,39.54,11.38,0.0,0.0,11.38,-18.97,-0.56,-9.96,-9.96,-11.48,-18.97,-15.07,-8.95,-15.07,-14.37,-12.49,-17.6,-16.14
2026-02-17,MACKO,4.01,40328858.0,161700471.0,1,2026-02-17 10:00,36.86,0.0,-4.67,0.0,11.5,-6.13,9.93,0.22,7.76,11.5,2.93,3.74,3.09,-6.13,-5.59,0.54,-5.05,-2.71
2026-02-18,MACKO,4.84,48037416.0,232379641.0,1,2026-02-18 10:00,40.08,1.1,-7.83,-0.9,2.54,-13.67,2.54,-5.34,-4.59,-5.19,-13.67,-13.17,-5.94,-13.17,-10.18,-9.03,-12.57,-12.33
2024-10-24,MAKIM,5.66,11876377.0,67217434.0,1,2024-10-24 10:00,24.6,3.17,-5.28,-4.96,3.17,-6.34,-1.38,-6.34,-3.25,-0.57,-2.68,-2.44,0.24,-3.33,-0.65,-2.2,-5.61,-4.23
2025-05-30,MAKIM,4.24,17816602.0,75563286.0,1,2025-05-30 10:00,18.27,1.7,-8.16,-0.77,7.77,-8.16,7.77,-1.7,-1.09,0.99,-2.03,-1.81,-0.55,-4.21,-1.7,6.19,-2.24,4.82
2026-03-26,MAKIM,4.55,17711666.0,80553406.0,2,2026-03-26 11:00,16.48,1.33,-2.55,-2.55,5.52,-6.55,-2.37,-5.89,-5.89,-2.31,-6.19,-5.95,-4.79,-6.55,-5.16,5.52,-2.55,5.28
2025-03-06,MAKTK,5.19,16856242.0,87412700.0,1,2025-03-06 10:00,7.5,0.13,-4.67,0.13,23.47,-4.67,6.8,-2.8,-1.07,8.8,-0.53,8.8,18.4,8.67,12.13,23.47,9.07,19.87
2025-03-07,MAKTK,4.12,28726898.0,118370838.0,1,2025-03-07 10:00,7.37,8.68,-1.09,0.68,28.77,-1.09,10.72,1.22,10.72,20.49,10.58,14.11,20.22,13.16,15.33,28.77,20.08,28.09
2025-03-10,MAKTK,4.19,38268842.0,160285628.0,3,2025-03-10 12:00,8.16,0.0,-0.86,0.0,27.21,-0.86,8.82,-0.12,3.06,8.58,2.21,4.17,13.48,0.25,10.17,27.21,15.81,27.21
2025-03-11,MAKTK,4.46,47402163.0,211295538.0,2,2025-03-11 11:00,8.61,3.14,-3.72,-2.32,32.52,-4.99,2.9,-3.14,-1.28,7.55,-4.99,4.41,10.22,2.79,9.64,32.52,18.0,22.76
2025-12-30,MAKTK,4.71,81516340.0,383612662.0,3,2025-12-30 12:00,15.6,5.71,-0.51,1.92,8.59,-8.08,8.59,-1.79,-0.96,4.55,-1.92,-0.64,0.19,-5.51,-5.13,-4.55,-8.08,-7.05
2026-04-15,MAKTK,4.64,41863426.0,194138944.0,2,2026-04-15 11:00,14.45,3.11,-4.29,-4.29,3.11,-7.2,-1.18,-6.57,-6.02,-1.73,-7.2,-2.7,-2.15,-5.4,-5.19,-4.29,-6.64,-5.88
2025-07-30,MANAS,4.05,143457093.0,581171459.0,3,2025-07-30 12:00,5.1175,3.38,-8.92,-8.1,13.33,-8.92,1.03,-7.69,1.03,11.08,5.64,11.08,13.33,1.85,5.74,-2.26,-8.31,-7.9
2025-11-14,MANAS,4.74,171884214.0,815377454.0,2,2025-11-14 11:00,6.5032,7.75,-5.65,-5.65,7.75,-25.67,-10.49,-15.01,-15.01,-9.12,-21.71,-18.16,-10.01,-19.05,-14.85,-17.68,-25.67,-22.44
2024-09-24,MARBL,4.5,24073964.0,108267286.0,3,2024-09-24 12:00,13.61,0.88,-3.23,0.88,3.97,-11.24,3.97,-5.29,-5.07,-4.11,-7.64,-7.57,-6.17,-8.45,-8.16,-4.34,-11.24,-8.6
2025-01-16,MARBL,5.58,34870814.0,194584709.0,3,2025-01-16 12:00,13.14,2.82,-3.2,-1.67,3.73,-3.2,1.52,-2.59,-0.23,3.65,-0.53,1.67,3.73,-1.07,1.22,1.75,-1.07,-0.08
2026-01-09,MARBL,4.31,13420350.0,57807509.0,1,2026-01-09 10:00,13.47,0.0,-9.21,0.0,6.16,-9.21,6.16,-2.45,-0.74,2.97,-1.56,-1.11,-0.15,-4.6,-4.6,1.56,-2.23,-1.71
2026-01-12,MARBL,5.57,16018216.0,89274227.0,1,2026-01-12 10:00,14.02,2.0,-6.28,-4.64,2.0,-9.06,-1.07,-5.42,-4.99,-4.07,-8.35,-8.35,-3.5,-9.06,-4.78,-3.42,-5.28,-4.71
2024-07-09,MARKA,4.01,9514877.0,38178738.0,3,2024-07-09 12:00,103.0,3.11,-2.43,2.43,3.11,-19.71,1.94,-6.21,-4.85,-3.11,-13.01,-10.68,-7.77,-17.91,-14.03,-11.02,-19.71,-19.42
2025-03-19,MARKA,4.28,17680508.0,75687707.0,3,2025-03-19 12:00,66.4,1.28,-6.93,1.28,6.63,-18.75,6.63,-6.93,1.66,0.83,-8.51,-8.51,-7.0,-17.62,-14.16,-14.98,-18.45,-18.45
2026-03-26,MARKA,4.04,53206321.0,214799804.0,1,2026-03-26 12:00,50.7,1.78,-15.07,-15.07,26.73,-16.33,-6.59,-16.33,-6.59,2.66,-0.1,2.66,12.92,10.95,12.92,26.73,11.24,16.37
2026-04-01,MARKA,4.43,91460161.0,404715690.0,2,2026-04-01 11:00,57.85,7.52,-4.67,1.12,11.06,-16.92,11.06,-2.51,1.99,5.45,-8.21,-8.21,-1.47,-15.3,-13.57,4.58,2.16,4.58
2024-07-18,MARTI,4.1,39560613.0,162048603.0,3,2024-07-18 12:00,2.8053,5.26,-3.2,5.26,12.81,-14.42,12.81,0.92,4.35,5.95,-5.95,-5.95,-5.49,-14.42,-13.04,-11.21,-14.19,-13.04
2025-05-15,MARTI,4.15,43506844.0,180481398.0,1,2025-05-15 10:00,2.1569,0.0,-9.23,-5.06,0.0,-11.01,-2.68,-9.23,-8.63,-6.55,-10.12,-9.52,-3.57,-11.01,-4.76,-5.36,-8.63,-7.14
2024-04-30,MEGAP,10.12,31997423.0,323674597.0,1,2024-04-30 10:00,6.91,0.0,-8.83,0.0,42.69,-8.83,9.99,6.8,9.99,20.98,12.88,20.98,33.0,13.31,18.09,42.69,35.31,42.69
2024-05-03,MEGAP,6.74,51993998.0,350289267.0,1,2024-05-03 10:00,8.33,0.36,-6.36,0.36,40.94,-6.36,10.32,-6.0,-2.04,7.68,-3.12,7.68,18.37,12.24,18.37,40.94,18.97,22.33
2024-05-06,MEGAP,4.08,78286564.0,319647434.0,2,2024-05-06 11:00,9.19,0.0,-14.8,-11.21,27.75,-14.8,-2.39,-12.19,-2.39,7.29,1.74,7.29,17.95,8.71,17.95,20.24,-0.11,-0.11
2024-11-21,MEGAP,4.3,3816768.0,16427033.0,3,2024-11-21 17:00,3.54,0.0,0.0,0.0,3.39,-15.25,3.11,1.69,3.11,3.39,3.11,3.11,-1.13,-7.06,-1.13,-12.43,-15.25,-12.43
2025-03-04,MEGAP,4.56,2285461.0,10418543.0,1,2025-03-04 12:00,2.97,1.01,0.0,1.01,19.19,-4.04,11.11,9.43,11.11,19.19,12.79,12.79,8.08,1.68,2.02,1.01,-4.04,-3.03
2025-03-05,MEGAP,5.04,2708057.0,13660235.0,2,2025-03-05 13:00,3.3,0.0,0.0,0.0,7.27,-13.64,7.27,1.52,1.52,-2.73,-8.48,-8.18,-8.18,-8.79,-8.79,-12.73,-13.03,-12.73
2025-03-06,MEGAP,5.51,3350278.0,18454845.0,1,2025-03-06 12:00,3.54,0.0,-5.37,-5.37,0.0,-19.49,-9.32,-14.69,-14.41,-14.41,-14.97,-14.97,-15.25,-19.49,-18.64,-10.73,-14.69,-10.73
2025-07-01,MEGAP,7.0,3575254.0,25009967.0,2,2025-07-01 13:00,3.76,0.0,0.0,0.0,60.11,-1.6,9.84,-1.6,9.84,20.74,19.95,20.74,32.71,28.72,32.71,60.11,60.11,60.11
2025-07-02,MEGAP,4.04,5538292.0,22349687.0,1,2025-07-02 12:00,3.7,11.62,0.0,11.62,74.32,0.0,22.7,21.89,22.7,34.86,30.81,34.86,48.11,45.95,48.11,74.32,74.05,74.05
2026-03-16,MEGAP,4.45,3602003.0,16017737.0,3,2026-03-16 17:00,2.59,1.93,0.0,1.93,1.93,-16.6,0.39,-0.39,0.39,0.39,-2.32,-2.32,-6.18,-7.34,-7.34,-9.27,-11.58,-9.27
2024-07-09,MEGMT,4.13,127920381.0,528183670.0,3,2024-07-09 12:00,41.84,1.34,-5.64,-4.97,3.3,-8.6,3.01,-8.6,0.38,3.3,-1.15,-0.81,0.33,-3.68,-3.44,-1.39,-5.02,-4.35
2024-12-09,MEKAG,4.6,24461380.0,112592081.0,2,2024-12-09 11:00,3.6484,2.31,-2.66,2.31,6.51,-6.68,6.51,-4.63,-4.63,-1.8,-6.0,-3.73,-2.96,-5.61,-5.48,-3.77,-5.74,-5.27
2025-04-17,MEKAG,5.46,59948588.0,327350715.0,2,2025-04-17 11:00,3.9258,5.47,-1.73,-1.69,5.47,-13.83,1.29,-6.59,-6.39,-5.0,-8.46,-5.19,-5.0,-8.58,-6.91,-10.17,-13.83,-13.63
2026-01-06,MEKAG,4.0,28406222.0,113724570.0,2,2026-01-06 11:00,3.96,3.28,-2.02,0.0,3.28,-5.56,1.01,-3.54,-3.28,-2.53,-5.56,-4.04,-0.76,-4.8,-2.02,-1.52,-4.55,-3.54
2026-03-04,MEKAG,4.46,181264121.0,808761288.0,3,2026-03-04 12:00,7.11,4.64,-0.56,4.64,14.35,-10.13,10.41,-5.77,-5.77,1.41,-9.99,-5.06,4.36,-10.13,4.36,8.58,1.13,2.39
2024-12-09,MEPET,6.61,12769421.0,84467747.0,3,2024-12-09 12:00,10.86,1.38,-2.3,1.38,5.71,-4.51,5.71,-1.47,-1.2,4.88,-1.93,0.28,3.78,-0.64,-0.37,0.18,-4.51,-4.42
2025-06-13,MEPET,4.71,1087087.0,5115598.0,3,2025-06-13 12:00,8.47,3.9,-3.66,3.9,51.59,-3.66,14.29,4.49,14.29,25.62,18.06,25.62,38.13,31.05,38.13,50.41,30.7,40.5
2025-06-16,MEPET,10.11,1640727.0,16581083.0,1,2025-06-16 10:00,9.5,1.89,-6.84,1.89,37.79,-6.84,12.0,5.26,12.0,23.16,16.84,23.16,35.16,10.84,29.47,37.79,22.63,37.79
2025-06-17,MEPET,4.63,2579551.0,11943290.0,1,2025-06-17 10:00,10.64,0.0,-6.02,0.0,23.03,-6.02,9.96,4.32,9.96,20.68,-1.03,15.6,19.74,4.04,11.84,21.9,10.81,10.81
2025-06-18,MEPET,5.47,3226738.0,17651108.0,1,2025-06-18 10:00,11.7,0.0,-5.13,0.0,11.88,-10.0,9.74,-10.0,5.13,8.89,-5.38,1.71,11.88,-0.43,11.88,-2.39,-9.23,-9.23
2025-06-19,MEPET,5.02,4234736.0,21250002.0,1,2025-06-19 10:00,11.04,16.3,-4.62,11.41,18.57,-11.78,15.4,0.27,7.79,18.57,5.53,18.57,17.48,6.79,6.79,-1.18,-11.78,-8.79
2026-03-03,MEPET,4.01,15780246.0,63324608.0,2,2026-03-03 11:00,31.4,0.0,-1.53,0.0,7.83,-17.01,7.83,-8.28,-2.42,-4.46,-10.83,-10.51,-11.15,-17.01,-14.39,-7.83,-14.97,-12.42
2026-03-04,MEPET,4.17,18692305.0,77862093.0,3,2026-03-04 12:00,28.8,12.85,0.0,6.39,12.85,-9.79,4.17,-2.78,-2.43,-3.13,-9.51,-6.67,2.64,-7.99,2.64,1.39,-9.79,-2.85
2026-02-10,MERCN,4.27,127025547.0,542165984.0,3,2026-02-10 12:00,19.81,2.37,-2.02,0.91,3.79,-5.4,2.27,-5.4,-4.09,3.79,-4.24,1.97,2.88,-2.52,-1.11,-0.81,-4.29,-3.28
2026-04-17,MERCN,4.29,69630777.0,298639608.0,2,2026-04-17 11:00,20.82,1.06,-6.77,-3.55,21.52,-6.92,6.05,-6.92,6.05,15.66,7.01,8.07,15.18,2.98,8.07,21.52,8.36,21.52
2025-04-16,MERKO,6.4,42822612.0,274146667.0,1,2025-04-16 10:00,2.3201,4.26,-10.1,-7.18,16.52,-10.1,1.75,-7.53,-3.68,5.95,-4.26,5.95,16.52,6.25,7.12,5.95,-5.72,-1.58
2025-07-25,MERKO,4.03,71302436.0,287615939.0,3,2025-07-25 12:00,2.0465,2.85,-0.93,1.13,9.53,-3.04,9.53,2.18,5.1,8.47,2.18,2.18,3.18,-2.12,-1.39,4.96,-2.18,2.91
2024-12-04,METRO,4.48,29788263.0,133316851.0,3,2024-12-04 12:00,3.16,1.9,-2.53,-1.9,1.9,-8.23,0.32,-6.65,-6.65,-3.8,-8.23,-4.43,-0.32,-6.65,-5.06,-2.85,-5.38,-5.06
2025-05-06,METRO,4.07,12108953.0,49326393.0,3,2025-05-06 12:00,2.71,1.11,-5.54,-5.17,1.11,-9.59,-3.69,-8.12,-8.12,-6.27,-9.59,-7.75,-5.54,-8.86,-7.01,-1.48,-6.64,-1.85
2025-10-10,METRO,4.08,62080982.0,253057069.0,3,2025-10-10 12:00,5.23,8.03,-0.19,4.97,12.62,-8.22,12.62,3.25,5.93,10.52,0.76,1.53,5.74,-1.53,0.38,-0.96,-8.22,-3.44
2026-04-09,MEYSU,4.75,638967934.0,3032452928.0,3,2026-04-09 12:00,16.97,2.71,-8.9,-7.48,3.77,-10.72,-4.6,-9.78,-8.72,-4.24,-10.72,-7.72,-1.83,-7.6,-5.42,3.77,-1.89,-0.77
2022-08-17,MMCAS,4.1,352939.0,1448332.0,3,2022-08-17 17:00,3.75,0.0,0.0,0.0,18.67,0.0,9.87,1.33,9.6,12.0,9.33,10.13,11.47,10.13,11.47,18.67,17.33,17.33
2023-03-16,MMCAS,4.44,413524.0,1837095.0,2,2023-03-16 13:00,4.3,16.28,0.0,16.28,40.7,0.0,16.05,6.05,16.05,17.67,16.05,16.05,17.67,16.28,16.28,40.7,36.98,40.7
2023-07-12,MMCAS,4.08,397388.0,1623276.0,2,2023-07-12 13:00,6.3,0.0,-3.17,-3.17,2.86,-15.08,-5.56,-5.71,-5.71,-5.56,-15.08,-5.56,-6.35,-9.52,-6.35,2.86,-7.94,2.86
2023-11-30,MMCAS,4.39,727728.0,3192968.0,1,2023-11-30 12:00,10.12,0.0,-0.1,0.0,0.0,-15.81,0.0,-6.03,-4.64,-4.94,-9.09,-9.09,-6.13,-10.97,-9.88,-2.17,-15.81,-4.25
2024-01-04,MMCAS,7.22,490224.0,3540294.0,3,2024-01-04 17:00,9.35,0.0,-0.53,-0.53,0.0,-14.87,-3.74,-10.48,-10.48,-10.16,-14.44,-10.16,-12.3,-14.44,-14.22,-12.83,-14.87,-14.87
2024-03-06,MMCAS,4.98,2300059.0,11454987.0,2,2024-03-06 13:00,15.56,0.0,0.0,0.0,20.95,-12.79,9.96,9.96,9.96,20.95,19.54,19.54,14.4,7.58,7.58,6.04,-12.79,2.89
2024-03-08,MMCAS,5.27,2922640.0,15398976.0,1,2024-03-08 12:00,18.82,0.0,-1.17,-1.17,0.0,-28.11,-5.42,-11.05,-11.05,-19.93,-19.93,-19.93,-12.33,-27.9,-14.93,-24.55,-28.11,-24.92
2024-04-30,MMCAS,4.14,2812504.0,11637885.0,1,2024-04-30 12:00,19.4,0.0,0.0,0.0,32.99,0.0,10.0,10.0,10.0,20.93,20.93,20.93,32.99,15.98,17.11,13.4,3.81,4.12
2025-01-24,MMCAS,4.34,1304836.0,5658070.0,3,2025-01-24 17:00,25.9,0.0,-2.93,-2.93,0.0,-13.13,-2.93,-6.87,-5.79,-6.49,-9.27,-9.27,-8.88,-11.97,-11.97,-9.65,-13.13,-12.36
2025-07-08,MMCAS,4.25,2031323.0,8639835.0,3,2025-07-08 17:00,34.5,0.0,-2.96,-2.96,4.58,-7.25,-5.22,-7.25,-5.8,3.59,-5.8,3.59,4.35,2.9,2.9,4.58,1.45,1.45
2025-08-11,MMCAS,6.3,3477367.0,21907184.0,2,2025-08-11 13:00,41.8,0.0,0.0,0.0,60.89,0.0,10.0,10.0,10.0,20.93,20.93,20.93,33.01,33.01,33.01,60.89,60.89,60.89
2025-08-14,MMCAS,4.5,4935710.0,22198133.0,3,2025-08-14 17:00,55.6,0.0,0.0,0.0,46.22,0.0,9.98,9.98,9.98,20.95,20.95,20.95,33.0,33.0,33.0,33.36,16.55,33.36
2025-08-15,MMCAS,5.05,5923709.0,29895868.0,1,2025-08-15 12:00,61.15,0.0,0.0,0.0,33.36,0.0,9.98,9.98,9.98,20.93,20.93,20.93,32.95,17.66,17.66,33.36,33.36,33.36
2026-01-29,MMCAS,4.04,4760088.0,19248410.0,3,2026-01-29 17:00,90.2,2.99,0.0,2.99,18.29,0.0,11.09,7.76,7.76,7.04,2.55,7.04,17.74,7.21,17.74,17.52,14.19,15.74
2026-04-28,MMCAS,5.9,2140192.0,12622826.0,3,2026-04-28 17:00,69.3,2.96,0.0,2.96,24.24,0.0,4.91,3.03,4.91,13.28,5.05,13.28,24.24,19.91,24.24,14.0,14.0,14.0
2025-05-14,MNDRS,4.24,22915634.0,97136320.0,2,2025-05-14 11:00,11.1,1.17,-3.06,-2.88,1.71,-7.57,-2.7,-5.86,-4.59,-2.25,-7.57,-3.24,0.9,-3.33,-0.36,1.71,-1.98,-1.44
2025-11-12,MNDRS,4.11,55310301.0,227513780.0,3,2025-11-12 12:00,15.28,4.06,-3.66,-0.26,6.54,-5.76,3.34,-1.96,1.37,6.54,-0.72,0.0,1.11,-3.66,-3.21,-3.34,-5.24,-4.45
2025-05-14,MNDTR,4.37,11876844.0,51932286.0,2,2025-05-14 11:00,6.27,2.07,-3.83,-0.64,2.07,-7.66,-0.64,-5.9,-5.58,-0.64,-6.22,-5.74,-4.78,-7.66,-7.34,-4.78,-6.86,-6.54
2026-01-23,MNDTR,4.08,26010156.0,106213068.0,2,2026-01-23 11:00,7.78,0.77,-4.37,-2.7,0.77,-11.05,-0.39,-5.27,-4.63,-3.34,-6.56,-5.53,-3.6,-7.46,-5.66,-8.87,-11.05,-11.05
2025-04-14,MOBTL,5.04,38727316.0,195140335.0,1,2025-04-14 10:00,4.79,11.69,-1.88,6.68,71.19,-1.88,17.33,1.88,17.33,29.02,18.37,29.02,41.75,29.85,41.75,71.19,51.57,56.99
2025-07-08,MOGAN,5.12,69841337.0,357700803.0,2,2025-07-08 11:00,9.22,2.82,-1.41,0.22,2.82,-4.66,1.52,-1.95,-1.84,-0.22,-2.71,-2.71,-0.33,-4.56,-2.39,0.76,-4.66,-1.63
2026-02-18,MOGAN,5.21,55869455.0,291302368.0,2,2026-02-18 11:00,10.73,10.07,-1.58,4.01,10.07,-4.94,7.36,-4.85,-3.91,5.68,-4.94,-1.96,6.24,-0.56,3.63,5.87,-0.47,0.28
2025-07-24,MOPAS,4.39,355847582.0,1560545850.0,3,2025-07-24 12:00,37.1,16.33,0.0,0.0,16.33,-16.17,-1.35,-9.97,-9.97,-7.22,-16.17,-11.43,-2.59,-13.58,-2.59,1.35,-1.78,-1.08
2025-12-11,MOPAS,4.34,74972969.0,325124177.0,3,2025-12-11 12:00,37.32,3.8,-1.34,1.77,4.77,-6.75,3.43,-2.47,1.18,3.11,-3.05,-2.36,4.77,-2.2,2.41,-3.16,-6.75,-6.65
2025-05-14,MRGYO,7.14,59038007.0,421660004.0,1,2025-05-14 10:00,1.0131,1.94,-3.23,1.94,21.29,-3.23,11.61,4.52,11.61,21.29,8.39,13.55,15.48,3.23,4.52,18.71,10.97,10.97
2025-05-16,MRGYO,4.01,84169653.0,337259190.0,3,2025-05-16 12:00,1.1308,7.51,-2.89,1.73,9.25,-8.09,3.47,-7.51,-6.36,2.89,-8.09,2.89,6.36,-0.58,-0.58,9.25,-2.31,9.25
2024-08-13,MRSHL,4.7,40854500.0,192121950.0,2,2024-08-13 11:00,2014.0,0.0,-7.65,-6.85,0.0,-15.59,-1.59,-10.87,-10.13,-7.4,-14.15,-11.62,-6.36,-15.59,-10.87,-11.47,-14.1,-14.05
2024-10-16,MRSHL,6.92,24555738.0,170018394.0,2,2024-10-16 11:00,1617.0,1.11,-2.84,1.11,32.53,-2.84,11.19,4.82,11.19,22.26,14.1,22.26,32.53,10.08,10.08,13.98,2.66,4.14
2024-10-17,MRSHL,5.11,34015408.0,173984544.0,1,2024-10-17 10:00,1774.0,1.35,-4.45,1.35,20.8,-6.43,11.44,4.0,11.44,20.8,0.34,0.34,7.67,-4.11,-0.62,0.28,-6.43,-3.78
2024-10-18,MRSHL,4.38,43272529.0,189357699.0,2,2024-10-18 11:00,1939.0,1.96,-0.88,1.96,10.52,-15.52,10.52,-8.2,-8.2,-1.5,-12.27,-9.08,-4.95,-14.39,-13.15,-11.04,-15.52,-14.08
2024-10-21,MRSHL,4.52,54297623.0,245510720.0,2,2024-10-21 11:00,2052.0,2.14,-13.26,-13.26,2.14,-20.18,-6.92,-17.11,-14.08,-10.19,-19.1,-17.93,-13.3,-19.1,-16.81,-16.18,-20.03,-19.35
2025-04-15,MRSHL,4.45,31805267.0,141522475.0,2,2025-04-15 11:00,1567.0,3.38,-3.51,-3.51,3.64,-10.08,3.64,-6.83,-2.62,2.43,-4.91,-4.79,-3.96,-7.15,-6.13,-7.59,-10.08,-10.02
2025-08-06,MRSHL,4.66,35489895.0,165473816.0,3,2025-08-06 12:00,1628.0,0.0,-2.03,0.0,19.72,-2.03,9.95,3.44,9.95,19.72,2.95,5.47,13.57,4.24,5.96,5.9,0.43,0.43
2025-08-07,MRSHL,4.65,43064461.0,200365590.0,1,2025-08-07 10:00,1790.0,0.0,-5.92,0.0,8.88,-8.88,8.88,-6.37,-4.08,3.3,-5.2,-3.63,-3.91,-7.82,-6.59,0.45,-8.88,0.45
2025-08-08,MRSHL,4.07,53493148.0,217743338.0,2,2025-08-08 11:00,1723.0,5.22,-2.73,-0.35,10.8,-5.34,7.31,-1.51,0.12,-0.17,-4.24,-2.96,0.06,-5.11,-5.11,10.8,1.28,4.41
2025-12-23,MRSHL,4.57,15595756.0,71206326.0,2,2025-12-23 11:00,1606.0,2.62,-4.11,-3.99,15.26,-4.11,5.6,-2.74,5.6,15.26,2.05,2.05,8.72,1.49,3.67,-0.56,-2.86,-1.93
2025-12-25,MRSHL,5.34,25030831.0,133781180.0,1,2025-12-25 10:00,1807.0,2.43,-9.3,-9.3,2.43,-13.95,-3.38,-9.8,-7.86,-6.09,-12.89,-12.89,-11.62,-13.67,-12.84,-12.17,-13.95,-13.39
2025-04-28,MSGYO,9.99,11199150.0,111919455.0,1,2025-04-28 10:00,4.91,3.67,-7.13,-7.13,3.67,-18.74,-8.35,-14.66,-14.26,-10.59,-15.48,-14.66,-13.85,-17.52,-14.46,-17.31,-18.74,-18.53
2025-07-22,MSGYO,4.12,16663863.0,68734467.0,1,2025-07-22 10:00,4.61,5.21,-2.82,-1.08,5.21,-3.69,0.22,-3.69,-3.25,0.22,-3.47,-0.65,-0.43,-2.82,-1.74,2.82,0.43,0.87
2025-12-30,MSGYO,4.62,16277415.0,75126468.0,3,2025-12-30 12:00,6.22,1.93,-4.82,-3.54,1.93,-6.75,1.29,-6.11,-0.32,0.32,-1.93,-1.61,-0.16,-4.5,-1.93,-2.25,-5.14,-4.82
2024-09-27,MTRKS,7.04,14312554.0,100812711.0,1,2024-09-27 10:00,17.616,0.73,-3.27,-1.0,1.32,-11.44,1.32,-5.54,-0.27,0.91,-6.9,-5.77,-4.9,-11.44,-9.36,-4.13,-9.17,-4.31
2025-04-11,MTRYO,4.34,1813413.0,7873249.0,1,2025-04-11 10:00,7.07,3.54,-4.95,1.56,3.54,-14.99,0.85,-4.38,-1.13,-2.4,-5.66,-5.66,-4.24,-14.99,-8.06,-6.65,-10.04,-8.91
2025-09-30,MTRYO,6.72,4116433.0,27663172.0,1,2025-09-30 10:00,10.5,5.24,-1.24,5.24,5.24,-16.29,4.67,-5.24,-5.24,4.19,-11.9,-3.14,-3.81,-12.76,-9.52,-10.67,-16.29,-15.24
2025-10-02,MTRYO,4.01,7556654.0,30318271.0,3,2025-10-02 12:00,10.5,0.76,-3.62,-3.14,0.76,-18.57,-3.81,-12.76,-9.52,-9.52,-13.81,-13.81,-10.67,-16.29,-15.24,-13.62,-16.67,-16.67
2025-12-18,MTRYO,7.13,4143057.0,29545272.0,1,2025-12-18 10:00,9.76,0.0,-5.84,0.0,4.41,-14.96,4.41,-9.22,-3.18,-4.0,-9.84,-9.32,-9.53,-14.96,-13.11,-6.66,-11.37,-10.25
2026-01-15,MTRYO,4.42,14655500.0,64772291.0,2,2026-01-15 11:00,12.6,6.67,-5.56,-2.7,6.67,-22.38,-12.38,-12.38,-12.38,-12.38,-21.11,-12.62,-15.0,-19.84,-19.05,-17.86,-22.38,-20.95
2026-05-04,MTRYO,4.03,3248367.0,13085432.0,2,2026-05-04 11:00,10.43,0.0,0.0,0.0,4.99,-3.55,4.99,-3.55,4.99,4.99,0.29,2.78,2.4,0.29,1.05,1.63,-1.15,-0.77
2025-09-24,MZHLD,4.91,4641139.0,22809309.0,2,2025-09-24 11:00,8.08,5.2,-5.69,1.73,5.2,-14.6,0.87,-7.3,-3.47,-0.99,-8.42,-6.56,-5.2,-11.88,-10.4,-9.78,-14.6,-11.26
2026-01-19,MZHLD,4.51,2150218.0,9690448.0,3,2026-01-19 12:00,7.39,0.0,0.0,0.0,5.95,-7.31,5.95,-5.28,2.84,2.71,-7.31,-1.08,4.06,-5.28,0.68,2.71,-5.14,-0.81
2026-01-20,MZHLD,4.87,2544902.0,12389445.0,1,2026-01-20 10:00,7.35,6.53,-4.76,3.4,6.53,-6.8,3.27,-6.8,-0.54,4.63,-4.76,1.22,4.76,-4.76,1.9,2.04,-3.67,0.68
2024-12-31,NATEN,4.05,111415274.0,450709719.0,3,2024-12-31 12:00,14.31,5.94,-3.35,5.94,8.46,-4.19,8.46,-0.91,-0.56,2.38,-3.49,-2.24,3.14,-2.45,-0.77,0.84,-3.98,-1.19
2025-02-28,NATEN,5.73,125268634.0,717850012.0,2,2025-02-28 11:00,14.09,5.04,-6.25,-6.25,5.04,-32.09,-1.35,-15.61,-15.61,-13.98,-23.99,-22.64,-18.67,-30.36,-30.36,-29.23,-30.82,-29.68
2025-07-10,NATEN,5.36,189665753.0,1015966958.0,3,2025-07-10 12:00,10.32,5.33,-4.84,-4.84,5.33,-13.57,-1.65,-9.46,-9.46,-8.53,-10.78,-10.78,-8.57,-13.57,-12.67,-10.74,-11.82,-11.36
2026-04-13,NATEN,6.1,39922795.0,243654324.0,3,2026-04-13 12:00,8.18,0.0,-3.79,0.0,10.02,-3.79,6.6,-1.22,6.23,7.95,0.24,0.24,1.47,-2.2,-0.86,10.02,1.47,9.9
2026-04-14,NATEN,4.64,51211624.0,237620279.0,1,2026-04-14 10:00,8.23,5.95,-1.82,5.59,14.22,-2.79,7.29,-0.36,-0.36,0.85,-2.79,-1.46,4.62,-2.31,1.22,14.22,-1.58,-1.58
2026-04-21,NATEN,4.64,117926943.0,547414948.0,2,2026-04-21 11:00,8.43,4.86,-3.91,-3.91,4.86,-16.84,-5.22,-13.52,-13.52,-12.69,-16.61,-15.78,-9.85,-15.54,-13.05,-14.35,-16.84,-16.61
2024-09-17,NIBAS,7.66,14465785.0,110823833.0,1,2024-09-17 10:00,3.19,2.14,-5.69,-4.91,2.14,-10.61,1.46,-6.58,-5.33,1.57,-5.8,-4.49,-2.82,-10.61,-9.09,-1.1,-7.99,-7.78
2024-12-09,NIBAS,6.1,44225628.0,269855833.0,3,2024-12-09 12:00,3.42,0.1,-2.83,0.1,5.56,-7.36,5.56,-5.6,-5.17,-1.07,-7.16,-6.92,-5.6,-7.16,-7.12,-4.97,-7.36,-7.26
2025-04-16,NIBAS,6.94,14030241.0,97340611.0,1,2025-04-16 10:00,2.8917,5.71,-4.32,-3.29,5.71,-8.93,1.38,-8.07,-4.03,-2.88,-8.36,-8.18,0.98,-8.93,-2.88,0.29,-5.71,-5.19
2025-11-04,NIBAS,4.34,24183882.0,105050099.0,1,2025-11-04 10:00,4.3833,0.0,-8.67,-5.25,0.15,-16.27,-4.71,-8.9,-8.9,0.15,-9.13,-4.26,-3.27,-8.06,-7.38,-8.14,-16.27,-12.55
2026-02-13,NIBAS,5.57,50353977.0,280430383.0,1,2026-02-13 10:00,4.98,7.43,-2.81,1.0,30.32,-2.81,7.43,-1.61,1.0,2.61,-1.61,-0.2,9.64,-1.2,9.64,30.32,15.46,21.49
2026-04-03,NIBAS,4.48,114805060.0,514076945.0,2,2026-04-03 11:00,10.7,5.51,-5.33,-5.33,5.51,-33.36,-3.27,-14.77,-14.77,-14.77,-23.27,-23.27,-22.34,-30.56,-29.91,-28.79,-33.36,-30.28
2026-04-06,NIBAS,4.77,163650724.0,780371367.0,2,2026-04-06 11:00,9.37,6.08,-2.67,-2.67,6.08,-23.91,-2.67,-12.38,-12.38,-11.31,-20.7,-19.96,-16.22,-23.91,-22.95,-15.8,-23.16,-16.76
2026-04-07,NIBAS,5.18,212508313.0,1100665947.0,1,2026-04-07 10:00,8.31,9.75,-1.2,-1.2,9.75,-14.2,0.0,-10.59,-9.75,-5.54,-14.2,-13.12,-8.3,-14.2,-10.23,0.0,-6.98,-1.32
2026-05-21,NIBAS,4.19,94397247.0,395580888.0,3,2026-05-21 12:00,6.27,5.58,-3.83,-3.83,5.58,-21.53,2.07,-13.4,-13.4,-13.72,-18.5,-17.7,-15.63,-20.26,-19.46,-19.78,-21.53,-20.89
2024-11-05,NTGAZ,4.16,26991008.0,112350261.0,1,2024-11-05 10:00,5.44,3.31,-11.95,-11.21,3.31,-13.6,-3.68,-13.6,-10.85,-6.99,-12.87,-10.66,-7.17,-12.68,-9.93,-6.99,-12.13,-11.58
2025-03-03,NTGAZ,4.83,13654105.0,65991177.0,1,2025-03-03 10:00,6.12,2.61,-2.12,-1.63,14.22,-2.12,4.58,-1.14,2.94,3.92,1.63,3.1,5.88,2.61,4.74,14.22,10.46,11.6
2025-05-02,NTGAZ,4.13,66726428.0,275737410.0,1,2025-05-02 10:00,8.71,0.0,-5.28,0.0,10.22,-5.28,8.04,-1.95,-1.49,6.77,-4.36,4.71,10.22,1.26,4.48,9.76,3.67,7.81
2026-03-03,NTGAZ,4.85,96275508.0,466670207.0,3,2026-03-03 12:00,13.28,1.05,-3.54,-2.11,3.99,-16.42,3.99,-5.57,0.45,1.66,-5.5,-2.26,0.53,-9.04,-8.96,-10.69,-16.42,-11.14
2026-05-05,NTGAZ,5.98,90929209.0,544086491.0,1,2026-05-05 10:00,13.57,2.36,-1.47,2.36,2.36,-11.57,0.88,-7.74,-7.22,-6.12,-11.57,-7.3,-7.0,-9.95,-9.58,-2.14,-7.44,-7.15
2025-05-09,NUGYO,4.39,10762819.0,47257949.0,1,2025-05-09 10:00,7.3,4.52,-1.37,4.52,10.96,-3.7,10.96,-0.14,2.05,8.9,0.55,1.23,1.64,-2.19,-1.92,-1.1,-3.7,-2.6
2025-05-12,NUGYO,5.19,14518124.0,75334955.0,1,2025-05-12 10:00,7.61,6.44,-4.2,-2.1,6.44,-7.75,4.47,-3.55,-2.89,-2.5,-6.18,-5.91,-3.68,-7.23,-7.23,-1.31,-7.75,-3.55
2025-07-22,NUGYO,4.6,48638246.0,223740697.0,3,2025-07-22 12:00,10.95,3.56,-2.1,-0.09,3.56,-10.96,0.82,-6.94,-5.94,1.46,-8.13,-4.93,-3.84,-8.68,-6.76,-0.09,-8.68,-0.09
2025-12-23,NUGYO,5.91,22128158.0,130713624.0,2,2025-12-23 11:00,9.93,2.22,-3.73,2.22,17.82,-3.73,9.16,1.11,1.11,3.22,-2.82,-2.82,6.85,-3.22,2.01,17.82,8.26,10.67
2024-07-29,NUHCM,4.58,38105336.0,174644353.0,1,2024-07-29 10:00,304.5,2.79,-4.43,-3.78,6.4,-13.96,-0.08,-8.87,-8.87,0.25,-10.1,0.25,6.4,0.25,0.25,-9.2,-13.96,-12.73
2025-10-08,NUHCM,4.44,26817904.0,119042636.0,2,2025-10-08 11:00,251.5,2.19,-3.42,-3.14,9.74,-6.96,1.39,-3.74,-2.58,6.96,-6.96,5.67,9.74,1.59,1.79,7.75,1.79,7.75
2024-12-03,OBASE,5.13,16408858.0,84181173.0,3,2024-12-03 12:00,35.4,1.53,-5.31,-2.32,1.53,-10.11,-1.69,-7.91,-7.57,-6.89,-9.83,-9.44,-7.51,-10.11,-8.02,-4.63,-8.64,-6.61
2025-05-23,OBASE,5.3,23554811.0,124785036.0,2,2025-05-23 11:00,35.36,5.03,-7.52,-6.11,5.03,-15.05,-0.28,-7.47,-5.88,-1.92,-7.64,-7.18,-6.62,-12.73,-12.44,-12.95,-15.05,-14.99
2025-12-03,OBASE,5.35,10616199.0,56771454.0,2,2025-12-03 11:00,36.94,1.79,-2.27,-1.89,1.79,-9.58,-1.19,-6.88,-6.23,-6.39,-8.45,-7.85,-5.63,-7.96,-7.09,-7.36,-9.2,-9.15
2026-01-13,OBASE,4.79,11468004.0,54908626.0,2,2026-01-13 11:00,36.0,1.39,-4.06,-3.5,14.94,-6.06,-0.11,-6.06,-5.39,-2.5,-5.89,-2.61,-1.22,-3.83,-3.39,14.94,1.0,14.94
2025-06-27,ODINE,4.79,165562228.0,793626758.0,2,2025-06-27 11:00,97.0,4.02,-3.87,4.02,19.9,-3.87,14.33,-1.03,14.33,19.9,9.07,9.07,13.4,9.07,9.28,9.18,3.4,5.36
2026-01-06,ODINE,7.09,112913870.0,800282960.0,2,2026-01-06 11:00,323.5,0.77,-3.01,-0.93,3.55,-5.41,-0.15,-2.78,-1.85,-0.77,-5.1,-5.1,-1.16,-5.41,-2.78,3.55,-1.93,2.63
2026-02-13,ODINE,5.72,114938473.0,657007500.0,1,2026-02-13 10:00,389.25,2.7,-4.82,1.73,36.8,-4.82,2.76,-0.64,1.99,12.14,1.16,12.14,22.99,11.5,22.03,36.8,26.46,36.16
2024-09-13,OFSYM,6.21,21989296.0,136576793.0,1,2024-09-13 10:00,39.14,2.15,-7.2,-0.82,9.61,-7.2,7.26,-0.61,4.5,9.61,1.69,2.96,2.96,-0.87,-0.26,0.51,-1.64,-1.18
2025-03-10,OFSYM,5.7,13737984.0,78277651.0,3,2025-03-10 12:00,41.0,0.0,-1.46,0.0,4.63,-3.66,2.44,-2.63,-0.59,4.63,-3.66,-0.05,1.12,-1.32,0.05,3.37,1.71,2.54
2025-03-11,OFSYM,4.46,19208155.0,85665311.0,2,2025-03-11 11:00,40.28,4.27,-0.6,1.19,6.5,-1.94,6.5,-1.94,1.74,2.93,0.45,1.84,5.26,1.79,4.02,5.21,2.04,4.47
2024-08-20,ONCSM,4.52,110343339.0,498720261.0,2,2024-08-20 11:00,173.7,7.66,-2.88,-2.53,21.99,-9.21,2.76,-9.21,-7.54,1.67,-8.87,1.67,10.54,2.65,2.65,21.99,7.71,8.12
2025-05-07,ONCSM,4.01,32571573.0,130477165.0,2,2025-05-07 11:00,92.75,3.56,-5.01,-4.74,6.74,-7.01,-3.83,-7.01,-5.01,-3.77,-6.2,-5.34,4.1,-4.42,0.16,4.69,0.22,1.94
2025-07-23,ONCSM,4.56,20477485.0,93417571.0,3,2025-07-23 12:00,93.7,0.0,-1.71,0.0,6.3,-3.15,6.3,-2.03,-1.81,4.59,-1.39,-0.64,0.8,-3.15,-2.67,3.09,-2.19,0.43
2025-07-24,ONCSM,4.51,24582056.0,110967005.0,2,2025-07-24 11:00,95.85,2.61,-4.23,-4.02,2.61,-5.32,2.24,-3.6,-2.87,-1.46,-5.32,-4.85,-0.05,-5.27,-2.97,2.14,-2.4,0.52
2025-08-07,ONCSM,4.17,58133849.0,242262680.0,3,2025-08-07 12:00,117.6,4.0,-1.79,-0.94,15.22,-2.72,4.25,-2.72,-0.09,7.4,-0.94,4.85,6.97,-0.51,4.0,15.22,5.95,13.27
2025-10-15,ONCSM,5.42,116649632.0,632206623.0,1,2025-10-15 10:00,161.7,15.15,-3.65,6.49,15.15,-6.62,12.31,-1.92,-1.18,8.66,-6.62,7.24,12.37,5.01,5.88,12.55,4.33,5.19
2024-10-30,ONRYT,4.09,187479119.0,767447690.0,3,2024-10-30 12:00,86.85,2.07,-3.57,-3.17,2.07,-10.13,-1.21,-5.01,-4.03,0.06,-3.86,-3.51,-2.82,-9.61,-8.29,-7.54,-10.13,-9.44
2024-11-20,ORCAY,5.02,19628078.0,98629357.0,1,2024-11-20 10:00,3.9804,1.8,-5.81,1.8,1.8,-8.21,1.8,-3.2,-2.3,-1.0,-6.71,-6.51,-3.3,-6.81,-5.41,-6.31,-8.21,-7.91
2025-10-24,ORCAY,4.08,6978539.0,28470828.0,1,2025-10-24 10:00,4.2633,2.34,-6.54,-1.12,3.46,-8.79,2.8,-7.66,-1.87,3.46,-2.62,1.5,1.5,-3.74,-3.27,-0.28,-8.41,-4.3
2026-04-14,ORCAY,4.34,6883959.0,29850065.0,1,2026-04-14 10:00,3.93,2.8,-9.67,-1.78,2.8,-9.67,2.8,-4.58,0.51,2.29,-1.53,0.0,0.51,-3.82,-2.04,-2.04,-5.09,-4.83
2026-05-12,ORGE,4.68,91015196.0,426245047.0,1,2026-05-12 10:00,95.2,0.0,-3.36,0.0,9.66,-3.36,4.31,-1.73,0.32,3.1,-0.95,2.21,9.66,-0.63,4.52,7.56,-2.15,7.56
2022-08-03,ORMA,4.26,350223.0,1490848.0,1,2022-08-03 12:00,34.58,0.17,0.0,0.17,13.77,-1.33,0.17,-0.17,-0.17,3.53,-1.33,3.47,13.77,12.43,13.77,9.83,8.39,9.83
2022-09-14,ORMA,4.21,520785.0,2192137.0,3,2022-09-14 17:00,36.02,1.33,0.0,1.33,1.33,-7.77,1.33,-2.83,-2.83,-2.28,-2.83,-2.28,-2.83,-5.61,-5.05,-5.61,-7.77,-7.77
2023-10-25,ORMA,5.23,2287691.0,11964015.0,3,2023-10-25 18:00,142.3,0.0,0.0,0.0,54.95,0.0,9.98,5.41,9.98,20.94,20.94,20.94,33.03,33.03,33.03,54.95,31.69,31.69
2023-10-26,ORMA,4.22,2812300.0,11860118.0,1,2023-10-26 12:00,156.5,0.0,0.0,0.0,40.89,0.0,9.97,9.97,9.97,20.96,20.96,20.96,33.04,33.04,33.04,31.69,7.99,31.69
2023-11-01,ORMA,4.13,3610036.0,14914790.0,2,2023-11-01 13:00,200.0,0.0,-6.3,-6.3,31.88,-15.5,3.05,-15.5,3.05,13.35,13.35,13.35,24.65,22.5,22.5,31.88,19.9,31.88
2023-11-06,ORMA,4.71,5058750.0,23818621.0,3,2023-11-06 17:00,249.3,0.0,-1.72,-1.72,13.32,-3.81,-0.88,-3.81,-3.81,5.8,-3.81,5.8,11.11,10.71,11.11,-0.24,-2.41,-2.41
2024-09-12,ORMA,5.03,3136323.0,15786381.0,3,2024-09-12 17:00,248.6,0.24,0.0,0.24,10.12,-7.48,10.12,-1.45,5.59,5.59,-0.64,-0.64,-0.64,-1.45,-1.45,-1.45,-7.48,-1.45
2026-05-14,ORMA,4.21,1852417.0,7803526.0,3,2026-05-14 17:00,209.9,0.0,0.0,0.0,1.0,-9.96,0.05,0.0,0.05,0.05,-8.53,0.05,-1.0,-9.96,-7.29,1.0,-9.58,1.0
2025-06-26,OSMEN,4.15,56571658.0,234861945.0,3,2025-06-26 12:00,9.68,1.24,-7.54,-5.27,1.24,-10.54,-0.62,-9.92,-8.06,-3.2,-7.64,-6.1,-0.72,-7.23,-4.13,-4.86,-10.54,-10.43
2024-11-28,OSTIM,4.67,34504170.0,161257604.0,2,2024-11-28 11:00,2.2118,2.77,-1.81,0.72,7.12,-3.98,2.77,-1.93,0.12,0.12,-3.98,-2.17,5.91,-2.29,5.91,4.34,1.21,1.45
2025-08-05,OSTIM,4.32,56539630.0,244262848.0,2,2025-08-05 11:00,4.31,0.46,-2.78,-1.16,6.03,-6.03,5.34,-4.18,-3.71,-1.39,-5.1,-4.18,-0.23,-4.18,-2.32,-2.09,-6.03,-4.18
2024-07-16,OTTO,5.21,1621240.0,8449720.0,2,2024-07-16 13:00,325.0,0.0,-3.0,-2.15,0.0,-7.77,-3.08,-6.62,-6.15,-6.15,-7.69,-7.69,-4.62,-6.15,-5.54,-5.54,-7.77,-7.77
2026-01-15,OTTO,4.81,61699084.0,296927540.0,2,2026-01-15 11:00,416.0,7.21,-7.87,-7.21,7.21,-32.63,-3.25,-15.62,-14.66,-13.1,-20.37,-20.19,-16.35,-22.78,-19.47,-27.16,-32.63,-28.55
2024-10-18,OYAYO,4.89,5028732.0,24570162.0,3,2024-10-18 12:00,27.96,1.93,-3.72,-2.15,5.36,-9.01,-0.93,-6.22,-5.44,-3.58,-6.65,-6.01,-4.51,-9.01,-8.73,5.36,-6.15,4.94
2024-10-28,OYAYO,4.09,9048559.0,37023266.0,3,2024-10-28 12:00,27.22,1.18,-1.32,0.0,1.18,-5.51,0.59,-1.4,-0.73,0.44,-2.13,-1.91,-1.32,-2.94,-1.47,-1.98,-5.51,-3.89
2025-11-05,OYAYO,4.06,7492075.0,30428602.0,2,2025-11-05 11:00,49.8,0.9,-9.44,-1.61,0.9,-16.06,-1.61,-9.6,-5.26,-5.62,-11.41,-8.8,-9.24,-13.09,-12.73,-6.87,-15.3,-6.87
2024-09-11,OYLUM,4.06,21506059.0,87244761.0,3,2024-09-11 12:00,8.55,5.03,-1.17,-1.17,5.03,-6.67,0.12,-5.38,-4.09,-2.34,-4.09,-3.04,-2.22,-4.56,-4.33,-4.21,-6.67,-6.43
2025-12-25,OYLUM,4.82,13375676.0,64465283.0,1,2025-12-25 10:00,12.49,5.04,-6.89,-4.0,5.04,-28.34,-4.88,-13.53,-13.53,-16.49,-21.86,-21.38,-20.9,-28.34,-24.34,-23.54,-25.86,-24.02
2026-04-21,OYLUM,4.56,5952761.0,27139184.0,3,2026-04-21 12:00,9.19,2.29,-2.5,-0.98,2.29,-11.32,0.98,-7.51,-3.16,-2.07,-8.49,-7.07,-5.01,-9.79,-8.6,-7.18,-10.55,-7.29
2025-04-25,OYYAT,4.96,6993546.0,34709921.0,2,2025-04-25 11:00,30.08,0.0,-6.45,-5.78,0.0,-13.1,-5.52,-9.44,-9.44,-8.51,-10.51,-9.51,-8.91,-12.83,-12.83,-10.24,-12.3,-10.44
2026-01-22,OYYAT,4.76,10051205.0,47840846.0,2,2026-01-22 11:00,47.04,2.17,-6.34,-4.12,2.17,-8.25,-0.55,-7.36,-5.87,-3.91,-8.25,-5.44,-3.44,-6.08,-5.87,0.17,-3.06,-1.36
2026-02-17,OYYAT,4.01,25149630.0,100808448.0,2,2026-02-17 11:00,62.45,0.0,-1.2,0.0,19.14,-4.88,5.68,-0.72,-0.72,2.8,-3.84,0.08,2.08,-4.88,-1.04,19.14,9.05,18.41
2026-04-27,OZATD,8.18,212665424.0,1740500970.0,0,2026-04-27 09:00,255.0,10.1,0.0,10.1,77.06,0.0,21.08,21.08,21.08,33.14,33.14,33.14,46.37,46.37,46.37,77.06,77.06,77.06
2026-05-14,OZATD,42.27,282577850.0,11944129492.0,2,2026-05-14 11:00,878.5,0.0,-15.59,0.0,32.38,-15.59,9.96,3.93,9.96,20.89,14.97,20.89,32.38,22.37,29.2,32.04,14.97,32.04
2025-12-19,OZGYO,4.65,53878391.0,250457779.0,2,2025-12-19 11:00,2.3985,2.17,-8.4,-7.32,2.17,-17.89,-1.36,-12.47,-11.65,-8.67,-13.55,-13.55,-8.67,-14.63,-13.82,-14.63,-17.89,-17.07
2026-03-27,OZKGY,5.24,81672223.0,428207713.0,2,2026-03-27 11:00,12.42,2.01,0.0,0.0,2.01,-5.88,-0.16,-5.88,-2.9,-1.85,-4.03,-2.82,-0.64,-3.38,-1.21,0.0,-1.45,-1.13
2024-10-16,OZRDN,4.27,8113568.0,34655533.0,1,2024-10-16 10:00,8.67,4.15,-4.61,-4.5,4.15,-9.92,-3.46,-5.77,-4.38,-0.23,-7.15,-6.34,-4.04,-9.92,-7.73,-2.42,-8.3,-7.84
2024-11-21,OZRDN,6.37,9483305.0,60398620.0,1,2024-11-21 10:00,9.06,1.66,-7.17,-6.07,6.51,-7.95,0.0,-7.95,-4.86,-0.22,-5.19,-1.32,6.51,-3.09,-0.77,-1.32,-3.97,-3.97
2025-03-10,OZRDN,4.69,2699911.0,12651108.0,2,2025-03-10 11:00,9.44,4.87,-1.8,3.28,4.87,-5.72,-0.32,-4.03,-2.44,-1.59,-5.72,-4.03,0.42,-4.56,-0.74,0.0,-4.87,-1.06
2025-09-18,OZRDN,4.88,7004542.0,34147696.0,2,2025-09-18 11:00,11.01,0.0,-1.91,-0.54,0.0,-10.17,-1.27,-9.17,-4.09,-4.63,-8.81,-7.72,-5.09,-10.17,-6.81,-5.81,-9.08,-7.81
2025-11-25,OZRDN,4.49,6047950.0,27166020.0,2,2025-11-25 11:00,12.76,0.0,-11.52,0.0,9.95,-11.52,9.95,-2.43,9.72,9.95,-0.47,1.88,1.88,-8.23,-6.03,4.31,-4.94,-0.24
2026-01-20,OZSUB,4.17,15681074.0,65432204.0,3,2026-01-20 12:00,18.46,4.01,-1.35,0.38,14.3,-3.79,1.08,-3.79,-2.71,-0.98,-2.93,-1.52,8.29,-1.52,8.29,14.3,6.5,10.51
2026-04-28,OZSUB,5.36,48936239.0,262188432.0,1,2026-04-28 10:00,27.54,0.51,-8.28,-4.28,4.79,-9.08,2.76,-9.08,-1.74,1.31,-5.23,-2.25,4.14,-5.66,4.14,3.78,0.44,2.61
2024-10-24,OZYSR,4.59,45886416.0,210546620.0,3,2024-10-24 12:00,6.9366,3.73,-3.59,3.73,12.52,-5.06,12.52,-5.06,-5.06,2.74,-4.08,1.2,8.02,0.84,2.67,2.53,-2.53,-2.53
2024-10-25,OZYSR,4.07,62114737.0,252982469.0,1,2024-10-25 10:00,6.9415,12.44,-5.13,-5.13,12.44,-7.03,2.67,-4.15,1.12,7.94,0.77,2.6,3.87,-0.7,-0.49,-1.48,-7.03,-5.9
2024-09-04,PAMEL,4.65,12179621.0,56651278.0,2,2024-09-04 11:00,110.5,1.18,-3.71,-3.26,6.33,-6.79,6.33,-4.07,0.27,2.26,-2.26,-2.26,1.36,-4.07,-3.89,-1.36,-6.79,-6.33
2026-04-22,PAMEL,4.75,13497605.0,64101245.0,2,2026-04-22 11:00,93.85,1.49,-4.42,-3.09,10.5,-7.83,6.02,-7.83,3.68,10.5,-3.04,-1.23,2.88,-3.04,-2.77,-2.82,-6.55,-5.06
2025-08-04,PAPIL,4.04,172799450.0,698732413.0,3,2025-08-04 12:00,26.32,1.75,-2.2,-2.2,1.75,-20.14,-1.22,-11.93,-11.93,-9.8,-17.17,-13.53,-11.63,-14.89,-14.74,-14.97,-20.14,-17.33
2025-11-06,PAPIL,4.11,289245159.0,1188036885.0,2,2025-11-06 11:00,17.97,7.46,-1.06,-0.22,7.46,-12.58,1.22,-6.23,-5.62,-4.51,-8.35,-6.73,-6.73,-11.35,-10.57,-9.13,-12.58,-12.41
2025-03-17,PARSN,5.62,17802602.0,100091822.0,2,2025-03-17 11:00,86.65,2.94,-0.69,-0.29,2.94,-16.79,0.35,-3.06,-1.79,-5.37,-10.44,-9.92,-6.64,-11.48,-9.75,-10.21,-16.79,-13.1
2025-04-22,PARSN,4.13,24108738.0,99576459.0,1,2025-04-22 10:00,84.5,4.85,-2.66,-2.66,7.04,-5.68,1.07,-5.68,-3.2,-0.77,-4.08,-2.66,7.04,-1.24,1.42,0.0,-4.32,-4.08
2025-04-28,PARSN,4.09,36843393.0,150664223.0,3,2025-04-28 12:00,87.85,2.62,-2.68,-2.45,2.62,-8.94,-2.22,-6.09,-4.89,-3.81,-7.97,-7.74,-6.03,-8.94,-7.51,-4.84,-6.6,-5.81
2024-10-24,PATEK,4.79,104612324.0,501611150.0,1,2024-10-24 10:00,19.9548,6.16,-4.25,6.16,25.57,-4.25,14.72,5.2,7.83,7.78,-1.23,5.82,16.4,6.04,16.4,25.57,18.97,25.57
2024-10-25,PATEK,4.12,168173385.0,693470089.0,3,2024-10-25 12:00,22.445,1.09,-4.13,-4.13,16.62,-12.19,-4.18,-12.19,-5.92,3.48,-5.72,3.48,6.67,-2.29,1.49,16.62,5.77,11.84
2025-03-24,PCILT,4.41,23706598.0,104599457.0,3,2025-03-24 12:00,10.97,7.02,0.0,1.64,12.94,0.0,8.84,2.1,7.11,12.94,6.29,10.39,12.85,7.11,7.2,6.84,3.65,5.83
2024-07-10,PEKGY,4.04,221911742.0,897330199.0,1,2024-07-10 10:00,1.9082,11.84,-6.25,-6.25,11.84,-27.74,-7.89,-15.57,-15.57,-12.39,-24.01,-23.36,-22.92,-27.74,-25.0,-21.05,-25.77,-25.77
2024-11-29,PEKGY,4.64,92718973.0,430293228.0,3,2024-11-29 12:00,0.9625,1.09,-3.04,-2.39,43.7,-3.48,6.74,-3.48,5.43,15.87,3.48,15.87,24.78,15.22,18.91,43.7,30.22,34.35
2025-06-13,PEKGY,6.24,249057819.0,1554357012.0,1,2025-06-13 10:00,1.5228,5.13,-13.33,0.51,34.36,-13.33,10.26,-1.03,10.26,21.03,12.31,21.03,32.82,25.13,32.82,24.1,8.21,8.21
2025-08-27,PEKGY,4.0,1159641829.0,4641559530.0,2,2025-08-27 11:00,8.61,0.0,0.0,0.0,2.09,-26.95,2.09,-9.99,-9.99,-10.69,-18.93,-18.93,-10.92,-26.95,-10.92,-15.21,-21.02,-19.16
2025-08-28,PEKGY,4.21,1503221150.0,6325968512.0,1,2025-08-28 10:00,8.11,8.38,-4.44,-4.44,8.38,-22.44,-5.18,-13.93,-13.93,-5.43,-22.44,-5.43,0.37,-12.45,-12.45,-10.48,-15.78,-12.82
2025-01-23,PENGD,5.32,19121785.0,101755849.0,1,2025-01-23 10:00,7.47,6.43,-4.95,-4.95,6.43,-6.96,0.4,-6.29,-1.34,-0.4,-4.15,-4.15,-2.81,-6.29,-5.49,-5.62,-6.96,-6.69
2025-06-26,PENGD,8.58,24663362.0,211622551.0,1,2025-06-26 10:00,9.4,0.0,-13.09,-3.83,5.64,-13.09,0.0,-7.98,-7.77,-0.74,-7.23,-4.68,-3.4,-8.3,-5.21,5.64,-1.91,-0.85
2026-03-30,PENGD,4.01,87885645.0,352426808.0,2,2026-03-30 11:00,10.43,4.12,-9.49,-9.2,11.03,-10.74,-0.19,-10.74,-0.19,8.34,-0.58,6.62,11.03,3.45,4.99,1.63,-3.16,-3.16
2025-03-07,PENTA,8.94,21544438.0,192598007.0,1,2025-03-07 10:00,15.79,3.99,-5.07,-4.43,3.99,-6.78,1.08,-5.64,-3.48,-3.74,-5.64,-4.43,-3.42,-6.78,-6.59,-2.22,-3.74,-2.53
2024-10-17,PETUN,4.4,12248715.0,53944448.0,3,2024-10-17 12:00,10.0,0.9,-3.1,-3.1,0.9,-8.8,-0.3,-5.5,-4.0,-2.4,-7.3,-6.8,-4.9,-8.4,-5.6,-7.0,-8.5,-7.4
2025-05-02,PETUN,4.37,17586869.0,76799838.0,2,2025-05-02 11:00,9.74,1.03,-2.87,-1.95,1.03,-9.65,0.21,-5.65,-5.44,-4.52,-6.57,-5.95,-5.03,-9.65,-7.7,-6.26,-7.6,-6.78
2026-01-30,PETUN,4.08,21945150.0,89606187.0,3,2026-01-30 12:00,13.2,1.14,-3.56,-1.89,4.02,-3.56,4.02,-2.8,0.83,3.11,-3.48,-1.82,-0.76,-2.58,-1.06,0.23,-3.41,-2.27
2026-02-02,PETUN,4.43,30022861.0,133062592.0,3,2026-02-02 12:00,13.05,3.45,-0.84,1.99,4.29,-2.38,4.29,-2.38,-0.69,0.38,-1.46,0.08,1.53,-1.07,-1.0,1.15,-1.0,0.23
2026-03-09,PETUN,4.32,35044312.0,151277784.0,3,2026-03-09 12:00,12.08,2.9,-4.8,-2.48,2.9,-5.63,-0.25,-4.14,-0.91,-1.32,-4.06,-2.81,-0.5,-2.98,-2.57,-3.56,-5.3,-5.22
2024-12-03,PINSU,6.37,7908982.0,50400319.0,3,2024-12-03 12:00,6.83,4.69,-2.49,-1.46,4.69,-4.83,-1.02,-3.37,-1.9,0.0,-2.05,-0.88,0.29,-1.02,-0.44,0.59,-4.83,-2.2
2025-05-23,PINSU,4.08,11505236.0,46994905.0,2,2025-05-23 11:00,5.85,2.22,-0.85,1.71,4.44,-5.64,4.44,-5.64,0.17,2.56,-1.88,1.88,1.71,-2.39,-0.68,0.0,-2.56,-1.71
2025-09-17,PINSU,5.48,61679754.0,337953582.0,3,2025-09-17 12:00,12.98,0.0,-3.7,0.0,8.01,-9.86,8.01,-6.55,-6.39,1.08,-5.78,-3.85,0.08,-5.78,-5.24,-1.85,-8.01,-6.93
2026-03-12,PINSU,4.46,41072725.0,183015925.0,2,2026-03-12 11:00,10.97,4.01,-1.28,0.82,6.65,-3.37,6.65,1.19,2.01,4.56,0.09,0.27,1.09,-1.37,-0.64,1.82,-3.37,-1.64
2026-03-23,PINSU,4.63,54572438.0,252937534.0,2,2026-03-23 11:00,11.86,0.0,-2.61,0.0,7.42,-6.58,7.42,-2.36,-1.77,1.94,-3.37,-1.43,-0.76,-5.14,-4.72,4.55,-0.93,0.34
2026-03-24,PINSU,4.04,76351006.0,308510334.0,3,2026-03-24 12:00,12.25,0.33,-5.47,-4.9,1.22,-9.55,-1.31,-6.45,-4.57,-3.92,-8.16,-7.76,-2.45,-9.55,-6.45,-3.67,-7.1,-6.2
2024-10-31,PKART,4.05,14832520.0,60027584.0,1,2024-10-31 10:00,61.05,11.96,-1.39,1.88,11.96,-7.29,5.49,-2.78,-0.33,0.41,-5.65,-4.83,-3.93,-7.21,-6.31,-4.01,-7.29,-5.16
2024-12-06,PKART,4.11,23980470.0,98606861.0,2,2024-12-06 11:00,71.85,2.02,-3.76,-3.13,9.26,-6.96,-1.39,-6.96,-4.45,5.08,-6.05,0.0,9.26,-3.83,2.57,2.78,-0.63,0.14
2025-01-28,PKART,4.43,31934645.0,141516280.0,1,2025-01-28 10:00,89.45,3.69,-8.27,-8.27,3.69,-13.64,-1.06,-10.51,-6.09,-3.47,-12.35,-10.01,-1.01,-11.63,-9.33,-7.99,-12.63,-11.79
2025-04-10,PKART,4.46,17480880.0,78037423.0,2,2025-04-10 11:00,67.45,1.19,-5.93,-5.34,4.08,-8.08,4.08,-8.08,-3.04,2.15,-5.49,-0.44,2.89,-2.15,0.82,-1.26,-3.78,-2.45
2025-04-11,PKART,4.77,21931800.0,104626427.0,2,2025-04-11 11:00,65.85,6.61,-1.82,-0.68,6.61,-3.19,4.63,-3.19,1.97,5.39,0.23,3.26,4.78,-1.29,-1.21,0.84,-2.81,-2.05
2025-12-26,PKART,4.77,6765239.0,32266592.0,2,2025-12-26 11:00,74.95,3.8,-2.0,2.13,11.41,-3.74,11.41,0.33,1.13,5.07,-3.74,-2.27,1.73,-3.14,-2.13,-0.6,-3.27,-1.67
2025-12-29,PKART,4.86,11015073.0,53541770.0,2,2025-12-29 11:00,82.15,1.64,-8.46,-7.73,1.64,-12.17,-4.14,-12.17,-10.83,-7.18,-11.63,-10.71,-9.68,-11.26,-10.65,-8.52,-10.83,-10.23
2026-02-18,PKART,4.99,15506783.0,77421035.0,1,2026-02-18 10:00,80.35,6.1,-3.67,-3.67,6.1,-6.6,3.42,-3.86,-1.43,2.55,-2.92,-2.43,0.81,-3.55,-2.68,-2.92,-6.6,-5.41
2026-03-02,PKART,4.42,32653317.0,144205196.0,2,2026-03-02 11:00,85.0,5.65,-6.18,-4.53,5.65,-15.76,-1.06,-6.47,-6.06,-6.06,-12.88,-11.0,-7.82,-11.88,-8.24,-12.35,-15.76,-13.94
2024-09-02,PKENT,4.11,27245773.0,111884030.0,2,2024-09-02 11:00,237.3,3.16,-3.92,-2.28,16.31,-3.92,7.46,-2.57,7.46,16.31,2.4,10.83,15.89,7.46,7.46,5.06,-1.6,-1.22
2024-11-01,PKENT,4.63,18760101.0,86943786.0,2,2024-11-01 11:00,241.4,2.32,-1.86,-0.62,5.32,-4.23,5.32,-1.99,0.41,4.39,-0.25,0.46,3.15,-0.08,0.79,1.28,-3.77,-0.41
2025-05-15,PKENT,6.0,27636844.0,165927973.0,1,2025-05-15 10:00,233.4,4.71,-3.26,-0.43,6.64,-5.61,1.97,-4.67,-3.04,6.64,-3.13,1.97,4.84,-2.87,-1.54,0.17,-4.84,-4.5
2025-10-31,PKENT,4.07,28351722.0,115279952.0,3,2025-10-31 12:00,234.9,1.19,-2.55,-2.09,38.25,-2.55,7.71,-1.19,7.71,18.45,5.87,18.45,30.27,16.11,30.27,28.57,17.07,19.94
2025-11-04,PKENT,4.37,40719411.0,177922129.0,2,2025-11-04 11:00,267.25,4.12,-6.83,4.12,21.52,-6.83,14.5,2.06,14.5,21.52,6.55,6.83,13.0,2.9,5.43,7.39,0.19,3.55
2025-11-05,PKENT,4.04,56594465.0,228493052.0,2,2025-11-05 11:00,293.25,4.35,-4.86,4.35,10.74,-14.95,10.74,-2.9,-2.64,2.98,-6.22,-3.92,-0.68,-5.37,-3.15,-4.18,-14.95,-12.87
2026-02-11,PKENT,4.15,56139656.0,232976358.0,2,2026-02-11 11:00,173.7,1.61,-7.02,-6.91,5.12,-7.02,-2.71,-6.91,-3.91,5.07,-5.24,3.91,5.12,0.17,0.63,-1.55,-6.04,-5.81
2026-02-25,PNLSN,4.22,81371975.0,343557038.0,3,2026-02-25 12:00,53.15,2.45,-1.22,2.45,6.59,-10.25,6.59,-7.62,-6.68,2.63,-5.93,-0.28,-2.35,-10.25,-7.81,-1.6,-10.07,-7.81
2025-05-02,PNSUT,4.15,10880336.0,45163203.0,3,2025-05-02 12:00,9.33,0.64,-1.07,0.64,8.15,-3.54,8.15,-0.86,-0.64,3.11,-1.18,1.18,1.82,-3.32,-2.36,-1.5,-3.54,-2.57
2025-05-05,PNSUT,4.1,14918207.0,61101211.0,2,2025-05-05 11:00,9.95,1.11,-7.04,-6.83,1.11,-9.55,-3.32,-7.34,-5.13,-4.52,-9.35,-8.44,-7.14,-8.64,-8.04,-3.02,-7.74,-3.62
2025-09-08,PNSUT,4.33,62120626.0,268964119.0,3,2025-09-08 12:00,14.56,3.23,-4.4,3.02,6.32,-11.06,6.32,-1.65,-1.24,1.79,-5.15,-3.85,-1.72,-8.65,-8.65,-3.78,-11.06,-3.85
2026-01-30,PNSUT,9.71,19313409.0,187523316.0,1,2026-01-30 10:00,12.96,0.0,-6.25,0.0,15.43,-6.25,9.95,3.47,9.95,15.43,2.85,4.55,7.18,0.39,1.62,4.17,-3.55,-0.54
2026-02-02,PNSUT,8.66,30490080.0,263990919.0,1,2026-02-02 10:00,13.77,3.49,-2.61,3.49,8.64,-9.22,8.64,-3.2,-1.6,0.87,-5.52,-4.36,-3.49,-8.5,-8.21,-4.79,-7.19,-6.61
2026-02-03,PNSUT,4.17,53434152.0,222691070.0,3,2026-02-03 12:00,13.95,1.51,-4.01,-2.87,1.51,-10.39,-0.43,-6.74,-5.59,-4.73,-9.68,-9.39,-3.23,-10.39,-7.6,-6.95,-9.39,-8.96
2025-04-02,POLHO,4.24,54712282.0,232159977.0,1,2025-04-02 10:00,11.885,2.71,-4.32,2.71,12.64,-5.22,12.64,-1.35,-1.35,5.74,-2.26,0.77,3.8,-3.48,-2.58,-0.45,-5.22,-4.96
2025-04-03,POLHO,4.39,73119271.0,321291321.0,2,2025-04-03 11:00,12.7355,2.17,-7.94,-7.94,2.17,-11.55,-1.32,-8.78,-5.96,-3.13,-9.93,-9.09,-3.79,-9.27,-9.15,-4.75,-9.93,-8.54
2024-08-29,POLTK,4.23,41989664.0,177612155.0,3,2024-08-29 12:00,8260.0,1.33,-6.14,-5.02,1.33,-11.38,-0.15,-5.57,-2.48,0.12,-7.35,-7.32,-7.32,-10.53,-9.69,-3.45,-11.38,-9.59
2024-11-26,POLTK,4.67,24361431.0,113776050.0,2,2024-11-26 11:00,7687.5,2.7,-1.66,2.7,12.39,-6.8,12.39,0.62,3.61,4.07,-2.18,-1.76,-1.2,-5.04,-4.49,0.42,-6.8,-6.67
2024-11-27,POLTK,4.21,31941117.0,134554630.0,1,2024-11-27 10:00,8547.5,1.08,-9.51,-6.81,1.08,-17.02,-6.41,-12.02,-11.64,-11.14,-14.59,-14.1,-12.84,-15.76,-15.33,-14.01,-17.02,-15.18
2025-04-16,POLTK,4.27,29449012.0,125812205.0,2,2025-04-16 11:00,7572.5,1.75,-3.57,1.75,10.37,-14.13,10.37,0.5,0.5,0.4,-5.88,-4.56,4.23,-6.01,-5.08,-6.77,-14.13,-11.59
2025-07-03,POLTK,4.49,25110638.0,112691242.0,2,2025-07-03 11:00,6627.5,10.52,-3.09,-1.92,10.52,-6.26,-1.13,-4.07,-3.55,-2.15,-5.85,-4.45,-1.32,-4.98,-4.6,-4.26,-5.21,-5.02
2025-12-29,POLTK,6.91,169313606.0,1169389320.0,2,2025-12-29 11:00,11090.0,19.5,0.0,0.0,19.5,-35.62,-6.67,-9.99,-9.99,-12.53,-18.98,-16.1,-7.71,-24.48,-24.48,-27.37,-35.62,-35.53
2025-05-02,PRDGS,4.42,12518500.0,55289357.0,3,2025-05-02 12:00,5.17,2.13,-0.39,2.13,24.76,-0.39,12.19,4.45,12.19,23.4,8.9,11.22,13.15,2.71,3.29,24.76,15.09,24.76
2025-05-06,PRDGS,10.49,20274845.0,212628680.0,1,2025-05-06 10:00,5.97,6.87,-5.7,-3.69,14.57,-11.06,-2.01,-11.06,-10.55,-1.68,-10.39,-1.68,8.04,-0.34,8.04,14.57,0.17,14.57
2025-10-31,PRDGS,7.4,15946853.0,118076867.0,1,2025-10-31 10:00,7.41,1.89,-6.34,-3.91,11.34,-11.2,5.67,-3.91,5.67,11.34,-2.56,-2.56,-0.27,-8.23,-7.96,-6.34,-11.2,-10.8
2025-11-03,PRDGS,4.38,27845510.0,121887463.0,2,2025-11-03 11:00,7.83,0.0,-3.45,0.0,5.36,-18.39,5.36,-7.79,-7.79,-5.62,-13.15,-12.9,-12.39,-15.96,-14.81,-14.69,-18.39,-17.5
2025-11-04,PRDGS,4.13,33635853.0,139048961.0,3,2025-11-04 12:00,7.7,2.6,-6.23,-6.23,2.6,-18.18,-4.03,-11.69,-11.43,-10.91,-14.55,-13.38,-9.87,-14.55,-14.16,-11.04,-18.18,-17.14
2026-04-21,PRDGS,4.14,67146819.0,277752712.0,2,2026-04-21 11:00,8.8,3.07,-4.55,-4.09,3.07,-6.7,0.57,-5.57,-1.59,0.57,-5.45,-0.68,-0.68,-5.11,-4.55,-1.59,-6.14,-4.55
2025-05-16,PRKAB,7.16,13507783.0,96710227.0,1,2025-05-16 10:00,29.26,2.12,-6.97,-2.8,2.12,-7.93,0.48,-3.28,-2.6,-2.6,-4.24,-4.24,-2.6,-6.22,-4.85,-5.81,-7.93,-7.72
2025-07-10,PRKAB,4.64,9519562.0,44200896.0,3,2025-07-10 12:00,30.52,0.92,-2.95,0.92,10.42,-2.95,10.42,1.44,3.21,9.7,1.9,4.59,7.47,-0.52,1.64,4.19,-2.75,2.1
2025-07-11,PRKAB,5.56,13258638.0,73671462.0,1,2025-07-11 10:00,32.68,3.12,-5.26,-3.61,3.12,-9.18,2.45,-4.83,-2.33,0.37,-7.1,-5.08,-3.61,-6.12,-4.59,-3.55,-4.77,-4.28
2025-11-04,PRKAB,7.7,16105629.0,123999990.0,1,2025-11-04 10:00,43.5,9.2,-8.97,-3.86,9.2,-15.82,0.92,-8.37,-8.32,-2.62,-8.83,-8.14,-6.57,-11.17,-10.8,-8.46,-15.82,-12.41
2026-01-14,PRKAB,4.68,29542327.0,138218933.0,2,2026-01-14 11:00,35.94,1.28,-8.96,-8.4,14.08,-8.96,-2.5,-8.74,-7.9,-2.06,-7.46,-7.23,2.0,-6.96,2.0,14.08,1.89,8.57
2026-01-20,PRKAB,4.2,48631535.0,204108766.0,1,2026-01-20 10:00,39.06,3.23,-5.17,-2.71,17.31,-6.25,4.97,-6.25,-0.1,1.13,-3.23,-2.87,-1.59,-5.17,-3.02,17.31,6.86,17.31
2026-01-29,PRKAB,4.12,132966249.0,547301787.0,2,2026-01-29 11:00,52.95,4.63,-2.46,4.63,19.55,-15.24,-0.94,-5.84,-5.84,0.09,-15.24,-9.39,-0.38,-6.36,-0.38,19.55,1.98,19.55
2026-05-13,PRKAB,4.17,72748409.0,303028716.0,2,2026-05-13 11:00,42.56,5.22,-1.46,5.22,19.36,-14.1,15.7,2.07,15.7,19.36,4.37,5.5,10.86,-2.07,-1.6,-3.99,-14.1,-14.1
2024-12-25,PRKME,6.84,15799988.0,108049980.0,1,2024-12-25 10:00,20.86,5.18,-3.84,-2.01,21.38,-4.6,0.0,-4.6,-3.55,6.04,-4.12,6.04,16.59,8.15,16.59,17.26,7.57,8.25
2025-02-25,PRKME,5.45,13344735.0,72748263.0,1,2025-02-25 10:00,20.24,9.09,-3.21,-2.67,9.09,-7.61,-1.43,-6.92,-6.37,-4.15,-6.62,-5.58,-2.92,-7.61,-4.89,0.49,-5.88,-4.99
2025-09-26,PRKME,9.67,23282809.0,225244770.0,1,2025-09-26 10:00,26.44,10.06,-5.75,-4.24,10.06,-31.73,-13.77,-13.77,-13.77,-22.39,-22.39,-22.39,-20.73,-30.14,-28.21,-26.44,-31.73,-30.33
2025-10-01,PRKME,7.16,42383769.0,303338897.0,1,2025-10-01 10:00,20.14,4.07,-8.29,-5.76,4.07,-13.16,-2.98,-8.94,-6.65,-3.43,-10.38,-8.54,-6.9,-9.73,-7.89,-5.66,-13.16,-11.87
2026-01-27,PRKME,4.62,57730494.0,266904935.0,3,2026-01-27 12:00,20.74,0.0,-2.8,0.0,20.93,-2.8,9.93,2.7,9.93,20.93,8.78,20.93,15.62,8.87,8.87,10.13,4.05,5.79
2026-01-29,PRKME,4.35,76441498.0,332203641.0,1,2026-01-29 10:00,23.9,4.94,-5.61,4.94,4.94,-14.9,0.33,-5.52,-5.52,-6.03,-14.9,-11.88,-4.44,-9.71,-8.2,-10.46,-14.31,-13.81
2026-05-07,PRZMA,5.46,37499337.0,204849072.0,3,2026-05-07 17:00,42.96,0.0,0.0,0.0,9.12,-13.87,9.12,-3.03,-3.03,-3.03,-10.2,-10.2,-1.26,-13.87,-1.26,2.33,-5.73,-2.93
2026-06-04,PRZMA,4.82,105246358.0,506898238.0,3,2026-06-04 12:00,57.75,4.68,-8.92,-7.88,4.68,-23.95,-6.58,-16.09,-15.53,-16.57,-23.95,-18.37,,,,,,
2024-09-11,PSDTC,6.9,12187685.0,84147244.0,2,2024-09-11 11:00,81.3,0.25,-7.13,0.25,6.52,-11.5,6.52,-7.75,-5.6,-4.55,-10.27,-10.21,-5.9,-10.46,-10.33,4.67,-6.89,-3.81
2024-09-12,PSDTC,4.02,15722267.0,63157904.0,3,2024-09-12 12:00,78.25,4.35,-4.15,-1.92,9.9,-8.05,-0.83,-6.77,-6.71,-2.24,-6.96,-6.84,0.89,-8.05,-1.09,9.9,-0.32,9.9
2024-10-30,PSDTC,5.19,22012866.0,114318417.0,3,2024-10-30 12:00,116.8,2.4,-7.28,-7.28,2.4,-30.99,-9.16,-16.52,-16.52,-14.9,-22.43,-22.09,-21.83,-28.08,-27.27,-28.34,-30.99,-30.86
2024-10-31,PSDTC,5.36,29324769.0,157218250.0,1,2024-10-31 10:00,103.6,2.41,-5.89,-5.89,2.41,-24.42,-4.05,-12.55,-12.16,-11.87,-18.92,-18.0,-11.73,-20.37,-19.59,-20.46,-24.42,-23.02
2025-03-06,PSDTC,4.0,8622514.0,34529382.0,1,2025-03-06 10:00,85.05,4.0,-6.53,-1.23,10.52,-6.53,8.58,-1.59,4.82,10.52,2.29,5.82,9.88,2.29,2.94,2.23,-2.53,-0.41
2025-03-07,PSDTC,4.74,13650988.0,64704602.0,3,2025-03-07 12:00,88.65,4.17,-4.0,0.56,6.03,-8.91,6.03,-1.86,1.52,5.41,-1.86,-1.24,-0.23,-8.91,-6.26,-2.99,-6.03,-5.25
2025-05-15,PSDTC,8.88,7383472.0,65528837.0,1,2025-05-15 10:00,101.4,0.0,-4.93,0.0,24.26,-4.93,4.54,-4.93,4.54,14.99,-1.28,14.99,24.26,9.27,11.24,8.48,2.76,6.51
2022-07-29,QNBFK,4.81,119952.0,577208.0,3,2022-07-29 17:00,3.4665,0.0,0.0,0.0,0.0,-7.0,-1.62,-3.84,-2.36,-4.38,-5.79,-4.38,-3.7,-7.0,-4.44,-2.76,-3.23,-3.23
2022-11-03,QNBFK,4.15,251490.0,1044732.0,3,2022-11-03 17:00,4.2368,0.0,0.0,0.0,5.9,-3.31,5.79,5.4,5.4,5.9,4.74,4.74,4.74,-3.31,4.63,-2.2,-2.31,-2.2
2022-12-27,QNBFK,4.01,609867.0,2448341.0,3,2022-12-27 17:00,6.1673,0.0,0.0,0.0,0.0,-9.92,0.0,-3.41,-3.41,-4.01,-8.33,-4.62,-4.62,-6.89,-5.75,-2.04,-9.92,-9.92
2023-04-17,QNBFK,5.42,135166.0,732887.0,3,2023-04-17 17:00,4.3185,0.0,0.0,0.0,0.54,-12.16,0.54,-7.95,-7.95,0.0,-8.11,-7.51,-5.73,-6.54,-5.73,-11.08,-12.16,-11.62
2023-06-16,QNBFK,4.8,157753.0,756643.0,2,2023-06-16 13:00,4.5286,0.0,-3.09,-3.09,0.05,-12.06,0.0,-5.21,-5.21,0.05,-12.06,-2.11,-5.41,-8.25,-8.25,-2.06,-3.81,-2.37
2024-02-29,QNBFK,4.26,5910120.0,25183896.0,1,2024-02-29 12:00,46.1732,0.0,0.0,0.0,46.11,0.0,9.91,9.91,9.91,20.83,20.83,20.83,32.86,32.86,32.86,38.04,31.53,31.53
2024-03-06,QNBFK,4.47,8575710.0,38346998.0,2,2024-03-06 13:00,67.229,0.35,0.0,0.35,4.71,-18.66,-5.19,-9.66,-9.66,-13.59,-18.66,-13.59,-4.95,-5.19,-4.95,4.71,-5.92,-5.92
2024-03-12,QNBFK,4.75,14365497.0,68210055.0,3,2024-03-12 17:00,70.2738,0.0,0.0,0.0,7.45,-16.23,0.17,-9.99,-9.99,-1.04,-16.23,-1.04,-0.64,-1.04,-0.64,7.39,6.82,6.82
2024-07-25,QNBFK,4.24,2672215.0,11341330.0,3,2024-07-25 17:00,53.9943,0.0,-0.75,-0.75,0.0,-17.07,-4.81,-4.81,-4.81,-9.4,-9.4,-9.4,-9.4,-14.59,-14.59,-13.53,-14.36,-14.29
2024-08-27,QNBFK,4.09,2952398.0,12079418.0,2,2024-08-27 13:00,48.8384,0.0,-3.16,-3.16,6.4,-8.98,6.4,-8.98,6.4,5.57,3.82,3.82,3.82,-1.5,1.41,-0.25,-3.33,-3.33
2025-03-21,QNBFK,4.63,1894515.0,8769990.0,3,2025-03-21 17:00,34.5686,0.0,-0.93,-0.93,2.6,-7.81,-0.93,-2.19,-2.19,2.6,-7.81,0.98,-2.09,-6.37,-3.53,-2.65,-4.65,-4.65
2025-07-18,QNBFK,4.1,1133787.0,4643363.0,2,2025-07-18 13:00,31.8031,0.0,0.0,0.0,25.83,0.0,9.96,9.96,9.96,20.93,20.93,20.93,25.83,20.93,25.83,8.7,6.72,6.77
2025-07-22,QNBFK,4.25,1556488.0,6610818.0,2,2025-07-22 13:00,38.4596,0.0,0.0,0.0,4.06,-13.0,4.06,0.0,4.06,0.08,-6.31,-6.31,-10.12,-11.75,-11.71,-7.98,-12.42,-7.98
2025-07-23,QNBFK,4.05,1997906.0,8095799.0,1,2025-07-23 12:00,38.5561,3.79,0.0,3.79,3.79,-13.22,-0.17,-6.55,-6.55,-10.34,-11.97,-11.93,-8.26,-13.22,-12.76,0.96,-8.13,0.96
2025-08-05,QNBFK,5.44,4623858.0,25141788.0,2,2025-08-05 13:00,56.9176,0.0,0.0,0.0,50.0,0.0,2.97,0.0,2.97,13.21,4.31,13.21,24.51,22.88,24.51,50.0,23.31,23.31
2026-01-09,QNBFK,4.43,2587038.0,11448215.0,3,2026-01-09 17:00,46.5068,0.0,0.0,0.0,4.41,-9.94,4.41,-9.94,3.72,0.95,-2.59,-1.47,-3.03,-3.46,-3.46,-3.89,-5.7,-4.41
2026-04-07,QNBFK,6.45,1703500.0,10987969.0,1,2026-04-07 12:00,51.65,0.0,-3.0,-3.0,0.0,-18.1,-6.33,-12.68,-12.68,-12.68,-18.1,-15.59,-11.02,-16.05,-11.02,-9.66,-11.67,-10.94
2022-08-26,QNBTR,4.92,507840.0,2500666.0,3,2022-08-26 17:00,28.7491,0.0,0.0,0.0,0.0,-14.15,-0.42,-8.9,-8.9,-8.9,-14.15,-12.03,-11.02,-12.58,-11.02,-1.82,-7.84,-1.82
2023-06-16,QNBTR,5.15,373888.0,1926902.0,3,2023-06-16 17:00,27.4091,0.0,0.0,0.0,0.0,-9.82,0.0,-1.78,-1.78,-5.82,-6.0,-5.82,-5.82,-9.64,-9.64,-7.02,-7.02,-7.02
2023-08-04,QNBTR,4.21,1040353.0,4378319.0,3,2023-08-04 17:00,37.5505,0.0,0.0,0.0,31.39,0.0,9.98,9.98,9.98,20.92,20.92,20.92,31.39,31.39,31.39,29.76,6.97,29.76
2023-08-09,QNBTR,4.37,1367543.0,5974074.0,2,2023-08-09 13:00,49.3364,0.0,0.0,0.0,0.0,-18.58,0.0,-10.0,-10.0,-1.23,-18.58,-1.23,-3.95,-4.07,-4.07,-9.88,-10.0,-10.0
2023-09-14,QNBTR,4.1,6591324.0,27034064.0,3,2023-09-14 17:00,123.0364,0.0,0.0,0.0,20.2,-18.61,4.26,0.4,0.4,-0.74,-9.6,-9.6,-0.59,-18.61,-0.59,20.2,9.9,14.7
2023-09-29,QNBTR,4.14,20784673.0,86039182.0,3,2023-09-29 17:00,246.0119,0.0,0.0,0.0,0.0,-27.06,-9.98,-9.98,-9.98,-18.97,-18.97,-18.97,-27.06,-27.06,-27.06,-11.76,-16.56,-16.56
2024-08-27,QNBTR,4.95,3877019.0,19184900.0,1,2024-08-27 12:00,213.1818,0.0,-10.5,-1.43,8.21,-10.5,8.21,7.29,7.36,7.36,7.36,7.36,7.36,-3.36,-3.36,4.29,-1.93,-1.86
2025-01-03,QNBTR,4.02,3027993.0,12186568.0,3,2025-01-03 17:00,153.3387,2.98,0.0,2.98,13.21,0.0,12.81,5.66,12.81,12.81,7.75,9.04,7.25,7.25,7.25,13.21,6.16,8.44
2025-03-19,QNBTR,4.14,2996451.0,12400087.0,2,2025-03-19 13:00,226.2773,1.48,0.0,1.48,21.47,-11.71,11.57,7.67,11.57,21.47,0.47,0.47,-0.4,-9.56,-9.56,-5.79,-8.01,-5.79
2025-03-20,QNBTR,4.19,4021734.0,16850206.0,3,2025-03-20 17:00,252.4682,0.0,0.0,0.0,8.87,-20.87,8.87,-9.95,-9.95,-10.74,-18.94,-18.94,-15.56,-20.87,-15.56,-7.12,-10.74,-7.12
2025-03-21,QNBTR,4.41,4811599.0,21239742.0,3,2025-03-21 17:00,227.3432,0.0,0.0,0.0,3.15,-12.12,-0.87,-9.98,-9.98,-6.23,-12.12,-6.23,-6.23,-8.44,-6.23,-0.33,-7.17,-7.17
2025-07-22,QNBTR,4.6,4175773.0,19206250.0,1,2025-07-22 12:00,267.3909,0.0,-13.15,-10.93,0.0,-14.24,-4.16,-8.88,-8.88,-8.83,-8.83,-8.83,-8.83,-14.24,-14.24,-5.01,-8.88,-5.01
2025-08-05,QNBTR,8.14,9781573.0,79622965.0,1,2025-08-05 12:00,407.7864,0.0,0.0,0.0,53.85,0.0,9.93,9.93,9.93,20.91,20.91,20.91,32.94,32.94,32.94,53.85,31.67,31.67
2025-08-11,QNBTR,4.57,18649103.0,85250341.0,3,2025-08-11 17:00,596.3001,0.0,0.0,0.0,5.21,-51.17,5.21,-9.96,-9.96,-18.95,-18.95,-18.95,-27.02,-27.02,-27.02,-45.86,-51.17,-45.86
2026-04-06,QNBTR,4.47,5041702.0,22520292.0,3,2026-04-06 17:00,316.75,0.0,0.0,0.0,9.94,-16.97,9.94,-9.94,-9.94,-11.6,-16.97,-11.76,-12.23,-15.07,-15.0,-12.79,-14.76,-14.76
2026-04-07,QNBTR,9.59,5984392.0,57383487.0,1,2026-04-07 12:00,348.0,0.0,-18.03,-18.03,0.0,-24.43,-19.54,-24.43,-19.68,-20.11,-22.7,-22.63,-20.62,-22.63,-20.62,-20.19,-21.7,-20.26
2025-11-13,QUAGR,5.57,300183217.0,1672049425.0,2,2025-11-13 11:00,5.52,13.22,-0.18,-0.18,13.22,-32.25,5.25,-8.51,-6.88,-5.25,-11.05,-10.87,-8.33,-19.75,-19.75,-19.38,-32.25,-30.62
2024-11-22,RAYSG,5.15,25006799.0,128689665.0,3,2024-11-22 12:00,424.0,2.48,-0.71,2.48,18.4,-0.71,12.68,-0.71,12.68,18.4,8.61,8.61,12.03,3.18,10.26,13.44,9.67,13.44
2024-11-25,RAYSG,4.27,33232018.0,142050106.0,3,2024-11-25 12:00,422.0,13.21,-0.24,13.21,18.96,-0.24,18.96,9.12,9.12,12.56,3.67,10.78,15.64,10.19,10.9,16.71,12.8,15.82
2025-01-24,RAYSG,4.07,107081886.0,435514642.0,2,2025-01-24 11:00,673.5,6.16,0.0,4.23,9.13,-29.51,7.5,-0.97,7.35,9.13,-3.34,-3.34,-3.49,-12.99,-12.99,-18.34,-29.51,-29.51
2025-03-07,RAYSG,4.09,95706909.0,391380630.0,3,2025-03-07 12:00,358.5,2.65,-3.49,-2.16,12.97,-7.25,0.07,-5.09,-4.46,-3.49,-6.0,-5.44,-4.46,-5.93,-5.3,12.97,-7.25,-7.25
2025-03-14,RAYSG,4.36,150828439.0,656897756.0,1,2025-03-14 10:00,368.75,9.83,-9.83,-9.83,9.83,-32.88,-7.25,-13.29,-12.95,-7.8,-14.64,-13.63,-16.75,-22.24,-22.24,-25.56,-32.88,-32.88
2025-07-31,RAYSG,4.24,118708456.0,503844618.0,2,2025-07-31 11:00,287.0,2.09,-2.96,-2.09,2.09,-9.76,-0.7,-6.79,-6.79,-2.18,-6.45,-5.92,-5.14,-8.36,-8.1,-6.62,-9.49,-9.06
2026-05-13,RGYAS,4.85,304196897.0,1476601830.0,1,2026-05-13 10:00,188.1,4.36,-8.98,0.48,10.53,-8.98,10.53,3.72,8.45,9.57,5.58,7.5,7.5,2.76,4.47,6.8,-3.67,-3.67
2024-07-04,RODRG,6.4,13476718.0,86258534.0,1,2024-07-04 10:00,35.6,2.04,-7.23,-4.35,2.04,-17.13,1.54,-8.29,-7.58,-3.79,-12.01,-8.99,-8.43,-13.27,-12.64,-11.03,-17.13,-15.45
2025-07-04,RODRG,4.2,2396019.0,10064087.0,3,2025-07-04 12:00,17.27,1.16,-2.78,-1.56,1.16,-8.05,-2.66,-6.72,-5.27,-3.47,-7.35,-7.35,-5.44,-8.05,-7.35,-5.67,-6.83,-6.6
2024-08-16,RTALB,5.86,38433741.0,225264089.0,1,2024-08-16 10:00,3.006,0.0,-5.52,0.0,22.49,-5.52,9.98,0.67,9.98,20.96,5.79,12.51,16.7,1.26,1.26,22.49,15.77,22.49
2024-08-19,RTALB,5.06,53950922.0,272829805.0,1,2024-08-19 10:00,3.306,0.0,-8.47,0.0,22.44,-9.5,9.98,-3.81,2.3,6.11,-7.92,-7.92,1.27,-9.5,1.27,22.44,9.38,22.44
2024-08-20,RTALB,5.72,66696086.0,381472472.0,1,2024-08-20 10:00,3.468,4.84,-8.3,-2.48,28.37,-13.73,1.15,-12.23,-12.23,-3.46,-13.73,-3.46,6.17,0.35,6.17,28.37,21.22,28.37
2024-10-08,RTALB,4.96,117617997.0,583659373.0,2,2024-10-08 11:00,3.636,7.15,-3.63,2.2,12.98,-7.87,5.01,-2.81,-2.04,-0.44,-6.55,-6.55,2.75,-7.87,2.75,11.66,2.64,5.89
2025-01-07,RTALB,4.65,172025650.0,799843701.0,2,2025-01-07 11:00,3.368,4.39,-2.32,4.39,25.06,-2.32,14.79,2.14,14.79,20.78,8.79,8.97,13.42,2.02,3.44,25.06,12.0,13.36
2025-01-09,RTALB,4.52,238573446.0,1079271836.0,3,2025-01-09 12:00,3.884,2.21,-5.66,-5.51,8.44,-11.53,-1.65,-11.53,-10.3,-1.34,-7.67,-1.34,8.44,-2.88,-1.7,-0.72,-7.47,-5.82
2025-09-30,RTALB,4.53,155955764.0,706027499.0,2,2025-09-30 11:00,4.08,2.94,-9.56,-8.82,17.65,-9.56,-5.15,-9.56,-5.64,3.68,-6.13,0.74,10.78,-1.96,10.78,13.24,3.43,8.82
2025-10-02,RTALB,4.42,208624355.0,922993688.0,3,2025-10-02 12:00,4.1,1.95,-3.41,0.24,17.07,-3.41,10.24,-2.44,10.24,17.07,2.44,4.63,12.68,2.93,8.29,8.29,3.9,5.12
2026-01-26,RTALB,4.02,81223869.0,326791205.0,3,2026-01-26 12:00,3.91,2.05,-1.28,-0.77,3.58,-4.86,0.0,-3.58,-2.3,-2.56,-4.6,-4.09,-0.51,-4.86,-1.28,3.32,-4.6,0.26
2026-05-07,RTALB,4.11,98462696.0,404627002.0,3,2026-05-07 12:00,3.64,0.0,-3.57,0.0,39.56,-3.57,9.89,5.22,9.89,20.88,15.38,20.88,32.97,16.48,17.86,39.56,24.18,25.55
2026-05-12,RTALB,6.05,156863096.0,949487051.0,2,2026-05-12 11:00,4.55,5.49,-6.81,-5.71,11.65,-12.53,3.52,-10.33,3.52,11.65,-0.66,0.44,0.88,-7.69,-5.93,-1.1,-12.53,-11.43
2024-08-26,RUBNS,4.55,43901236.0,199935209.0,1,2024-08-26 10:00,36.36,22.22,0.0,0.0,22.22,-23.65,-5.39,-9.96,-9.96,-3.69,-18.92,-17.88,-14.96,-23.21,-19.25,-14.03,-23.65,-14.03
2024-08-28,RUBNS,4.55,61101527.0,277910965.0,1,2024-08-28 10:00,31.7,10.47,-7.0,-5.8,10.47,-12.43,-2.46,-11.92,-7.38,-6.18,-10.41,-10.35,-1.39,-12.43,-1.39,2.52,-3.72,-0.69
2025-03-21,RUBNS,5.38,20277748.0,109010541.0,1,2025-03-21 10:00,23.88,2.35,-4.36,2.35,9.88,-6.7,9.88,-6.7,-0.42,5.36,-1.76,-1.51,-2.09,-5.86,-4.61,-4.61,-6.62,-5.03
2025-08-08,RUBNS,4.16,26332888.0,109598484.0,3,2025-08-08 12:00,24.0,2.75,-2.17,0.0,2.75,-8.08,0.67,-2.17,-2.17,-3.42,-8.08,-5.08,-4.67,-6.33,-6.33,-5.83,-8.0,-6.42
2025-12-30,RUBNS,5.62,8188346.0,46006879.0,2,2025-12-30 11:00,20.78,1.35,-4.67,1.35,40.62,-4.67,11.45,2.02,11.45,22.52,13.09,22.52,34.74,16.94,34.74,40.62,26.66,37.63
2025-12-31,RUBNS,5.08,11559191.0,58746739.0,1,2025-12-31 10:00,21.9,5.75,-3.2,5.75,40.64,-3.2,16.26,7.31,16.26,27.85,10.96,27.85,32.42,24.11,24.11,40.64,28.77,34.25
2026-01-02,RUBNS,4.88,23624401.0,115241760.0,2,2026-01-02 11:00,24.84,2.5,-2.5,2.5,23.99,-2.5,12.72,-2.17,12.72,16.75,9.42,9.42,17.63,5.96,15.14,22.62,13.93,15.06
2026-01-05,RUBNS,4.52,35491423.0,160380472.0,3,2026-01-05 12:00,26.68,4.95,-4.2,4.95,15.44,-4.2,8.7,1.87,1.87,9.52,-1.35,7.2,15.44,5.7,10.19,9.52,2.77,7.8
2026-03-26,RUBNS,4.77,30229406.0,144063055.0,3,2026-03-26 12:00,42.1,3.28,-3.8,-1.0,8.46,-4.09,0.95,-4.09,-1.43,0.9,-3.52,-2.28,4.42,-4.04,3.37,8.46,5.56,6.89
2024-10-15,RUZYE,4.07,16367830.0,66661785.0,2,2024-10-15 11:00,6.14,10.59,-1.47,4.23,32.9,-1.47,9.93,0.65,7.49,16.61,6.19,14.98,23.62,11.89,16.78,32.9,23.78,24.27
2025-04-04,RUZYE,7.01,26332619.0,184611588.0,1,2025-04-04 10:00,9.63,0.0,-4.47,0.0,31.15,-4.47,9.97,0.73,9.97,20.87,10.8,20.87,31.15,14.75,14.75,16.61,5.3,16.61
2025-04-07,RUZYE,10.76,34526106.0,371414288.0,2,2025-04-07 11:00,10.42,1.63,-4.51,1.63,21.21,-4.51,11.71,2.4,11.71,21.21,6.05,6.05,14.2,-2.02,-2.02,18.52,10.94,18.52
2025-04-08,RUZYE,5.12,56415741.0,288698246.0,2,2025-04-08 11:00,11.49,1.31,-2.7,1.31,18.19,-11.75,9.92,-3.83,-3.83,3.57,-11.14,-11.14,-2.26,-11.75,-2.26,18.19,5.4,8.36
2025-04-09,RUZYE,4.28,76349693.0,326870965.0,3,2025-04-09 12:00,12.47,0.96,-11.39,-11.39,8.9,-18.68,-4.57,-18.12,-18.12,-9.94,-18.68,-9.94,-0.96,-7.3,-0.96,-0.48,-10.02,-2.33
2024-07-10,RYSAS,4.73,64615743.0,305851746.0,1,2024-07-10 10:00,15.6,8.57,-11.14,-11.14,8.57,-18.75,-11.78,-15.79,-14.74,-12.26,-15.54,-14.82,-14.18,-17.39,-15.06,-15.79,-18.03,-16.67
2025-06-05,RYSAS,4.64,60795493.0,282052064.0,2,2025-06-05 11:30,14.16,3.32,-2.05,0.64,3.32,-10.03,0.49,-3.53,-3.11,-2.4,-4.24,-3.04,-2.75,-5.58,-5.3,-3.53,-5.93,-4.03
2025-12-18,RYSAS,4.85,52506254.0,254490189.0,3,2025-12-18 12:00,15.38,2.8,-0.65,2.73,6.5,-6.31,5.07,1.82,5.07,6.5,3.51,6.44,6.44,-2.41,0.13,-2.73,-6.31,-6.31
2024-08-23,SAMAT,4.18,65688865.0,274647613.0,1,2024-08-23 10:00,15.5908,3.26,-6.77,3.26,11.42,-38.72,11.42,-7.06,-7.06,-12.91,-16.33,-16.33,-24.69,-24.69,-24.69,-26.27,-38.72,-38.39
2025-01-08,SAMAT,4.74,60877016.0,288853878.0,1,2025-01-08 10:00,7.4177,2.02,-5.44,2.02,8.17,-13.52,8.17,-4.04,-3.51,-1.58,-9.22,-7.46,-1.4,-10.54,-7.11,-9.66,-13.52,-11.59
2025-07-28,SAMAT,4.38,41385135.0,181063703.0,2,2025-07-28 11:00,6.786,1.34,-4.03,-2.78,12.38,-9.79,-1.63,-6.33,-5.95,-5.52,-9.79,-9.31,-0.29,-9.31,-0.29,12.38,2.69,12.38
2024-10-30,SANEL,4.16,1737738.0,7223900.0,3,2024-10-30 12:00,23.9,0.92,-5.86,-3.85,0.92,-10.54,0.42,-9.62,-3.35,-1.26,-6.44,-4.18,-4.18,-8.37,-6.28,-5.77,-10.54,-5.77
2025-11-13,SANEL,9.47,4462187.0,42268527.0,1,2025-11-13 10:00,35.32,0.0,-7.7,0.0,31.71,-7.7,9.97,-3.57,9.97,20.55,-0.96,-0.96,8.89,-6.74,8.89,31.71,20.55,31.71
2025-11-14,SANEL,5.1,6903738.0,35243564.0,1,2025-11-14 10:00,37.84,2.64,-9.99,2.64,29.18,-12.95,12.53,-7.56,-7.56,1.64,-12.95,1.64,11.79,2.43,11.79,29.18,10.99,18.02
2024-07-29,SANKO,4.36,12779116.0,55774591.0,3,2024-07-29 12:00,27.78,1.51,-2.23,-0.29,7.49,-12.81,7.49,-2.95,2.81,6.19,-1.73,-0.14,3.24,-0.14,0.22,-4.9,-12.81,-11.59
2024-09-18,SANKO,4.1,7339652.0,30102344.0,2,2024-09-18 11:00,25.06,3.75,-4.23,3.19,3.75,-10.38,3.11,-2.87,-2.39,-2.23,-6.23,-6.07,-5.59,-8.7,-8.62,-7.58,-10.38,-9.58
2024-10-23,SANKO,7.51,8133562.0,61102421.0,1,2024-10-23 10:00,23.8,2.02,-10.59,2.02,8.15,-10.59,8.15,-2.77,-2.52,5.88,-2.94,-0.17,0.84,-3.19,-1.76,3.03,-4.37,0.42
2024-12-10,SANKO,6.47,15981519.0,103342920.0,1,2024-12-10 10:00,29.48,2.65,-3.12,2.65,12.89,-8.68,12.89,1.76,1.76,7.19,-3.26,-2.51,2.04,-5.63,-4.0,-5.02,-8.68,-5.83
2024-12-11,SANKO,7.71,23406088.0,180484908.0,2,2024-12-11 11:00,32.7,1.77,-8.26,-8.26,1.77,-17.68,-3.36,-12.78,-12.11,-8.01,-14.92,-13.46,-12.91,-15.9,-15.23,-13.76,-17.37,-17.13
2025-04-18,SANKO,7.32,10094324.0,73896971.0,1,2025-04-18 10:00,23.62,3.73,-5.42,-5.42,3.73,-15.41,-3.47,-10.5,-10.33,-9.74,-14.65,-14.48,-12.62,-14.48,-13.12,-12.45,-15.41,-15.37
2025-12-04,SANKO,5.28,5520265.0,29120358.0,2,2025-12-04 11:00,22.58,4.07,-9.21,-1.77,4.07,-9.21,0.09,-6.02,-5.23,-1.68,-6.82,-6.02,-2.83,-7.26,-6.82,-6.11,-7.88,-7.62
2026-02-11,SAYAS,4.88,44882383.0,218979158.0,3,2026-02-11 12:00,48.3,2.4,-6.0,-6.0,2.4,-8.74,-0.95,-6.58,-5.47,-2.69,-7.83,-5.67,-4.6,-7.45,-7.16,-3.23,-8.74,-8.74
2024-10-02,SDTTR,4.18,152942784.0,639717110.0,2,2024-10-02 11:00,245.3,2.73,-1.75,2.73,10.27,-2.04,10.27,1.92,4.36,7.83,-0.86,2.63,3.85,-2.04,2.12,2.94,-0.53,0.24
2025-06-13,SDTTR,4.7,62225934.0,292623674.0,3,2025-06-13 12:00,193.1,3.57,-0.47,0.47,46.94,-0.47,10.51,2.28,10.51,21.54,13.93,21.54,33.61,33.61,33.61,19.11,8.23,8.23
2025-06-19,SDTTR,4.82,126641726.0,610216824.0,1,2025-06-19 10:00,232.2,22.2,0.0,0.0,22.2,-22.01,-0.95,-9.99,-9.99,-0.99,-5.9,-0.99,0.04,-10.85,-10.85,-15.76,-22.01,-21.79
2025-06-20,SDTTR,5.0,171065954.0,855736388.0,1,2025-06-20 10:00,221.8,3.7,-5.77,-5.77,4.73,-18.35,3.65,-1.49,3.65,4.73,-6.67,-6.67,-2.75,-14.79,-13.17,-12.04,-18.17,-16.73
2025-06-23,SDTTR,4.32,272295651.0,1176900868.0,3,2025-06-23 12:00,229.9,0.0,-2.52,0.0,1.04,-21.88,1.04,-9.96,-9.96,-6.18,-17.79,-16.22,-14.92,-21.23,-21.01,-18.7,-21.88,-21.36
2025-06-24,SDTTR,5.29,330097590.0,1746997459.0,3,2025-06-24 12:00,209.7,3.96,-1.29,-1.29,3.96,-15.16,2.86,-9.87,-8.15,-6.72,-13.64,-13.4,-6.96,-13.45,-11.92,-13.11,-15.16,-14.74
2026-02-20,SDTTR,5.0,253846701.0,1270440406.0,3,2026-02-20 12:00,248.9,1.04,-7.11,-5.5,1.04,-13.14,-2.93,-9.52,-7.19,-1.57,-10.16,-9.6,-4.38,-9.72,-6.87,-3.05,-13.14,-3.05
2025-03-03,SEGYO,4.43,22148900.0,98070049.0,1,2025-03-03 10:00,5.26,4.56,-1.14,4.56,15.02,-13.88,15.02,4.56,4.56,-0.95,-5.89,-5.89,-4.37,-12.74,-10.46,-5.89,-13.12,-10.08
2025-03-04,SEGYO,5.88,31720984.0,186618430.0,1,2025-03-04 10:00,5.88,2.89,-6.46,-6.46,2.89,-22.96,-11.39,-15.82,-15.82,-14.46,-21.94,-19.9,-18.2,-22.96,-22.28,-17.52,-20.58,-19.39
2025-04-15,SEGYO,4.75,68662749.0,326453796.0,2,2025-04-15 11:00,5.26,0.0,0.0,0.0,0.0,-23.0,-7.6,-9.89,-9.89,-12.17,-18.25,-17.49,-14.83,-20.15,-19.96,-15.02,-22.05,-18.82
2025-02-14,SEKFK,4.33,2751558.0,11906912.0,1,2025-02-14 10:00,7.56,1.32,-2.38,0.26,1.32,-8.33,-0.93,-4.63,-3.31,-1.98,-6.48,-6.35,-5.03,-7.41,-7.41,-4.89,-8.33,-6.08
2024-07-30,SEKUR,4.25,23092555.0,98196291.0,3,2024-07-30 12:00,4.265,0.43,-8.22,-6.72,0.43,-17.08,-6.79,-14.22,-13.87,-10.36,-13.44,-11.58,-5.65,-12.94,-9.22,-7.08,-15.08,-14.3
2024-09-10,SEKUR,4.23,10909620.0,46194550.0,3,2024-09-10 12:00,3.5578,4.03,-2.14,-0.6,7.8,-5.57,7.8,-5.57,0.86,2.66,-4.88,-3.94,1.89,-3.6,1.11,1.46,-3.26,-2.57
2025-03-17,SEKUR,5.76,3308167.0,19038798.0,1,2025-03-17 10:00,4.0852,2.39,-5.45,-1.04,2.39,-8.21,-0.37,-6.72,-2.24,-3.06,-8.21,-7.61,0.75,-8.21,-1.87,-0.45,-4.03,-1.87
2025-03-19,SELVA,5.73,23827494.0,136612161.0,2,2025-03-19 11:00,1.2014,4.93,-0.49,-0.49,4.93,-21.67,2.96,-10.34,-7.88,-7.88,-16.75,-16.75,-13.79,-21.67,-16.75,-9.36,-15.27,-13.79
2025-12-11,SELVA,5.92,49925294.0,295342681.0,1,2025-12-11 10:00,2.71,4.06,-14.39,4.06,9.96,-14.39,9.96,-3.69,-0.37,4.43,-6.64,3.32,8.86,-0.74,7.38,3.69,-5.17,-3.32
2026-01-29,SELVA,6.58,58046231.0,382024943.0,1,2026-01-29 10:00,3.12,8.65,-4.49,-4.49,8.65,-17.63,-4.49,-13.78,-13.46,-7.05,-15.06,-9.62,-8.97,-14.1,-14.1,-11.54,-17.63,-15.38
2026-04-27,SELVA,4.17,243089274.0,1013101426.0,3,2026-04-27 12:00,2.81,6.05,-5.34,-5.34,6.05,-15.3,-5.69,-10.32,-9.96,-6.41,-13.52,-13.17,-7.47,-13.17,-12.46,-10.68,-15.3,-12.46
2026-04-14,SERNT,4.41,109979541.0,485076443.0,2,2026-04-14 11:00,10.49,0.0,-2.57,0.0,8.67,-17.06,8.67,-9.91,-9.91,-8.01,-15.92,-15.35,-12.3,-17.06,-13.06,-8.67,-12.77,-12.49
2026-04-15,SERNT,4.18,120239254.0,502678495.0,3,2026-04-15 12:00,9.88,2.23,-4.35,-4.35,2.23,-11.94,-2.33,-10.73,-10.12,-6.88,-11.94,-7.69,-5.77,-9.21,-8.3,-5.06,-8.91,-8.1
2024-09-19,SILVR,5.51,22551637.0,124260944.0,1,2024-09-19 10:00,2.7,4.67,-5.62,-5.62,15.24,-9.52,-1.71,-9.05,-9.05,0.0,-9.52,0.0,8.57,-3.81,2.86,15.24,8.19,12.86
2024-11-01,SILVR,4.16,31680598.0,131723870.0,3,2024-11-01 12:00,2.7643,4.84,-0.93,0.28,4.84,-8.19,4.19,-6.6,-3.72,1.4,-5.21,-3.44,-2.05,-8.19,-4.09,-4.28,-6.98,-5.3
2025-04-30,SILVR,4.71,4545767.0,21395124.0,1,2025-04-30 10:00,2.2757,6.5,-6.21,1.13,6.5,-9.04,0.62,-4.97,-1.81,-2.26,-6.27,-4.86,-4.29,-7.06,-6.78,-5.31,-8.64,-6.78
2025-07-30,SILVR,4.16,7508524.0,31260701.0,3,2025-07-30 12:00,2.7026,2.0,-4.19,0.95,14.18,-4.19,11.04,-2.47,10.94,14.18,5.23,13.99,13.7,3.9,9.71,8.47,2.0,5.71
2025-09-19,SILVR,4.01,10969932.0,43990258.0,3,2025-09-19 12:00,3.0728,6.86,-2.85,6.86,9.67,-9.96,8.03,0.42,1.67,4.94,-3.26,-1.59,-0.84,-9.96,-5.1,9.67,-3.67,6.09
2024-10-10,SKTAS,4.5,18189032.0,81870936.0,3,2024-10-10 12:00,2.4623,0.0,-1.71,0.0,27.35,-4.27,8.55,-4.27,-3.85,5.77,-3.21,5.77,16.24,16.24,16.24,27.35,14.96,16.03
2024-10-16,SKTAS,4.64,25963782.0,120532926.0,1,2024-10-16 10:00,2.9884,4.75,-8.63,0.7,15.49,-8.63,4.93,-5.28,-4.4,5.11,1.23,5.11,15.49,-0.7,4.05,2.46,-7.75,-6.87
2024-10-21,SKTAS,4.62,46516120.0,214743672.0,2,2024-10-21 11:00,3.2988,1.59,-10.05,-5.74,1.59,-19.3,-3.03,-10.53,-8.77,-7.18,-16.43,-15.63,-12.92,-16.59,-15.63,-15.47,-18.82,-17.7
2024-11-15,SKYMD,4.57,14761600.0,67484556.0,2,2024-11-15 11:00,11.14,2.42,-6.73,-5.83,2.42,-7.09,-2.69,-7.09,-3.77,-1.26,-5.3,-3.32,-1.71,-5.75,-4.58,2.24,-1.97,-1.97
2024-12-16,SKYMD,6.35,28190160.0,178983549.0,2,2024-12-16 11:00,11.99,2.0,-2.42,0.42,21.93,-8.34,3.0,-1.17,-0.92,0.0,-5.0,-3.75,3.09,-8.34,3.09,21.93,10.93,21.85
2024-07-31,SMART,4.71,67673917.0,318590748.0,3,2024-07-31 12:00,37.84,5.5,-2.96,-2.75,5.5,-14.48,1.43,-2.75,-1.06,-0.11,-6.82,-5.02,-9.36,-14.48,-14.01,-10.94,-14.22,-12.05
2024-09-10,SMART,5.49,32468723.0,178407079.0,1,2024-09-10 10:00,32.66,4.47,-6.98,-6.98,7.23,-13.41,-6.18,-13.41,-12.8,-5.82,-12.61,-10.47,-7.96,-12.55,-8.94,7.23,-3.37,-2.33
2025-07-09,SMART,4.49,25729054.0,115606112.0,2,2025-07-09 11:00,24.58,4.56,-0.9,0.33,5.37,-2.6,1.46,-1.14,-0.9,0.98,-2.44,-1.79,-0.41,-2.2,-2.03,3.99,0.49,2.2
2025-08-08,SMART,4.64,40865554.0,189472863.0,1,2025-08-08 10:00,29.32,0.0,-7.57,-7.5,0.0,-7.57,-3.89,-7.23,-5.05,-0.61,-6.07,-1.91,-1.02,-2.8,-2.59,-1.09,-4.37,-1.77
2026-02-11,SMART,6.38,23389106.0,149226573.0,1,2026-02-11 10:00,26.26,0.0,-2.97,0.0,29.47,-2.97,9.98,5.26,9.98,20.94,20.94,20.94,29.47,14.01,22.62,21.17,10.05,10.05
2026-02-16,SMART,6.35,33676473.0,213772457.0,1,2026-02-16 10:00,32.38,5.0,-7.54,-0.56,5.0,-19.64,2.9,-4.08,-0.86,-1.73,-10.75,-10.75,-13.4,-19.64,-19.64,-4.88,-12.91,-4.88
2025-06-17,SMRVA,4.97,135704552.0,674945333.0,3,2025-06-17 12:00,39.5877,3.83,-1.14,2.63,8.89,-20.37,8.89,0.1,5.71,7.85,-4.82,-4.82,-7.8,-14.31,-14.31,-12.17,-20.37,-15.95
2025-08-28,SMRVA,8.12,245915785.0,1996592602.0,1,2025-08-28 10:00,42.7146,22.12,-0.05,-0.05,22.12,-10.04,-3.22,-10.04,-8.29,0.87,-7.55,0.87,10.96,3.59,10.96,7.27,-3.31,1.2
2026-04-13,SMRVA,4.12,199276894.0,821610032.0,3,2026-04-13 12:00,15.0347,7.91,-6.67,7.91,41.79,-6.67,18.71,12.16,18.71,30.54,21.98,30.54,41.79,24.26,29.56,40.35,22.83,40.35
2026-04-16,SMRVA,4.52,305498229.0,1381136904.0,2,2026-04-16 11:00,20.6493,2.38,-6.71,-5.67,12.38,-17.19,-1.81,-13.52,-7.05,2.19,-10.57,2.19,12.38,-8.0,-8.0,-9.95,-16.0,-15.95
2025-03-12,SNGYO,4.03,64596250.0,260452954.0,3,2025-03-12 12:00,3.42,1.17,-1.46,-1.17,10.23,-2.34,5.26,-0.29,2.34,3.51,0.58,1.75,8.19,1.17,4.97,3.8,-2.34,-2.34
2024-11-14,SNICA,4.06,34301488.0,139103544.0,2,2024-11-14 11:00,5.3,1.51,-0.57,-0.19,1.89,-4.53,0.75,-0.75,-0.38,0.38,-0.75,-0.38,0.38,-2.64,-2.64,1.89,-4.34,-2.26
2025-10-30,SNICA,4.22,98705357.0,416594505.0,3,2025-10-30 12:00,5.15,1.94,-0.39,-0.39,2.91,-5.24,2.91,-5.24,0.19,1.94,-3.3,-3.11,-2.91,-4.66,-4.08,-4.08,-5.24,-5.24
2025-12-19,SNICA,4.72,49811278.0,234915795.0,3,2025-12-19 12:00,4.3,4.19,-2.79,1.4,9.77,-3.49,9.77,0.0,0.0,2.56,-2.09,-0.47,1.86,-2.09,-2.09,-1.16,-3.49,-3.26
2022-08-10,SNPAM,4.56,139329.0,635229.0,3,2022-08-10 17:00,2.8348,0.83,0.0,0.83,18.03,0.0,5.58,4.39,4.39,7.95,4.39,7.95,14.47,10.56,14.47,17.44,16.73,17.44
2022-08-11,SNPAM,4.31,169486.0,730816.0,3,2022-08-11 17:00,2.9929,0.0,-1.12,-1.12,11.8,-1.12,2.25,-1.12,2.25,8.43,4.72,8.43,11.8,11.69,11.69,10.11,2.25,2.81
2022-08-24,SNPAM,4.05,415401.0,1681085.0,1,2022-08-24 12:00,4.4288,0.0,-1.29,-1.29,0.0,-12.68,-6.61,-11.16,-11.16,-5.09,-5.85,-5.85,-5.85,-12.68,-5.85,-9.64,-12.68,-12.68
2023-05-18,SNPAM,5.57,182725.0,1018360.0,3,2023-05-18 17:00,4.2539,0.0,0.0,0.0,1.19,-7.51,1.19,0.0,0.0,-0.4,-7.51,-2.37,-5.53,-5.93,-5.53,-4.98,-6.32,-6.32
2023-06-08,SNPAM,4.04,372382.0,1504342.0,3,2023-06-08 17:00,4.6373,0.07,0.0,0.07,17.04,-7.11,4.5,-7.11,0.8,0.8,0.8,0.8,-2.83,-6.45,-2.83,17.04,12.4,16.03
2023-06-15,SNPAM,5.39,531106.0,2865151.0,3,2023-06-15 17:00,5.4276,0.0,-0.87,-0.87,2.23,-16.05,2.23,-3.16,-0.31,-0.25,-4.58,-4.58,-5.39,-5.45,-5.45,-8.8,-16.05,-12.02
2023-07-13,SNPAM,4.59,796917.0,3656438.0,3,2023-07-13 17:00,6.6886,0.0,0.0,0.0,9.4,-4.78,8.3,8.3,8.3,9.4,8.3,9.1,9.2,0.55,0.75,-4.22,-4.47,-4.22
2023-07-14,SNPAM,4.5,974303.0,4388430.0,1,2023-07-14 12:00,7.2435,0.0,0.0,0.0,1.02,-13.65,1.02,0.0,0.74,0.84,-7.15,-6.96,-7.38,-12.07,-11.79,-9.24,-13.65,-13.65
2023-09-08,SNPAM,4.29,2499865.0,10726390.0,3,2023-09-08 17:00,14.0162,0.0,0.0,0.0,20.08,-19.77,9.98,9.93,9.98,20.08,-1.01,-1.01,-10.89,-10.89,-10.89,-11.76,-12.72,-11.76
2023-11-03,SNPAM,4.07,2610857.0,10636999.0,3,2023-11-03 17:00,32.0139,0.0,0.0,0.0,55.25,0.0,6.09,1.89,6.09,16.7,12.39,16.7,28.36,28.26,28.36,55.25,55.15,55.25
2023-11-07,SNPAM,4.51,3486339.0,15724917.0,3,2023-11-07 17:00,37.3607,0.0,0.0,0.0,60.85,0.0,9.99,9.9,9.99,20.97,20.97,20.97,33.03,32.94,33.03,60.85,31.68,31.68
2023-11-08,SNPAM,4.12,4200969.0,17313063.0,2,2023-11-08 13:00,41.0934,0.0,0.0,0.0,46.24,0.0,9.98,9.98,9.98,20.95,20.87,20.95,32.98,32.98,32.98,7.77,7.77,7.77
2023-11-09,SNPAM,4.66,5187735.0,24166598.0,3,2023-11-09 17:00,45.196,0.0,0.0,0.0,32.96,-10.71,9.97,9.9,9.97,20.91,20.91,20.91,32.96,8.85,8.85,7.74,-10.71,7.74
2023-11-14,SNPAM,5.53,8508666.0,47021348.0,1,2023-11-14 12:00,57.1676,0.0,-13.94,-13.94,12.94,-29.41,-22.53,-22.53,-22.53,-14.82,-29.41,-14.82,-6.35,-6.35,-6.35,12.94,-7.29,-7.29
2024-04-24,SNPAM,4.39,4732741.0,20790115.0,3,2024-04-24 17:00,34.2333,0.0,0.0,0.0,8.94,-11.44,8.94,2.65,2.65,-2.06,-2.06,-2.06,-2.16,-9.38,-9.38,-2.6,-3.05,-2.6
2024-05-06,SNPAM,4.26,7043551.0,30017876.0,2,2024-05-06 13:00,40.0173,0.0,-0.25,-0.25,2.35,-8.74,-2.52,-7.31,-7.31,1.93,-7.31,1.93,2.35,-3.19,-0.92,-2.61,-8.74,-8.74
2024-09-19,SNPAM,4.19,2046948.0,8583247.0,2,2024-09-19 13:00,27.3227,0.0,0.0,0.0,0.92,-16.25,-0.37,-8.92,-0.43,0.92,-6.34,-0.31,-1.54,-6.22,-6.22,-13.97,-16.25,-16.18
2025-04-09,SNPAM,4.06,1742689.0,7076568.0,1,2025-04-09 12:00,22.8502,0.37,0.0,0.37,12.88,-1.84,10.23,0.66,10.23,12.88,9.64,12.88,12.88,9.27,9.27,1.55,-1.84,-1.84
2025-04-10,SNPAM,5.44,2147388.0,11676445.0,3,2025-04-10 17:00,25.1874,0.0,0.0,0.0,2.4,-13.55,2.4,-0.53,2.4,2.4,-0.87,-0.87,-1.54,-10.68,-10.08,-12.35,-13.55,-12.35
2025-07-22,SNPAM,6.55,1472259.0,9648722.0,1,2025-07-22 12:00,26.3812,0.0,0.0,0.0,58.6,-0.13,9.94,-0.13,8.99,19.89,1.85,19.89,31.8,27.34,31.17,58.6,54.43,58.6
2025-07-23,SNPAM,4.13,1926616.0,7949626.0,0,2025-07-23 09:00,26.3475,10.08,0.0,9.13,74.36,0.0,20.04,1.98,20.04,31.97,27.5,31.33,44.35,43.84,44.35,74.36,51.82,52.5
2025-07-24,SNPAM,5.6,3158517.0,17683069.0,3,2025-07-24 17:00,31.6271,0.0,0.0,0.0,45.26,0.0,9.94,6.22,9.41,20.26,19.83,20.26,32.29,28.81,32.29,20.21,18.57,18.57
2025-07-25,SNPAM,6.2,4010141.0,24875662.0,1,2025-07-25 12:00,34.7714,0.0,-3.38,-0.48,32.12,-3.38,9.38,8.99,9.38,20.33,17.17,20.33,32.12,15.04,15.55,2.27,-2.05,-2.05
2025-07-28,SNPAM,4.11,5810499.0,23889718.0,2,2025-07-28 13:00,37.8988,0.35,0.0,0.35,21.22,-14.03,10.4,7.5,10.4,21.22,5.54,6.02,0.32,-1.05,-1.05,-1.16,-14.03,-1.16
2022-08-05,SODSN,6.55,297581.0,1948871.0,3,2022-08-05 17:00,3.0575,0.0,0.0,0.0,9.73,-1.88,9.73,5.07,5.07,5.07,2.86,2.86,-1.23,-1.88,-1.23,1.96,-0.65,-0.65
2023-06-08,SODSN,4.68,305564.0,1430045.0,0,2023-06-08 09:00,3.9875,0.0,0.0,0.0,0.31,-11.29,0.31,-2.95,-2.95,-5.89,-8.78,-5.89,-6.33,-9.22,-9.22,0.0,-9.15,0.0
2023-06-09,SODSN,4.42,452158.0,1996441.0,1,2023-06-09 12:00,4.0,0.0,-3.25,-3.25,0.0,-11.56,-6.19,-9.06,-6.19,-6.63,-9.5,-9.5,-9.38,-11.56,-9.38,-1.56,-4.69,-3.12
2024-02-20,SODSN,4.63,2571106.0,11913625.0,1,2024-02-20 12:00,13.475,0.0,0.0,0.0,38.96,0.0,9.93,9.93,9.93,20.87,9.93,20.87,32.93,32.19,32.93,31.82,24.86,24.86
2024-02-21,SODSN,5.38,3426282.0,18440970.0,1,2024-02-21 12:00,14.8125,0.0,0.0,0.0,26.41,0.0,9.96,0.0,9.96,20.93,20.25,20.93,26.41,26.16,26.16,8.95,7.59,7.59
2024-02-22,SODSN,4.53,4723347.0,21390724.0,2,2024-02-22 13:00,16.2875,0.0,0.0,0.0,14.97,-2.15,9.98,9.36,9.98,14.97,14.74,14.74,9.06,3.3,3.3,5.14,-2.15,5.14
2025-04-04,SODSN,4.31,1103541.0,4757518.0,3,2025-04-04 17:00,12.3875,0.0,-2.12,-2.12,0.0,-6.36,-4.14,-6.36,-4.14,-4.14,-5.5,-5.5,-4.19,-5.4,-4.19,-3.68,-5.65,-5.2
2025-06-25,SODSN,5.33,889928.0,4747015.0,1,2025-06-25 12:00,12.9875,0.38,0.0,0.38,5.39,-9.53,5.39,3.46,5.39,5.39,-5.15,-5.15,-5.15,-6.69,-6.69,-8.13,-8.33,-8.33
2025-06-26,SODSN,4.03,1218290.0,4904795.0,1,2025-06-26 12:00,13.4375,1.86,0.0,1.86,1.86,-12.56,1.86,-8.33,-8.33,-8.33,-9.81,-9.81,-11.12,-12.56,-11.21,-7.91,-11.16,-10.7
2025-11-03,SODSN,4.04,1762355.0,7113572.0,2,2025-11-03 13:00,15.95,0.0,0.0,0.0,4.39,-8.86,0.71,-1.25,0.71,4.39,2.27,4.39,4.39,3.37,3.37,-3.61,-8.86,-7.52
2025-11-04,SODSN,4.03,2137535.0,8603980.0,3,2025-11-04 17:00,15.95,0.71,0.0,0.71,4.39,-8.86,4.39,2.27,4.39,4.39,3.37,3.37,3.21,-3.06,-3.06,1.72,-7.52,-1.25
2026-01-16,SODSN,6.83,1545827.0,10554296.0,3,2026-01-16 17:00,13.7625,0.0,-1.0,-1.0,0.0,-7.36,-3.72,-5.99,-4.45,-6.45,-6.99,-6.99,-5.18,-6.09,-6.09,-5.63,-6.54,-6.54
2024-10-11,SOKE,5.47,22059571.0,120768584.0,1,2024-10-11 10:00,13.27,8.29,-4.07,-1.28,15.75,-5.43,6.48,-0.38,1.73,4.37,-3.32,-0.68,0.08,-5.43,-4.3,15.75,7.16,7.16
2024-10-18,SOKE,4.39,55821987.0,245125492.0,2,2024-10-18 11:00,14.64,1.57,-2.87,-2.87,6.49,-4.37,5.19,-1.71,1.37,6.49,-3.01,-1.98,3.14,-4.37,0.0,1.23,-3.69,-2.25
2025-02-14,SOKE,6.23,18721992.0,116672869.0,1,2025-02-14 10:00,13.0,2.54,-6.69,-6.69,2.54,-12.08,-6.08,-8.46,-8.15,-8.15,-10.08,-9.08,-8.62,-11.0,-11.0,-9.08,-12.08,-11.08
2025-04-25,SOKE,4.98,14703648.0,73278648.0,2,2025-04-25 11:00,11.78,0.0,0.0,0.0,4.92,-7.47,4.92,-4.24,-4.16,-0.25,-6.03,-5.18,-4.58,-7.13,-7.13,-3.4,-6.62,-5.69
2025-04-28,SOKE,4.49,18416977.0,82714956.0,1,2025-04-28 10:00,12.07,2.4,-6.55,-6.46,2.4,-9.69,-2.65,-8.29,-7.46,-6.88,-9.36,-9.36,-6.88,-9.69,-8.45,-6.88,-8.86,-8.86
2025-07-29,SOKE,5.59,25789144.0,144095272.0,3,2025-07-29 12:00,12.16,4.19,-4.11,4.19,10.2,-4.11,10.2,0.0,0.0,1.64,-1.23,-0.99,-0.66,-2.8,-2.22,2.14,-0.99,0.74
2026-01-26,SOKE,4.59,19494571.0,89528693.0,3,2026-01-26 12:00,12.36,0.57,-1.05,0.4,5.58,-3.48,2.27,-3.48,-2.18,5.58,-2.83,4.85,5.18,1.29,4.05,5.18,2.51,4.53
2026-03-09,SOKE,4.15,47885580.0,198610220.0,3,2026-03-09 12:00,15.05,1.66,-5.91,1.66,4.85,-5.91,1.66,-3.39,1.59,4.85,-1.13,1.99,3.65,1.0,2.79,3.39,0.2,0.53
2024-11-22,SONME,4.66,3877775.0,18078849.0,2,2024-11-22 11:00,79.8,0.0,-2.94,0.0,15.48,-4.82,9.84,0.0,5.08,15.48,-1.0,12.97,9.52,2.76,2.76,-1.32,-4.82,-2.88
2025-04-11,SONME,6.01,9236773.0,55556964.0,2,2025-04-11 11:00,136.4,0.0,-1.32,0.0,18.18,-8.8,9.97,-5.79,9.97,18.18,-1.03,3.89,6.23,-4.62,-2.05,-0.07,-8.8,-3.23
2024-07-24,SRVGY,11.23,56261976.0,631765640.0,1,2024-07-24 10:00,5.924,22.15,0.0,0.0,22.15,-9.93,9.72,-9.93,5.87,11.28,5.87,8.04,7.97,-0.54,-0.14,-0.61,-8.51,-7.63
2024-07-25,SRVGY,4.38,95488839.0,417831162.0,1,2024-07-25 10:00,5.592,16.24,-4.58,12.16,17.88,-4.58,17.88,12.16,14.45,14.38,5.36,5.79,7.51,0.07,0.21,0.0,-3.79,-3.29
2023-05-02,SUMAS,5.15,276717.0,1424170.0,2,2023-05-02 13:00,88.3,0.0,0.0,0.0,0.0,-13.93,-4.87,-9.97,-9.85,-8.27,-9.8,-9.29,-9.34,-13.82,-13.82,-11.66,-13.93,-12.12
2023-09-15,SUMAS,4.36,1948228.0,8497558.0,3,2023-09-15 17:00,247.8,0.0,0.0,0.0,8.92,-9.97,6.94,-9.97,-9.97,-0.97,-0.97,-0.97,8.92,8.92,8.92,-5.57,-5.57,-5.57
2023-10-23,SUMAS,5.8,1036332.0,6008707.0,1,2023-10-23 12:00,305.6,0.0,-1.83,0.0,36.78,-1.83,9.98,0.0,9.98,20.75,2.78,2.78,13.06,3.27,13.06,36.78,24.35,36.78
2023-10-27,SUMAS,4.1,1883530.0,7721220.0,3,2023-10-27 17:00,380.0,0.0,0.0,0.0,18.42,-12.82,10.0,0.0,10.0,18.42,-1.0,-1.0,-10.89,-10.89,-10.89,7.13,1.32,3.92
2025-01-10,SUMAS,4.13,1438724.0,5935950.0,1,2025-01-10 12:00,388.75,0.0,-3.34,-3.34,0.0,-10.68,-7.07,-9.07,-7.59,-7.33,-10.68,-9.9,-7.4,-8.17,-7.65,-3.15,-6.17,-6.17
2024-10-11,SUNTK,4.56,29192782.0,133158040.0,2,2024-10-11 11:00,19.7,6.6,-3.5,4.06,6.6,-3.5,6.09,0.51,3.96,5.79,2.23,2.94,3.65,-1.73,0.25,4.47,-1.32,-1.02
2025-05-05,SUNTK,4.49,47019639.0,211087781.0,2,2025-05-05 11:00,39.08,2.3,-2.76,0.05,4.45,-3.22,1.64,-3.22,0.2,3.22,0.1,2.25,4.2,-0.97,3.63,4.45,-0.2,3.38
2025-07-03,TARKM,7.87,33497322.0,263497031.0,1,2025-07-03 10:00,403.75,2.97,-10.84,-4.64,4.83,-10.84,-0.19,-8.85,-3.34,4.83,-7.43,-0.37,3.9,-3.28,-2.35,-3.16,-5.63,-5.14
2025-08-26,TARKM,4.7,59000762.0,277164604.0,2,2025-08-26 11:00,431.5,3.36,-4.4,-3.59,6.55,-8.0,0.23,-4.06,-4.06,-2.09,-7.71,-6.32,-2.67,-7.53,-6.37,6.55,-4.11,3.13
2025-10-01,TARKM,5.65,162300867.0,917557859.0,2,2025-10-01 11:00,466.25,8.95,-9.01,-8.42,8.95,-14.53,-5.2,-10.67,-10.4,-6.97,-11.69,-10.03,-9.33,-12.82,-12.33,-12.28,-14.53,-14.37
2026-01-30,TARKM,4.5,88138136.0,396636220.0,2,2026-01-30 11:00,435.75,1.03,-1.78,1.03,15.09,-6.71,8.78,-6.71,2.58,7.52,0.06,4.7,15.09,-1.2,2.01,-0.86,-5.16,-4.19
2026-02-04,TARKM,4.08,150327395.0,613096508.0,3,2026-02-04 12:00,447.25,6.2,-3.35,-0.61,6.2,-9.5,2.74,-7.21,-6.99,-3.41,-7.6,-6.65,-4.7,-7.88,-7.15,-3.75,-9.5,-6.43
2025-12-15,TATEN,5.65,160776923.0,908084848.0,3,2025-12-15 12:00,16.92,5.79,-4.49,-4.49,5.79,-22.04,-4.14,-13.59,-4.14,-3.66,-13.71,-13.71,-13.48,-22.04,-13.48,-12.83,-20.69,-20.51
2026-02-18,TATGD,5.25,28842823.0,151284805.0,1,2026-02-18 10:00,17.46,0.0,-6.07,0.0,12.14,-6.07,9.45,0.57,4.24,12.14,-0.34,0.23,7.1,0.8,3.09,0.97,-3.49,-1.55
2026-02-19,TATGD,6.05,39001629.0,235828829.0,1,2026-02-19 10:00,18.13,5.41,-3.14,0.39,8.0,-8.22,8.0,-4.03,-3.47,3.14,-2.92,-0.72,0.06,-7.34,-4.3,-4.74,-8.22,-6.23
2026-05-06,TATGD,5.09,77847370.0,396039243.0,2,2026-05-06 11:00,19.7,0.56,-4.52,0.56,14.21,-4.52,10.56,0.51,8.63,10.86,4.06,5.28,9.14,-2.28,0.91,14.21,6.9,10.25
2024-05-07,TBORG,4.45,4248155.0,18910563.0,3,2024-05-07 17:00,92.0,0.0,0.0,0.0,4.35,-1.79,0.54,-1.79,-1.79,0.54,-0.38,0.54,3.86,0.65,3.86,3.86,2.61,2.61
2024-06-05,TBORG,5.68,4935000.0,28008082.0,3,2024-06-05 17:00,97.35,0.0,0.0,0.0,18.13,0.0,9.91,9.91,9.91,18.13,9.91,18.13,16.28,10.43,10.43,4.78,3.03,4.78
2024-06-06,TBORG,5.02,5970248.0,29950477.0,1,2024-06-06 12:00,107.0,0.0,0.0,0.0,7.48,-6.26,7.48,0.0,7.48,5.79,0.47,0.47,0.0,-2.34,-2.34,-2.15,-3.08,-2.34
2024-06-07,TBORG,4.81,9423878.0,45293790.0,3,2024-06-07 17:00,113.0,1.77,0.0,1.77,1.77,-11.24,0.18,-4.87,-4.87,-5.31,-7.52,-7.52,-9.73,-11.24,-9.73,-6.81,-8.05,-8.05
2024-09-16,TBORG,4.89,4363436.0,21332124.0,3,2024-09-16 17:00,132.0,0.0,0.0,0.0,19.32,-1.52,2.27,1.44,2.27,2.27,-1.52,-1.52,8.33,7.58,8.33,19.32,7.27,7.27
2024-09-17,TBORG,4.45,5226249.0,23276968.0,3,2024-09-17 17:00,134.8,0.15,0.0,0.15,16.84,-3.56,0.15,-3.56,-3.56,6.08,5.34,6.08,16.69,16.47,16.69,3.56,-1.41,-1.34
2024-09-20,TBORG,5.7,7551751.0,43023151.0,1,2024-09-20 12:00,157.3,0.0,0.0,0.0,0.13,-20.22,0.13,-9.98,-9.98,-11.25,-15.51,-15.45,-14.81,-20.22,-19.64,-14.18,-17.99,-17.36
2024-09-23,TBORG,6.8,10756755.0,73163462.0,2,2024-09-23 11:00,152.0,3.62,-6.84,-6.84,3.62,-17.89,-8.16,-12.57,-12.5,-11.84,-17.43,-16.84,-10.59,-17.11,-12.83,-14.67,-17.89,-16.84
2025-08-19,TBORG,4.02,70873487.0,284988187.0,2,2025-08-19 11:00,174.8,1.54,-2.8,-2.17,12.81,-2.8,5.55,-2.06,3.55,4.41,0.86,1.83,10.98,1.77,9.44,10.13,5.43,8.01
2025-04-07,TDGYO,4.21,12285296.0,51706647.0,2,2025-04-07 11:00,15.72,3.05,-4.77,1.72,3.05,-7.06,1.59,-3.56,-2.04,-0.38,-4.58,-3.94,0.13,-4.26,-2.67,-3.18,-7.06,-5.03
2025-09-29,TDGYO,4.24,21856718.0,92569809.0,3,2025-09-29 12:00,21.68,4.15,-6.83,-3.23,4.15,-8.76,-3.6,-7.8,-6.83,-4.98,-8.3,-7.75,-6.27,-8.76,-7.75,-5.44,-7.98,-7.8
2025-05-12,TEKTU,4.15,45006089.0,186951502.0,2,2025-05-12 11:00,4.97,6.04,-7.44,-3.22,6.04,-12.68,1.01,-6.64,-3.82,-1.61,-5.23,-2.01,-0.2,-10.46,-10.26,-2.01,-10.26,-2.01
2025-05-22,TEKTU,4.46,77249124.0,344225715.0,2,2025-05-22 11:00,5.2,13.08,-4.04,5.96,21.35,-4.04,9.23,0.0,2.69,7.88,-1.73,4.04,5.96,-0.19,4.81,21.35,11.73,13.65
2025-09-19,TEKTU,7.71,81840372.0,631118060.0,1,2025-09-19 10:00,22.96,3.14,-15.55,-15.55,3.14,-23.95,-11.76,-23.95,-18.16,-11.59,-19.43,-14.68,-10.98,-15.29,-14.29,-12.46,-17.9,-17.2
2024-09-30,TERA,4.66,49000918.0,228578647.0,2,2024-09-30 11:00,4.455,3.64,-14.9,3.64,21.21,-14.9,13.94,7.07,13.94,21.21,7.27,11.11,13.13,5.56,5.96,19.8,10.51,15.56
2025-03-04,TERA,4.68,28911805.0,135267722.0,3,2025-03-04 12:00,8.316,0.05,-5.9,-3.68,16.07,-6.82,5.95,-6.82,-1.35,8.5,-1.84,1.68,6.87,-0.81,2.38,16.07,5.52,16.07
2025-03-05,TERA,5.25,40557371.0,212858410.0,2,2025-03-05 11:00,8.3565,2.8,-1.99,-1.83,27.03,-2.32,7.97,-2.32,1.18,6.35,-1.29,1.88,9.85,1.13,5.01,27.03,18.47,27.03
2025-03-13,TERA,4.51,113424543.0,511443461.0,2,2025-03-13 11:00,11.4637,0.2,-8.54,-7.12,10.6,-14.15,-0.88,-14.15,-9.64,-1.37,-8.81,-1.77,7.75,-1.18,4.71,2.55,-4.81,-2.14
2025-06-18,TEZOL,4.36,140939566.0,613878078.0,2,2025-06-18 11:00,20.1,4.38,-0.5,1.89,8.76,-0.5,6.97,-0.5,5.27,5.97,1.09,1.79,4.48,0.7,3.88,8.76,5.67,7.56
2025-04-29,TGSAS,4.1,6814142.0,27952172.0,3,2025-04-29 12:00,69.3,1.01,-3.25,1.01,6.78,-11.98,6.78,-7.65,0.79,0.29,-6.2,-3.32,-1.3,-8.15,-8.15,-3.25,-11.98,-5.48
2025-08-06,TGSAS,4.36,26754870.0,116579319.0,2,2025-08-06 11:00,190.9,1.78,-1.89,1.78,15.87,-8.38,10.58,-8.38,7.39,6.86,2.15,3.72,6.81,-3.56,-1.0,15.87,2.93,11.58
2026-05-18,TGSAS,6.28,51741155.0,324939655.0,3,2026-05-18 12:00,197.8,0.0,-5.97,-4.55,0.35,-16.58,0.15,-10.31,-1.01,0.35,-10.87,-10.87,-8.24,-16.58,-10.01,-8.34,-10.36,-10.26
2024-08-21,TKNSA,4.06,92623776.0,375677424.0,2,2024-08-21 11:00,30.06,10.05,-1.46,10.05,14.37,-8.52,14.37,3.26,3.26,6.79,-1.6,-1.6,0.07,-5.52,-5.52,-5.46,-8.52,-8.52
2025-03-13,TKNSA,4.18,98405323.0,411236414.0,3,2025-03-13 12:00,35.88,1.39,-2.23,1.39,15.16,-8.58,10.48,3.68,7.97,11.48,3.01,10.93,15.16,5.35,8.7,0.17,-8.58,-6.69
2025-03-14,TKNSA,4.26,121642431.0,517605510.0,3,2025-03-14 12:00,38.76,0.98,-2.58,-0.05,6.6,-22.24,3.2,-4.64,2.68,6.6,-2.48,0.62,-4.54,-9.44,-9.44,-10.99,-22.24,-22.24
2025-06-12,TKNSA,4.04,92497569.0,373719902.0,2,2025-06-12 11:00,23.86,1.34,-4.95,-4.95,1.34,-14.25,-4.95,-12.57,-10.56,-1.68,-10.9,-6.96,-2.51,-9.89,-9.89,-9.97,-14.25,-13.83
2025-10-07,TKNSA,4.31,115964720.0,499894679.0,2,2025-10-07 11:00,28.58,0.98,-5.88,-4.27,0.98,-16.86,0.14,-8.68,-8.61,-6.51,-11.69,-10.57,-7.98,-11.76,-11.55,-10.29,-16.86,-15.82
2024-08-07,TLMAN,5.14,24615827.0,126493202.0,2,2024-08-07 11:00,109.9,1.82,-6.19,1.82,9.01,-10.83,9.01,-2.64,-2.18,2.37,-3.46,-3.18,-2.0,-9.01,-8.1,-8.55,-10.56,-10.56
2024-08-08,TLMAN,4.41,33128914.0,146055284.0,2,2024-08-08 11:00,109.3,7.87,-2.1,-1.65,7.87,-11.99,2.93,-2.93,-2.65,-1.46,-8.51,-7.59,-7.14,-10.34,-9.06,-7.87,-11.99,-7.87
2024-11-11,TLMAN,4.81,12272913.0,59001269.0,1,2024-11-11 10:00,100.9,1.59,-3.67,-3.27,2.58,-5.5,0.4,-5.5,-1.93,-0.99,-5.2,-4.81,2.58,-1.88,0.5,-0.59,-3.57,-3.47
2025-02-13,TLMAN,4.45,14895704.0,66271431.0,3,2025-02-13 12:00,96.0,1.35,-2.29,-1.77,2.86,-5.73,0.21,-4.06,-1.82,0.1,-2.5,-1.98,2.76,-2.19,2.08,-1.56,-5.73,-3.07
2025-05-13,TLMAN,4.42,15613681.0,69030359.0,1,2025-05-13 10:00,92.5,0.54,-6.43,-5.19,0.54,-10.16,-1.51,-6.59,-5.19,-4.11,-9.35,-9.19,-5.46,-10.16,-8.49,-5.41,-9.03,-8.7
2025-08-11,TLMAN,5.24,24805404.0,129944482.0,3,2025-08-11 12:00,100.3,3.09,-3.29,-1.69,5.08,-5.63,1.1,-5.63,-2.34,-0.3,-4.44,-2.24,1.3,-5.28,-4.39,5.08,-0.45,3.49
2025-12-09,TLMAN,5.89,23723662.0,139747201.0,1,2025-12-09 10:00,111.3,4.22,-5.57,-5.3,4.22,-12.4,-0.27,-8.89,-5.21,-3.59,-9.7,-8.72,-8.27,-12.4,-10.47,-10.6,-12.13,-12.13
2026-06-04,TLMAN,4.06,24210831.0,98255137.0,3,2026-06-04 12:00,104.0,2.88,-2.98,-1.35,5.67,-5.24,5.67,-2.79,-1.15,-0.48,-5.24,-1.54,,,,,,
2024-12-16,TMPOL,4.05,16828931.0,68112246.0,1,2024-12-16 10:00,82.4,5.34,-7.22,-7.22,5.34,-13.23,0.18,-8.13,-4.13,-1.46,-7.4,-7.22,-5.04,-10.25,-9.89,-9.41,-13.23,-13.23
2025-07-10,TMPOL,4.32,18201882.0,78562602.0,2,2025-07-10 11:00,85.2,0.29,-3.76,-3.76,11.44,-4.75,-0.82,-4.75,-2.88,5.11,-0.76,4.28,4.46,-0.76,0.82,11.44,-1.41,10.45
2025-08-14,TMPOL,6.79,49485119.0,335987795.0,3,2025-08-14 12:00,109.9,0.73,-6.46,-5.0,11.92,-7.28,4.46,-7.28,1.82,11.83,2.46,11.37,11.92,1.36,4.09,4.19,-2.64,-2.18
2025-12-01,TMPOL,42.57,26843601.0,1142836962.0,3,2025-12-01 17:00,379.5,0.0,0.0,0.0,13.97,-7.64,8.37,-1.19,8.3,13.97,3.69,13.97,11.99,2.57,2.57,5.4,-5.6,2.24
2025-05-23,TMSN,8.91,61191215.0,544932717.0,1,2025-05-23 10:00,113.0,0.53,-5.84,-3.54,2.92,-14.65,2.92,-7.88,-4.78,-0.27,-9.73,-8.41,-5.58,-11.5,-11.5,-10.18,-14.65,-14.65
2025-05-26,TMSN,4.49,109329988.0,491162314.0,3,2025-05-26 12:00,113.3,1.41,-5.03,-5.03,1.41,-16.33,-0.53,-9.97,-8.65,-5.83,-11.74,-11.74,-8.47,-12.62,-11.12,-11.96,-16.33,-16.02
2025-11-19,TMSN,4.98,83928447.0,418121683.0,1,2025-11-19 10:00,118.3,3.38,-3.55,-3.3,3.38,-12.34,-0.68,-7.27,-6.68,-4.06,-8.96,-8.62,-8.54,-11.33,-10.99,-10.82,-12.34,-12.09
2026-04-08,TMSN,6.18,75746759.0,468109528.0,3,2026-04-08 12:00,109.7,0.0,-5.93,0.0,2.55,-5.93,2.55,-3.37,-2.46,-1.28,-3.56,-2.46,-3.46,-5.83,-5.56,-3.19,-4.74,-4.19
2024-09-19,TNZTP,4.74,26567579.0,125982965.0,3,2024-09-19 12:00,19.632,0.9,-2.77,-2.04,0.9,-9.21,-1.06,-4.65,-4.24,-3.1,-5.54,-4.07,-4.07,-6.36,-6.11,-6.68,-9.21,-8.8
2025-06-23,TRCAS,5.23,56127214.0,293592166.0,2,2025-06-23 11:00,32.02,0.75,-2.87,0.75,15.55,-9.31,10.81,-9.31,9.24,15.55,6.37,10.24,12.43,6.81,10.31,9.12,3.69,7.37
2025-06-24,TRCAS,4.03,80238950.0,322990996.0,2,2025-06-24 11:00,30.6,15.95,-0.98,14.31,20.92,-0.98,20.92,11.31,15.36,17.65,11.76,15.42,16.01,11.11,14.51,12.88,6.86,6.86
2024-11-22,TRENJ,4.48,168562842.0,755222821.0,2,2024-11-22 11:00,49.6,0.0,-1.98,0.0,11.9,-1.98,7.86,-0.69,3.12,11.9,3.73,5.95,9.27,4.33,7.06,11.9,-0.04,8.47
2025-03-07,TRHOL,6.97,12147826.0,84699852.0,1,2025-03-07 12:00,43.92,0.0,0.0,0.0,32.97,0.0,9.97,9.97,9.97,20.9,20.9,20.9,32.97,8.83,8.83,31.6,14.87,19.76
2025-01-06,TRILC,4.24,118108643.0,500674532.0,3,2025-01-06 12:00,2.8445,2.69,-0.55,1.87,7.41,-4.39,5.76,-1.59,1.48,7.41,-0.16,2.25,2.41,-2.08,-1.7,4.06,-3.02,1.43
2025-11-28,TRILC,7.44,62059481.0,461961228.0,2,2025-11-28 11:00,2.6635,7.67,-4.04,-4.04,7.67,-7.73,-2.99,-7.73,-5.92,-5.27,-6.44,-6.09,-0.18,-6.21,-2.11,-1.29,-4.51,-3.75
2026-04-29,TRILC,4.08,105871165.0,432159374.0,1,2026-04-29 10:00,3.65,7.12,-2.19,1.37,13.15,-2.19,7.12,-0.55,1.37,9.59,1.37,2.74,9.86,-0.55,9.86,13.15,6.03,10.96
2026-05-08,TRILC,10.42,250874986.0,2614430694.0,2,2026-05-08 11:00,3.85,3.38,-5.19,-1.04,4.16,-24.68,2.86,-4.16,2.34,4.16,-7.79,-7.79,-10.39,-16.88,-16.88,-18.18,-23.9,-22.6
2024-11-22,TRMET,4.87,428801412.0,2089403125.0,2,2024-11-22 11:00,77.6,1.55,-3.8,-3.16,1.55,-12.69,-1.8,-7.6,-7.6,-5.28,-8.25,-8.25,-6.96,-10.7,-10.37,-7.41,-12.69,-9.21
2024-11-06,TSGYO,4.59,94913013.0,435601170.0,2,2024-11-06 11:00,11.98,4.84,-3.42,-3.01,4.84,-20.62,1.25,-8.01,-7.35,-5.93,-13.69,-13.44,-11.94,-15.86,-15.53,-16.28,-20.62,-20.37
2024-12-24,TSGYO,4.24,60222913.0,255548544.0,1,2024-12-24 10:00,7.29,4.12,0.0,0.0,4.12,-5.35,2.19,-3.29,-0.14,0.96,-2.61,-2.61,-0.27,-3.57,-3.29,-3.02,-5.35,-4.66
2025-03-19,TSGYO,5.73,39162864.0,224485040.0,2,2025-03-19 11:00,8.4,0.0,-4.88,0.0,20.95,-9.52,10.0,5.48,10.0,20.95,2.38,3.69,13.1,-6.31,-5.36,0.6,-9.17,-5.83
2025-03-21,TSGYO,5.48,51330309.0,281232082.0,1,2025-03-21 10:00,9.52,6.72,-9.66,-8.51,6.72,-23.42,-0.21,-17.33,-16.49,-13.66,-20.17,-17.23,-11.24,-19.85,-16.91,-20.69,-23.42,-22.27
2025-07-08,TSGYO,4.37,33628432.0,146819996.0,3,2025-07-08 12:00,7.43,3.23,-3.5,-3.5,3.23,-5.52,2.29,-2.96,-2.69,-0.67,-4.04,-4.04,-0.67,-5.52,-4.85,-0.13,-5.25,-2.83
2025-11-10,TSGYO,6.45,48389503.0,311887814.0,2,2025-11-10 11:00,8.55,15.67,0.0,0.0,15.67,-14.74,-1.75,-9.94,-9.94,-10.29,-14.74,-14.5,-10.18,-14.27,-13.33,-7.84,-10.53,-8.54
2024-09-23,TUCLK,4.27,18343275.0,78347551.0,2,2024-09-23 11:00,5.4133,4.0,-1.43,0.0,39.86,-1.43,9.94,1.95,9.94,20.9,11.68,20.9,32.99,21.82,32.99,32.99,16.39,32.99
2024-09-24,TUCLK,4.68,25727045.0,120369949.0,2,2024-09-24 11:00,5.9513,0.0,-2.89,0.0,30.85,-2.89,9.97,1.58,9.97,20.97,10.81,20.97,27.21,9.88,9.97,30.85,8.95,11.84
2024-09-25,TUCLK,5.47,30828570.0,168626759.0,1,2024-09-25 10:00,6.445,1.55,-6.2,1.55,20.83,-7.06,11.7,2.32,11.7,17.47,1.46,1.55,11.7,-2.24,11.7,4.99,-7.06,-6.28
2024-09-27,TUCLK,4.76,73301433.0,348793133.0,2,2024-09-27 11:00,7.0939,3.36,-7.82,-7.74,9.77,-16.81,1.49,-11.18,1.49,9.77,-8.6,-6.18,-4.61,-15.56,-14.86,-10.09,-16.81,-14.78
2024-12-27,TUCLK,4.59,36805243.0,169074411.0,2,2024-12-27 11:00,5.968,2.42,-2.7,-2.7,2.42,-5.86,-3.07,-5.11,-4.65,-4.28,-5.86,-4.93,-3.07,-5.11,-3.25,1.21,-1.95,-1.39
2025-03-13,TUCLK,5.02,17846801.0,89637020.0,3,2025-03-13 12:00,4.9142,2.03,-0.34,1.81,5.19,-9.14,4.74,1.81,3.95,5.19,3.39,3.95,4.74,1.58,3.61,-5.08,-9.14,-8.8
2025-08-22,TUCLK,4.65,51345210.0,238643962.0,2,2025-08-22 11:00,5.8571,4.17,-0.38,4.17,25.95,-0.38,12.88,5.21,7.48,18.18,4.07,18.18,25.95,9.66,10.8,25.85,14.11,23.39
2025-08-25,TUCLK,4.21,67643737.0,284899415.0,2,2025-08-25 11:00,6.5115,1.53,-4.43,-3.32,13.63,-6.39,6.3,-6.39,6.3,13.29,-1.36,-0.34,7.07,-0.43,6.22,13.63,3.66,3.92
2025-12-26,TUCLK,4.17,49492109.0,206532940.0,2,2025-12-26 11:00,5.02,1.2,-3.59,-3.59,3.78,-4.58,3.78,-3.78,0.8,2.19,-3.19,-2.79,-0.6,-4.58,-4.38,-1.99,-4.38,-3.39
2026-01-29,TUCLK,4.96,74493854.0,369280214.0,1,2026-01-29 10:00,5.61,0.0,-6.42,0.0,11.94,-8.2,6.6,-8.02,-2.14,-0.18,-8.2,-5.88,3.39,-4.1,3.39,3.92,-4.1,-3.92
2026-01-30,TUCLK,4.32,94381530.0,408189837.0,2,2026-01-30 11:00,5.77,2.43,-7.97,-4.85,8.84,-10.75,-2.95,-10.75,-8.49,0.52,-6.76,0.52,8.84,-3.81,-3.29,-2.6,-8.15,-7.63
2025-01-31,TUKAS,4.87,56172884.0,273573418.0,2,2025-01-31 11:00,2.1921,1.49,-6.72,-6.57,1.49,-12.41,-4.63,-7.61,-7.01,-5.11,-7.85,-6.94,-6.48,-12.41,-11.04,-2.83,-11.96,-6.03
2025-08-06,TUKAS,4.81,212055592.0,1020055392.0,2,2025-08-06 11:00,3.17,5.05,-3.79,5.05,21.14,-9.15,15.46,4.73,15.46,21.14,4.1,4.1,2.84,-3.79,-3.79,-1.89,-6.94,-5.68
2025-08-07,TUKAS,4.28,295656101.0,1265596605.0,2,2025-08-07 11:00,3.54,3.39,-6.21,3.39,8.47,-18.93,8.47,-6.78,-6.78,-7.91,-13.84,-13.84,-11.58,-18.64,-16.1,-14.97,-18.93,-18.93
2025-08-08,TUKAS,5.06,453716559.0,2296834365.0,2,2025-08-08 11:00,3.49,4.58,-5.44,-5.44,4.58,-18.62,-6.59,-12.61,-12.61,-10.32,-17.48,-14.9,-10.89,-15.47,-14.33,-16.05,-18.62,-17.19
2024-12-18,TURGG,9.63,14101358.0,135743648.0,2,2024-12-18 11:00,35.3484,1.42,-3.48,1.42,7.44,-11.39,7.44,-4.51,-1.82,1.03,-6.09,-5.85,-3.96,-9.34,-9.18,-6.33,-11.39,-10.6
2025-03-13,TURGG,5.03,12969901.0,65208360.0,2,2025-03-13 11:00,31.4332,0.98,-5.69,-5.34,0.98,-19.26,-4.98,-10.05,-9.96,-7.92,-10.68,-9.61,-8.36,-10.14,-9.43,-14.59,-19.26,-16.55
2025-05-29,TURGG,4.67,9965094.0,46493975.0,2,2025-05-29 11:00,25.6304,1.64,-4.69,-2.73,1.64,-7.8,-2.45,-5.67,-4.64,-4.53,-7.8,-7.58,-4.75,-7.15,-5.67,-1.04,-2.73,-1.36
2025-10-31,TURGG,4.39,18369372.0,80605049.0,2,2025-10-31 11:00,31.92,3.01,-6.89,-6.89,3.01,-12.41,-3.88,-6.64,-6.27,-5.01,-7.71,-6.52,-4.51,-12.41,-9.71,-9.4,-11.65,-10.46
2026-04-24,TURGG,5.61,39091801.0,219170795.0,1,2026-04-24 10:00,38.28,0.89,-3.34,0.89,21.84,-5.38,6.84,-5.38,2.25,12.43,-0.05,12.43,21.84,10.24,14.16,8.93,-0.05,3.19
2026-04-29,TURGG,4.39,91854171.0,403524010.0,2,2026-04-29 11:00,45.74,1.97,-5.99,-4.46,1.97,-19.94,-0.39,-12.55,-12.55,-8.83,-16.35,-13.64,-13.07,-17.14,-16.75,-15.35,-18.58,-17.93
2025-02-25,UFUK,5.4,4567376.0,24663758.0,2,2025-02-25 11:00,540.0,1.2,-1.39,1.2,11.11,-1.85,3.7,-1.85,0.0,10.0,-1.85,9.91,11.11,6.48,8.33,10.74,5.93,8.61
2025-09-17,UFUK,6.55,16547710.0,108421058.0,2,2025-09-17 11:00,909.0,4.46,-4.73,-0.33,47.85,-4.73,8.8,-0.17,4.51,14.96,4.51,14.96,26.4,19.91,26.4,47.85,25.08,25.08
2025-09-18,UFUK,4.08,23141956.0,94387314.0,2,2025-09-18 11:00,967.0,2.28,-3.67,-1.76,38.99,-3.67,8.07,-1.76,8.07,18.82,12.72,18.82,30.61,18.82,30.61,17.89,6.51,15.93
2026-02-19,UFUK,6.71,21170438.0,142099865.0,3,2026-02-19 12:00,1686.0,0.0,-14.95,-4.86,14.12,-14.95,4.39,-9.61,3.91,14.12,1.66,1.72,2.19,-6.58,-4.69,-6.58,-8.78,-7.18
2026-04-02,ULAS,4.59,21997533.0,100942412.0,2,2026-04-02 11:00,38.48,11.75,-6.34,11.75,11.75,-21.57,3.17,0.57,0.57,-2.55,-9.46,-9.46,-9.62,-18.4,-18.4,-13.46,-21.57,-15.7
2025-06-13,ULUSE,5.57,21361062.0,119028225.0,2,2025-06-13 11:00,167.2,1.61,-8.55,-6.64,2.15,-19.02,-0.42,-11.54,-11.06,-11.12,-15.55,-15.55,-7.12,-19.02,-7.12,-3.41,-13.88,-9.99
2025-08-29,ULUSE,4.47,24647150.0,110147244.0,1,2025-08-29 10:00,209.3,3.58,-5.4,1.19,19.45,-5.4,11.28,3.15,11.28,19.45,0.19,4.59,8.93,1.43,7.02,7.12,2.48,3.01
2025-11-04,ULUSE,4.56,26060164.0,118886281.0,2,2025-11-04 11:00,206.4,0.24,-2.57,-2.47,1.02,-15.46,-3.15,-7.95,-4.8,1.02,-6.59,-4.8,-4.75,-8.19,-7.95,-11.09,-15.46,-15.12
2026-04-15,ULUSE,4.83,36573540.0,176516045.0,2,2026-04-15 11:00,213.0,8.69,-4.32,-1.6,22.54,-4.32,4.79,-2.82,0.89,3.29,-0.7,1.31,11.41,-0.56,11.41,21.71,14.08,17.49
2026-04-21,ULUSE,4.37,66656612.0,291613556.0,3,2026-04-21 12:00,257.0,1.17,-3.04,-2.53,7.78,-7.0,0.88,-5.45,-2.63,1.65,-5.84,-4.32,5.16,-7.0,-0.78,6.61,-7.0,-7.0
2024-10-11,ULUUN,4.46,43698552.0,195074210.0,3,2024-10-11 12:00,6.3,9.05,-3.97,-0.32,12.54,-6.03,6.19,0.79,0.79,2.54,-3.65,-2.54,-2.06,-6.03,-6.03,12.54,2.38,2.54
2026-03-10,ULUUN,4.02,38877340.0,156435845.0,2,2026-03-10 11:00,8.14,2.7,-3.93,-0.86,2.7,-5.77,0.74,-5.77,-3.44,0.49,-4.42,-1.72,-0.98,-5.16,-3.93,0.37,-2.95,-2.33
2020-05-11,UMPAS,6.39,32000.0,204518.0,1,2020-05-11 12:00,0.67,0.0,0.0,0.0,49.25,0.0,8.96,8.96,8.96,19.4,17.91,19.4,31.34,31.34,31.34,49.25,29.85,29.85
2020-05-13,UMPAS,8.62,46687.0,402297.0,0,2020-05-13 09:00,0.79,1.27,0.0,1.27,26.58,-3.8,11.39,11.39,11.39,21.52,21.52,21.52,26.58,10.13,10.13,5.06,-3.8,5.06
2020-05-14,UMPAS,5.33,68525.0,365469.0,2,2020-05-14 13:00,0.88,0.0,0.0,0.0,13.64,-14.77,9.09,9.09,9.09,13.64,-1.14,-1.14,-10.23,-10.23,-10.23,-14.77,-14.77,-14.77
2020-05-15,UMPAS,4.12,93446.0,384790.0,2,2020-05-15 13:00,0.96,0.0,0.0,0.0,4.17,-27.08,4.17,-9.38,-9.38,-17.71,-17.71,-17.71,-13.54,-20.83,-13.54,-21.88,-27.08,-25.0
2020-12-04,UMPAS,6.9,30814.0,212662.0,3,2020-12-04 17:00,0.85,0.0,0.0,0.0,58.82,0.0,9.41,9.41,9.41,20.0,20.0,20.0,31.76,31.76,31.76,58.82,58.82,58.82
2020-12-10,UMPAS,6.92,43752.0,302670.0,2,2020-12-10 13:00,1.23,0.0,0.0,0.0,58.54,-0.81,9.76,9.76,9.76,20.33,-0.81,20.33,31.71,31.71,31.71,58.54,58.54,58.54
2020-12-11,UMPAS,13.42,61841.0,829625.0,0,2020-12-11 09:00,1.35,0.0,0.0,0.0,58.52,-9.63,9.63,-9.63,9.63,20.0,20.0,20.0,31.85,31.85,31.85,58.52,58.52,58.52
2020-12-14,UMPAS,5.21,117725.0,613490.0,0,2020-12-14 09:00,1.22,21.31,0.0,21.31,88.52,0.0,32.79,32.79,32.79,45.9,45.9,45.9,59.84,59.84,59.84,88.52,59.84,59.84
2020-12-18,UMPAS,4.51,188880.0,851217.0,3,2020-12-18 17:00,2.14,0.0,0.0,0.0,7.48,-16.82,7.48,-8.88,-8.88,0.0,-16.82,0.0,5.14,-9.81,-9.81,-6.54,-15.89,-15.89
2021-01-07,UMPAS,5.34,447209.0,2387696.0,3,2021-01-07 17:00,3.8,0.0,-2.89,-2.89,0.0,-18.95,-12.37,-12.37,-12.37,-3.68,-18.95,-3.68,-13.16,-13.16,-13.16,-7.89,-18.16,-18.16
2021-03-26,UMPAS,4.48,247293.0,1107484.0,3,2021-03-26 17:00,2.42,0.0,0.0,0.0,0.0,-31.82,0.0,-9.92,-9.92,-16.12,-18.6,-18.6,-16.12,-18.6,-16.12,-24.38,-31.82,-31.82
2021-03-29,UMPAS,4.35,286848.0,1247073.0,3,2021-03-29 17:00,2.18,0.0,0.0,0.0,0.0,-31.65,-6.88,-9.63,-9.63,-6.88,-9.63,-6.88,-6.88,-16.06,-16.06,-24.31,-31.65,-31.65
2021-06-18,UMPAS,4.15,73823.0,306108.0,3,2021-06-18 17:00,1.31,1.53,0.0,1.53,20.61,-0.76,11.45,1.53,11.45,20.61,14.5,14.5,14.5,3.05,3.05,16.79,12.98,12.98
2021-08-23,UMPAS,4.2,56212.0,236293.0,3,2021-08-23 17:00,1.25,0.8,0.0,0.8,0.8,-8.0,-3.2,-4.0,-4.0,-4.0,-4.8,-4.8,-4.8,-7.2,-7.2,-4.0,-7.2,-4.0
2021-10-18,UMPAS,4.87,53626.0,260986.0,1,2021-10-18 12:00,1.29,0.0,0.0,0.0,484.5,0.0,300.78,287.6,300.78,340.31,340.31,340.31,383.72,383.72,383.72,484.5,484.5,484.5
2022-12-19,UMPAS,24.05,68460.0,1646780.0,1,2022-12-19 12:00,5.0,3.4,0.0,3.4,65.8,0.0,13.6,13.6,13.6,24.8,24.8,24.8,37.2,37.2,37.2,65.8,65.8,65.8
2022-12-20,UMPAS,6.09,230628.0,1405266.0,1,2022-12-20 12:00,5.68,0.0,0.0,0.0,60.39,0.0,9.86,9.86,9.86,20.77,20.77,20.77,32.75,32.75,32.75,60.39,45.95,45.95
2022-12-21,UMPAS,5.96,344845.0,2056361.0,0,2022-12-21 09:00,6.24,0.0,0.0,0.0,45.99,0.0,9.94,9.94,9.94,20.83,20.83,20.83,32.85,32.85,32.85,19.71,19.71,19.71
2022-12-22,UMPAS,4.87,515381.0,2509141.0,1,2022-12-22 12:00,6.86,0.0,0.0,0.0,32.8,-1.9,9.91,9.91,9.91,20.85,20.85,20.85,32.8,20.85,20.85,-1.9,-1.9,-1.9
2022-12-27,UMPAS,5.44,840041.0,4568109.0,1,2022-12-27 12:00,9.11,0.0,-9.0,-9.0,0.0,-33.26,-18.0,-18.0,-18.0,-26.13,-26.13,-26.13,-18.77,-31.94,-18.77,-31.94,-33.26,-32.38
2022-12-30,UMPAS,4.6,1354850.0,6236512.0,3,2022-12-30 17:00,7.39,0.14,0.0,0.14,0.14,-29.23,-7.31,-8.66,-8.66,-16.1,-17.73,-16.64,-12.72,-14.07,-12.72,-25.58,-29.23,-25.58
2023-09-06,UMPAS,4.13,813472.0,3362918.0,3,2023-09-06 17:00,5.96,0.0,0.0,0.0,26.85,0.0,9.9,1.01,9.9,13.09,4.03,13.09,22.15,17.62,22.15,26.85,23.32,26.85
2023-12-11,UMPAS,4.46,1786789.0,7977962.0,1,2023-12-11 12:00,9.4,0.0,-13.83,-13.83,0.0,-21.17,-16.7,-19.26,-16.7,-12.77,-20.21,-20.21,-12.23,-21.17,-12.23,-5.32,-12.87,-12.87
2024-01-24,UMPAS,4.64,1177026.0,5466719.0,1,2024-01-24 12:00,8.32,0.0,-4.21,-3.85,14.18,-5.65,-0.48,-2.04,-1.56,-1.56,-5.29,-4.69,-4.69,-5.29,-4.69,14.18,4.81,14.18
2024-01-30,UMPAS,4.32,1414116.0,6106991.0,2,2024-01-30 13:00,8.72,0.0,0.0,0.0,24.77,0.0,8.94,0.0,8.94,19.84,8.94,19.84,24.77,14.45,14.45,17.78,7.22,17.66
2024-02-01,UMPAS,4.11,2045318.0,8410390.0,3,2024-02-01 17:00,10.45,0.0,0.0,0.0,4.11,-10.62,4.11,-4.5,-4.5,-4.5,-10.62,-10.62,-1.72,-10.53,-1.82,-3.35,-7.37,-4.69
2024-12-09,UNLU,4.33,8622142.0,37291819.0,1,2024-12-09 10:00,15.51,3.42,-2.0,0.26,3.42,-2.0,3.09,-0.64,1.61,2.19,-0.64,-0.06,1.29,-0.19,0.32,1.68,-0.19,0.64
2025-04-18,UNLU,4.11,5819646.0,23909986.0,2,2025-04-18 11:00,14.53,1.86,-6.13,-5.71,4.47,-11.56,-5.02,-8.4,-7.71,-6.47,-9.43,-9.22,-5.02,-9.5,-5.71,4.47,-3.17,-2.0
2025-06-26,UNLU,4.28,14850043.0,63496339.0,2,2025-06-26 11:00,16.54,2.78,-2.06,-0.85,2.78,-10.82,0.06,-4.35,-2.66,1.21,-3.33,-1.93,-0.91,-5.32,-4.78,-4.72,-10.82,-9.31
2025-07-03,UNLU,4.31,27254351.0,117410047.0,1,2025-07-03 10:00,15.6,1.03,-5.45,-3.85,4.42,-8.08,-1.47,-8.08,-6.73,-3.91,-8.01,-4.62,-2.56,-6.09,-3.78,4.42,-0.26,0.32
2024-07-31,USAK,4.35,65394813.0,284773215.0,2,2024-07-31 11:00,3.6283,1.11,-10.9,1.11,1.11,-26.06,0.82,-8.97,-8.15,-4.37,-17.27,-9.49,-13.19,-18.53,-18.53,-19.57,-26.06,-26.06
2024-12-10,USAK,6.3,107370151.0,676198656.0,3,2024-12-10 12:00,2.0011,0.0,-5.71,0.0,8.94,-12.57,8.94,-2.55,2.22,4.17,-4.37,-2.35,-2.69,-6.92,-3.9,-2.42,-12.3,-2.42
2024-12-11,USAK,5.95,135621186.0,806977535.0,2,2024-12-11 11:00,2.0683,2.28,-5.72,-1.11,2.6,-15.41,0.78,-7.48,-5.53,-5.85,-9.95,-7.02,-6.11,-15.41,-14.17,2.6,-4.16,-3.58
2025-03-11,USAK,5.56,105167968.0,584375597.0,2,2025-03-11 11:00,1.9634,0.0,-7.88,-7.53,5.48,-14.38,-1.37,-12.67,-7.88,-4.45,-11.99,-8.9,-7.88,-13.01,-12.67,5.48,-0.68,5.48
2025-12-22,USAK,4.32,227586304.0,982191024.0,3,2025-12-22 12:00,2.3265,5.49,-5.49,-5.49,8.38,-12.14,-2.6,-12.14,-10.4,-1.45,-11.27,-1.45,8.38,-4.05,-1.73,-3.18,-8.96,-8.67
2026-04-07,USAK,5.0,112102863.0,560489482.0,2,2026-04-07 11:00,1.72,3.49,-5.23,-5.23,3.49,-5.23,1.16,-2.33,-0.58,0.58,-3.49,-2.33,-0.58,-2.91,-1.16,0.0,-2.33,-1.16
2024-10-28,VAKFN,4.13,49763907.0,205592037.0,2,2024-10-28 11:00,1.225,1.71,-4.0,-1.14,1.71,-9.71,-1.14,-5.14,-4.0,-2.29,-5.14,-4.0,-2.86,-4.57,-4.0,-6.29,-9.14,-8.0
2026-01-14,VAKFN,5.5,134697019.0,741100793.0,2,2026-01-14 11:00,2.1,0.48,-8.1,-8.1,2.86,-8.57,-6.19,-8.57,-6.19,-4.76,-7.14,-6.19,-3.33,-6.67,-6.19,-0.48,-3.81,-2.86
2024-07-31,VANGD,4.7,17232795.0,81065320.0,2,2024-07-31 11:00,20.18,1.39,-2.18,-0.89,4.06,-13.58,4.06,-8.42,-5.8,3.57,-7.73,-4.11,-0.59,-13.58,-11.3,-8.37,-12.88,-12.69
2026-01-14,VANGD,5.43,16321919.0,88651887.0,1,2026-01-14 10:00,55.15,8.52,-7.07,8.52,11.51,-11.15,11.51,-2.27,-2.27,1.54,-7.52,-2.09,3.26,-5.71,-2.81,-4.9,-11.15,-10.24
2024-11-28,VBTYZ,5.59,32454341.0,181428887.0,1,2024-11-28 10:00,26.92,4.23,-2.82,-2.75,4.23,-5.94,-1.93,-4.98,-4.9,-3.86,-5.94,-4.53,-4.01,-5.2,-4.98,-2.3,-4.9,-4.16
2025-12-12,VBTYZ,6.93,15590984.0,108057578.0,1,2025-12-12 10:00,16.7,3.65,-4.85,-4.79,3.65,-8.08,-2.75,-6.41,-4.31,-2.46,-8.08,-3.53,-2.99,-4.97,-4.79,-2.04,-7.6,-3.65
2025-12-25,VBTYZ,4.34,33266875.0,144329278.0,3,2025-12-25 12:00,17.22,2.5,-0.75,2.5,4.65,-7.32,4.65,-2.85,-0.99,0.35,-4.65,-3.54,-1.74,-4.12,-2.44,1.05,-4.18,-3.89
2026-05-08,VBTYZ,4.5,44636234.0,201039978.0,2,2026-05-08 11:00,24.56,1.79,-2.28,-0.73,3.34,-7.41,3.34,-4.07,0.49,-0.24,-4.32,-4.32,-3.01,-7.41,-7.17,0.16,-5.13,-0.33
2026-05-20,VBTYZ,4.56,74268775.0,338372129.0,2,2026-05-20 11:00,28.42,1.83,-11.61,-10.98,1.83,-20.48,-6.97,-16.12,-16.12,-10.77,-20.48,-12.24,-3.94,-13.44,-6.54,0.99,-7.81,0.99
2024-11-27,VERTU,4.52,9775868.0,44200129.0,2,2024-11-27 11:00,40.82,0.88,-3.23,-2.6,0.88,-6.12,-2.4,-5.1,-5.1,-4.65,-6.12,-5.0,-4.12,-5.78,-4.95,-3.63,-5.1,-4.07
2025-04-14,VERTU,5.49,13573720.0,74523998.0,1,2025-04-14 10:00,36.94,8.83,-3.95,-1.79,8.83,-10.12,6.39,-4.87,1.25,3.74,-4.87,-4.55,-2.87,-7.53,-5.96,-3.95,-10.12,-8.61
2025-07-10,VERTU,4.09,11515230.0,47152142.0,2,2025-07-10 11:00,35.58,4.61,-5.9,-4.44,32.04,-5.9,5.12,-3.82,5.12,15.63,9.5,15.63,20.01,5.85,9.89,32.04,20.35,22.71
2025-07-14,VERTU,5.1,18016704.0,91808264.0,3,2025-07-14 12:00,41.02,0.29,-2.88,0.29,14.53,-8.19,4.1,-8.19,-4.68,4.83,-3.71,4.83,14.53,4.39,6.44,10.19,2.39,4.0
2025-07-16,VERTU,6.44,22691243.0,146027674.0,3,2025-07-16 12:00,38.1,8.77,-1.15,2.62,23.31,-1.15,12.86,3.67,12.86,23.31,12.39,14.59,16.48,9.45,10.24,12.44,5.83,5.83
2025-07-18,VERTU,4.49,41387820.0,186033532.0,2,2025-07-18 11:00,45.54,3.16,-5.97,-4.13,3.16,-12.91,-2.55,-8.43,-7.77,-0.75,-7.77,-6.32,-5.93,-11.46,-11.46,-9.93,-12.91,-12.87
2025-11-03,VERTU,4.16,42195069.0,175414422.0,3,2025-11-03 12:00,46.3,2.07,-2.59,-1.77,6.65,-14.95,6.65,-1.77,4.97,-0.52,-5.53,-5.53,-6.61,-14.95,-10.37,-6.78,-12.92,-9.59
2024-11-27,VERUS,5.32,11680109.0,62138648.0,1,2024-11-27 10:00,291.5,0.0,-6.0,0.0,6.95,-6.69,6.95,-1.54,-1.54,-0.6,-4.8,-3.86,-2.83,-5.23,-4.63,-3.52,-6.69,-5.83
2024-11-28,VERUS,5.89,14589862.0,85937700.0,1,2024-11-28 10:00,300.0,3.92,-4.33,-4.33,3.92,-9.33,-3.42,-7.5,-6.58,-5.58,-7.92,-7.33,-6.42,-8.33,-7.08,-8.0,-9.33,-8.83
2025-09-18,VERUS,6.94,53049006.0,368118375.0,1,2025-09-18 10:00,375.0,7.4,0.0,0.53,7.4,-19.13,2.27,-6.07,-0.47,5.0,-6.67,2.67,3.53,-7.0,-7.0,-7.87,-19.13,-7.87
2026-03-03,VERUS,4.81,30477971.0,146532022.0,3,2026-03-03 12:00,291.0,0.0,-2.32,0.0,17.61,-2.32,9.97,0.6,9.97,17.61,11.34,13.06,17.18,9.62,14.0,16.41,10.65,15.12
2024-09-10,VKFYO,4.44,12313449.0,54647335.0,1,2024-09-10 10:00,22.38,2.68,-7.86,-5.27,2.68,-15.5,-3.93,-11.89,-11.04,-9.56,-15.5,-15.1,-6.61,-15.1,-6.61,-7.15,-10.68,-10.19
2025-01-24,VKFYO,5.71,2413020.0,13774055.0,1,2025-01-24 10:00,20.18,2.97,-3.87,2.97,2.97,-10.6,2.87,-6.14,-2.53,-2.48,-7.09,-3.72,-3.91,-8.18,-7.53,-6.05,-10.6,-7.93
2025-04-22,VKFYO,5.23,1876183.0,9820248.0,2,2025-04-22 11:00,18.79,0.0,-8.99,0.0,12.72,-8.99,9.95,-4.95,9.95,12.72,4.63,9.53,9.1,-1.38,3.89,-3.41,-7.93,-7.66
2025-04-24,VKFYO,6.24,2554141.0,15937346.0,1,2025-04-24 10:00,20.54,0.58,-13.05,0.58,3.12,-17.14,3.12,-4.28,0.19,-0.19,-9.79,-4.97,-7.98,-13.05,-10.42,-14.02,-17.14,-15.43
2025-12-09,VKFYO,7.15,8864312.0,63337383.0,3,2025-12-09 12:00,33.96,4.59,-0.41,4.59,21.38,-5.83,14.84,-5.83,14.02,11.96,2.65,11.96,21.38,14.25,21.38,20.97,9.07,9.07
2025-12-10,VKFYO,4.08,13230314.0,54025571.0,1,2025-12-10 10:00,35.0,11.43,-8.63,10.63,17.77,-8.63,8.63,-0.4,8.63,17.77,10.86,17.77,17.77,17.54,17.54,11.83,-2.23,11.83
2024-07-10,VKING,6.33,37230554.0,235604865.0,2,2024-07-10 11:00,63.7,0.0,-11.62,0.0,9.65,-21.66,9.65,-9.97,-9.97,-13.66,-18.92,-18.92,-15.54,-20.72,-20.41,-15.62,-19.94,-19.15
2024-07-11,VKING,5.26,52770673.0,277814494.0,2,2024-07-11 11:00,57.35,3.4,0.0,0.0,3.4,-12.99,-4.1,-9.94,-9.94,-6.19,-11.94,-11.6,-8.72,-12.99,-10.81,-1.22,-11.68,-10.55
2024-10-03,VKING,4.12,21538851.0,88787871.0,2,2024-10-03 11:00,34.6,2.6,-3.99,-3.99,2.6,-12.77,-3.29,-10.69,-9.36,-7.34,-10.35,-10.17,-3.47,-12.77,-4.68,-2.31,-7.51,-7.51
2024-12-11,VKING,4.34,24388082.0,105876247.0,1,2024-12-11 10:00,39.3,1.42,-8.91,-7.48,1.42,-14.96,-3.05,-14.96,-11.5,-7.28,-12.67,-10.28,-9.31,-13.28,-13.23,-5.85,-12.21,-9.52
2025-04-07,VKING,4.06,3252374.0,13193352.0,3,2025-04-07 12:00,29.5,3.39,-3.73,3.39,15.25,-4.27,13.69,3.8,13.69,15.25,5.42,8.47,8.07,1.63,1.63,3.05,-4.27,1.02
2025-07-01,VKING,4.03,2820974.0,11358779.0,2,2025-07-01 11:00,30.0,6.67,-0.87,1.73,6.67,-3.33,4.0,0.47,1.0,3.07,-2.67,-0.4,0.93,-3.33,-2.93,1.27,-2.6,-1.6
2025-07-23,VKING,5.25,15591871.0,81819911.0,1,2025-07-23 10:00,42.1,7.17,-6.56,-2.71,7.17,-12.35,2.14,-7.36,-3.8,1.19,-7.41,-6.89,-3.09,-8.36,-8.31,-2.61,-12.35,-2.61
2025-11-18,VKING,4.66,34523073.0,161028413.0,2,2025-11-18 11:00,42.76,5.94,-2.53,-0.84,12.96,-10.76,3.6,-10.76,-8.19,0.98,-8.19,0.98,12.96,1.5,3.7,2.81,-6.45,-2.43
2026-04-10,VRGYO,4.67,49868722.0,232779106.0,2,2026-04-10 11:00,2.53,1.98,-3.56,-3.56,1.98,-7.51,-1.98,-7.51,-7.11,-3.95,-6.72,-5.93,-1.98,-5.53,-2.77,-1.58,-4.35,-1.98
2025-08-01,VSNMD,9.83,857954832.0,8429571432.0,1,2025-08-01 10:00,751.0,14.45,0.0,0.0,14.45,-40.88,-5.93,-9.99,-9.99,-13.45,-18.97,-18.97,-19.91,-27.03,-27.03,-36.25,-40.88,-40.88
2026-04-16,VSNMD,4.12,155838843.0,641680772.0,1,2026-04-16 10:00,100.8,4.56,-4.96,-1.64,6.15,-12.2,1.98,-4.61,-2.28,6.15,-4.27,-2.63,1.19,-6.8,-6.25,-9.23,-12.2,-10.81
2024-11-20,YAPRK,4.25,30674966.0,130483466.0,2,2024-11-20 11:00,22.5952,4.0,-2.05,4.0,11.7,-4.48,11.28,-3.06,-2.95,1.26,-4.48,0.95,8.54,-1.16,8.54,11.06,2.58,2.69
2024-11-21,YAPRK,5.81,44823064.0,260637859.0,3,2024-11-21 12:00,22.1785,3.7,-1.23,-1.13,13.79,-2.68,3.17,-2.68,2.84,10.57,0.7,10.57,13.79,6.49,13.58,4.72,-2.25,0.27
2025-03-17,YAPRK,4.61,94994502.0,438135748.0,3,2025-03-17 12:00,38.7381,4.43,-1.35,1.41,5.35,-19.36,5.35,-2.15,-1.66,-4.24,-11.49,-8.85,-6.27,-11.68,-10.69,-11.06,-19.36,-11.06
2025-07-31,YAPRK,4.15,99469126.0,412462247.0,1,2025-07-31 10:00,16.0238,0.67,-4.9,0.67,9.29,-5.57,9.29,0.45,1.71,7.28,-1.49,3.34,6.32,-1.04,-0.67,-0.52,-5.57,-5.27
2025-12-09,YAPRK,4.15,38694330.0,160731922.0,1,2025-12-09 10:00,13.6428,4.36,-2.97,4.36,5.76,-6.46,5.58,-2.27,-1.92,5.76,-6.46,1.57,4.36,-2.27,-2.27,3.14,-5.76,3.14
2025-12-18,YAPRK,4.11,125923763.0,517945332.0,3,2025-12-18 12:00,15.1309,6.29,-2.75,-1.42,6.29,-12.2,1.81,-4.33,-2.05,-1.89,-5.59,-4.88,-0.79,-7.08,-6.77,-2.52,-12.2,-9.68
2026-02-13,YAPRK,4.31,64459222.0,278098775.0,1,2026-02-13 10:00,15.4167,0.0,-7.34,0.0,7.41,-7.95,7.41,-2.86,-1.16,-1.31,-6.25,-6.02,-2.39,-6.8,-4.86,-4.4,-7.03,-4.79
2026-02-16,YAPRK,4.23,77022928.0,325741131.0,1,2026-02-16 10:00,15.5833,6.26,-3.9,-2.22,6.26,-8.94,-2.37,-7.26,-7.03,-3.44,-7.79,-5.88,-5.27,-8.94,-7.26,-4.2,-6.95,-5.27
2026-02-26,YAPRK,4.04,150224353.0,607537787.0,2,2026-02-26 11:00,16.75,3.48,-13.22,-12.15,3.48,-33.67,-9.43,-20.96,-20.24,-24.54,-28.18,-28.18,-25.43,-33.67,-31.46,-30.75,-32.12,-31.76
2025-01-27,YATAS,4.25,23689692.0,100573329.0,1,2025-01-27 10:00,28.08,3.13,-2.78,1.85,3.13,-4.7,1.85,-1.64,0.0,2.07,-0.5,-0.21,2.49,-0.21,1.78,-2.56,-4.7,-4.56
2026-05-11,YATAS,5.81,38590722.0,224350568.0,1,2026-05-11 10:00,44.06,4.18,0.0,0.0,8.17,-5.9,0.05,-3.27,-2.36,-1.63,-5.58,-5.36,-2.63,-5.9,-3.77,8.17,0.5,1.0
2026-05-18,YATAS,4.02,72379541.0,290621793.0,2,2026-05-18 11:00,46.26,2.77,-4.28,-3.8,2.77,-16.04,-3.67,-11.33,-7.35,-7.09,-15.87,-13.96,-9.64,-16.04,-9.64,-10.68,-12.71,-11.15
2024-07-30,YAYLA,5.52,33025433.0,182167926.0,2,2024-07-30 11:00,18.79,0.0,-6.33,0.0,9.1,-19.05,9.1,-7.13,-4.52,-1.01,-8.2,-6.39,-4.95,-11.12,-10.59,-10.11,-17.03,-15.91
2024-07-31,YAYLA,4.4,42780644.0,188353748.0,3,2024-07-31 12:00,19.89,1.56,-12.27,-9.8,1.56,-23.53,-6.49,-13.27,-11.56,-10.21,-16.04,-15.54,-18.05,-23.53,-21.92,-12.62,-21.52,-12.62
2024-10-14,YAYLA,4.02,27892760.0,112161713.0,1,2024-10-14 10:00,14.03,13.9,-6.77,-6.77,13.9,-9.62,-0.21,-7.34,-6.41,-5.49,-9.62,-8.77,0.36,-8.2,0.36,7.98,-3.35,1.14
2024-10-18,YAYLA,4.74,44653326.0,211575758.0,2,2024-10-18 11:00,14.74,2.44,-4.34,-4.07,2.78,-8.21,2.78,-8.01,-3.73,1.63,-4.75,-3.39,-2.51,-8.21,-7.06,-4.41,-8.07,-5.09
2026-01-22,YAYLA,4.15,37571911.0,155995101.0,2,2026-01-22 11:00,32.62,6.68,-4.6,-3.68,6.68,-11.34,5.4,-3.68,0.18,3.31,-5.4,-4.35,-3.99,-7.23,-6.5,-8.77,-11.34,-11.34
2026-04-01,YAYLA,4.01,21899319.0,87886414.0,3,2026-04-01 12:00,23.36,5.91,-1.71,-1.54,5.91,-7.71,1.97,-2.91,-1.88,-1.71,-4.45,-4.28,-1.8,-4.45,-3.77,-2.4,-4.97,-4.02
2022-01-25,YBTAS,4.61,145804.0,672536.0,3,2022-01-25 17:00,5.8365,0.29,0.0,0.29,41.21,0.0,10.31,10.31,10.31,21.34,16.35,19.82,31.8,31.8,31.8,18.62,6.76,6.76
2022-01-26,YBTAS,5.21,193100.0,1005404.0,1,2022-01-26 12:00,6.4385,0.0,0.0,0.0,28.01,-12.9,10.0,5.47,8.61,19.47,19.47,19.47,28.01,7.53,7.53,-3.31,-12.9,-3.38
2022-01-27,YBTAS,7.73,250506.0,1935397.0,0,2022-01-27 09:00,7.0823,0.0,-4.12,-1.26,16.37,-20.82,8.61,8.61,8.61,16.37,-2.25,-2.25,-2.25,-12.02,-12.02,-15.02,-18.23,-18.23
2022-01-28,YBTAS,4.42,459881.0,2032800.0,1,2022-01-28 12:00,7.6923,0.0,0.0,0.0,7.14,-27.1,7.14,-10.0,-10.0,-10.0,-19.0,-19.0,-19.07,-27.1,-19.13,-17.18,-24.71,-17.18
2022-01-31,YBTAS,4.25,587946.0,2496910.0,3,2022-01-31 17:00,6.9231,0.0,0.0,0.0,0.0,-18.99,0.0,-10.0,-10.0,-10.08,-18.99,-10.14,-13.06,-16.35,-16.35,-5.0,-6.69,-6.69
2022-05-09,YBTAS,6.83,169745.0,1159702.0,2,2022-05-09 13:00,6.9597,0.0,0.0,0.0,0.48,-5.57,0.48,-4.31,-4.31,0.48,-4.3,0.48,-3.56,-5.5,-5.5,0.0,-2.03,-2.03
2022-05-10,YBTAS,4.38,260170.0,1139602.0,3,2022-05-10 17:00,6.6601,0.0,0.0,0.0,5.0,-1.32,5.0,0.0,5.0,0.78,-1.25,-1.25,4.5,-1.32,2.5,1.12,0.5,1.06
2022-08-01,YBTAS,4.14,210208.0,869440.0,3,2022-08-01 17:00,7.619,0.0,0.0,0.0,25.34,0.0,9.97,4.89,4.89,4.89,0.52,4.46,4.02,3.58,3.58,25.34,19.32,25.34
2022-08-02,YBTAS,6.83,246794.0,1685854.0,0,2022-08-02 09:00,8.3789,0.0,-4.62,-4.62,21.14,-8.6,-4.62,-8.6,-5.02,-5.41,-5.81,-5.81,3.61,-4.62,3.61,21.14,19.23,19.23
2023-02-02,YBTAS,4.21,961693.0,4044000.0,2,2023-02-02 13:00,27.4725,0.0,0.0,0.0,14.18,0.0,5.33,3.64,5.33,3.76,3.16,3.76,7.88,6.42,6.42,14.18,10.3,12.73
2023-08-15,YBTAS,4.09,1012938.0,4144498.0,2,2023-08-15 13:00,23.8045,1.4,0.0,1.4,1.4,-8.65,-0.68,-5.33,-5.33,-4.18,-8.65,-4.18,-4.31,-6.14,-6.14,-2.08,-5.5,-2.08
2023-10-25,YBTAS,5.02,3258478.0,16341380.0,3,2023-10-25 18:00,36.8906,0.0,0.0,0.0,19.15,-0.8,10.0,2.0,10.0,19.15,17.45,17.45,12.83,9.22,11.03,3.81,-0.8,-0.8
2024-05-13,YBTAS,4.03,3370610.0,13576330.0,3,2024-05-13 17:00,74.925,0.0,-2.22,-2.22,0.0,-8.09,-3.11,-7.56,-7.56,-4.0,-5.79,-5.79,-4.44,-6.27,-4.44,-4.0,-8.09,-8.09
2025-03-24,YBTAS,5.0,2073727.0,10359173.0,1,2025-03-24 12:00,56.5509,0.0,0.0,0.0,33.1,0.0,10.0,3.05,10.0,21.0,21.0,21.0,33.1,33.1,33.1,26.6,13.94,13.94
2025-03-25,YBTAS,6.72,2667597.0,17933040.0,0,2025-03-25 09:00,62.2052,0.0,-6.32,0.0,21.0,-6.77,10.0,10.0,10.0,21.0,21.0,21.0,21.0,15.09,15.09,13.94,-6.77,13.94
2025-09-08,YBTAS,4.55,7484553.0,34035359.0,1,2025-09-08 12:00,47.4217,0.0,-5.9,-5.9,0.0,-30.62,-12.21,-13.98,-13.32,-12.91,-14.43,-14.43,-16.58,-22.95,-22.95,-30.37,-30.62,-30.62
2025-11-06,YBTAS,4.13,4828719.0,19964716.0,3,2025-11-06 17:00,29.74,0.0,0.0,0.0,0.87,-22.6,0.87,-9.95,-9.95,-14.79,-16.95,-16.95,-16.95,-20.24,-20.24,-19.77,-21.65,-19.84
2026-03-11,YBTAS,4.07,1577736.0,6414178.0,3,2026-03-11 17:00,21.04,0.0,0.0,0.0,9.79,-8.6,9.79,8.84,9.51,-1.43,-1.43,-1.43,-3.33,-8.6,-3.33,-3.14,-6.89,-6.89
2026-03-12,YBTAS,4.86,1831537.0,8900803.0,1,2026-03-12 12:00,23.1,0.0,-0.26,-0.26,0.0,-17.71,-10.22,-10.22,-10.22,-11.95,-16.75,-11.95,-12.73,-15.63,-15.63,-13.68,-17.71,-14.07
2025-11-05,YEOTK,4.06,136560811.0,553889243.0,2,2025-11-05 11:00,38.14,0.0,-1.99,0.0,3.04,-6.92,3.04,-1.21,0.0,1.36,-4.04,-3.62,2.25,-3.51,-0.63,-2.2,-5.3,-5.19
2026-03-12,YEOTK,4.16,303585209.0,1261738209.0,1,2026-03-12 10:00,50.85,0.0,-6.35,0.0,6.69,-6.35,3.15,-4.98,-1.99,4.23,-5.6,-5.09,4.33,-5.6,2.26,-0.39,-4.07,-4.07
2024-07-17,YESIL,4.09,39650629.0,162007422.0,1,2024-07-17 10:00,2.5522,7.69,-5.72,-4.54,7.69,-13.21,-0.79,-8.09,-6.9,-2.76,-9.07,-7.1,-4.93,-10.06,-9.86,-8.09,-10.45,-10.06
2024-11-26,YESIL,4.15,65634145.0,272460765.0,2,2024-11-26 11:00,1.71,0.58,-7.6,-6.43,35.09,-8.77,-3.51,-8.19,-7.02,1.75,-8.77,1.75,11.7,1.75,11.7,35.09,35.09,35.09
2025-05-13,YESIL,4.29,24183863.0,103629900.0,1,2025-05-13 10:00,1.48,4.05,-5.41,-1.35,4.05,-6.08,-0.68,-4.05,-4.05,-3.38,-6.08,-5.41,-4.05,-6.08,-4.73,-4.05,-6.08,-4.73
2025-05-27,YESIL,4.03,36809604.0,148178721.0,2,2025-05-27 11:00,1.48,1.35,-2.7,-0.68,10.14,-5.41,-0.68,-5.41,-4.73,4.05,-4.05,1.35,6.08,-2.03,-0.68,10.14,-0.68,0.0
2026-03-27,YESIL,4.31,78107684.0,336266226.0,3,2026-03-27 12:00,1.83,3.28,-9.29,-8.2,3.28,-18.58,-4.37,-14.75,-14.75,-11.48,-16.94,-15.3,-10.93,-15.85,-15.3,-9.29,-15.85,-15.3
2026-05-26,YGGYO,8.58,77070797.0,661103393.0,3,2026-05-26 12:30,240.2,0.0,0.0,0.0,0.0,-12.36,-0.04,-6.33,-6.33,-4.37,-7.41,-5.83,-5.83,-11.74,-11.74,-8.66,-11.78,-10.91
2025-08-05,YIGIT,4.13,144619397.0,596566509.0,3,2025-08-05 12:00,29.5,2.31,-4.47,-2.71,2.31,-9.56,-1.15,-5.49,-4.68,-0.54,-4.75,-3.86,-3.59,-8.14,-6.1,-6.58,-9.56,-9.56
2026-04-07,YIGIT,4.01,125314312.0,502740373.0,2,2026-04-07 11:00,25.38,3.15,-2.99,-2.99,9.85,-8.98,4.41,-1.02,4.41,9.85,-5.99,-5.99,-4.89,-7.01,-6.54,-6.62,-8.35,-7.49
2026-04-09,YIGIT,4.48,173925769.0,779790308.0,3,2026-04-09 12:00,24.72,3.64,-3.48,-3.48,3.64,-6.55,-2.35,-4.53,-4.05,-4.37,-6.55,-6.07,-4.13,-5.91,-5.02,-2.83,-5.34,-5.02
2024-12-31,YKSLN,4.09,11733511.0,48004540.0,3,2024-12-31 12:00,4.6215,5.17,-1.26,-0.63,5.17,-5.3,0.0,-5.04,-3.66,-2.9,-5.3,-3.28,-0.25,-3.53,-2.52,0.0,-4.41,-2.9
2025-03-19,YKSLN,5.21,13789097.0,71890598.0,1,2025-03-19 10:00,4.9769,0.0,-6.32,0.0,9.95,-29.74,9.95,-9.95,-9.95,-18.85,-18.85,-18.85,-14.64,-26.93,-26.23,-27.52,-29.74,-29.74
2025-03-20,YKSLN,10.0,17875022.0,178773445.0,1,2025-03-20 10:00,4.4816,22.11,0.0,0.0,22.11,-22.24,-9.88,-9.88,-9.88,-5.2,-18.86,-18.08,-15.86,-20.42,-19.51,-14.82,-22.24,-20.42
2025-03-24,YKSLN,14.97,27848686.0,416824426.0,1,2025-03-24 10:00,4.0095,5.96,-9.3,-8.43,5.96,-13.08,-5.96,-11.05,-10.03,-10.03,-12.79,-12.79,-4.8,-13.08,-11.05,-6.98,-11.05,-9.59
2025-06-26,YKSLN,4.01,18902012.0,75734240.0,3,2025-06-26 12:00,2.9314,2.58,-2.98,-0.99,2.58,-4.57,0.0,-4.57,-2.98,-1.79,-4.37,-3.38,-1.59,-4.37,-3.18,-2.98,-4.37,-4.17
2026-05-12,YKSLN,4.65,37529690.0,174622726.0,2,2026-05-12 11:00,3.77,2.92,-2.65,0.0,2.92,-9.81,2.39,-4.51,-3.98,0.8,-3.71,-0.8,0.0,-6.1,-4.51,-4.77,-9.81,-9.55
2024-02-15,YONGA,4.49,967482.0,4347248.0,3,2024-02-15 17:00,66.85,0.0,0.0,0.0,15.18,-9.95,0.0,-9.95,0.0,-0.3,-6.21,-6.21,3.14,-6.28,3.14,15.18,4.71,15.18
2024-02-26,YONGA,5.28,2098099.0,11069536.0,1,2024-02-26 12:00,93.15,0.0,0.0,0.0,9.5,-13.04,9.5,-0.16,-0.16,-5.53,-10.14,-10.14,-1.29,-13.04,-1.29,-6.28,-11.54,-11.54
2024-02-27,YONGA,4.48,2704642.0,12129345.0,2,2024-02-27 13:00,93.15,0.0,-0.16,-0.16,3.06,-14.17,-5.53,-10.14,-10.14,-1.29,-13.04,-1.29,3.06,-6.28,-6.28,-11.54,-14.17,-14.17
2024-04-29,YONGA,4.32,1683434.0,7276368.0,3,2024-04-29 17:00,103.8,0.0,0.0,0.0,14.07,-8.33,0.0,-8.33,-4.14,5.39,1.06,5.39,2.12,-3.66,-2.12,14.07,9.63,14.07
2025-04-09,YONGA,4.07,1536013.0,6253101.0,3,2025-04-09 17:00,75.95,0.0,0.0,0.0,6.32,-11.78,0.46,-7.11,-7.11,-3.23,-7.24,-3.23,6.32,1.38,4.67,-8.49,-11.78,-9.28
2024-12-31,YUNSA,4.56,35101445.0,159989826.0,1,2024-12-31 10:00,7.42,2.43,-7.55,-7.41,2.43,-11.05,-7.14,-10.24,-9.7,-9.03,-10.92,-9.97,-6.74,-9.84,-8.09,-8.76,-11.05,-10.92
2025-03-19,YUNSA,5.15,24156858.0,124332383.0,2,2025-03-19 11:00,6.97,4.02,-13.49,-13.49,4.02,-20.95,-4.88,-13.49,-7.75,-5.74,-16.93,-15.21,-10.33,-20.95,-16.64,-13.63,-17.07,-15.49
2025-03-20,YUNSA,4.47,38860732.0,173567103.0,3,2025-03-20 12:00,6.53,1.53,-5.82,-1.53,1.53,-15.62,0.61,-11.33,-9.49,-4.29,-15.62,-11.03,-5.51,-9.8,-7.96,-8.73,-11.18,-11.18
2025-08-21,YUNSA,5.81,63038515.0,366338814.0,2,2025-08-21 11:00,7.41,2.43,-1.08,2.43,19.97,-1.89,9.85,-1.89,0.54,9.18,0.67,3.24,3.78,-0.54,0.13,19.97,11.34,11.74
2025-11-10,YUNSA,4.36,72405751.0,315359509.0,1,2025-11-10 10:00,9.6,1.56,-7.5,-5.1,1.56,-14.58,-4.27,-14.58,-8.96,-1.15,-11.04,-7.29,-5.94,-12.92,-11.46,-5.94,-9.9,-6.35
2024-08-27,YYAPI,4.1,60647109.0,248730582.0,3,2024-08-27 12:00,1.4125,2.03,-6.44,-4.41,2.03,-10.68,-0.68,-7.8,-7.8,-2.37,-10.51,-6.1,-3.9,-7.12,-5.08,-5.42,-10.68,-10.0
2025-02-10,YYAPI,4.29,40573752.0,174209608.0,1,2025-02-10 10:00,0.9389,6.76,-8.78,2.03,20.27,-8.78,12.16,-1.35,12.16,20.27,13.51,15.54,14.19,5.41,6.08,16.22,10.14,10.81
2025-05-13,YYAPI,4.35,37102755.0,161267114.0,2,2025-05-13 11:00,0.9389,2.7,-2.7,-2.7,2.7,-7.43,0.68,-4.73,-4.05,-2.03,-6.08,-5.41,-4.05,-6.76,-4.05,-6.08,-7.43,-6.76
2025-05-05,YYLGD,4.2,43747940.0,183718181.0,3,2025-05-05 12:00,10.07,1.09,-2.98,-1.89,9.33,-2.98,7.85,-2.68,7.85,9.33,-0.3,0.3,2.58,0.5,1.29,1.99,-0.1,0.5
2026-01-16,YYLGD,4.26,55710907.0,237351557.0,2,2026-01-16 11:00,12.38,2.58,-3.07,-0.57,12.28,-3.72,0.4,-3.72,-3.23,6.38,-3.39,6.38,12.28,4.28,6.54,7.19,3.47,4.6
2024-12-24,ZEDUR,4.16,18185077.0,75601594.0,3,2024-12-24 12:00,8.99,1.33,-4.45,-0.67,4.34,-6.34,4.34,-3.34,-0.67,-0.44,-5.56,-5.12,2.22,-6.34,-0.22,-2.56,-5.78,-5.23
2025-05-12,ZEDUR,5.35,6956844.0,37224142.0,1,2025-05-12 10:00,8.06,0.0,-6.7,0.0,23.95,-6.7,9.93,2.48,9.93,15.63,1.86,5.21,15.63,6.58,15.63,12.9,2.36,2.98
2025-05-13,ZEDUR,10.13,8680602.0,87929927.0,1,2025-05-13 10:00,8.86,0.0,-6.77,0.0,12.75,-7.34,5.19,-7.34,-4.29,5.19,-3.05,5.19,12.75,2.71,2.71,1.13,-7.0,-4.06
2025-05-14,ZEDUR,6.36,12922679.0,82126835.0,1,2025-05-14 10:00,8.35,11.62,-1.68,1.56,19.64,-1.68,11.62,2.87,11.62,19.64,8.98,8.98,8.98,-1.2,-0.6,4.19,-0.72,0.24
2025-05-16,ZEDUR,4.33,26324052.0,113864533.0,2,2025-05-16 11:00,9.63,1.87,-5.5,-5.5,1.87,-14.54,-5.5,-14.33,-13.81,-6.96,-14.43,-11.73,-9.66,-13.91,-13.08,-7.79,-13.71,-12.46
2026-04-09,ZERGY,6.01,101550954.0,609878260.0,3,2026-04-09 12:00,26.12,0.23,-2.83,-0.77,6.36,-24.27,6.36,-10.64,-10.64,-8.58,-19.53,-18.07,-13.86,-17.84,-16.31,-16.77,-24.27,-19.68
2026-05-26,ZRGYO,5.33,27912326.0,148890516.0,3,2026-05-26 12:30,16.39,0.0,0.0,0.0,10.31,-9.82,0.49,-9.82,-4.94,0.24,-4.88,-0.67,9.21,-0.43,4.03,5.06,2.5,3.17
2026-06-01,ZRGYO,6.35,33755891.0,214186317.0,1,2026-06-01 10:00,14.98,9.95,-1.34,4.01,20.69,-1.34,9.68,4.07,8.68,19.49,8.95,13.82,20.69,11.21,13.15,14.35,12.28,12.88
