tarih,kat,aralik_pos,sonuc,getiri_net,gun,hisse
2024-06-14,8.21732648998009,0.919,stop,-0.037,0,A1CAP
2024-07-16,11.42882007626703,0.476,stop,-0.037,9,A1CAP
2024-10-14,14.194970247569605,0.635,stop,-0.037,0,A1CAP
2024-12-06,11.31771857679242,0.33,hedef,0.043000000000000003,2,A1CAP
2025-02-14,9.8738252872638,0.126,stop,-0.037,3,A1CAP
2025-03-04,20.615853362787767,0.248,stop,-0.037,0,A1CAP
2025-05-13,126.8519976852266,1.033,hedef,0.061610634648370584,1,A1CAP
2025-06-05,24.572855769728225,0.655,hedef,0.043000000000000003,1,A1CAP
2025-07-24,8.47671873625606,0.981,hedef,0.043000000000000003,0,A1CAP
2025-07-25,16.67986390052645,1.071,stop,-0.037,0,A1CAP
2025-08-15,13.403554413478785,0.847,stop,-0.08671014492753615,1,A1CAP
2025-08-18,10.528608725976603,0.737,hedef,0.043000000000000003,0,A1CAP
2025-09-26,10.06408615205944,0.877,stop,-0.037,1,A1CAP
2025-10-28,186.8681330126907,0.806,hedef,0.043000000000000003,0,A1CAP
2026-02-23,13.953371908030732,0.941,hedef,0.05985393258426964,1,A1CAP
2026-02-24,31.68267639801779,1.024,stop,-0.037,0,A1CAP
2026-03-19,36.648032792309856,0.786,stop,-0.037,1,A1CAP
2026-05-04,13.696969288157087,0.517,stop,-0.037,0,A1CAP
2026-05-26,17.117794897287148,0.39,hedef,0.043000000000000003,3,A1CAP
2024-06-24,11.930206555640018,0.162,stop,-0.037,0,A1YEN
2024-07-31,26.926222701985253,0.399,stop,-0.037,0,A1YEN
2024-08-20,15.099493180040117,0.405,stop,-0.037,0,A1YEN
2024-08-22,9.389525156489114,0.628,hedef,0.043000000000000003,0,A1YEN
2024-11-11,16.416966044732494,0.276,hedef,0.043000000000000003,0,A1YEN
2024-11-12,16.58447071712223,0.451,stop,-0.037,0,A1YEN
2025-03-11,15.225956409083986,0.312,stop,-0.037,1,A1YEN
2025-05-02,49.253090281887886,0.734,stop,-0.037,0,A1YEN
2025-05-28,31.18920584467192,0.252,stop,-0.037,0,A1YEN
2025-08-25,9.746910048065896,0.608,hedef,0.043000000000000003,0,A1YEN
2025-10-28,18.847464368577935,0.364,hedef,0.043000000000000003,1,A1YEN
2026-01-12,103.62187172186471,0.561,hedef,0.07533815210559391,1,A1YEN
2026-01-13,18.08553923782946,0.736,stop,-0.037,1,A1YEN
2026-03-02,13.023978213229585,0.203,hedef,0.043000000000000003,0,A1YEN
2026-03-19,58.17042987407701,0.4,stop,-0.037,0,A1YEN
2026-04-30,18.381371191984005,0.942,hedef,0.043000000000000003,1,A1YEN
2026-05-04,15.260013496883817,1.067,hedef,0.043000000000000003,0,A1YEN
2026-05-26,31.27814411451022,0.146,stop,-0.037,5,AAGYO
2024-07-04,14.721364505219821,0.69,stop,-0.037,0,ACSEL
2024-08-20,25.75061525840853,0.042,stop,-0.037,0,ACSEL
2024-09-06,35.71836734693878,0.435,stop,-0.037,0,ACSEL
2024-09-09,17.48251419987795,0.672,stop,-0.037,0,ACSEL
2024-10-31,13.086897179253867,0.18,stop,-0.037,9,ACSEL
2024-12-10,21.19306594153637,0.514,hedef,0.043000000000000003,0,ACSEL
2025-03-11,20.401647785787848,0.445,stop,-0.037,0,ACSEL
2025-04-16,59.161094224924014,0.45,stop,-0.037,0,ACSEL
2025-06-05,19.77124183006536,0.155,stop,-0.037,4,ACSEL
2025-06-24,11.19750456482045,0.075,hedef,0.043000000000000003,5,ACSEL
2025-07-17,8.807738289316378,0.26,hedef,0.10411111111111115,1,ACSEL
2025-07-18,19.949533931009917,0.469,stop,-0.037,0,ACSEL
2025-08-11,13.312084633120847,0.299,hedef,0.043000000000000003,2,ACSEL
2025-10-28,29.592743428359867,0.351,hedef,0.043000000000000003,3,ACSEL
2026-03-19,8.601874118915333,0.122,hedef,0.043000000000000003,1,ACSEL
2026-05-05,33.0833744449926,0.694,hedef,0.043000000000000003,0,ACSEL
2026-05-26,28.242320282009317,0.907,stop,-0.037,0,ACSEL
2024-07-02,21.11164427383197,0.521,hedef,0.053209424083769614,1,ADEL
2024-09-06,19.15589326772454,0.892,stop,-0.037,0,ADEL
2024-10-31,9.20185675786781,0.23,stop,-0.037,0,ADEL
2024-11-04,9.706139676759555,0.361,stop,-0.037,3,ADEL
2025-03-04,20.829540449273235,-0.035,hedef,0.043000000000000003,1,ADEL
2025-06-05,131.1982008060745,0.182,stop,-0.037,0,ADEL
2025-08-05,30.959936979518346,0.285,hedef,0.043000000000000003,0,ADEL
2025-08-06,10.594830005771067,0.391,stop,-0.037,0,ADEL
2025-10-28,34.832585892368506,0.117,hedef,0.043000000000000003,1,ADEL
2025-11-24,17.53297508549096,0.247,hedef,0.043000000000000003,0,ADEL
2026-01-15,13.98145037610458,0.286,hedef,0.043000000000000003,0,ADEL
2026-01-16,10.905765665670039,0.375,stop,-0.037,0,ADEL
2026-03-02,8.505310649497133,0.135,hedef,0.043000000000000003,0,ADEL
2026-03-03,39.915727616157056,0.102,hedef,0.043000000000000003,0,ADEL
2026-03-19,28.11666897602882,0.2,hedef,0.043000000000000003,2,ADEL
2026-05-26,33.67438011970102,0.228,stop,-0.037,0,ADEL
2024-06-13,10.86907783088636,0.831,hedef,0.043000000000000003,1,ADGYO
2024-12-16,8.392775953523618,0.657,hedef,0.043000000000000003,4,ADGYO
2025-02-04,237.44510215772388,0.328,hedef,0.043000000000000003,1,ADGYO
2025-05-15,10.02890442890443,0.276,stop,-0.037,4,ADGYO
2025-06-05,24.62398320650748,0.234,hedef,0.043000000000000003,1,ADGYO
2025-10-16,10.465294902372964,0.607,hedef,0.043000000000000003,0,ADGYO
2025-10-28,9.52354955580922,0.661,stop,-0.037,1,ADGYO
2025-11-26,8.78304641869044,0.711,stop,-0.037,1,ADGYO
2026-01-07,8.93661343120722,0.705,stop,-0.037,0,ADGYO
2026-01-12,11.076646649959809,0.875,stop,-0.037,0,ADGYO
2026-02-11,77.57528780179715,0.837,stop,-0.037,0,ADGYO
2026-02-17,8.232058079948914,0.835,stop,-0.037,0,ADGYO
2026-02-25,73.9226220619648,0.631,stop,-0.037,0,ADGYO
2026-03-19,21.39474693251534,0.673,hedef,0.043000000000000003,1,ADGYO
2026-05-22,9.449939414433455,0.524,hedef,0.043000000000000003,0,ADGYO
2026-05-26,12.383247240252405,0.689,stop,-0.037,0,ADGYO
2024-08-13,8.625625404420472,0.894,stop,-0.037,0,AFYON
2024-12-09,10.878522875890367,0.619,hedef,0.043000000000000003,1,AFYON
2025-02-21,10.57515377156688,0.435,hedef,0.043000000000000003,8,AFYON
2025-04-24,9.301853116080903,0.415,stop,-0.037,0,AFYON
2025-06-05,9.561533984349738,0.214,stop,-0.04737267080745355,4,AFYON
2025-08-04,37.77967147339875,0.597,stop,-0.037,1,AFYON
2025-10-17,9.917910017858171,0.234,stop,-0.037,0,AFYON
2025-10-22,10.368138981724023,0.166,hedef,0.043000000000000003,6,AFYON
2026-01-28,12.146075818296868,0.488,hedef,0.043000000000000003,13,AFYON
2026-02-16,10.36342455114441,0.585,stop,-0.037,3,AFYON
2026-02-25,8.52223226343633,0.57,stop,-0.037,2,AFYON
2026-03-19,26.985419667117043,0.803,hedef,0.043000000000000003,1,AFYON
2026-05-26,19.77213736647699,0.164,acik,,6,AFYON
2024-07-09,11.43505835553721,0.307,stop,-0.037,1,AGESA
2024-11-04,14.534171187697593,0.256,stop,-0.037,0,AGESA
2025-01-06,9.898948114880037,0.652,stop,-0.037,2,AGESA
2025-04-30,17.44094941813573,0.683,stop,-0.037,0,AGESA
2025-06-05,28.837335749886723,0.604,hedef,0.043000000000000003,1,AGESA
2025-08-07,57.98406000937647,0.97,stop,-0.037,5,AGESA
2025-10-28,19.26163218149354,0.978,hedef,0.043000000000000003,5,AGESA
2025-12-24,8.139764527155336,0.982,stop,-0.037,4,AGESA
2026-03-19,84.70682237246466,0.786,stop,-0.037,3,AGESA
2026-05-04,8.135802469135802,0.907,stop,-0.037,10,AGESA
2026-05-22,12.37556687755445,0.784,hedef,0.043000000000000003,0,AGESA
2024-09-09,59.58557092487117,0.036,hedef,0.043000000000000003,0,AGYO
2024-11-08,40.9542232563173,0.618,hedef,0.043000000000000003,0,AGYO
2024-12-06,10.945248922620065,1.007,hedef,0.043000000000000003,0,AGYO
2025-05-12,13.886079241684246,0.155,hedef,0.043000000000000003,9,AGYO
2025-05-27,13.534313597237121,0.276,stop,-0.037,0,AGYO
2025-06-24,8.63866915131246,0.249,stop,-0.037,0,AGYO
2025-08-11,27.082062883184157,0.56,stop,-0.037,1,AGYO
2025-10-28,49.839660892001476,0.454,stop,-0.037,16,AGYO
2026-01-15,14.766026250713335,0.389,hedef,0.043000000000000003,2,AGYO
2026-03-19,43.271031594975256,0.733,stop,-0.037,0,AGYO
2026-05-22,24.85264006949184,0.544,hedef,0.043000000000000003,0,AGYO
2024-10-11,27.826853817185714,-0.109,hedef,0.043000000000000003,0,AHSGY
2025-01-14,8.981734635266887,0.474,stop,-0.037,0,AHSGY
2025-03-28,10.484489517641148,0.355,stop,-0.037,0,AHSGY
2025-06-05,24.711934156378575,0.345,hedef,0.043000000000000003,1,AHSGY
2025-08-11,8.395266700878402,0.977,stop,-0.037,0,AHSGY
2025-09-10,11.239440843731929,1.006,stop,-0.037,0,AHSGY
2025-10-28,104.13467268240782,0.916,stop,-0.037,0,AHSGY
2025-12-18,10.874829158552958,1.052,stop,-0.037,0,AHSGY
2026-01-08,8.52815297539856,1.06,hedef,0.043000000000000003,0,AHSGY
2026-01-09,10.250900209247817,1.093,stop,-0.037,0,AHSGY
2026-03-02,10.682657609849288,0.544,hedef,0.043000000000000003,0,AHSGY
2026-03-19,11.145147529328119,0.728,stop,-0.037,1,AHSGY
2026-04-30,31.796503164815753,0.7,stop,-0.037,0,AHSGY
2026-05-05,17.11990841887888,0.756,stop,-0.037,0,AHSGY
2024-06-25,13.511123144262443,1.042,stop,-0.037,0,AKCNS
2024-10-07,14.43422153184371,0.836,stop,-0.037,2,AKCNS
2024-11-22,8.312540505508748,0.743,hedef,0.043000000000000003,1,AKCNS
2024-12-09,12.122132856717307,1.104,stop,-0.037,2,AKCNS
2024-12-10,8.454499985289358,1.0,stop,-0.037,0,AKCNS
2025-04-24,10.36644360235427,0.512,stop,-0.037,0,AKCNS
2025-06-05,19.56083167501544,0.254,stop,-0.037,3,AKCNS
2025-07-18,12.302505738332059,0.172,hedef,0.043000000000000003,11,AKCNS
2025-08-04,9.001391198126973,0.216,stop,-0.037,3,AKCNS
2025-10-28,31.181372825046452,0.104,stop,-0.037,9,AKCNS
2025-10-31,123.79410178535949,0.142,stop,-0.037,6,AKCNS
2025-12-15,39.355574875027166,0.367,stop,-0.037,0,AKCNS
2026-01-28,75.96598051539912,0.841,stop,-0.037,1,AKCNS
2026-01-29,13.906205502732993,0.804,stop,-0.037,0,AKCNS
2026-03-19,8.740242261103633,0.798,stop,-0.037,1,AKCNS
2026-04-20,36.52882230780088,1.02,stop,-0.037,0,AKCNS
2026-05-26,28.93260140286673,0.925,hedef,0.043000000000000003,0,AKCNS
2024-08-13,40.61868077250781,0.297,stop,-0.037,0,AKENR
2024-09-13,67.2870764384296,0.327,stop,-0.037,0,AKENR
2024-11-11,9.7602234007711,0.144,stop,-0.037,0,AKENR
2024-12-30,78.77273114223786,0.229,hedef,0.07075211701308703,1,AKENR
2025-01-20,8.505328105470092,0.418,stop,-0.037,0,AKENR
2025-03-07,10.105464380930941,0.081,stop,-0.037,3,AKENR
2025-05-05,22.94671896592638,0.155,hedef,0.0562672332389046,1,AKENR
2025-05-06,21.259547215710683,0.214,hedef,0.08092184724689166,1,AKENR
2025-06-05,508.426489940228,0.208,hedef,0.043000000000000003,0,AKENR
2025-07-04,10.331041547438923,0.329,stop,-0.037,0,AKENR
2025-09-15,27.344040822301693,0.207,stop,-0.037,7,AKENR
2025-10-28,31.437723844904678,0.116,hedef,0.043000000000000003,3,AKENR
2025-11-05,113.10179472083537,0.282,stop,-0.037,0,AKENR
2025-11-25,14.691589023611998,0.441,stop,-0.037,0,AKENR
2025-12-12,13.061947692582343,0.208,hedef,0.043000000000000003,0,AKENR
2025-12-15,14.479175916881271,0.343,stop,-0.037,0,AKENR
2026-03-19,13.313907371595267,0.073,stop,-0.037,5,AKENR
2026-05-11,18.520431215668754,0.317,stop,-0.037,0,AKENR
2026-05-26,8.487428117038105,0.301,hedef,0.043000000000000003,1,AKENR
2025-02-13,9.44017698283518,0.148,stop,-0.037,6,AKFGY
2025-06-05,9.260781622480676,0.319,hedef,0.043000000000000003,1,AKFGY
2025-06-25,11.204576279043781,0.766,hedef,0.043000000000000003,0,AKFGY
2026-03-19,13.182831979374843,0.795,stop,-0.037,1,AKFGY
2026-05-26,15.6602311756457,0.735,acik,,6,AKFGY
2025-05-27,16.497318905210673,0.34,stop,-0.037,0,AKFIS
2025-06-05,8.763218377479125,0.278,hedef,0.043000000000000003,3,AKFIS
2025-10-23,8.205981294591696,0.417,stop,-0.037,0,AKFIS
2025-10-28,16.407474987184404,0.383,hedef,0.043000000000000003,2,AKFIS
2026-02-16,10.788662823017424,0.462,hedef,0.043000000000000003,0,AKFIS
2026-02-17,8.45510919385279,0.631,hedef,0.043000000000000003,0,AKFIS
2026-03-19,94.83604063568124,0.97,hedef,0.043000000000000003,1,AKFIS
2026-05-26,40.00837267552716,0.954,stop,-0.037,1,AKFIS
2024-06-14,8.723979609204793,1.105,stop,-0.037,4,AKFYE
2024-07-18,16.128861019873263,0.253,stop,-0.037,3,AKFYE
2024-08-26,8.6186361658482,0.032,hedef,0.043000000000000003,5,AKFYE
2025-04-25,13.877219365479771,0.278,stop,-0.037,3,AKFYE
2025-06-05,15.408398799322391,0.119,stop,-0.037,4,AKFYE
2025-08-19,9.91644080935463,0.299,stop,-0.037,0,AKFYE
2025-10-28,14.842042670197916,0.187,hedef,0.043000000000000003,5,AKFYE
2025-12-29,9.853494164184205,0.183,stop,-0.037,0,AKFYE
2026-02-02,9.54854803823062,0.309,hedef,0.043000000000000003,0,AKFYE
2026-02-03,10.57222145376582,0.407,hedef,0.043000000000000003,0,AKFYE
2026-03-02,12.953173403983746,0.178,hedef,0.043000000000000003,0,AKFYE
2026-03-19,11.939747278799343,0.521,stop,-0.0709269406392693,4,AKFYE
2026-05-26,13.143381348056634,0.504,hedef,0.043000000000000003,4,AKFYE
2026-03-19,24.346080528175563,0.355,stop,-0.037,1,AKHAN
2026-05-26,25.285771220653466,0.727,hedef,0.043000000000000003,1,AKHAN
2024-08-05,9.332930004999225,0.329,hedef,0.043000000000000003,0,AKSGY
2024-09-19,8.455525036976931,0.386,hedef,0.043000000000000003,0,AKSGY
2024-10-15,27.975622681504554,0.185,stop,-0.037,4,AKSGY
2024-10-31,20.209760186453497,0.414,stop,-0.037,1,AKSGY
2024-12-04,8.412057828360505,1.03,stop,-0.037,0,AKSGY
2025-03-07,12.736680898459253,0.696,hedef,0.043000000000000003,5,AKSGY
2025-04-22,8.325126884326945,0.344,stop,-0.037,4,AKSGY
2025-05-05,8.009403280542985,0.282,hedef,0.043000000000000003,6,AKSGY
2025-06-05,24.546206004264803,0.339,hedef,0.043000000000000003,2,AKSGY
2025-08-19,15.86479227506235,0.819,hedef,0.043000000000000003,1,AKSGY
2025-10-28,12.41349656800663,0.853,hedef,0.043000000000000003,5,AKSGY
2025-12-04,15.061054118037962,0.778,stop,-0.037,0,AKSGY
2026-03-04,12.689616592078018,0.827,stop,-0.037,0,AKSGY
2026-03-19,11.19691070239254,0.912,hedef,0.058517241379310365,12,AKSGY
2026-04-20,72.38200600363601,0.834,stop,-0.037,3,AKSGY
2026-05-26,12.263609091588465,0.881,stop,-0.037,1,AKSGY
2024-07-11,13.599118639399574,0.541,hedef,0.043000000000000003,1,AKSUE
2024-07-16,11.912570429376336,0.872,stop,-0.037,0,AKSUE
2024-08-27,24.96648890170078,-0.076,hedef,0.043000000000000003,6,AKSUE
2024-11-25,18.27839974947154,0.552,stop,-0.037,0,AKSUE
2024-12-09,32.03090639521577,0.665,stop,-0.037,0,AKSUE
2025-01-17,11.29340134935001,0.455,stop,-0.037,0,AKSUE
2025-02-26,12.123504515613025,0.424,stop,-0.037,0,AKSUE
2025-03-12,8.792440771545486,0.958,hedef,0.043000000000000003,1,AKSUE
2025-06-05,11.384683635557035,0.36,hedef,0.043000000000000003,0,AKSUE
2025-11-07,19.059803979106754,0.477,stop,-0.037,2,AKSUE
2025-12-12,20.57805999562076,0.519,stop,-0.037,0,AKSUE
2026-05-26,16.434146668754053,0.914,stop,-0.037,1,AKSUE
2024-07-26,27.86187327854216,1.164,stop,-0.037,0,AKYHO
2024-08-05,48.02888277804203,1.166,stop,-0.037,0,AKYHO
2025-01-13,10.12692708658618,0.104,stop,-0.037,0,AKYHO
2025-02-17,12.095555562484993,0.142,hedef,0.043000000000000003,0,AKYHO
2025-03-06,11.323573916727716,0.246,hedef,0.043000000000000003,0,AKYHO
2025-03-07,8.01347067240618,0.18,hedef,0.043000000000000003,0,AKYHO
2025-04-10,8.493635964637281,0.313,hedef,0.06558064516129025,1,AKYHO
2025-07-17,13.595455824844446,0.178,stop,-0.037,1,AKYHO
2025-09-05,10.883511474637464,0.284,stop,-0.037,0,AKYHO
2025-09-17,8.460297536341812,0.261,hedef,0.043000000000000003,0,AKYHO
2025-10-28,17.836351875808536,0.18,stop,-0.037,8,AKYHO
2025-12-24,9.013996216006747,0.083,stop,-0.037,2,AKYHO
2026-05-26,17.267840724237924,0.087,stop,-0.037,4,AKYHO
2024-12-06,19.04994073608434,0.813,stop,-0.037,1,ALBRK
2025-05-09,78.23591812867288,0.71,stop,-0.037,0,ALBRK
2025-06-05,36.11500705977274,0.756,hedef,0.043000000000000003,1,ALBRK
2025-06-24,13.462808456809071,0.871,stop,-0.037,0,ALBRK
2025-08-11,26.536340720512552,0.909,stop,-0.037,0,ALBRK
2025-10-28,20.33419893198849,0.674,hedef,0.043000000000000003,3,ALBRK
2026-02-16,24.152720202319657,1.037,stop,-0.037,3,ALBRK
2026-03-19,10.09966891461957,0.585,stop,-0.037,1,ALBRK
2026-04-08,9.42991994899405,0.657,hedef,0.043000000000000003,2,ALBRK
2026-05-26,8.941840550482889,0.537,hedef,0.043000000000000003,3,ALBRK
2024-08-09,16.290902553038475,0.852,stop,-0.037,0,ALCTL
2024-10-28,27.9124871653108,0.624,hedef,0.07503799654576848,1,ALCTL
2024-10-30,44.72545466454162,0.849,stop,-0.037,0,ALCTL
2025-03-04,14.205854302692392,0.732,stop,-0.037,0,ALCTL
2025-04-30,10.039315966117949,0.281,stop,-0.037,0,ALCTL
2025-06-05,34.95257830557105,0.265,hedef,0.043000000000000003,1,ALCTL
2025-08-12,136.68467895740622,0.447,stop,-0.06170085470085473,1,ALCTL
2025-10-28,24.688343133863714,0.244,hedef,0.07242583732057406,1,ALCTL
2025-10-31,13.123259828488695,0.56,hedef,0.043806451612903426,1,ALCTL
2025-11-03,27.990994683682146,0.663,stop,-0.037,0,ALCTL
2025-12-01,15.590662246984976,0.322,stop,-0.037,4,ALCTL
2026-01-07,32.24027112305714,0.298,stop,-0.037,0,ALCTL
2026-03-02,14.369443738887478,0.58,stop,-0.037,2,ALCTL
2026-03-19,11.782410603341157,0.593,hedef,0.043000000000000003,3,ALCTL
2026-05-26,72.74315245478036,0.634,hedef,0.043000000000000003,1,ALCTL
2025-03-10,8.023090437546822,0.219,hedef,0.043000000000000003,5,ALGYO
2025-05-05,20.75667655786398,0.106,stop,-0.037,2,ALGYO
2025-05-14,18.383733996869772,0.141,hedef,0.043000000000000003,4,ALGYO
2025-06-05,15.212768270673994,0.164,hedef,0.043000000000000003,1,ALGYO
2025-08-20,23.0688308583273,0.47,hedef,0.043000000000000003,3,ALGYO
2025-10-14,11.097477709052837,0.6,stop,-0.037,0,ALGYO
2025-10-28,8.203666900895394,0.777,hedef,0.043000000000000003,1,ALGYO
2025-12-22,9.597433783304,0.82,hedef,0.043000000000000003,2,ALGYO
2026-04-30,14.46729736193148,0.89,hedef,0.043000000000000003,0,ALGYO
2026-05-22,9.7321019124933,0.611,hedef,0.043000000000000003,0,ALGYO
2026-05-26,11.856911886793432,0.785,hedef,0.043000000000000003,1,ALGYO
2024-09-03,11.610240496508922,0.387,hedef,0.043000000000000003,0,ALKA
2024-10-30,11.43852872018811,0.139,stop,-0.037,3,ALKA
2024-11-29,16.386136748916933,0.306,stop,-0.037,0,ALKA
2024-12-13,8.626085794051994,0.884,stop,-0.037,0,ALKA
2025-03-04,19.151997108259533,0.199,hedef,0.043000000000000003,1,ALKA
2025-06-05,43.45982774655291,0.204,stop,-0.08480979827089341,4,ALKA
2025-07-08,11.252380295294605,0.3,hedef,0.043000000000000003,8,ALKA
2025-09-02,17.759039599179044,0.613,stop,-0.037,0,ALKA
2025-09-19,10.276886272612424,1.076,hedef,0.043000000000000003,0,ALKA
2025-10-28,9.295117890584137,0.573,hedef,0.043000000000000003,1,ALKA
2025-12-10,41.744172971583694,0.366,hedef,0.043000000000000003,0,ALKA
2026-01-12,17.648718322875627,0.662,hedef,0.043000000000000003,0,ALKA
2026-03-19,45.80701039331567,0.485,stop,-0.037,1,ALKA
2026-04-08,89.36535063121025,0.647,stop,-0.037,0,ALKA
2026-05-14,17.769546750682967,0.54,stop,-0.037,0,ALKA
2025-04-10,16.642024550424647,0.298,stop,-0.037,0,ALKIM
2025-06-05,21.601357833370233,0.061,stop,-0.037,4,ALKIM
2025-07-07,9.489935899034744,0.547,stop,-0.037,0,ALKIM
2025-09-24,8.89787425220496,0.943,hedef,0.043000000000000003,2,ALKIM
2025-09-29,20.412997087916622,1.097,stop,-0.037,0,ALKIM
2025-10-28,19.28997127700383,0.465,hedef,0.043000000000000003,1,ALKIM
2025-11-17,12.079404088319901,0.222,hedef,0.043000000000000003,5,ALKIM
2025-12-16,9.834070796460177,0.381,hedef,0.043000000000000003,1,ALKIM
2026-01-12,31.058953874861505,0.537,hedef,0.043000000000000003,0,ALKIM
2026-01-13,19.031106504872536,0.575,hedef,0.043000000000000003,1,ALKIM
2026-03-19,254.57144595786977,0.45,stop,-0.037,0,ALKIM
2026-05-26,11.374665730094767,0.377,stop,-0.037,4,ALKIM
2025-02-11,16.537454660148242,0.522,stop,-0.037,0,ALKLC
2025-03-10,8.195798178732762,0.855,stop,-0.037,0,ALKLC
2025-06-05,12.199102616796822,0.755,hedef,0.043000000000000003,3,ALKLC
2025-06-25,13.843609512939366,0.69,stop,-0.037,0,ALKLC
2025-08-06,116.2964592459399,1.144,stop,-0.037,0,ALKLC
2025-10-03,8.538608961451686,0.96,stop,-0.037,0,ALKLC
2025-10-07,111.39501535296226,0.933,hedef,0.043000000000000003,1,ALKLC
2025-10-27,22.149636524698042,1.001,stop,-0.037,0,ALKLC
2025-10-28,40.58026294802561,0.975,stop,-0.037,0,ALKLC
2026-01-27,12.196156394963552,1.05,stop,-0.037,0,ALKLC
2026-03-19,28.11131855203209,0.992,hedef,0.043000000000000003,0,ALKLC
2026-04-29,20.073210154343485,0.635,hedef,0.043000000000000003,0,ALKLC
2026-05-26,12.19678077533439,0.753,stop,-0.037,1,ALKLC
2024-06-25,8.308505869589226,1.059,stop,-0.037,0,ALVES
2024-07-10,10.219403331917656,0.71,stop,-0.037,0,ALVES
2024-09-24,15.310997957221822,0.285,stop,-0.0647181208053691,1,ALVES
2024-12-10,12.23837965943806,0.321,stop,-0.037,0,ALVES
2024-12-30,34.848517952079234,0.356,stop,-0.037,0,ALVES
2025-06-05,25.684629920966646,0.119,stop,-0.037,4,ALVES
2025-10-28,300.2067523059293,0.045,stop,-0.037,0,ALVES
2025-12-19,26.412504823224108,0.096,stop,-0.037,0,ALVES
2026-01-16,14.691969583411405,0.195,stop,-0.037,0,ALVES
2026-01-28,9.622570275980655,0.478,hedef,0.08938554216867456,1,ALVES
2026-01-29,13.065520658939157,0.585,stop,-0.037,0,ALVES
2026-03-19,13.922946517330756,0.172,stop,-0.037,1,ALVES
2024-07-26,41.6000190762334,0.369,stop,-0.037,0,ANELE
2024-09-12,14.582985821517932,0.164,stop,-0.037,0,ANELE
2024-09-30,18.157522167854747,0.172,hedef,0.043000000000000003,0,ANELE
2024-10-01,22.174294965424963,0.296,stop,-0.037,0,ANELE
2024-11-12,10.196732506829166,0.138,hedef,0.043000000000000003,4,ANELE
2024-12-17,17.96197456119387,0.501,stop,-0.037,0,ANELE
2025-02-25,21.557528873392897,0.34,stop,-0.037,0,ANELE
2025-05-27,8.96333867236163,0.652,stop,-0.037,0,ANELE
2025-06-05,18.968280236147137,0.513,hedef,0.043000000000000003,1,ANELE
2025-07-28,17.598912540490513,0.775,hedef,0.043000000000000003,0,ANELE
2025-07-29,76.37814313346229,1.112,stop,-0.037,0,ANELE
2025-10-28,42.481734919465204,0.288,stop,-0.037,4,ANELE
2026-01-02,14.80800675141094,0.314,stop,-0.037,0,ANELE
2026-03-19,19.427012597761436,0.12,stop,-0.037,1,ANELE
2026-04-10,8.697522031803844,0.662,hedef,0.09281515711645094,1,ANELE
2026-04-17,10.335431010106987,1.163,hedef,0.09300000000000008,1,ANELE
2026-04-20,10.990147881426042,1.154,stop,-0.037,0,ANELE
2024-08-09,10.617855824353411,1.022,stop,-0.037,0,ANGEN
2024-08-15,20.45857338727652,1.312,stop,-0.037,0,ANGEN
2024-10-04,11.55163089521095,0.276,stop,-0.037,0,ANGEN
2024-10-07,17.305239867497313,0.489,stop,-0.037,0,ANGEN
2025-01-07,34.04515081991479,0.319,stop,-0.037,0,ANGEN
2025-02-24,12.903562359615957,0.293,stop,-0.037,0,ANGEN
2025-05-12,8.958852731884953,0.093,stop,-0.037,6,ANGEN
2025-06-05,8.620573294848542,0.022,stop,-0.037,4,ANGEN
2025-09-30,52.33001531393568,0.341,stop,-0.037,0,ANGEN
2025-10-28,311.7496843624121,0.201,hedef,0.043000000000000003,0,ANGEN
2025-11-18,12.571669110069237,0.276,stop,-0.037,0,ANGEN
2026-01-26,16.8924813959456,0.191,stop,-0.037,5,ANGEN
2026-03-02,9.791591358698152,0.017,hedef,0.043000000000000003,0,ANGEN
2026-03-19,16.786699910546048,0.058,hedef,0.043000000000000003,15,ANGEN
2026-05-04,10.292049985207308,0.122,hedef,0.043000000000000003,3,ANGEN
2026-05-08,14.215314375516508,0.261,hedef,0.043000000000000003,0,ANGEN
2026-05-11,18.794428922191177,0.393,stop,-0.037,0,ANGEN
2024-06-14,12.656466359609926,0.145,stop,-0.037,0,ARASE
2024-07-19,9.741189059051695,0.314,stop,-0.037,0,ARASE
2024-09-20,113.2702583594998,0.423,hedef,0.043000000000000003,1,ARASE
2024-11-12,32.0082676408383,0.387,stop,-0.05249509366636928,1,ARASE
2025-03-04,27.409914992853384,0.04,stop,-0.037,0,ARASE
2025-04-08,32.17018736400223,0.117,hedef,0.043000000000000003,0,ARASE
2025-05-12,19.47262584327971,0.279,stop,-0.037,1,ARASE
2025-07-25,12.684932545096254,0.506,stop,-0.037,2,ARASE
2025-07-28,14.694236073291991,0.505,stop,-0.037,1,ARASE
2025-08-14,11.63165433277632,0.696,stop,-0.037,1,ARASE
2025-10-28,20.542346236981725,0.594,hedef,0.043000000000000003,3,ARASE
2025-11-07,14.888375372082095,0.718,hedef,0.043000000000000003,0,ARASE
2026-03-19,13.332123148417077,0.914,stop,-0.037,1,ARASE
2026-04-29,11.007045966543641,1.005,stop,-0.037,0,ARASE
2026-05-12,16.211414771776294,1.033,stop,-0.037,1,ARASE
2024-06-28,20.62253775443204,0.55,stop,-0.037,0,ARENA
2024-08-12,25.26983920317688,0.219,hedef,0.043000000000000003,2,ARENA
2024-09-18,17.5073385518591,0.071,stop,-0.037,1,ARENA
2024-11-27,9.902837902837902,0.076,stop,-0.037,1,ARENA
2024-12-11,34.764467772785906,0.256,stop,-0.037,0,ARENA
2025-01-10,16.386247594020492,0.565,stop,-0.037,0,ARENA
2025-05-06,8.407244576125395,0.844,stop,-0.037,0,ARENA
2025-05-12,40.63434970271629,0.709,stop,-0.037,0,ARENA
2025-06-05,121.52113641319585,0.294,hedef,0.043000000000000003,0,ARENA
2025-10-09,11.325703042518475,0.175,hedef,0.043000000000000003,1,ARENA
2025-10-28,19.595700855603674,0.165,hedef,0.06279865771812065,3,ARENA
2026-01-13,8.204377736085053,0.188,hedef,0.043000000000000003,0,ARENA
2026-02-09,72.18890240322106,0.104,hedef,0.043000000000000003,6,ARENA
2026-03-02,13.088958920771825,-0.013,hedef,0.043000000000000003,4,ARENA
2026-03-19,21.104123580804455,0.045,stop,-0.037,1,ARENA
2026-04-15,40.630742874941596,0.161,stop,-0.037,0,ARENA
2026-04-22,10.960256185295666,0.336,hedef,0.043000000000000003,1,ARENA
2026-05-26,20.64092568900261,0.143,hedef,0.043000000000000003,1,ARENA
2026-02-27,9.263427915317827,0.185,stop,-0.037,0,ARFYE
2026-03-19,38.838186420539664,0.187,hedef,0.043000000000000003,1,ARFYE
2026-04-20,12.634101078417222,0.576,hedef,0.043000000000000003,0,ARFYE
2026-05-26,90.98586771420624,0.445,stop,-0.037,4,ARFYE
2025-06-05,16.250374531835206,0.514,stop,-0.037,3,ARMGD
2025-06-24,21.797122094748715,0.427,stop,-0.037,9,ARMGD
2025-10-28,42.569160667704125,0.587,stop,-0.037,8,ARMGD
2025-12-11,16.821019432027004,1.002,hedef,0.043000000000000003,0,ARMGD
2025-12-12,9.813236763236763,1.049,stop,-0.037,0,ARMGD
2026-02-23,9.202593849739095,0.811,stop,-0.037,2,ARMGD
2026-03-19,29.037355503672913,0.799,hedef,0.043000000000000003,1,ARMGD
2026-04-13,10.426131250224989,0.937,hedef,0.043000000000000003,2,ARMGD
2026-05-18,189.2247068139824,0.686,hedef,0.043000000000000003,0,ARMGD
2024-07-25,10.888661632053724,1.107,hedef,0.043000000000000003,0,ARSAN
2024-08-15,8.429356185453944,0.462,stop,-0.037,0,ARSAN
2024-09-06,13.025434334511461,0.7,stop,-0.037,0,ARSAN
2024-10-01,173.78485190655442,1.087,stop,-0.037,0,ARSAN
2024-11-22,13.667511568274676,0.872,hedef,0.043000000000000003,9,ARSAN
2024-12-17,17.491500369549286,0.994,stop,-0.037,3,ARSAN
2025-03-12,8.46510051953828,0.421,hedef,0.043000000000000003,1,ARSAN
2025-03-19,14.408220294580463,0.488,stop,-0.037,0,ARSAN
2025-07-10,112.6716791979914,0.494,hedef,0.043000000000000003,4,ARSAN
2025-08-08,18.96310862574078,0.896,stop,-0.037,0,ARSAN
2025-08-27,11.906151177583759,1.072,stop,-0.037,0,ARSAN
2025-10-28,8.23033206277257,0.659,hedef,0.043000000000000003,2,ARSAN
2025-12-05,23.79153652598474,0.89,stop,-0.037,0,ARSAN
2025-12-31,13.906674767081043,1.034,hedef,0.043000000000000003,0,ARSAN
2026-02-09,8.02421025971634,0.89,hedef,0.043000000000000003,0,ARSAN
2026-03-19,29.26028942997435,0.745,stop,-0.037,1,ARSAN
2026-05-12,10.969870261288891,0.764,stop,-0.037,0,ARSAN
2026-05-26,13.457455243310118,0.513,acik,,6,ARSAN
2024-07-05,9.096739350570445,0.778,stop,-0.037,0,ARTMS
2024-11-08,17.3230122259339,0.281,hedef,0.043000000000000003,0,ARTMS
2025-01-20,13.571973744466494,0.073,stop,-0.037,2,ARTMS
2025-02-17,20.080601241694804,0.008,hedef,0.043000000000000003,2,ARTMS
2025-03-04,75.37596321153367,0.221,stop,-0.037,0,ARTMS
2025-05-02,19.357878277115528,0.073,hedef,0.043000000000000003,0,ARTMS
2025-06-04,14.956659380417577,0.18,stop,-0.037,0,ARTMS
2025-06-05,57.17965653896962,0.136,stop,-0.037,3,ARTMS
2025-07-02,8.184989174885736,0.103,stop,-0.037,4,ARTMS
2025-09-02,8.955241679033284,0.36,stop,-0.037,0,ARTMS
2025-10-07,53.21242762183403,0.503,hedef,0.043000000000000003,0,ARTMS
2025-10-28,13.375499885083888,0.793,stop,-0.037,0,ARTMS
2025-12-01,14.328401847845155,0.395,hedef,0.043000000000000003,3,ARTMS
2026-01-19,28.77099623515783,0.402,hedef,0.043000000000000003,0,ARTMS
2026-02-06,14.712411207576952,0.439,stop,-0.037,0,ARTMS
2026-03-02,9.368506244941708,0.341,hedef,0.043000000000000003,0,ARTMS
2026-03-19,34.80183254514188,0.383,hedef,0.043000000000000003,1,ARTMS
2026-05-15,22.935324761693636,0.52,stop,-0.037,3,ARTMS
2026-05-26,12.23623655187429,0.523,stop,-0.037,1,ARTMS
2024-07-25,24.39654456350175,0.375,stop,-0.037,0,ARZUM
2024-07-26,9.432652104737329,0.665,stop,-0.037,0,ARZUM
2024-08-26,12.683020021396652,0.203,stop,-0.037,0,ARZUM
2024-09-05,9.922328639906864,0.089,hedef,0.043000000000000003,0,ARZUM
2024-10-09,15.229428799680697,0.039,hedef,0.043000000000000003,0,ARZUM
2024-10-10,9.338575558225662,0.062,stop,-0.037,1,ARZUM
2024-10-16,17.92626755712626,0.268,stop,-0.037,0,ARZUM
2024-11-05,47.32690278824242,0.13,stop,-0.037,0,ARZUM
2025-01-03,9.477683345527923,0.061,hedef,0.043000000000000003,1,ARZUM
2025-01-06,9.477700077699874,0.11,stop,-0.037,4,ARZUM
2025-01-29,17.84584275008918,0.042,stop,-0.037,2,ARZUM
2025-02-21,15.954505313803756,0.072,stop,-0.037,0,ARZUM
2025-03-13,11.547960348024557,0.135,hedef,0.043000000000000003,0,ARZUM
2025-08-22,43.01215821993644,0.526,stop,-0.037,0,ARZUM
2025-09-12,9.573791046278261,0.466,stop,-0.037,0,ARZUM
2025-10-10,8.38323457924818,0.559,stop,-0.037,0,ARZUM
2025-10-13,17.38232477987446,0.669,stop,-0.037,0,ARZUM
2025-10-28,91.676647051165,0.486,hedef,0.043000000000000003,1,ARZUM
2026-01-29,8.400116521294477,0.234,hedef,0.043000000000000003,0,ARZUM
2026-03-19,12.461870610070239,0.333,stop,-0.037,1,ARZUM
2026-04-06,12.828113178011426,0.596,stop,-0.037,0,ARZUM
2026-05-26,17.36290258763947,0.274,stop,-0.037,3,ARZUM
2024-10-28,10.061306319499852,0.055,stop,-0.037,4,ASGYO
2025-06-05,32.084727366312705,0.157,hedef,0.043000000000000003,2,ASGYO
2025-07-10,10.120129423103402,0.231,hedef,0.043000000000000003,4,ASGYO
2025-09-17,8.355817714774998,0.795,hedef,0.043000000000000003,5,ASGYO
2025-10-28,17.279825522611656,0.369,stop,-0.037,9,ASGYO
2025-12-31,9.17074168797954,0.207,hedef,0.043000000000000003,7,ASGYO
2026-03-19,11.150159921508196,0.274,stop,-0.037,1,ASGYO
2026-04-30,46.676355762606214,0.591,hedef,0.043000000000000003,1,ASGYO
2026-05-04,10.927036360472178,0.694,hedef,0.043000000000000003,0,ASGYO
2026-05-26,33.00597844392051,0.459,acik,,6,ASGYO
2024-09-10,37.45037329271642,0.346,stop,-0.037,0,ASUZU
2024-12-30,13.501079066117324,0.218,stop,-0.037,0,ASUZU
2025-06-05,19.448165476483624,0.061,stop,-0.08594736842105266,4,ASUZU
2025-07-22,33.02214242968282,0.256,stop,-0.037,5,ASUZU
2025-10-28,14.766098640013109,0.097,hedef,0.043000000000000003,3,ASUZU
2025-11-20,22.350814851121186,0.115,stop,-0.03780985915492962,1,ASUZU
2025-12-11,10.247312324089881,0.119,stop,-0.037,0,ASUZU
2026-05-26,11.35090107842786,0.199,stop,-0.037,2,ASUZU
2024-08-02,38.71475597538285,0.402,stop,-0.037,0,ATAGY
2024-10-10,10.655091606305923,0.302,stop,-0.037,0,ATAGY
2024-10-17,8.700665604199868,0.167,stop,-0.037,1,ATAGY
2024-11-06,21.67527552307729,0.916,stop,-0.037,0,ATAGY
2024-12-16,8.285094066570188,0.379,stop,-0.037,28,ATAGY
2025-02-06,13.40033500837521,0.169,hedef,0.043000000000000003,0,ATAGY
2025-07-10,30.877900067173048,0.251,hedef,0.043000000000000003,0,ATAGY
2025-08-08,8.639415298209071,0.574,stop,-0.037,1,ATAGY
2025-11-20,56.07414448669202,0.838,hedef,0.043000000000000003,0,ATAGY
2026-01-23,10.004186947192128,0.535,stop,-0.037,1,ATAGY
2024-07-08,11.83639898310154,0.987,stop,-0.037,0,ATAKP
2024-10-31,32.7930886762816,0.127,hedef,0.043000000000000003,4,ATAKP
2025-03-19,12.077159477554604,0.054,stop,-0.037,0,ATAKP
2025-04-08,8.034296028880867,0.177,hedef,0.043000000000000003,4,ATAKP
2025-05-07,10.540908459508264,0.6,stop,-0.037,0,ATAKP
2025-10-28,21.96906887755102,0.879,stop,-0.037,7,ATAKP
2025-12-01,11.331599157686115,0.864,stop,-0.037,0,ATAKP
2026-01-15,26.90510498147386,0.996,stop,-0.037,0,ATAKP
2026-03-19,18.490086426029485,0.594,stop,-0.037,5,ATAKP
2026-04-22,12.122571001494768,0.615,stop,-0.037,0,ATAKP
2026-05-11,8.384111469273162,0.66,hedef,0.043000000000000003,1,ATAKP
2024-07-16,13.64949875046678,1.093,stop,-0.037,0,ATATP
2024-11-01,30.242416859544402,0.212,hedef,0.043000000000000003,0,ATATP
2024-11-08,11.518095085811748,0.219,stop,-0.037,0,ATATP
2024-12-31,17.814551607445008,0.445,stop,-0.037,0,ATATP
2025-03-05,8.716874410809679,0.328,stop,-0.037,0,ATATP
2025-06-05,51.98375771931309,0.168,stop,-0.04090804597701158,3,ATATP
2025-07-21,11.810640504107841,0.189,hedef,0.043000000000000003,4,ATATP
2025-08-19,126.10532910995857,0.602,stop,-0.037,0,ATATP
2025-10-02,11.98079365433034,0.893,stop,-0.037,0,ATATP
2025-10-28,38.35380367514044,0.55,hedef,0.043000000000000003,2,ATATP
2025-11-10,8.94819255547602,0.7,hedef,0.09239148073022296,1,ATATP
2026-02-18,9.230378847471389,1.032,stop,-0.037,0,ATATP
2026-03-02,18.23395948994854,0.509,hedef,0.043000000000000003,0,ATATP
2026-05-04,9.73869702421329,0.674,stop,-0.037,0,ATATP
2026-05-12,11.682577934315816,0.976,hedef,0.043000000000000003,1,ATATP
2026-05-26,37.499555274147106,1.034,stop,-0.037,0,ATATP
2023-12-06,15.19147971901201,1.049,stop,-0.037,0,ATEKS
2024-01-15,9.178488947542064,0.745,stop,-0.037,1,ATEKS
2024-03-04,10.352397458116696,1.048,hedef,0.043000000000000003,0,ATEKS
2024-03-29,38.50536746490504,0.497,stop,-0.037,0,ATEKS
2024-10-24,19.144759901857693,0.618,stop,-0.037,0,ATEKS
2024-12-23,8.898339408667477,0.756,stop,-0.037,0,ATEKS
2025-03-25,10.497329158224352,0.103,stop,-0.10677827050997779,1,ATEKS
2025-03-26,14.634734985612178,0.04,stop,-0.10675369458128092,1,ATEKS
2025-03-27,10.357723577235772,-0.017,hedef,0.043000000000000003,0,ATEKS
2025-10-24,8.86721059477356,-0.01,hedef,0.043000000000000003,0,ATEKS
2025-12-17,26.106099656357387,0.081,hedef,0.092450884685784,1,ATEKS
2025-12-18,12.367418516054906,0.137,hedef,0.06736182019977799,1,ATEKS
2024-06-05,10.726405560185102,-0.08,stop,-0.0483533834586467,4,ATLAS
2024-07-24,14.402831142568251,0.542,stop,-0.037,0,ATLAS
2024-10-30,43.557683973303284,0.385,stop,-0.037,0,ATLAS
2024-12-25,10.865543784141698,1.139,stop,-0.037,0,ATLAS
2025-02-25,8.727537879724151,0.38,stop,-0.037,0,ATLAS
2025-03-19,13.460459899046551,0.084,hedef,0.043000000000000003,0,ATLAS
2025-05-29,10.190530479694598,0.555,stop,-0.037,0,ATLAS
2025-06-30,10.91348238062798,0.178,hedef,0.043000000000000003,0,ATLAS
2025-08-06,8.714623590172637,0.514,stop,-0.037,0,ATLAS
2025-08-19,10.674782529696337,0.692,stop,-0.037,0,ATLAS
2025-12-18,44.48843133092762,0.614,stop,-0.037,0,ATLAS
2026-01-19,13.465972944849115,0.629,stop,-0.037,2,ATLAS
2026-01-30,12.029238254566524,1.161,stop,-0.037,0,ATLAS
2026-05-26,26.356336378542984,0.524,stop,-0.037,3,ATLAS
2024-06-21,33.04775004912557,1.271,stop,-0.037,0,AVGYO
2024-07-18,39.511165245635404,1.021,stop,-0.037,0,AVGYO
2024-09-16,11.065054292806725,0.907,stop,-0.037,0,AVGYO
2024-09-30,8.452282559325694,0.754,stop,-0.037,0,AVGYO
2024-10-25,12.342711909751639,0.564,stop,-0.037,2,AVGYO
2024-11-07,11.015459972447573,0.598,hedef,0.043000000000000003,0,AVGYO
2024-11-12,8.517728308741624,0.972,hedef,0.043000000000000003,3,AVGYO
2025-03-24,10.880105087174588,0.308,stop,-0.037,0,AVGYO
2025-06-05,20.979879871791418,0.29,hedef,0.043000000000000003,2,AVGYO
2025-08-07,44.28940707630998,1.031,stop,-0.037,0,AVGYO
2025-10-03,20.42961548590993,0.959,hedef,0.07425000000000004,1,AVGYO
2025-10-06,12.364354530094328,1.084,hedef,0.10629479768786132,1,AVGYO
2025-10-07,13.710662788729358,1.105,stop,-0.037,0,AVGYO
2025-10-28,108.46864614715658,0.958,stop,-0.037,0,AVGYO
2025-11-27,12.294798010839806,0.236,hedef,0.043000000000000003,0,AVGYO
2025-12-12,9.815501710101643,0.308,hedef,0.043000000000000003,0,AVGYO
2025-12-18,35.73019539693977,0.444,stop,-0.037,0,AVGYO
2026-02-06,22.784155561736668,0.481,stop,-0.037,0,AVGYO
2026-04-27,19.80006731740155,0.68,stop,-0.037,0,AVGYO
2026-05-26,8.060159865376525,0.396,hedef,0.043000000000000003,4,AVGYO
2024-06-28,30.43593813443579,0.74,stop,-0.037,0,AVHOL
2024-08-14,25.80299435490469,0.406,stop,-0.037,0,AVHOL
2024-09-02,26.101015326909398,0.432,hedef,0.043000000000000003,0,AVHOL
2024-09-03,10.287509555684,0.817,stop,-0.037,0,AVHOL
2024-11-12,8.712906943244022,0.342,stop,-0.037,0,AVHOL
2024-11-13,8.438352713991856,0.543,hedef,0.043000000000000003,0,AVHOL
2025-01-08,48.970781239207014,0.571,stop,-0.037,0,AVHOL
2025-01-29,11.772874374816123,0.413,stop,-0.037,4,AVHOL
2025-03-05,37.358729719764014,0.689,stop,-0.037,0,AVHOL
2025-04-04,8.28822839948918,0.58,stop,-0.037,0,AVHOL
2025-04-14,10.221593410048419,0.828,hedef,0.04540992044922788,1,AVHOL
2025-06-05,23.621876202714958,0.411,hedef,0.043000000000000003,1,AVHOL
2025-08-20,18.991192031022504,0.885,stop,-0.037,2,AVHOL
2025-10-28,59.88128837033373,0.431,hedef,0.043000000000000003,2,AVHOL
2025-12-26,49.88674340883773,0.355,stop,-0.037,0,AVHOL
2026-03-02,15.100376866212494,0.129,hedef,0.043000000000000003,0,AVHOL
2026-03-19,23.32818974139163,0.222,stop,-0.037,3,AVHOL
2026-05-26,12.133326661996731,0.392,hedef,0.043000000000000003,1,AVHOL
2024-08-26,13.123888559573208,0.004,hedef,0.043000000000000003,3,AYCES
2024-09-02,10.103406326034063,0.201,stop,-0.037,0,AYCES
2024-10-18,23.335787923416788,0.167,hedef,0.043000000000000003,0,AYCES
2024-11-05,16.902071563088512,0.287,hedef,0.043000000000000003,0,AYCES
2024-12-17,52.75805119735756,0.44,stop,-0.037,0,AYCES
2025-02-03,22.74701411509229,0.225,stop,-0.037,0,AYCES
2025-02-19,21.75799086757991,0.19,stop,-0.037,0,AYCES
2025-03-13,9.676063303659744,0.295,stop,-0.037,0,AYCES
2025-06-05,121.26106194690264,0.045,stop,-0.05554368932038833,4,AYCES
2025-06-27,28.139614855570837,0.188,hedef,0.043000000000000003,0,AYCES
2025-09-22,14.399260628465804,0.223,stop,-0.037,3,AYCES
2025-10-28,111.60855784469096,0.091,hedef,0.043000000000000003,2,AYCES
2025-12-04,11.083743842364532,0.093,stop,-0.037,0,AYCES
2025-12-05,32.08126036484246,0.16,stop,-0.037,0,AYCES
2026-01-13,8.258283772302464,0.17,hedef,0.043000000000000003,0,AYCES
2026-01-15,8.876025084418716,0.219,stop,-0.037,0,AYCES
2026-03-09,8.550069541029206,0.453,hedef,0.043000000000000003,0,AYCES
2026-03-11,21.071695294996264,0.531,stop,-0.037,0,AYCES
2026-03-19,18.518253793710137,0.612,stop,-0.037,0,AYCES
2026-05-08,14.729544495993252,0.3,hedef,0.043000000000000003,0,AYCES
2026-05-26,50.31344547984994,0.16,hedef,0.043000000000000003,3,AYCES
2024-06-28,8.805624881416291,0.94,stop,-0.037,0,AYDEM
2024-07-18,11.453074176913923,0.636,stop,-0.037,6,AYDEM
2024-08-23,67.43170259333323,0.118,stop,-0.037,2,AYDEM
2025-03-12,35.71088135165805,0.001,hedef,0.043000000000000003,2,AYDEM
2025-06-05,15.327260994213292,0.042,stop,-0.037,4,AYDEM
2025-09-05,11.105761853613625,0.13,stop,-0.037,1,AYDEM
2025-10-28,27.897340357188746,0.146,hedef,0.043000000000000003,6,AYDEM
2026-03-10,9.24237466826626,0.544,stop,-0.037,0,AYDEM
2026-03-19,8.08593169317675,0.472,hedef,0.043000000000000003,1,AYDEM
2026-03-31,12.750799843674445,0.661,hedef,0.043000000000000003,0,AYDEM
2026-05-26,17.693987786240648,0.415,hedef,0.043000000000000003,2,AYDEM
2024-10-21,14.09583770549143,0.143,hedef,0.043000000000000003,1,AYEN
2025-03-12,8.332678220475255,0.2,hedef,0.043000000000000003,2,AYEN
2025-05-13,10.464142091152814,0.289,stop,-0.037,3,AYEN
2025-06-05,37.58231870202176,0.172,stop,-0.0654890333062551,4,AYEN
2025-07-07,13.092165060898019,0.184,hedef,0.043000000000000003,7,AYEN
2025-09-26,20.603047942965528,0.6,stop,-0.037,1,AYEN
2025-10-28,19.425820935276437,0.422,hedef,0.043000000000000003,3,AYEN
2026-03-02,14.995477386934674,0.239,hedef,0.043000000000000003,0,AYEN
2026-03-19,43.970598275038114,0.489,hedef,0.043000000000000003,1,AYEN
2026-03-31,9.450364782147133,0.836,stop,-0.037,0,AYEN
2026-05-26,14.63244410243256,0.621,stop,-0.037,2,AYEN
2022-07-28,11.886878768975848,1.698,stop,-0.037,1,AYES
2022-09-12,10.920354939942055,0.711,stop,-0.037,1,AYES
2023-09-25,10.238168717377443,0.939,stop,-0.037,2,AYES
2024-05-06,12.287613975062527,1.123,hedef,0.09264412774097808,1,AYES
2024-05-07,19.636917385550415,1.12,stop,-0.037,0,AYES
2025-06-02,12.056960311873889,0.819,hedef,0.09228443649373885,1,AYES
2025-06-03,12.118904908472352,0.918,hedef,0.043000000000000003,1,AYES
2025-07-22,17.966861805240693,1.081,stop,-0.037,1,AYES
2026-02-05,10.986619799349244,0.901,hedef,0.043000000000000003,0,AYES
2026-05-05,8.85842077206116,0.909,hedef,0.043000000000000003,13,AYES
2024-10-17,11.932430813465915,0.205,stop,-0.037,0,AYGAZ
2024-11-18,14.015997465748,0.57,stop,-0.037,2,AYGAZ
2025-01-02,11.559055118110237,0.702,stop,-0.037,0,AYGAZ
2025-05-05,58.38405175259093,0.036,stop,-0.037,1,AYGAZ
2025-06-05,28.460633345270374,0.114,stop,-0.037,4,AYGAZ
2025-06-24,11.032045959090986,0.136,stop,-0.037,1,AYGAZ
2025-07-30,18.90235867703255,0.509,hedef,0.043000000000000003,0,AYGAZ
2025-09-10,16.02043883378419,0.641,hedef,0.043000000000000003,3,AYGAZ
2025-10-20,8.898791182744727,0.806,hedef,0.043000000000000003,3,AYGAZ
2025-10-28,10.60719456928487,0.964,stop,-0.037,11,AYGAZ
2025-12-31,8.725958593654294,0.808,hedef,0.043000000000000003,3,AYGAZ
2026-02-10,13.842999801600424,0.939,hedef,0.043000000000000003,2,AYGAZ
2026-03-19,20.098198204415123,0.783,hedef,0.043000000000000003,1,AYGAZ
2026-05-26,14.744251884157771,0.684,hedef,0.043000000000000003,3,AYGAZ
2024-07-23,31.213054699858464,0.295,hedef,0.08705940594059414,1,AZTEK
2024-07-24,12.851636974927736,0.452,hedef,0.12120512820512819,1,AZTEK
2024-09-02,9.807947371213327,0.095,hedef,0.043000000000000003,0,AZTEK
2024-09-03,26.06232455269799,0.302,stop,-0.037,0,AZTEK
2024-09-18,9.588691678180465,0.469,stop,-0.037,0,AZTEK
2024-10-24,67.59427774191533,0.183,stop,-0.037,0,AZTEK
2025-01-06,17.68932665913128,0.05,hedef,0.043000000000000003,3,AZTEK
2025-03-07,11.26947734895767,0.139,stop,-0.037,0,AZTEK
2025-03-11,9.515155834283542,0.14,stop,-0.037,0,AZTEK
2025-04-28,39.7017322473328,0.169,stop,-0.037,0,AZTEK
2025-06-05,68.94973650959967,0.023,stop,-0.09767357512953367,4,AZTEK
2025-06-25,9.309575780582708,0.122,stop,-0.037,0,AZTEK
2025-08-05,47.73523091026585,0.288,stop,-0.037,0,AZTEK
2025-09-12,47.60690789473684,0.246,stop,-0.037,0,AZTEK
2025-10-16,10.990241201508807,0.416,stop,-0.037,0,AZTEK
2025-10-28,18.45750572875709,0.316,hedef,0.043000000000000003,3,AZTEK
2025-11-26,18.58425453117109,0.282,stop,-0.037,0,AZTEK
2025-11-27,8.795054463377031,0.291,stop,-0.037,0,AZTEK
2026-02-03,19.100706151790828,0.313,stop,-0.037,0,AZTEK
2026-03-02,9.26150197963202,0.08,hedef,0.043000000000000003,0,AZTEK
2026-03-19,11.618301138097937,0.11,stop,-0.037,1,AZTEK
2026-04-08,8.934933188985456,0.084,hedef,0.043761421319796885,4,AZTEK
2026-04-16,20.435179130674193,0.243,stop,-0.037,0,AZTEK
2026-05-26,211.08089451616678,0.311,hedef,0.043000000000000003,0,AZTEK
2024-08-23,9.962306573204602,0.731,stop,-0.037,0,BAGFS
2024-10-01,11.67218992774488,0.156,stop,-0.037,0,BAGFS
2025-01-10,52.67332485927002,0.837,stop,-0.037,0,BAGFS
2025-03-17,8.184148640918623,0.302,stop,-0.037,0,BAGFS
2025-04-09,42.12089601405512,0.6,hedef,0.11386956521739144,1,BAGFS
2025-04-10,44.4772101893475,0.878,hedef,0.06747633824670285,1,BAGFS
2025-05-07,12.077231297609089,0.717,hedef,0.089774193548387,1,BAGFS
2025-05-08,36.680605948793634,0.917,stop,-0.037,1,BAGFS
2025-06-05,19.223727625777443,0.612,hedef,0.043000000000000003,1,BAGFS
2025-07-03,31.585247259673686,0.811,stop,-0.037,0,BAGFS
2025-10-08,20.52053687824762,0.764,stop,-0.037,0,BAGFS
2025-10-28,52.6867536101534,0.737,stop,-0.037,1,BAGFS
2025-11-27,18.426719269978467,0.393,hedef,0.043000000000000003,3,BAGFS
2026-02-27,20.500599709614292,0.655,hedef,0.043000000000000003,0,BAGFS
2026-03-19,53.537745278956756,0.907,stop,-0.037,1,BAGFS
2026-04-27,22.565702834239907,0.807,stop,-0.037,0,BAGFS
2026-05-12,51.876449090266036,0.702,hedef,0.043000000000000003,0,BAGFS
2025-03-19,8.27388549813186,0.087,stop,-0.037,0,BAHKM
2025-06-05,26.954230808967868,0.063,stop,-0.0689136960600375,4,BAHKM
2025-07-16,23.602008456659618,0.208,stop,-0.037,0,BAHKM
2025-08-18,11.763828023214497,0.531,stop,-0.037,0,BAHKM
2025-10-16,38.619724261792825,0.365,stop,-0.037,0,BAHKM
2025-10-28,16.386122553308624,0.342,stop,-0.037,2,BAHKM
2025-11-20,19.129182362065144,0.269,hedef,0.043000000000000003,0,BAHKM
2025-12-11,22.57310802976592,0.252,stop,-0.09676076555023916,1,BAHKM
2026-03-19,69.07898556912305,1.008,hedef,0.043000000000000003,0,BAHKM
2026-04-30,49.66891633770534,0.805,stop,-0.037,0,BAHKM
2026-05-26,38.48059381148274,0.627,hedef,0.043000000000000003,2,BAHKM
2024-10-18,26.687697160883282,0.065,hedef,0.043000000000000003,2,BAKAB
2024-10-23,13.267207053469852,0.339,hedef,0.07414285714285718,1,BAKAB
2024-10-24,26.441410408968498,0.498,stop,-0.037,0,BAKAB
2025-01-27,22.05213764337852,0.411,stop,-0.037,0,BAKAB
2025-04-11,39.687393815834184,0.341,hedef,0.11912612612612616,1,BAKAB
2025-04-14,23.37147188334657,0.547,hedef,0.07353333333333334,1,BAKAB
2025-04-15,10.80246643155981,0.695,stop,-0.037,0,BAKAB
2025-05-12,58.991150442477874,0.475,stop,-0.037,0,BAKAB
2025-07-09,44.822685703006776,0.522,stop,-0.037,0,BAKAB
2025-09-19,9.424616410940626,0.738,stop,-0.037,0,BAKAB
2025-10-28,15.103994110068104,0.523,hedef,0.043000000000000003,2,BAKAB
2025-11-18,12.393110347527294,0.782,stop,-0.037,0,BAKAB
2026-01-27,14.741660201706749,0.937,stop,-0.037,0,BAKAB
2026-02-24,18.060215698022766,0.803,stop,-0.037,0,BAKAB
2026-03-02,11.362264606470305,0.403,hedef,0.043000000000000003,0,BAKAB
2026-03-19,16.650226058364158,0.531,stop,-0.037,1,BAKAB
2026-05-12,20.21451802643416,0.929,stop,-0.037,0,BAKAB
2026-05-13,11.369741734753244,0.964,stop,-0.037,0,BAKAB
2022-06-16,11.399265644955301,1.087,stop,-0.037,1,BALAT
2022-12-06,13.486376431362904,1.216,stop,-0.037,2,BALAT
2023-04-14,27.58393328106066,0.578,stop,-0.037,1,BALAT
2023-06-07,9.18165754795308,0.432,stop,-0.037,0,BALAT
2023-12-20,10.920072627561419,0.373,hedef,0.043000000000000003,0,BALAT
2025-07-22,11.26195981778153,0.919,stop,-0.06864874551971323,2,BALAT
2025-09-15,10.383547872456674,0.896,stop,-0.037,4,BALAT
2025-06-05,18.247527815315483,0.457,hedef,0.043000000000000003,1,BALSU
2025-10-17,53.51957902986537,0.406,hedef,0.043000000000000003,0,BALSU
2025-12-12,9.90949501421649,0.196,stop,-0.037,0,BALSU
2025-12-24,16.227571725093647,0.286,hedef,0.043000000000000003,0,BALSU
2026-03-19,13.866993363556103,0.044,stop,-0.037,1,BALSU
2026-05-12,8.42930813252865,0.114,stop,-0.037,1,BALSU
2026-05-26,24.143008924361098,0.032,hedef,0.043000000000000003,1,BALSU
2024-08-15,22.560556533400387,0.912,hedef,0.043000000000000003,1,BANVT
2024-10-30,20.70062893081761,0.609,stop,-0.037,2,BANVT
2025-02-27,13.651107037089268,0.12,stop,-0.037,0,BANVT
2025-05-02,26.49160035366932,-0.04,hedef,0.043000000000000003,0,BANVT
2025-06-05,23.981668688502495,0.029,hedef,0.043000000000000003,2,BANVT
2025-07-02,13.200925181013677,0.072,hedef,0.043000000000000003,0,BANVT
2025-07-03,20.497510264698175,0.16,stop,-0.037,1,BANVT
2025-08-04,8.69151004536617,0.182,hedef,0.043000000000000003,1,BANVT
2025-08-06,38.90126763078022,0.169,stop,-0.042697940503432556,1,BANVT
2025-10-28,63.139142994703896,0.046,stop,-0.04109090909090917,2,BANVT
2025-12-15,9.192003331945022,0.012,hedef,0.043000000000000003,0,BANVT
2025-12-31,9.030288025088717,0.048,stop,-0.037,0,BANVT
2026-03-02,12.0796719390744,-0.022,hedef,0.043000000000000003,0,BANVT
2026-03-19,66.05238095238096,0.021,stop,-0.037,1,BANVT
2026-04-13,8.730636833046471,0.042,stop,-0.037,13,BANVT
2026-05-26,14.730811489562077,0.013,hedef,0.043000000000000003,3,BANVT
2024-07-04,36.43340147821984,0.593,stop,-0.037,0,BARMA
2024-09-03,16.80841346153846,0.783,hedef,0.043000000000000003,0,BARMA
2025-03-18,18.388942869847334,0.641,stop,-0.037,0,BARMA
2025-06-05,17.86666284091072,0.323,hedef,0.043000000000000003,1,BARMA
2025-09-03,34.25570494634267,0.991,stop,-0.037,0,BARMA
2025-10-28,23.429013192348936,0.581,hedef,0.04352526263131574,3,BARMA
2025-11-18,11.870365050485704,1.053,hedef,0.043000000000000003,0,BARMA
2025-11-19,10.259777597519278,1.017,stop,-0.037,0,BARMA
2026-01-19,26.413546267032256,0.895,hedef,0.043000000000000003,1,BARMA
2026-03-02,14.009074474495765,0.708,hedef,0.043000000000000003,0,BARMA
2026-03-19,48.43532328519145,0.994,stop,-0.037,0,BARMA
2026-04-08,38.26575451912514,0.974,hedef,0.043000000000000003,1,BARMA
2026-05-07,12.029187859446163,0.966,stop,-0.037,2,BARMA
2026-05-26,15.95232471826709,0.971,acik,,6,BARMA
2024-07-02,9.886050285523641,-0.106,stop,-0.10660159359035959,1,BAYRK
2024-08-07,10.185163434772756,0.103,stop,-0.037,0,BAYRK
2024-09-05,10.354572872298373,0.072,stop,-0.037,0,BAYRK
2024-10-18,10.368192085668818,0.041,hedef,0.043000000000000003,0,BAYRK
2024-10-21,15.165240306082287,0.085,stop,-0.037,0,BAYRK
2024-11-14,39.573453052654756,0.052,stop,-0.037,0,BAYRK
2025-01-08,70.8404494382002,0.057,stop,-0.037,0,BAYRK
2025-01-23,8.089576942708614,0.062,hedef,0.043000000000000003,0,BAYRK
2025-03-19,10.611858255950336,0.027,stop,-0.037,0,BAYRK
2025-06-05,18.857319221601877,0.063,hedef,0.043000000000000003,2,BAYRK
2025-07-01,21.306711347701537,0.117,stop,-0.037,0,BAYRK
2025-09-17,17.543736359169383,0.314,hedef,0.043000000000000003,0,BAYRK
2025-10-10,10.271626360120246,0.31,hedef,0.043000000000000003,0,BAYRK
2025-10-28,11.20258242854021,0.317,hedef,0.043000000000000003,1,BAYRK
2025-11-21,9.055283538005753,0.104,hedef,0.043000000000000003,0,BAYRK
2025-11-24,9.848490207869094,0.153,stop,-0.037,0,BAYRK
2026-01-05,21.791731854297133,0.175,stop,-0.037,0,BAYRK
2026-03-19,28.73864334549074,0.068,stop,-0.037,1,BAYRK
2026-05-25,16.667977943512373,0.162,stop,-0.037,0,BAYRK
2026-05-26,57.626950872556584,0.14,stop,-0.037,0,BAYRK
2024-06-20,14.522983154152206,1.145,hedef,0.05949111257406193,1,BESLR
2024-06-21,9.417885910588124,1.154,hedef,0.043000000000000003,0,BESLR
2024-11-07,12.57048347476552,0.261,stop,-0.037,0,BESLR
2024-12-17,9.188606445755786,0.419,stop,-0.037,2,BESLR
2024-12-26,14.81336861051824,0.375,hedef,0.043000000000000003,2,BESLR
2025-03-10,37.56987444598306,0.381,hedef,0.043000000000000003,1,BESLR
2025-03-11,9.121523131035238,0.443,hedef,0.043000000000000003,0,BESLR
2025-04-25,35.878095895136255,0.611,hedef,0.043000000000000003,0,BESLR
2025-07-03,8.41574520130794,0.373,stop,-0.037,2,BESLR
2025-07-25,8.095921274639561,0.474,stop,-0.037,0,BESLR
2025-08-18,49.21246495165194,0.389,hedef,0.043000000000000003,0,BESLR
2025-10-28,46.0355214034579,0.314,stop,-0.037,0,BESLR
2025-12-22,12.920559693071542,0.164,stop,-0.037,4,BESLR
2026-03-12,18.390693232706266,0.461,stop,-0.037,0,BESLR
2026-04-29,44.81237136976904,0.29,hedef,0.043000000000000003,1,BESLR
2026-02-25,12.900918939888692,0.948,stop,-0.037,0,BESTE
2026-03-19,14.369220535009811,0.357,hedef,0.043000000000000003,1,BESTE
2026-05-04,11.52702435052431,0.532,stop,-0.037,0,BESTE
2026-05-26,173.22538443696615,0.722,stop,-0.037,0,BESTE
2024-07-05,18.648494602025078,0.333,stop,-0.037,0,BEYAZ
2024-08-07,11.900767066728735,0.783,hedef,0.043000000000000003,0,BEYAZ
2024-09-18,8.835411751488596,0.534,stop,-0.037,5,BEYAZ
2024-11-11,32.59733036707453,0.401,hedef,0.043000000000000003,2,BEYAZ
2025-04-08,10.381680312503779,0.374,hedef,0.043000000000000003,0,BEYAZ
2025-06-05,62.12391352796969,0.19,hedef,0.043000000000000003,1,BEYAZ
2025-08-07,21.94702210224397,0.6,hedef,0.043000000000000003,0,BEYAZ
2025-08-08,17.622465218144864,0.895,stop,-0.037,0,BEYAZ
2025-09-02,15.290222998497097,1.025,hedef,0.043000000000000003,0,BEYAZ
2025-10-28,42.02159758615214,0.412,hedef,0.043000000000000003,2,BEYAZ
2025-11-03,9.397093257973355,0.525,hedef,0.043000000000000003,0,BEYAZ
2025-12-05,72.1994065840908,0.434,stop,-0.037,0,BEYAZ
2026-01-09,12.174806066496727,0.555,stop,-0.037,0,BEYAZ
2026-03-19,30.906089926010246,0.399,stop,-0.037,1,BEYAZ
2026-04-30,16.70563018717444,0.699,stop,-0.037,0,BEYAZ
2026-05-26,13.554260742898762,0.376,hedef,0.043000000000000003,1,BEYAZ
2024-07-08,12.775147928994082,0.919,stop,-0.037,0,BFREN
2024-07-16,17.027643203191793,1.008,stop,-0.037,0,BFREN
2024-10-18,8.218023255813954,0.25,hedef,0.13819572953736647,1,BFREN
2024-10-21,58.78112636723296,0.57,hedef,0.06633747669359857,1,BFREN
2024-10-22,11.7570379177105,0.754,stop,-0.037,0,BFREN
2025-03-03,9.631076028250934,0.079,hedef,0.043000000000000003,4,BFREN
2025-04-22,27.57275100878234,0.403,stop,-0.037,0,BFREN
2025-06-02,13.287389100126742,0.303,stop,-0.037,0,BFREN
2025-06-05,14.638245674442627,0.209,stop,-0.037,3,BFREN
2025-09-02,12.345913657344555,0.659,stop,-0.037,0,BFREN
2025-10-28,18.188167083937277,0.192,hedef,0.043000000000000003,3,BFREN
2025-11-19,93.18109116758485,0.376,stop,-0.037,0,BFREN
2026-03-19,9.190283400809717,0.034,stop,-0.037,5,BFREN
2026-04-15,46.849392086583734,0.229,hedef,0.043000000000000003,0,BFREN
2026-05-18,8.256684491978609,0.213,stop,-0.037,0,BFREN
2026-05-26,17.88899327888993,0.088,hedef,0.043000000000000003,4,BFREN
2025-01-10,31.683907674403567,0.958,stop,-0.037,0,BIENY
2025-02-28,10.28620988725065,0.318,stop,-0.037,0,BIENY
2025-04-11,13.899268390634003,0.736,hedef,0.043000000000000003,0,BIENY
2025-06-05,9.713489098310378,0.942,stop,-0.037,4,BIENY
2025-09-22,8.830335298736786,0.897,stop,-0.037,0,BIENY
2025-10-28,26.410374725137004,0.53,hedef,0.043000000000000003,5,BIENY
2026-01-05,12.592906092816564,0.021,stop,-0.037,2,BIENY
2026-03-02,8.20891543475915,-0.065,hedef,0.043000000000000003,0,BIENY
2026-04-29,16.62746662699325,0.048,hedef,0.043000000000000003,0,BIENY
2026-05-26,120.34078545607693,0.111,hedef,0.043000000000000003,1,BIENY
2024-07-22,16.379300572465,0.57,stop,-0.037,0,BIGCH
2024-08-22,17.184218574778264,0.72,stop,-0.037,0,BIGCH
2024-09-17,14.434342122353552,0.163,stop,-0.037,0,BIGCH
2024-12-10,18.284992784992784,0.669,stop,-0.037,0,BIGCH
2025-02-04,24.656242063636032,0.596,stop,-0.037,0,BIGCH
2025-02-24,855.9941305942773,0.901,stop,-0.037,0,BIGCH
2025-05-16,30.74413729857199,0.511,stop,-0.037,0,BIGCH
2025-06-05,9.80669849228602,0.857,hedef,0.043000000000000003,2,BIGCH
2025-10-28,16.047437317903896,1.0,stop,-0.037,1,BIGCH
2025-11-03,20.536400165455298,0.995,stop,-0.037,1,BIGCH
2025-11-19,15.44107268877911,0.562,hedef,0.043000000000000003,0,BIGCH
2026-01-07,9.75793327908869,0.498,stop,-0.051583333333333196,1,BIGCH
2026-03-19,38.07278302772389,0.237,stop,-0.037,1,BIGCH
2026-04-20,9.146153038417113,0.326,hedef,0.043000000000000003,1,BIGCH
2026-05-26,12.272058432464057,0.197,hedef,0.043000000000000003,1,BIGCH
2025-04-18,8.524667631414097,0.477,hedef,0.043000000000000003,0,BIGEN
2025-05-26,10.939045333709743,0.302,stop,-0.037,0,BIGEN
2025-06-05,23.5867135438646,0.56,hedef,0.043000000000000003,0,BIGEN
2025-10-28,50.446273937661594,0.137,hedef,0.043000000000000003,5,BIGEN
2026-03-19,15.622697286194041,0.038,stop,-0.037,1,BIGEN
2026-04-17,10.186772886341986,0.277,hedef,0.043000000000000003,1,BIGEN
2026-04-22,9.252549900022641,0.585,stop,-0.037,0,BIGEN
2024-12-04,8.577422264047366,0.912,hedef,0.043000000000000003,0,BINBN
2025-01-27,8.660906443853653,0.316,stop,-0.037,0,BINBN
2025-05-08,17.050551669431023,0.524,stop,-0.037,0,BINBN
2025-06-05,52.920279206465835,0.814,hedef,0.043000000000000003,0,BINBN
2025-06-20,19.075526089848925,0.769,stop,-0.037,0,BINBN
2025-07-07,18.264613778705638,0.563,stop,-0.037,1,BINBN
2025-08-22,16.194627564536997,0.6,stop,-0.037,3,BINBN
2025-09-09,9.060389546833708,0.334,hedef,0.043000000000000003,0,BINBN
2025-10-09,23.05400669109447,0.393,stop,-0.037,0,BINBN
2025-10-23,22.180107953643436,0.37,hedef,0.043000000000000003,1,BINBN
2025-10-28,62.739461115149,0.511,stop,-0.037,0,BINBN
2026-02-10,21.010488855590935,0.604,stop,-0.037,0,BINBN
2026-03-19,23.459108610990913,0.369,hedef,0.043000000000000003,3,BINBN
2026-04-20,11.810957169983824,0.41,hedef,0.043000000000000003,0,BINBN
2026-04-21,11.480888075074388,0.545,stop,-0.037,0,BINBN
2026-05-26,31.82774359992062,0.443,hedef,0.043000000000000003,2,BINBN
2024-07-19,13.143720328010296,0.822,hedef,0.043000000000000003,0,BINHO
2024-09-26,9.918990785974785,0.249,stop,-0.037,1,BINHO
2024-11-12,8.398855319947572,0.073,stop,-0.037,0,BINHO
2025-03-03,8.744107444632306,0.057,stop,-0.037,0,BINHO
2025-03-12,15.943106783165424,0.009,stop,-0.037,5,BINHO
2025-03-27,15.183758150563063,0.178,stop,-0.037,0,BINHO
2025-05-02,19.721811004194514,0.233,hedef,0.08322556390977465,1,BINHO
2025-05-05,13.422708271756106,0.315,stop,-0.037,0,BINHO
2025-06-05,34.94384584687282,0.033,hedef,0.043000000000000003,0,BINHO
2025-07-23,9.826052795268295,0.182,hedef,0.043000000000000003,0,BINHO
2025-10-23,8.407385191900735,0.324,stop,-0.037,0,BINHO
2025-10-28,131.54239256293485,0.408,hedef,0.043000000000000003,0,BINHO
2026-02-09,13.482795868251333,0.306,hedef,0.043000000000000003,0,BINHO
2026-03-19,30.21250494059408,0.162,stop,-0.037,1,BINHO
2026-05-26,16.093436917100938,0.229,acik,,6,BINHO
2024-08-15,13.798020973733522,0.518,hedef,0.043000000000000003,5,BIOEN
2024-09-26,8.595966263292995,0.069,stop,-0.037,0,BIOEN
2024-10-07,10.855573616710467,0.09,hedef,0.043000000000000003,0,BIOEN
2025-02-12,14.817702912590267,0.257,stop,-0.037,5,BIOEN
2025-03-05,12.369198995707459,0.332,hedef,0.043000000000000003,1,BIOEN
2025-06-05,13.505987312704011,0.653,hedef,0.043000000000000003,3,BIOEN
2025-07-03,8.728378340246621,0.883,stop,-0.037,0,BIOEN
2025-08-04,18.088704311314043,1.053,stop,-0.037,0,BIOEN
2025-08-08,13.309598346735417,0.987,stop,-0.037,0,BIOEN
2025-10-28,35.40960538390945,0.686,stop,-0.037,4,BIOEN
2025-12-05,10.305245841710839,0.56,stop,-0.037,0,BIOEN
2026-01-15,19.794579861160404,0.356,stop,-0.037,0,BIOEN
2026-03-02,10.02379499694936,0.057,hedef,0.043000000000000003,0,BIOEN
2026-03-19,9.296457585249701,0.233,stop,-0.037,4,BIOEN
2026-04-17,10.694896304428843,0.485,stop,-0.037,0,BIOEN
2026-05-26,15.722945239950343,0.251,stop,-0.037,3,BIOEN
2024-08-01,8.27006507592191,1.013,stop,-0.037,1,BIZIM
2024-09-13,13.663606443790057,-0.132,hedef,0.043000000000000003,1,BIZIM
2025-03-19,8.23329733065885,0.009,stop,-0.037,2,BIZIM
2025-05-15,10.883272537780094,0.187,hedef,0.043000000000000003,0,BIZIM
2025-06-05,44.99193548387097,0.095,hedef,0.043000000000000003,1,BIZIM
2025-07-23,30.7196256929258,0.303,stop,-0.037,0,BIZIM
2025-08-19,12.963540190800037,0.307,hedef,0.043000000000000003,4,BIZIM
2025-10-28,9.044925124792014,0.239,hedef,0.05737125748503014,3,BIZIM
2025-11-03,8.351290271719137,0.332,stop,-0.037,6,BIZIM
2026-02-27,15.731614086947658,0.543,stop,-0.037,0,BIZIM
2026-03-19,11.674916254187291,0.264,stop,-0.037,1,BIZIM
2026-05-11,40.7069830844538,0.686,stop,-0.037,0,BIZIM
2024-08-07,8.809268448491984,0.522,stop,-0.037,0,BJKAS
2024-12-27,15.714097738716857,0.178,hedef,0.043000000000000003,0,BJKAS
2025-03-06,43.82188046706482,0.049,stop,-0.06447126283351179,2,BJKAS
2025-03-10,8.070241925956608,0.0,stop,-0.037,0,BJKAS
2025-06-05,20.481273629999208,0.02,hedef,0.043000000000000003,1,BJKAS
2025-10-28,28.16630772298819,0.049,stop,-0.037,7,BJKAS
2025-12-19,44.00743944182597,0.043,stop,-0.037,0,BJKAS
2024-06-24,10.683978600798785,0.239,stop,-0.07069426751592356,1,BLCYT
2025-01-07,9.04218653064038,0.108,stop,-0.037,1,BLCYT
2025-03-11,13.128398623904117,0.041,hedef,0.043000000000000003,2,BLCYT
2025-04-10,9.887256143906765,0.154,hedef,0.043000000000000003,3,BLCYT
2025-05-16,18.79406084017383,0.181,hedef,0.043000000000000003,1,BLCYT
2025-05-20,9.541889329425961,0.222,hedef,0.043000000000000003,0,BLCYT
2025-06-05,18.038192431095133,0.212,stop,-0.1085015015015014,4,BLCYT
2025-06-13,10.5334092634776,0.097,hedef,0.043000000000000003,0,BLCYT
2025-08-21,11.154331983805667,0.495,stop,-0.037,3,BLCYT
2025-09-26,11.223904758692793,0.668,stop,-0.037,1,BLCYT
2025-10-01,15.139244103438477,0.797,hedef,0.043000000000000003,0,BLCYT
2025-10-28,57.97909407665505,0.652,hedef,0.043000000000000003,0,BLCYT
2025-12-03,24.378784339795533,1.004,hedef,0.043000000000000003,1,BLCYT
2025-12-08,28.208126866578144,0.663,hedef,0.043000000000000003,0,BLCYT
2026-01-13,10.376544799176108,0.908,stop,-0.037,0,BLCYT
2026-02-04,18.716325576376647,1.015,stop,-0.037,0,BLCYT
2026-02-16,17.553580154981034,0.605,hedef,0.043000000000000003,0,BLCYT
2026-03-10,10.096917164576846,0.77,stop,-0.037,0,BLCYT
2026-03-19,12.155616106569784,0.941,stop,-0.03805590062111796,1,BLCYT
2026-04-09,8.825984394846671,0.683,stop,-0.10669918349806617,1,BLCYT
2026-04-10,9.022076019272491,0.587,stop,-0.05473269689737469,1,BLCYT
2026-05-26,22.031172423576137,0.436,hedef,0.043000000000000003,1,BLCYT
2026-06-03,43.514000611400334,0.633,stop,-0.037,0,BLCYT
2024-10-10,26.299662425344067,0.423,stop,-0.037,1,BLUME
2024-12-11,32.21299981049839,0.494,stop,-0.037,0,BLUME
2025-02-11,10.203306922959815,0.615,stop,-0.037,1,BLUME
2025-02-28,9.408051292642845,0.486,stop,-0.037,1,BLUME
2025-04-11,12.285528556517917,0.83,hedef,0.043000000000000003,0,BLUME
2025-04-29,11.081523764859051,0.984,stop,-0.037,0,BLUME
2025-06-05,126.37589002965085,0.955,hedef,0.043000000000000003,2,BLUME
2025-10-28,50.67594037382557,0.754,stop,-0.037,0,BLUME
2026-03-02,10.60483545849315,0.489,hedef,0.043000000000000003,0,BLUME
2026-03-17,37.35743105767131,0.578,hedef,0.043000000000000003,2,BLUME
2026-05-26,13.142435573151507,0.426,stop,-0.037,1,BLUME
2024-08-05,21.537453979044386,-0.122,hedef,0.043000000000000003,0,BMSCH
2024-10-01,9.14260129840649,0.297,stop,-0.037,0,BMSCH
2024-10-08,15.417332268370904,0.288,hedef,0.043000000000000003,0,BMSCH
2024-10-14,12.689023494261424,0.641,stop,-0.037,0,BMSCH
2024-12-26,16.210158687101952,0.662,stop,-0.037,0,BMSCH
2025-03-05,11.418487394956568,0.371,stop,-0.037,1,BMSCH
2025-06-05,26.4300903774588,0.517,hedef,0.043000000000000003,1,BMSCH
2025-06-24,36.48198780501756,1.126,stop,-0.037,0,BMSCH
2025-07-25,28.611990922014115,0.654,stop,-0.10647299077733863,1,BMSCH
2025-07-29,20.701205808204186,0.465,hedef,0.043000000000000003,0,BMSCH
2025-09-01,10.369564869748773,0.634,hedef,0.043000000000000003,0,BMSCH
2025-10-13,9.571883135666765,0.74,hedef,0.043000000000000003,0,BMSCH
2025-10-28,39.822461684203404,0.93,stop,-0.037,0,BMSCH
2025-11-24,15.910133823361468,0.924,hedef,0.043000000000000003,0,BMSCH
2026-01-05,9.782996096194534,1.0,stop,-0.037,0,BMSCH
2026-01-06,68.6043073667175,0.76,hedef,0.043000000000000003,0,BMSCH
2026-03-19,13.070491035390027,0.413,stop,-0.037,1,BMSCH
2026-05-26,14.575809145630457,0.394,stop,-0.037,3,BMSCH
2024-07-08,8.020728573025206,0.951,hedef,0.043000000000000003,8,BMSTL
2024-09-02,34.19912814711684,0.784,stop,-0.037,6,BMSTL
2024-09-13,12.413001195135234,0.622,hedef,0.043000000000000003,3,BMSTL
2024-11-25,8.879852769281774,1.004,hedef,0.043000000000000003,0,BMSTL
2024-12-30,21.632227432932336,0.571,hedef,0.043000000000000003,0,BMSTL
2025-06-05,17.39061275349285,0.904,stop,-0.037,1,BMSTL
2025-07-31,10.191110566248485,0.792,hedef,0.043000000000000003,0,BMSTL
2025-10-28,479.5168999981107,0.829,hedef,0.043000000000000003,0,BMSTL
2026-02-16,10.594920354283188,0.694,hedef,0.043000000000000003,0,BMSTL
2026-03-19,62.21528173022197,0.594,stop,-0.037,0,BMSTL
2026-05-26,17.919014947316832,0.559,hedef,0.043000000000000003,4,BMSTL
2024-08-26,82.27049326820695,0.418,stop,-0.037,1,BNTAS
2024-09-26,9.906197926054295,0.092,hedef,0.043000000000000003,0,BNTAS
2024-09-27,10.762568184482733,0.551,stop,-0.037,0,BNTAS
2024-10-28,20.711377471863713,0.197,stop,-0.037,4,BNTAS
2024-11-15,15.541466104031024,0.288,hedef,0.043000000000000003,2,BNTAS
2025-02-18,13.020835738641049,0.231,stop,-0.44736900767636334,5,BNTAS
2025-04-30,14.627389432170322,0.592,hedef,0.043000000000000003,0,BNTAS
2025-05-02,11.49680330951486,0.687,hedef,0.043000000000000003,0,BNTAS
2025-06-05,44.93032995694996,0.701,hedef,0.043000000000000003,1,BNTAS
2025-07-07,10.961709000292306,0.891,stop,-0.037,1,BNTAS
2025-10-28,39.621448479554076,0.695,hedef,0.043000000000000003,0,BNTAS
2025-12-10,8.453829767528026,0.72,hedef,0.043000000000000003,0,BNTAS
2026-01-05,11.247286476228831,0.642,hedef,0.043000000000000003,7,BNTAS
2026-02-16,14.732305402170534,0.765,stop,-0.037,7,BNTAS
2026-05-26,19.69617970909511,0.718,stop,-0.037,4,BNTAS
2024-10-18,8.344135496410297,0.347,stop,-0.037,0,BOBET
2025-04-16,24.748385329894788,0.296,stop,-0.037,0,BOBET
2025-05-13,8.60071862997021,0.541,hedef,0.043000000000000003,1,BOBET
2025-06-05,27.851090627449437,0.363,stop,-0.037,3,BOBET
2025-08-19,8.156586922844994,0.173,hedef,0.043000000000000003,2,BOBET
2025-10-28,59.09129339078124,0.196,stop,-0.037,5,BOBET
2025-12-09,39.58518168017192,0.117,stop,-0.037,13,BOBET
2026-02-16,62.424515141970026,0.451,stop,-0.037,0,BOBET
2026-03-19,84.89204838413352,0.145,stop,-0.037,1,BOBET
2026-05-26,19.742534569197346,0.084,acik,,6,BOBET
2025-04-24,31.77195414666446,0.312,stop,-0.037,0,BORSK
2025-05-28,12.607625331678722,0.315,stop,-0.037,1,BORSK
2025-06-05,8.260860104303422,0.152,stop,-0.04769767441860461,4,BORSK
2025-10-28,14.94004527422283,0.326,hedef,0.043000000000000003,5,BORSK
2025-12-16,9.070196994776675,0.611,stop,-0.037,1,BORSK
2026-01-20,20.03201288838292,0.614,stop,-0.037,0,BORSK
2026-03-19,15.316215124196448,0.409,stop,-0.037,1,BORSK
2026-05-26,19.53152616148104,0.595,stop,-0.037,1,BORSK
2024-07-19,14.11549655348481,0.547,stop,-0.037,0,BOSSA
2024-10-31,11.56645423478341,0.108,stop,-0.037,0,BOSSA
2024-11-22,8.953964121198249,0.241,hedef,0.043000000000000003,0,BOSSA
2024-11-25,21.29714238925735,0.481,hedef,0.043000000000000003,1,BOSSA
2024-11-26,8.742930213921776,0.559,stop,-0.037,0,BOSSA
2024-12-13,29.405822725129656,0.407,hedef,0.043000000000000003,0,BOSSA
2025-03-04,13.61832946635731,0.115,hedef,0.043000000000000003,0,BOSSA
2025-05-02,9.292794549223224,0.115,stop,-0.037,16,BOSSA
2025-06-05,12.885403662600387,0.091,stop,-0.07866123778501621,4,BOSSA
2025-07-30,31.25728699962603,0.362,stop,-0.037,0,BOSSA
2025-10-28,10.111270220650118,0.404,stop,-0.037,4,BOSSA
2025-12-30,16.908964864225087,0.186,stop,-0.037,6,BOSSA
2026-03-19,17.545921528652233,0.159,stop,-0.037,1,BOSSA
2026-04-24,14.40721582037213,0.205,stop,-0.037,15,BOSSA
2026-05-26,18.9663097015364,0.155,hedef,0.043000000000000003,5,BOSSA
2024-07-08,22.305480849485303,0.907,stop,-0.037,1,BRISA
2024-08-22,19.097783302258133,-0.023,stop,-0.037,0,BRISA
2024-12-06,8.5297075505853,0.357,stop,-0.037,5,BRISA
2025-03-06,10.988852738812737,0.184,stop,-0.037,0,BRISA
2025-05-02,9.787376902417188,0.072,hedef,0.043000000000000003,0,BRISA
2025-06-05,18.79679773958088,0.069,stop,-0.08293220338983043,4,BRISA
2025-07-02,14.783222423875783,0.131,stop,-0.037,3,BRISA
2025-07-18,43.27518289251548,0.135,hedef,0.043000000000000003,1,BRISA
2025-08-07,12.733773377337734,0.279,stop,-0.037,0,BRISA
2025-10-28,18.067008366623952,0.377,hedef,0.043000000000000003,1,BRISA
2025-11-20,15.845488924905458,0.402,stop,-0.037,0,BRISA
2025-12-15,8.696687594717472,0.315,stop,-0.037,2,BRISA
2026-03-02,20.44296631757713,0.264,hedef,0.043000000000000003,0,BRISA
2026-03-19,25.329595979122367,0.331,stop,-0.037,1,BRISA
2026-05-06,14.976516234429242,0.408,hedef,0.043000000000000003,2,BRISA
2022-06-13,8.692550437567098,1.379,hedef,0.08900000000000008,1,BRKO
2022-07-27,9.394459116895238,1.167,hedef,0.08188888888888901,1,BRKO
2022-11-24,9.817082042492185,0.679,hedef,0.04941025641025643,2,BRKO
2024-01-31,8.971530184536663,0.631,stop,-0.037,1,BRKO
2025-09-19,10.94132366796085,0.726,stop,-0.037,0,BRKO
2024-09-30,11.063829787235857,0.065,hedef,0.043000000000000003,0,BRKSN
2024-10-30,15.763190184052549,0.146,stop,-0.037,2,BRKSN
2024-11-12,16.313298791019367,0.091,stop,-0.037,0,BRKSN
2025-01-21,18.953245296488102,0.13,stop,-0.037,1,BRKSN
2025-01-24,12.060020440397968,0.217,stop,-0.037,1,BRKSN
2025-03-13,10.231280893390856,0.069,hedef,0.043000000000000003,1,BRKSN
2025-07-07,9.586957362093637,0.377,stop,-0.037,2,BRKSN
2025-10-28,20.157061997285776,0.515,stop,-0.037,5,BRKSN
2025-12-18,13.790837540837572,0.465,stop,-0.037,2,BRKSN
2024-08-09,12.007859314710434,0.244,stop,-0.037,0,BRKVY
2024-08-15,9.28573533963126,0.131,stop,-0.037,1,BRKVY
2024-10-25,44.05245901639344,0.151,stop,-0.037,0,BRKVY
2024-12-06,9.027215008135787,0.284,stop,-0.037,0,BRKVY
2024-12-12,8.282580287490594,0.353,hedef,0.043000000000000003,0,BRKVY
2025-01-16,13.071266726518747,0.411,hedef,0.043000000000000003,0,BRKVY
2025-02-04,12.927226074138778,0.614,hedef,0.0476875,1,BRKVY
2025-05-02,11.532243824920052,0.755,hedef,0.043000000000000003,0,BRKVY
2025-06-05,58.20097037793666,0.553,hedef,0.043000000000000003,2,BRKVY
2025-07-09,8.54233060828599,0.594,hedef,0.047330708661417316,8,BRKVY
2025-07-30,22.89388891922888,1.079,stop,-0.037,0,BRKVY
2025-09-17,23.21720938693833,0.726,stop,-0.037,0,BRKVY
2025-10-21,20.5421290407474,0.595,stop,-0.037,0,BRKVY
2025-10-28,8.779264635467856,0.553,hedef,0.043000000000000003,1,BRKVY
2025-11-26,19.323409314105547,0.694,stop,-0.037,0,BRKVY
2025-12-11,15.053991749575346,0.906,hedef,0.043000000000000003,0,BRKVY
2026-03-19,17.1121507701814,0.497,stop,-0.037,5,BRKVY
2026-05-04,8.854076394907008,0.633,hedef,0.06129268292682933,1,BRKVY
2026-05-05,30.23697364162681,0.703,stop,-0.037,0,BRKVY
2026-05-26,26.979385780395454,0.567,hedef,0.043000000000000003,1,BRKVY
2024-09-30,18.984067742194398,0.319,stop,-0.037,0,BRLSM
2024-10-23,35.00130118464376,0.395,stop,-0.037,0,BRLSM
2025-03-12,16.681213565654286,0.374,hedef,0.07420497707924045,1,BRLSM
2025-03-13,14.52216219056917,0.526,hedef,0.043000000000000003,1,BRLSM
2025-05-06,8.524333657062694,0.805,stop,-0.037,0,BRLSM
2025-06-05,55.243230543318646,0.368,hedef,0.043000000000000003,0,BRLSM
2025-09-03,8.763728759726854,0.568,stop,-0.037,0,BRLSM
2025-10-28,55.042808621202404,0.323,stop,-0.04403703703703698,9,BRLSM
2026-03-19,161.94726286274647,0.5,stop,-0.037,0,BRLSM
2026-05-14,44.5075146913516,0.72,hedef,0.043000000000000003,0,BRLSM
2026-05-18,8.049347930512837,1.117,hedef,0.08073500447627568,1,BRLSM
2026-05-26,11.468845452042325,0.558,stop,-0.037,0,BRLSM
2022-08-26,14.698176963831193,1.423,hedef,0.08804145028752519,1,BRMEN
2022-12-05,8.899443987333909,0.621,stop,-0.037,0,BRMEN
2023-10-11,11.138815312449363,0.748,stop,-0.037,0,BRMEN
2023-11-28,30.440398269025422,0.888,hedef,0.09117351547975605,1,BRMEN
2024-01-31,18.60086858230635,0.86,stop,-0.037,0,BRMEN
2024-02-19,8.571577312045603,0.964,hedef,0.043000000000000003,0,BRMEN
2024-03-13,14.875680744994243,1.119,stop,-0.037,0,BRMEN
2024-07-03,12.282319391635106,0.648,stop,-0.037,0,BRMEN
2024-07-23,10.23024350090435,0.861,stop,-0.037,0,BRMEN
2024-09-19,10.130553422329825,0.671,stop,-0.037,5,BRMEN
2024-10-22,34.097493676706726,0.735,stop,-0.07054514975186521,1,BRMEN
2024-11-07,13.400049874463605,0.726,hedef,0.08928378427947103,1,BRMEN
2025-03-12,10.656525425906201,0.547,hedef,0.043000000000000003,0,BRMEN
2025-10-17,9.026585954976465,1.106,stop,-0.03881818216150323,1,BRMEN
2025-12-22,8.742471518757885,0.795,stop,-0.037,2,BRMEN
2026-04-17,9.340480019619587,0.609,hedef,0.043000000000000003,1,BRMEN
2026-05-07,8.027021510888344,0.604,hedef,0.1213018867924528,1,BRMEN
2024-06-24,11.098008395235215,1.261,stop,-0.037,0,BUCIM
2024-12-30,9.805579346629145,0.941,hedef,0.043000000000000003,2,BUCIM
2025-04-14,9.427637104702871,0.584,stop,-0.037,2,BUCIM
2025-05-12,9.049190242792427,0.426,hedef,0.043000000000000003,1,BUCIM
2025-10-02,10.469888606800001,0.056,stop,-0.037,8,BUCIM
2025-10-28,70.02035702131609,0.138,hedef,0.11411801242236008,4,BUCIM
2026-01-23,8.815967577363185,0.344,stop,-0.037,6,BUCIM
2026-03-19,8.05894164727252,0.057,stop,-0.037,12,BUCIM
2026-05-26,25.045390055790833,0.108,hedef,0.043000000000000003,4,BUCIM
2025-04-10,19.025411559055918,1.157,stop,-0.037,0,BULGS
2025-06-05,22.756272035071156,0.705,stop,-0.037,1,BULGS
2025-10-27,10.144130083903585,0.916,hedef,0.043000000000000003,0,BULGS
2025-10-28,472.3192836863944,1.036,hedef,0.043000000000000003,0,BULGS
2026-02-18,16.458534768343135,1.041,stop,-0.037,0,BULGS
2026-03-18,9.813382378482991,0.693,stop,-0.0406405529953917,1,BULGS
2026-03-19,13.825592280550154,0.659,hedef,0.043000000000000003,0,BULGS
2026-05-26,19.184159902406982,0.636,acik,,6,BULGS
2024-08-05,14.776035834266517,-0.11,hedef,0.043000000000000003,0,BURCE
2024-09-09,35.252808988764045,0.24,stop,-0.037,1,BURCE
2024-09-10,11.36287842294438,0.279,stop,-0.037,0,BURCE
2024-10-01,9.639255639879405,0.323,stop,-0.037,0,BURCE
2024-10-16,8.381270903010034,0.575,stop,-0.037,0,BURCE
2024-12-25,16.89830880737975,0.177,stop,-0.037,0,BURCE
2025-02-20,10.063807160581353,0.04,stop,-0.037,2,BURCE
2025-05-13,13.72962007563425,0.02,hedef,0.043000000000000003,3,BURCE
2025-05-26,11.955701619253022,0.128,stop,-0.037,0,BURCE
2025-06-05,22.555367951726765,0.153,stop,-0.037,1,BURCE
2025-07-11,24.398562866533478,0.233,stop,-0.037,0,BURCE
2025-10-16,9.806823536488777,0.583,hedef,0.11336336109008316,1,BURCE
2025-10-17,14.829919715307739,0.728,hedef,0.09097297297297302,1,BURCE
2026-02-03,8.817796564938462,0.813,stop,-0.037,0,BURCE
2026-03-04,20.0545176346547,0.627,stop,-0.037,0,BURCE
2026-03-19,9.776813708208076,0.348,stop,-0.037,1,BURCE
2026-05-26,77.78401826982964,0.528,stop,-0.037,0,BURCE
2024-09-09,27.78632592989029,0.272,stop,-0.037,0,BURVA
2024-12-25,54.4960362400906,0.269,hedef,0.043000000000000003,0,BURVA
2025-01-23,32.14203894616266,0.14,stop,-0.037,6,BURVA
2025-03-13,11.052803129074315,0.201,stop,-0.037,0,BURVA
2025-05-02,17.666528754654532,0.016,hedef,0.043000000000000003,0,BURVA
2025-08-21,23.45680909929296,0.319,stop,-0.037,0,BURVA
2025-09-25,10.069244085401039,0.339,hedef,0.043000000000000003,0,BURVA
2025-10-10,9.06674720628209,0.43,hedef,0.043000000000000003,0,BURVA
2025-10-17,25.412418906394812,0.958,stop,-0.037,0,BURVA
2025-10-28,8.676557061805699,0.988,hedef,0.0748307905686546,1,BURVA
2026-03-25,14.627730294396962,0.641,hedef,0.043000000000000003,0,BURVA
2026-05-26,26.045498547918683,0.838,hedef,0.043000000000000003,0,BURVA
2024-07-23,9.69961327457505,0.528,stop,-0.037,2,BVSAN
2024-10-01,10.360447846452645,0.36,stop,-0.037,0,BVSAN
2024-11-04,9.869095569388502,0.334,hedef,0.043000000000000003,2,BVSAN
2025-01-23,36.673840016796134,0.848,stop,-0.037,0,BVSAN
2025-03-11,10.038809831824063,0.903,hedef,0.043000000000000003,0,BVSAN
2025-06-05,38.38656704162903,0.233,hedef,0.043000000000000003,1,BVSAN
2025-07-14,15.566902330452999,0.342,hedef,0.043000000000000003,0,BVSAN
2025-09-26,12.228605865809563,0.61,stop,-0.037,0,BVSAN
2025-10-28,39.458902230756294,0.76,stop,-0.037,0,BVSAN
2026-03-12,15.904601235340536,0.396,hedef,0.043000000000000003,0,BVSAN
2026-05-11,11.31119556160709,1.029,stop,-0.037,0,BVSAN
2026-05-12,8.44953909347089,0.694,stop,-0.037,0,BVSAN
2024-10-11,30.4924578527063,0.068,stop,-0.037,0,BYDNR
2024-10-28,18.11950913401199,0.085,stop,-0.037,4,BYDNR
2024-12-02,94.96056416442423,0.301,hedef,0.043000000000000003,2,BYDNR
2025-02-25,78.04378531073446,0.418,stop,-0.037,0,BYDNR
2025-03-19,9.41071802386435,0.359,stop,-0.037,0,BYDNR
2025-06-05,35.98389163463298,0.187,stop,-0.037,3,BYDNR
2025-07-04,41.89341251855904,0.41,stop,-0.037,0,BYDNR
2025-09-22,29.379649309245487,0.688,stop,-0.037,1,BYDNR
2025-10-10,8.74613655521214,0.296,stop,-0.037,0,BYDNR
2025-12-03,8.181584362139917,0.591,stop,-0.037,0,BYDNR
2026-01-08,9.21800306665464,0.986,stop,-0.037,0,BYDNR
2026-04-30,36.443709503239745,0.856,hedef,0.043000000000000003,0,BYDNR
2022-05-30,11.168544289816657,0.595,hedef,0.043000000000000003,1,CASA
2022-05-31,8.05169835505234,0.727,hedef,0.06992307692307687,1,CASA
2022-08-05,49.424578709412245,0.169,hedef,0.043000000000000003,4,CASA
2022-12-16,10.965771907399517,1.0,stop,-0.037,1,CASA
2023-09-26,25.677001703577513,0.145,stop,-0.037,0,CASA
2024-11-25,12.610997267759563,0.078,hedef,0.09253970080552343,1,CASA
2024-11-26,18.893998128592433,0.138,stop,-0.037,0,CASA
2025-05-05,15.481672419065927,0.081,hedef,0.09300000000000008,1,CASA
2025-05-06,8.46144464963936,0.126,hedef,0.09280928162746338,1,CASA
2025-05-07,10.547162381505778,0.174,hedef,0.09300000000000008,1,CASA
2026-03-02,10.464603205502563,0.258,stop,-0.08754027013506749,8,CASA
2024-06-27,11.065895883593548,1.199,stop,-0.037,0,CATES
2025-03-04,20.64115681058591,-0.063,hedef,0.043000000000000003,4,CATES
2025-05-13,29.8545427420558,0.2,stop,-0.037,0,CATES
2025-06-05,24.69236050989641,0.086,stop,-0.04208771929824561,4,CATES
2025-06-20,8.067534110748156,0.245,stop,-0.037,0,CATES
2025-07-28,11.444653491518045,0.285,stop,-0.037,0,CATES
2025-08-13,9.002774070293894,0.405,stop,-0.037,0,CATES
2025-10-28,18.063154339750085,0.227,hedef,0.051041112454655375,2,CATES
2025-11-27,8.072122850405474,0.27,hedef,0.043000000000000003,3,CATES
2026-01-26,8.30019189587563,0.47,hedef,0.043000000000000003,0,CATES
2026-03-03,21.019810337123282,0.399,hedef,0.043000000000000003,1,CATES
2026-03-04,18.225733074155258,0.442,stop,-0.037,0,CATES
2026-03-19,32.28444451044965,0.596,hedef,0.043000000000000003,0,CATES
2026-05-26,37.59077554188148,0.394,hedef,0.043000000000000003,0,CATES
2024-07-09,15.409885112491965,0.966,stop,-0.037,0,CELHA
2024-07-18,14.264559705871998,1.264,hedef,0.04878727841501574,1,CELHA
2024-08-22,8.485024294728056,0.564,hedef,0.043000000000000003,0,CELHA
2024-10-11,85.14563106793616,0.227,hedef,0.043000000000000003,0,CELHA
2024-12-19,12.633971956129901,0.126,stop,-0.037,0,CELHA
2025-01-10,20.593240257605707,0.06,hedef,0.043000000000000003,0,CELHA
2025-01-16,28.719036331628427,0.166,stop,-0.037,0,CELHA
2025-03-17,41.15449218020418,0.178,stop,-0.037,0,CELHA
2025-04-10,26.735343293242998,0.167,stop,-0.037,0,CELHA
2025-05-09,8.553977141269405,0.067,hedef,0.043000000000000003,1,CELHA
2025-07-21,26.447945751894075,0.198,hedef,0.09759183673469385,1,CELHA
2025-07-22,16.77851972916161,0.29,hedef,0.0722917628945342,1,CELHA
2025-09-11,9.465790886727188,0.312,stop,-0.037,0,CELHA
2025-10-10,19.0488416467697,0.245,hedef,0.043000000000000003,0,CELHA
2025-10-28,31.722893094817945,0.235,hedef,0.043000000000000003,1,CELHA
2025-11-26,41.720316301703164,0.357,hedef,0.08819038076152286,1,CELHA
2025-11-27,22.691702727409425,0.455,hedef,0.09547026532479419,1,CELHA
2026-02-13,9.812767946034906,0.442,hedef,0.043000000000000003,0,CELHA
2026-03-02,12.375634242790849,0.269,hedef,0.043000000000000003,0,CELHA
2026-03-19,20.163386121262633,0.334,stop,-0.037,1,CELHA
2026-04-17,12.2661386588855,0.36,stop,-0.037,1,CELHA
2026-04-30,35.29504327301338,0.607,stop,-0.037,0,CELHA
2026-05-26,39.47536168963008,0.95,hedef,0.043000000000000003,0,CELHA
2024-07-25,8.19108337549896,0.951,stop,-0.037,0,CEMAS
2025-01-07,9.14315186806077,0.302,stop,-0.037,0,CEMAS
2025-04-02,14.815530094152727,0.353,hedef,0.0538695652173914,1,CEMAS
2025-04-08,8.922274995355119,0.619,hedef,0.043000000000000003,0,CEMAS
2025-07-03,13.717352934511574,0.812,stop,-0.037,0,CEMAS
2025-07-04,16.97861267734799,0.923,hedef,0.09398039215686282,1,CEMAS
2025-07-07,8.93821265063727,1.047,stop,-0.037,0,CEMAS
2025-08-12,9.780440057063718,0.64,stop,-0.037,0,CEMAS
2025-09-03,52.667129899711284,0.514,stop,-0.037,0,CEMAS
2025-10-28,20.27750818505968,0.321,hedef,0.043000000000000003,0,CEMAS
2025-12-10,95.79988723785111,0.25,stop,-0.037,0,CEMAS
2026-01-23,15.574499911868251,0.178,stop,-0.037,0,CEMAS
2026-03-19,24.89414256141293,0.21,stop,-0.037,1,CEMAS
2026-03-27,8.517542785596076,0.263,hedef,0.043000000000000003,0,CEMAS
2026-05-26,13.731729963963685,0.239,hedef,0.043000000000000003,1,CEMAS
2024-10-07,9.477745724294252,0.078,stop,-0.037,0,CEMTS
2025-03-28,13.363842741152949,0.487,stop,-0.037,0,CEMTS
2025-04-04,32.881346066350595,0.952,stop,-0.037,0,CEMTS
2025-06-05,42.80432751568253,0.328,stop,-0.037,3,CEMTS
2025-10-07,17.75814361558535,0.46,stop,-0.037,0,CEMTS
2025-10-28,48.44271397555084,0.302,hedef,0.043000000000000003,2,CEMTS
2026-02-23,8.185151604710692,0.406,stop,-0.037,1,CEMTS
2026-03-19,21.97809482046523,0.247,stop,-0.037,1,CEMTS
2026-05-26,15.772117073410383,0.274,stop,-0.037,4,CEMTS
2025-02-17,9.946579258490011,0.212,hedef,0.043000000000000003,1,CEMZY
2025-05-08,20.571910597282056,0.587,stop,-0.037,0,CEMZY
2025-06-05,14.49263817643849,0.617,stop,-0.037,4,CEMZY
2025-08-13,10.188878825127864,0.812,hedef,0.043000000000000003,0,CEMZY
2025-09-18,690.8318888870152,0.854,stop,-0.037,0,CEMZY
2025-10-28,34.948010804004426,0.991,hedef,0.043000000000000003,1,CEMZY
2026-01-05,14.798104317334923,0.8,hedef,0.043000000000000003,0,CEMZY
2026-01-06,17.780248762334793,0.901,stop,-0.037,0,CEMZY
2026-02-06,11.05497485799421,0.899,hedef,0.043000000000000003,1,CEMZY
2026-03-19,44.37854905986473,0.913,hedef,0.043000000000000003,2,CEMZY
2026-05-04,13.955191687077544,0.798,stop,-0.037,1,CEMZY
2026-05-22,24.218090419486412,0.781,hedef,0.043000000000000003,0,CEMZY
2024-06-28,249.06552882573274,0.676,hedef,0.043000000000000003,0,CEOEM
2024-07-26,45.98930270971801,0.952,stop,-0.037,1,CEOEM
2024-10-07,8.629473582255798,0.976,stop,-0.037,0,CEOEM
2024-10-23,25.797988412049463,0.873,stop,-0.037,0,CEOEM
2024-11-18,20.458673932788376,0.444,stop,-0.037,0,CEOEM
2024-12-20,20.760816227687247,0.157,hedef,0.043000000000000003,0,CEOEM
2025-06-05,17.762848414393467,0.126,stop,-0.037,3,CEOEM
2025-06-26,9.691350237584626,0.271,hedef,0.043000000000000003,0,CEOEM
2025-10-15,14.303470854257414,0.239,stop,-0.037,1,CEOEM
2025-10-20,23.982308943089432,0.099,hedef,0.043000000000000003,0,CEOEM
2025-10-28,37.67767778536835,0.197,stop,-0.037,0,CEOEM
2026-03-19,34.228839177750906,0.058,hedef,0.043000000000000003,2,CEOEM
2026-04-08,9.946652104511466,0.124,stop,-0.037,0,CEOEM
2026-05-15,125.33294048320565,0.171,hedef,0.043000000000000003,0,CEOEM
2026-05-26,9.83102748647385,0.184,hedef,0.043000000000000003,1,CEOEM
2025-03-05,13.461670531062879,0.24,hedef,0.043000000000000003,0,CGCAM
2025-06-05,17.355871954315937,0.388,stop,-0.037,3,CGCAM
2025-08-04,37.99424823539961,0.602,stop,-0.037,0,CGCAM
2025-08-08,8.400407896551647,0.928,stop,-0.037,0,CGCAM
2025-10-28,53.85232266419581,0.44,hedef,0.043000000000000003,1,CGCAM
2025-12-01,10.190768677415562,0.522,hedef,0.043000000000000003,0,CGCAM
2026-03-02,12.82072198587419,0.451,hedef,0.043000000000000003,0,CGCAM
2026-03-19,30.50734371540335,0.506,hedef,0.043000000000000003,7,CGCAM
2026-04-15,12.38103276043843,0.718,stop,-0.037,0,CGCAM
2026-05-26,25.926531574913028,0.716,hedef,0.043000000000000003,1,CGCAM
2022-07-07,14.552729351243213,1.507,stop,-0.055387096774193505,2,CMENT
2022-07-28,16.996192893401016,1.366,hedef,0.06766666666666665,1,CMENT
2022-07-29,8.31362094037809,1.221,stop,-0.037,0,CMENT
2022-11-22,8.16384889379421,0.864,hedef,0.09299999999999986,1,CMENT
2023-02-06,8.447079883642873,0.525,hedef,0.043000000000000003,0,CMENT
2023-02-07,9.7172748785652,0.676,hedef,0.08965697674418605,1,CMENT
2023-08-08,13.438188814585125,1.123,stop,-0.037,2,CMENT
2023-10-25,9.450916730328494,0.903,stop,-0.045831218762014674,2,CMENT
2024-08-09,8.389344722940317,0.53,hedef,0.1048598382749325,1,CMENT
2024-07-29,9.193029436567267,0.618,stop,-0.037,0,CONSE
2024-09-13,12.360359598692368,0.387,stop,-0.037,0,CONSE
2025-06-05,22.005049300983572,0.582,hedef,0.043000000000000003,0,CONSE
2025-10-28,26.608159844574388,0.544,hedef,0.048384615384615366,3,CONSE
2026-01-27,12.545025605615972,0.678,stop,-0.037,0,CONSE
2026-03-19,33.666153998809285,0.649,stop,-0.037,1,CONSE
2026-04-24,9.216249810918704,0.614,stop,-0.037,0,CONSE
2026-05-26,20.587862824391852,0.363,hedef,0.043000000000000003,2,CONSE
2024-06-12,12.863939105613701,0.095,stop,-0.037,0,COSMO
2024-08-05,15.258267716535434,0.447,stop,-0.037,0,COSMO
2024-11-12,23.420745920745922,0.377,hedef,0.043000000000000003,1,COSMO
2024-11-13,27.56970015781168,0.46,hedef,0.043000000000000003,0,COSMO
2024-12-10,12.107164358819988,0.564,hedef,0.043000000000000003,0,COSMO
2024-12-16,8.165412435157448,0.909,hedef,0.043000000000000003,0,COSMO
2025-01-24,22.602517255379617,0.443,stop,-0.037,0,COSMO
2025-02-12,13.053993250843643,0.211,stop,-0.037,15,COSMO
2025-03-12,15.076001842468909,0.232,hedef,0.043000000000000003,4,COSMO
2025-04-15,16.604909680407594,0.132,hedef,0.043000000000000003,7,COSMO
2025-06-16,19.455040871934607,0.114,hedef,0.043000000000000003,3,COSMO
2025-07-30,9.049621530698065,0.636,stop,-0.037,0,COSMO
2025-09-18,8.054176072234762,1.004,stop,-0.037,0,COSMO
2025-10-28,10.326142595978062,0.444,hedef,0.043000000000000003,2,COSMO
2026-03-19,26.379264744776513,0.41,hedef,0.043000000000000003,1,COSMO
2026-05-26,12.749069247952345,0.417,stop,-0.037,0,COSMO
2024-08-02,10.45029848890002,0.287,stop,-0.037,0,CRDFA
2024-10-22,10.184636822853468,0.127,stop,-0.037,0,CRDFA
2024-11-19,59.40177147919214,0.35,stop,-0.037,0,CRDFA
2024-11-25,11.778022452014431,0.622,hedef,0.043000000000000003,0,CRDFA
2025-02-26,8.06576502168062,0.488,stop,-0.037,0,CRDFA
2025-04-07,9.74366613817936,0.852,stop,-0.037,0,CRDFA
2025-05-07,12.976726002762621,1.18,stop,-0.037,0,CRDFA
2025-06-05,32.49073007616677,0.678,hedef,0.043000000000000003,0,CRDFA
2025-10-09,14.804842782407595,0.912,hedef,0.043000000000000003,0,CRDFA
2025-10-15,59.79785802783479,1.116,stop,-0.12723460410557186,1,CRDFA
2026-03-18,8.318723308610204,0.267,hedef,0.043000000000000003,0,CRDFA
2026-03-19,18.121394879173682,0.993,hedef,0.043000000000000003,0,CRDFA
2026-05-15,34.70475889251172,1.021,hedef,0.043000000000000003,0,CRDFA
2025-01-06,11.426227587015118,0.407,stop,-0.037,4,CRFSA
2025-07-03,106.46998722860792,0.295,stop,-0.037,0,CRFSA
2025-08-08,19.941039842772913,0.291,stop,-0.037,2,CRFSA
2025-10-07,33.88878363016294,0.547,hedef,0.043000000000000003,0,CRFSA
2025-10-08,33.67914659925469,0.838,stop,-0.037,0,CRFSA
2025-11-27,10.894454382826476,0.68,hedef,0.043000000000000003,1,CRFSA
2025-12-15,61.94932386899681,0.997,stop,-0.037,0,CRFSA
2026-03-19,28.01372336583604,0.681,stop,-0.037,1,CRFSA
2026-04-07,43.68202114261725,1.007,stop,-0.037,0,CRFSA
2026-04-08,10.271315892787037,1.06,stop,-0.037,0,CRFSA
2026-05-26,67.11782975832283,0.458,stop,-0.037,1,CRFSA
2024-08-23,15.619391551761874,0.326,stop,-0.037,0,CUSAN
2024-12-12,16.095621012149287,0.448,hedef,0.043000000000000003,2,CUSAN
2024-12-17,8.526146495323454,0.797,hedef,0.043000000000000003,0,CUSAN
2025-06-05,338.8681349316978,0.162,stop,-0.050828715365239356,4,CUSAN
2025-08-12,18.00715020854775,1.089,stop,-0.037,0,CUSAN
2025-09-08,10.286253160154631,0.757,hedef,0.043000000000000003,0,CUSAN
2025-10-01,12.781654530744337,0.65,stop,-0.037,0,CUSAN
2025-10-15,9.158947241022968,0.391,stop,-0.037,0,CUSAN
2025-12-01,11.336751510712324,0.192,hedef,0.043000000000000003,0,CUSAN
2025-12-02,25.00577076736409,0.351,stop,-0.037,0,CUSAN
2026-01-28,24.299556527549967,0.449,hedef,0.043000000000000003,0,CUSAN
2026-01-29,30.244618932571928,0.651,stop,-0.037,0,CUSAN
2026-01-30,54.696808364789646,0.563,stop,-0.037,0,CUSAN
2026-03-13,13.473095737246682,0.303,stop,-0.037,0,CUSAN
2026-04-06,9.15234550928011,0.382,hedef,0.043000000000000003,0,CUSAN
2026-05-26,11.029139832940126,0.303,hedef,0.06019999999999993,1,CUSAN
2026-06-04,24.826435324626996,0.47,stop,-0.037,0,CUSAN
2024-07-16,18.4659038479304,0.315,hedef,0.043000000000000003,1,DAGI
2024-08-21,9.28550239437089,0.803,hedef,0.043000000000000003,1,DAGI
2024-09-03,14.887481278318468,0.739,hedef,0.043000000000000003,0,DAGI
2024-09-11,15.150065986753301,0.459,stop,-0.037,0,DAGI
2024-10-16,13.608577695682252,0.65,hedef,0.043000000000000003,0,DAGI
2024-12-30,10.629195654827104,0.962,hedef,0.043000000000000003,2,DAGI
2025-01-21,47.5022738297325,0.743,stop,-0.037,0,DAGI
2025-02-14,20.720105558305733,0.755,stop,-0.037,0,DAGI
2025-02-18,8.82199693619724,0.018,hedef,2.224246717324927,1,DAGI
2025-03-14,13.460550429806197,0.66,hedef,0.11229824561403501,1,DAGI
2025-06-02,21.540792115349518,0.494,stop,-0.037,0,DAGI
2025-06-05,32.8315384037533,0.47,hedef,0.043000000000000003,2,DAGI
2025-07-08,8.51682372492784,0.458,hedef,0.043000000000000003,1,DAGI
2025-07-11,25.744826808805296,0.587,hedef,0.095661596958175,1,DAGI
2025-07-14,19.006514702196032,0.676,stop,-0.037,0,DAGI
2025-08-25,14.006712774613506,0.909,hedef,0.043000000000000003,0,DAGI
2025-08-26,10.743157893204087,1.036,stop,-0.037,0,DAGI
2025-09-16,10.856686101184877,0.84,hedef,0.043000000000000003,0,DAGI
2025-10-28,127.52057883732857,0.915,stop,-0.037,0,DAGI
2025-11-21,39.955742280516844,0.824,stop,-0.037,0,DAGI
2026-01-08,69.90588467614533,0.614,hedef,0.043000000000000003,1,DAGI
2026-03-02,8.346096642511313,0.502,hedef,0.043000000000000003,0,DAGI
2026-04-10,31.763983540165572,0.558,hedef,0.043000000000000003,0,DAGI
2026-04-13,14.648021932518647,0.643,stop,-0.037,0,DAGI
2026-05-26,10.886371577735757,0.69,stop,-0.037,1,DAGI
2024-06-20,16.865363861947603,1.171,stop,-0.037,0,DARDL
2024-07-05,8.36620577996407,0.462,stop,-0.037,3,DARDL
2024-11-29,58.46958689676881,0.485,hedef,0.0886521731764186,1,DARDL
2024-12-02,41.26998147755878,0.755,hedef,0.07712698297337417,1,DARDL
2025-02-27,22.471635610766434,0.183,stop,-0.037,0,DARDL
2025-08-08,10.031466070030897,0.659,stop,-0.037,0,DARDL
2025-10-28,47.26167547213651,0.621,hedef,0.043000000000000003,3,DARDL
2026-05-26,12.320763384385842,0.507,stop,-0.037,3,DARDL
2024-12-16,25.583490561779485,0.928,stop,-0.037,0,DCTTR
2025-06-05,26.690821372339848,0.778,stop,-0.037,1,DCTTR
2025-08-07,8.640289098759888,0.716,hedef,0.043000000000000003,0,DCTTR
2025-08-13,18.68000247724028,0.563,hedef,0.043000000000000003,0,DCTTR
2025-08-26,25.8792008547523,0.588,stop,-0.037,1,DCTTR
2025-10-28,37.745060278086214,0.494,hedef,0.043000000000000003,3,DCTTR
2026-01-14,13.772228659446094,0.387,hedef,0.043000000000000003,0,DCTTR
2026-03-19,35.01994713199146,0.303,hedef,0.043000000000000003,0,DCTTR
2026-05-26,60.390745126092455,0.768,stop,-0.037,0,DCTTR
2024-06-25,8.109139762016463,0.555,stop,-0.037,0,DERHL
2024-07-16,8.864825028527958,0.862,hedef,0.043000000000000003,0,DERHL
2024-07-19,9.635601509012156,1.017,hedef,0.043000000000000003,0,DERHL
2024-08-26,16.172886092215435,0.904,stop,-0.037,0,DERHL
2024-10-07,16.428554493942485,0.334,hedef,0.043000000000000003,0,DERHL
2024-10-22,8.851955747470608,0.497,stop,-0.037,0,DERHL
2024-12-11,32.174749250336056,1.026,hedef,0.12122402358142959,1,DERHL
2024-12-12,42.65285605407249,1.199,hedef,0.06942064010450688,1,DERHL
2024-12-13,10.122940971354543,1.14,stop,-0.037,0,DERHL
2025-01-31,25.707058527200328,0.956,stop,-0.037,0,DERHL
2025-03-14,19.512004762881542,1.127,hedef,0.09265437788018438,1,DERHL
2025-03-18,20.387355234605387,1.122,stop,-0.037,0,DERHL
2025-05-14,16.3970483362315,0.571,hedef,0.043000000000000003,0,DERHL
2025-06-05,39.0576949262611,0.258,hedef,0.043000000000000003,0,DERHL
2025-09-17,15.478786863972203,0.089,stop,-0.037,0,DERHL
2025-10-28,69.63273654256581,0.059,stop,-0.037,7,DERHL
2025-11-25,35.33229064670667,0.052,stop,-0.037,0,DERHL
2025-12-26,10.534206383283239,0.037,stop,-0.037,2,DERHL
2026-01-23,24.93419714086845,0.044,stop,-0.037,0,DERHL
2026-02-26,32.562603829675616,0.056,stop,-0.037,0,DERHL
2026-03-19,39.336335455431964,0.044,stop,-0.037,0,DERHL
2026-05-26,11.960271624093709,0.044,hedef,0.043000000000000003,1,DERHL
2024-06-24,12.384932403805415,0.66,stop,-0.037,0,DESA
2024-09-12,84.94640967845807,0.24,stop,-0.037,0,DESA
2024-12-12,193.53888846064905,0.23,stop,-0.037,1,DESA
2025-01-10,12.870016047401554,0.187,stop,-0.037,0,DESA
2025-05-09,57.43322235986374,0.184,stop,-0.037,0,DESA
2025-06-05,22.548584218566813,0.228,hedef,0.043000000000000003,2,DESA
2025-09-03,17.789987548668893,0.726,hedef,0.043000000000000003,3,DESA
2025-10-28,11.572831131738665,0.832,stop,-0.037,3,DESA
2026-03-11,38.39699206749507,0.556,stop,-0.037,0,DESA
2026-05-04,13.05482258944234,0.619,hedef,0.043000000000000003,0,DESA
2026-05-08,21.32848597729145,0.709,stop,-0.037,0,DESA
2026-05-26,14.45938327286989,0.516,hedef,0.043000000000000003,2,DESA
2024-07-31,12.385367889100097,0.746,hedef,0.043000000000000003,0,DESPC
2024-09-23,8.020454321958894,0.661,hedef,0.05430108423686398,1,DESPC
2024-09-24,33.2922936616507,0.851,stop,-0.037,0,DESPC
2025-05-02,9.10655737704918,0.504,hedef,0.043000000000000003,0,DESPC
2025-05-05,11.354619949138174,0.701,stop,-0.037,0,DESPC
2025-06-05,94.24548515457606,0.473,hedef,0.043000000000000003,2,DESPC
2025-06-30,8.501503964998633,0.326,hedef,0.043000000000000003,2,DESPC
2025-08-12,26.071130405743865,0.882,hedef,0.043000000000000003,2,DESPC
2025-09-22,8.528138528138529,1.0,stop,-0.037,1,DESPC
2025-10-28,79.054441260745,0.597,hedef,0.05860283687943258,2,DESPC
2025-12-30,8.645756153782827,0.244,stop,-0.037,6,DESPC
2026-03-03,49.948037986024005,0.147,stop,-0.037,1,DESPC
2026-03-19,19.158487001519568,0.015,hedef,0.043000000000000003,9,DESPC
2026-04-24,13.836374223602483,0.259,stop,-0.037,0,DESPC
2026-05-04,9.329108524769971,0.111,hedef,0.043000000000000003,0,DESPC
2026-05-26,48.95842263180454,0.219,hedef,0.043000000000000003,1,DESPC
2024-06-24,11.419369134102528,0.056,stop,-0.037,0,DEVA
2024-08-15,9.874945276662162,0.262,hedef,0.043000000000000003,1,DEVA
2025-03-10,14.352555919409447,0.197,stop,-0.037,0,DEVA
2025-05-12,12.833688432134354,0.157,stop,-0.037,3,DEVA
2025-05-29,9.462971661186785,0.028,hedef,0.043000000000000003,6,DEVA
2025-06-05,23.85718341851221,0.073,stop,-0.07472207563764299,4,DEVA
2025-09-22,21.667622598221968,0.385,stop,-0.037,1,DEVA
2025-10-28,44.250622691746116,0.387,stop,-0.037,8,DEVA
2026-03-02,23.151869443429543,0.336,stop,-0.037,1,DEVA
2026-05-11,8.924482236066678,0.44,stop,-0.037,1,DEVA
2024-07-03,13.585641825985174,0.411,stop,-0.037,0,DGATE
2024-07-31,9.590888344881956,0.623,stop,-0.037,0,DGATE
2024-09-05,63.72700762673845,0.388,hedef,0.043000000000000003,2,DGATE
2025-03-10,10.0868298694751,0.766,stop,-0.037,0,DGATE
2025-04-28,19.923689449236893,0.862,hedef,0.043000000000000003,0,DGATE
2025-04-29,12.090091446204793,1.061,hedef,0.043000000000000003,0,DGATE
2025-06-05,38.80971443821724,0.686,hedef,0.043000000000000003,0,DGATE
2025-07-22,13.16217029385217,0.917,stop,-0.037,1,DGATE
2025-08-04,10.729818606131325,0.906,stop,-0.037,0,DGATE
2025-09-15,12.957633892885692,0.653,stop,-0.037,0,DGATE
2025-09-22,10.076967640486634,0.808,stop,-0.037,0,DGATE
2025-10-22,22.91726841345162,0.734,hedef,0.043000000000000003,5,DGATE
2025-10-28,9.013272476127561,0.714,hedef,0.043000000000000003,1,DGATE
2025-12-02,8.951739411276183,0.554,stop,-0.037,3,DGATE
2025-12-29,9.432336543335023,0.461,hedef,0.043000000000000003,0,DGATE
2026-01-02,17.6099356025759,0.633,stop,-0.037,0,DGATE
2026-01-27,29.244513224535737,0.786,stop,-0.037,2,DGATE
2026-03-11,16.385420607895067,0.703,stop,-0.037,0,DGATE
2026-03-19,10.078034580717567,0.814,hedef,0.043000000000000003,2,DGATE
2026-04-20,22.720419534578824,0.728,hedef,0.043000000000000003,0,DGATE
2026-04-27,9.278280734410695,0.957,stop,-0.037,0,DGATE
2026-05-26,48.16878072629492,0.848,hedef,0.043000000000000003,1,DGATE
2024-07-01,8.186157517899762,-0.398,hedef,0.043000000000000003,0,DGGYO
2024-08-21,26.413546357411636,0.841,stop,-0.037,0,DGGYO
2025-06-13,8.036501498853818,0.051,hedef,0.043000000000000003,0,DGGYO
2025-07-31,9.545729860690491,0.446,stop,-0.037,6,DGGYO
2026-03-02,51.4,-0.038,hedef,0.043000000000000003,0,DGGYO
2026-05-26,12.78456520537343,0.347,stop,-0.037,0,DGGYO
2024-06-20,23.393084356408405,-0.101,stop,-0.037,1,DGNMO
2024-10-01,70.02433914597326,0.103,stop,-0.037,0,DGNMO
2024-10-25,8.59137918019174,0.158,hedef,0.043000000000000003,2,DGNMO
2024-11-12,48.45387195179718,0.137,hedef,0.043000000000000003,0,DGNMO
2025-01-06,10.270259253220285,0.234,stop,-0.037,5,DGNMO
2025-03-05,10.380499279477833,0.142,stop,-0.037,0,DGNMO
2025-03-12,20.061105999755075,0.056,hedef,0.043000000000000003,4,DGNMO
2025-06-05,22.158955742643084,0.072,stop,-0.037,0,DGNMO
2025-08-18,21.84203970669468,0.237,stop,-0.04502281368821292,2,DGNMO
2025-10-02,8.104677926540669,0.091,stop,-0.037,1,DGNMO
2025-10-28,34.69416975552314,0.048,hedef,0.04892105263157898,3,DGNMO
2026-01-19,9.152643114528772,0.032,stop,-0.037,2,DGNMO
2026-03-12,13.96820940456848,-0.007,stop,-0.037,0,DGNMO
2026-03-19,11.303232813556317,0.007,stop,-0.037,3,DGNMO
2026-04-07,65.78952652791922,0.073,stop,-0.037,0,DGNMO
2026-04-09,17.912160659822877,0.134,hedef,0.09240357852882697,1,DGNMO
2026-04-10,13.04240965412416,0.177,stop,-0.037,1,DGNMO
2022-07-29,12.715950639853748,1.0,stop,-0.037,1,DIRIT
2022-12-30,10.906774170326111,1.0,hedef,0.043000000000000003,1,DIRIT
2023-03-13,24.679132791327913,0.603,stop,-0.037,0,DIRIT
2023-12-01,10.082793145497721,0.9,stop,-0.08967270668176675,1,DIRIT
2024-10-10,11.82243165764179,0.805,stop,-0.037,0,DIRIT
2024-10-14,9.294934338632466,0.58,stop,-0.049080378250590855,1,DIRIT
2025-05-26,10.010553125012983,0.379,stop,-0.037,0,DIRIT
2026-02-13,9.910381195478388,0.397,hedef,0.13787870619946074,1,DIRIT
2024-06-13,20.21330010445108,-0.113,hedef,0.043000000000000003,0,DMRGD
2024-12-24,29.025608330676867,0.43,stop,-0.037,0,DMRGD
2024-12-27,10.183452602419782,0.485,stop,-0.037,0,DMRGD
2025-03-03,22.861094876290668,0.599,stop,-0.037,0,DMRGD
2025-04-11,10.07374300855316,1.13,stop,-0.037,0,DMRGD
2025-06-05,71.77929484307487,0.967,stop,-0.037,0,DMRGD
2025-10-10,21.894766355140188,0.594,hedef,0.043000000000000003,0,DMRGD
2025-10-24,11.390090846465169,0.646,hedef,0.043000000000000003,0,DMRGD
2025-10-28,42.207275457733026,0.745,stop,-0.037,0,DMRGD
2025-12-05,34.711371237458195,0.544,hedef,0.043000000000000003,4,DMRGD
2026-03-02,11.933092422615466,0.624,hedef,0.043000000000000003,0,DMRGD
2026-03-19,34.008534819975374,0.912,stop,-0.037,1,DMRGD
2026-04-08,10.960976781156864,1.011,stop,-0.037,0,DMRGD
2026-04-10,8.00135430258367,1.026,stop,-0.037,0,DMRGD
2026-04-13,21.10889818796855,1.032,stop,-0.037,0,DMRGD
2026-05-06,18.509304097725234,1.112,hedef,0.049934306569343063,1,DMRGD
2026-05-07,42.53403018229282,1.07,hedef,0.043000000000000003,1,DMRGD
2024-06-21,72.95841016185207,0.966,hedef,0.043000000000000003,0,DMSAS
2024-09-23,10.207280141886757,0.287,stop,-0.037,0,DMSAS
2024-10-31,10.666738134800811,0.368,hedef,0.043000000000000003,1,DMSAS
2024-11-18,13.570088571321133,0.466,stop,-0.037,0,DMSAS
2025-02-17,19.401324099481684,1.063,stop,-0.037,0,DMSAS
2025-02-18,15.336696060681055,0.589,stop,-0.044484885126964906,1,DMSAS
2025-06-05,34.44886382160206,0.337,stop,-0.050165467625899234,4,DMSAS
2025-07-10,8.587153007713923,0.39,stop,-0.037,0,DMSAS
2025-08-15,33.165043397601536,0.442,hedef,0.046333333333333455,6,DMSAS
2025-10-28,67.32287340797495,0.775,hedef,0.043000000000000003,7,DMSAS
2025-12-01,11.573100710476547,1.007,hedef,0.043000000000000003,5,DMSAS
2025-12-29,268.22883452714154,1.128,stop,-0.037,0,DMSAS
2026-01-29,15.040184156978684,0.668,stop,-0.037,0,DMSAS
2026-03-03,12.977094262161547,0.347,stop,-0.037,3,DMSAS
2026-03-19,11.99618245091307,0.398,stop,-0.037,1,DMSAS
2026-05-12,10.54676471207939,0.401,stop,-0.037,5,DMSAS
2026-05-26,11.638696443474675,0.36,acik,,6,DMSAS
2024-09-03,45.91490860699049,0.248,hedef,0.043000000000000003,0,DNISI
2024-09-04,9.853664579977991,0.366,hedef,0.043000000000000003,0,DNISI
2024-09-26,18.634323800419555,0.506,hedef,0.14332679738562104,1,DNISI
2024-09-27,32.92925360144745,0.794,stop,-0.037,0,DNISI
2024-11-08,8.862750260767415,1.038,stop,-0.037,0,DNISI
2024-12-05,25.363797536720245,1.014,stop,-0.037,0,DNISI
2025-01-03,10.796888163163423,0.936,hedef,0.043000000000000003,0,DNISI
2025-06-04,23.610293419428356,0.496,hedef,0.043000000000000003,0,DNISI
2025-06-05,330.3694758331177,0.619,stop,-0.037,0,DNISI
2025-07-01,13.280488304452911,0.649,stop,-0.037,0,DNISI
2025-08-12,10.6120892494929,0.67,stop,-0.037,0,DNISI
2025-09-05,12.3976474182707,0.649,stop,-0.037,0,DNISI
2025-10-28,85.65519143264237,0.567,stop,-0.04045388788426773,2,DNISI
2025-11-17,23.66911398705824,0.507,stop,-0.037,6,DNISI
2025-12-15,10.045923266396693,0.508,stop,-0.037,3,DNISI
2026-01-14,9.359870680945646,0.456,hedef,0.043000000000000003,7,DNISI
2026-03-02,38.83452650320857,0.413,hedef,0.043000000000000003,0,DNISI
2026-03-19,47.59700794763908,0.442,stop,-0.037,1,DNISI
2026-05-26,13.791458618092555,0.422,acik,,6,DNISI
2024-06-20,8.8268156424581,1.25,hedef,0.043000000000000003,0,DOCO
2024-08-15,85.51282051282051,0.438,hedef,0.04451793928242876,5,DOCO
2024-09-03,39.38461538461539,0.581,stop,-0.037,1,DOCO
2024-10-18,120.93023255813954,0.52,stop,-0.037,2,DOCO
2024-11-15,85.23255813953489,0.993,stop,-0.037,0,DOCO
2024-12-03,11.36890951276102,0.812,hedef,0.043000000000000003,2,DOCO
2024-12-26,24.074074074074073,0.854,hedef,0.043000000000000003,2,DOCO
2025-02-07,16.470588235294116,0.959,hedef,0.043000000000000003,3,DOCO
2025-04-02,33.80769230769231,0.489,stop,-0.037,0,DOCO
2025-05-30,56.564625850340136,0.723,hedef,0.043000000000000003,5,DOCO
2025-06-18,37.128571428571426,0.747,stop,-0.037,1,DOCO
2025-08-15,19.555555555555557,1.021,hedef,0.043000000000000003,0,DOCO
2025-09-05,8.75,0.907,stop,-0.037,4,DOCO
2025-09-17,41.910377358490564,0.93,stop,-0.037,7,DOCO
2025-10-21,67.77310924369748,0.834,stop,-0.037,6,DOCO
2025-12-10,63.46153846153846,0.72,stop,-0.037,0,DOCO
2026-02-02,16.22222222222222,0.8,stop,-0.037,1,DOCO
2026-03-19,17.32323232323232,0.612,stop,-0.037,0,DOCO
2026-05-26,31.144414168937328,0.807,stop,-0.037,1,DOCO
2024-11-04,11.560486098324434,0.049,stop,-0.037,0,DOFER
2024-11-11,30.276475117239446,0.265,stop,-0.037,0,DOFER
2025-02-10,14.865588335801345,0.083,stop,-0.037,4,DOFER
2025-02-27,27.503724302314033,0.095,stop,-0.037,1,DOFER
2025-04-03,11.636273134530974,0.189,stop,-0.037,0,DOFER
2025-05-22,10.000679220933588,0.463,stop,-0.037,0,DOFER
2025-06-05,9.790772948944802,0.217,hedef,0.043000000000000003,1,DOFER
2025-08-21,45.2563345034931,0.858,stop,-0.037,0,DOFER
2025-08-22,9.390308701174153,0.866,stop,-0.037,1,DOFER
2025-09-08,8.499017213651795,0.874,stop,-0.037,0,DOFER
2025-10-10,10.803903813260892,0.995,stop,-0.037,0,DOFER
2025-10-13,12.438667630973761,0.736,hedef,0.043000000000000003,0,DOFER
2025-10-28,25.892549244997124,0.943,hedef,0.043000000000000003,1,DOFER
2026-01-15,15.702186529896073,0.215,hedef,0.043000000000000003,0,DOFER
2026-01-30,25.05555686616811,0.301,stop,-0.037,0,DOFER
2026-03-17,16.689718873599695,0.367,stop,-0.037,0,DOFER
2026-03-19,15.515842297733764,0.337,stop,-0.037,1,DOFER
2026-04-22,9.490189445196211,0.345,stop,-0.037,0,DOFER
2026-05-26,24.690902225671792,0.281,hedef,0.043000000000000003,1,DOFER
2025-12-29,16.426899013549303,0.198,stop,-0.037,0,DOFRB
2026-03-19,102.3968301513981,0.303,stop,-0.037,0,DOFRB
2026-05-26,19.697669103834365,0.664,hedef,0.043000000000000003,1,DOFRB
2024-06-27,8.426171902452737,1.017,stop,-0.037,0,DOGUB
2024-08-26,50.80770107085897,0.357,stop,-0.037,0,DOGUB
2024-09-16,17.428656917380412,0.361,stop,-0.037,0,DOGUB
2024-09-30,15.948752902577372,0.103,stop,-0.037,1,DOGUB
2024-11-18,13.668000485024857,0.133,stop,-0.037,1,DOGUB
2024-12-27,11.68070555306171,0.024,stop,-0.037,3,DOGUB
2025-02-05,23.638641425389757,0.124,hedef,0.043000000000000003,0,DOGUB
2025-05-30,48.42472708809343,0.077,stop,-0.037,0,DOGUB
2025-09-22,8.89046815314915,0.3,hedef,0.043000000000000003,0,DOGUB
2025-10-09,18.296772171733,0.604,stop,-0.037,0,DOGUB
2025-10-21,9.160985214423068,1.104,hedef,0.09251325040562464,1,DOGUB
2025-12-01,8.995084819486733,0.789,stop,-0.037,0,DOGUB
2026-02-11,15.783366386767375,0.449,stop,-0.037,0,DOGUB
2026-03-05,12.86643527445687,0.721,stop,-0.037,0,DOGUB
2026-04-09,10.588791394375503,1.118,stop,-0.037,0,DOGUB
2024-09-09,15.474640423921272,0.195,stop,-0.037,0,DOKTA
2024-11-22,12.88865217118867,0.232,stop,-0.037,0,DOKTA
2024-12-10,8.188225538971807,0.327,stop,-0.037,0,DOKTA
2024-12-20,11.190060811484399,0.592,stop,-0.037,0,DOKTA
2025-02-07,8.634487406284222,0.142,stop,-0.037,0,DOKTA
2025-04-21,8.729187640362426,0.16,hedef,0.08523300970873782,1,DOKTA
2025-04-22,43.62847028964535,0.277,hedef,0.07477777777777772,1,DOKTA
2025-04-24,10.851167416370876,0.391,stop,-0.037,0,DOKTA
2025-05-28,29.05990317219452,0.184,stop,-0.037,1,DOKTA
2025-07-10,39.48663747546429,0.226,stop,-0.037,3,DOKTA
2025-08-18,26.128843908135465,0.523,hedef,0.043000000000000003,0,DOKTA
2025-08-22,32.08573536872204,0.605,stop,-0.037,0,DOKTA
2025-12-22,17.225166695161565,0.267,stop,-0.037,0,DOKTA
2026-01-29,14.901616443823588,0.599,stop,-0.037,0,DOKTA
2026-02-23,8.559140687282339,0.35,stop,-0.037,1,DOKTA
2026-04-20,8.970225366014146,0.34,hedef,0.043000000000000003,5,DOKTA
2026-05-11,16.24386170035076,0.568,stop,-0.037,0,DOKTA
2026-05-26,14.752734824806712,0.533,hedef,0.043000000000000003,1,DOKTA
2025-03-06,8.225720181492726,1.169,stop,-0.037,0,DSTKF
2025-04-25,21.816257346301313,1.013,hedef,0.043000000000000003,0,DSTKF
2025-06-03,10.69870180467239,0.861,hedef,0.043000000000000003,0,DSTKF
2025-06-05,9.549098161697236,0.946,stop,-0.037,0,DSTKF
2025-06-26,9.234835137175937,1.05,stop,-0.037,0,DSTKF
2025-07-23,34.61639162170739,0.972,hedef,0.043000000000000003,0,DSTKF
2025-07-24,8.340922643248224,1.0,stop,-0.037,0,DSTKF
2025-07-25,16.10231739862934,0.956,stop,-0.037,0,DSTKF
2025-09-05,69.87327821530545,0.996,stop,-0.037,1,DSTKF
2025-10-02,12.201903329380116,0.742,stop,-0.037,0,DSTKF
2025-10-28,16.433996025015592,0.589,hedef,0.043000000000000003,0,DSTKF
2025-11-05,57.96219032944964,0.682,hedef,0.043000000000000003,0,DSTKF
2025-12-02,71.98089438700319,1.041,stop,-0.037,0,DSTKF
2025-12-22,718.4388221563,0.537,hedef,0.043000000000000003,0,DSTKF
2026-03-19,16.586564082067678,0.983,hedef,0.043000000000000003,0,DSTKF
2026-04-28,10.558202348351278,0.95,stop,-0.037,1,DSTKF
2026-05-15,47.655043586550434,0.603,hedef,0.043000000000000003,0,DSTKF
2024-07-08,8.947917921535558,0.295,hedef,0.043000000000000003,0,DUNYH
2024-07-29,9.88376158014333,0.786,stop,-0.037,0,DUNYH
2024-10-07,18.851401179941004,0.64,stop,-0.037,0,DUNYH
2024-10-30,1345.7328113530707,0.645,stop,-0.037,0,DUNYH
2024-12-06,76.70473083197389,0.68,hedef,0.043000000000000003,1,DUNYH
2024-12-09,8.595873175641671,0.727,hedef,0.043000000000000003,0,DUNYH
2024-12-10,9.035225718194255,1.075,stop,-0.037,0,DUNYH
2025-02-07,26.68314606741573,0.442,stop,-0.037,0,DUNYH
2025-02-26,140.71142284569137,0.517,stop,-0.037,0,DUNYH
2025-04-18,10.012738853503185,0.403,hedef,0.043000000000000003,1,DUNYH
2025-05-02,8.331829315457005,0.455,stop,-0.037,0,DUNYH
2025-05-05,12.152282067921263,0.654,stop,-0.037,0,DUNYH
2025-05-23,10.346980496160008,0.491,hedef,0.043000000000000003,3,DUNYH
2025-09-08,16.36060342326661,0.981,stop,-0.037,0,DUNYH
2025-10-02,8.378514336817394,0.872,hedef,0.09272299168975062,1,DUNYH
2025-10-03,53.539039862166184,1.023,stop,-0.037,0,DUNYH
2025-10-28,29.001373812426227,0.741,hedef,0.043000000000000003,1,DUNYH
2026-03-19,181.8421335627487,0.617,hedef,0.043000000000000003,1,DUNYH
2026-04-24,80.65918835809259,0.784,stop,-0.037,0,DUNYH
2026-05-13,22.588587263052062,0.827,stop,-0.037,0,DUNYH
2026-05-21,31.254616866195853,1.119,stop,-0.037,0,DUNYH
2026-05-26,8.079009808109126,0.581,stop,-0.037,0,DUNYH
2024-06-06,9.434398012985316,0.057,stop,-0.037,1,DURDO
2024-09-17,98.66676698517794,0.356,stop,-0.037,0,DURDO
2024-09-19,8.555460017196905,0.504,stop,-0.037,0,DURDO
2024-11-05,13.46446636317653,0.941,hedef,0.043000000000000003,0,DURDO
2024-12-27,13.207246234124248,0.631,stop,-0.037,0,DURDO
2025-02-10,15.524271199946876,0.334,hedef,0.043000000000000003,0,DURDO
2025-02-28,22.952734759645512,0.477,stop,-0.037,0,DURDO
2025-03-25,14.164182880019355,0.42,hedef,0.0951505376344085,1,DURDO
2025-03-26,18.14597016152234,0.52,hedef,0.07592682926829297,1,DURDO
2025-03-27,12.645252959450055,0.608,stop,-0.037,0,DURDO
2025-04-21,45.3728695855889,0.454,stop,-0.037,0,DURDO
2025-05-30,35.81389884274218,0.358,stop,-0.037,0,DURDO
2025-06-05,8.988955157454553,0.285,stop,-0.11012500000000003,4,DURDO
2025-07-24,9.50856864173447,0.446,hedef,0.0636806282722514,1,DURDO
2025-07-25,16.357570619488204,0.517,stop,-0.037,0,DURDO
2025-08-12,9.038393678520267,0.676,stop,-0.037,0,DURDO
2025-10-28,81.03665827668443,0.397,hedef,0.043000000000000003,1,DURDO
2025-11-18,10.694860823229043,0.496,stop,-0.037,0,DURDO
2026-02-06,19.718430867162635,0.42,hedef,0.0628924731182795,4,DURDO
2026-03-19,41.33449022544219,0.407,stop,-0.037,1,DURDO
2026-04-20,14.959049852916403,0.65,hedef,0.043000000000000003,0,DURDO
2026-05-25,21.488950632049608,0.755,hedef,0.043000000000000003,0,DURDO
2026-05-26,28.42472284076373,0.809,hedef,0.046742802303262894,5,DURDO
2024-10-30,47.868556148736154,0.171,stop,-0.037,0,DURKN
2024-11-28,8.50958489182782,0.23,stop,-0.037,0,DURKN
2025-03-13,17.453397060226152,0.437,stop,-0.037,0,DURKN
2025-06-05,9.562149593235183,0.258,stop,-0.10000791556728239,4,DURKN
2025-07-10,8.173140578572198,0.181,hedef,0.043000000000000003,5,DURKN
2025-07-31,8.150361949429039,0.257,hedef,0.043000000000000003,1,DURKN
2025-08-04,11.695334473449888,0.376,hedef,0.043000000000000003,1,DURKN
2025-10-28,62.8040666816177,0.289,stop,-0.037,6,DURKN
2026-01-06,56.31205448065173,0.357,stop,-0.037,0,DURKN
2026-02-16,26.845872577985993,0.816,hedef,0.043000000000000003,0,DURKN
2026-03-19,34.88773911805193,0.482,hedef,0.043000000000000003,1,DURKN
2026-05-04,10.472688938922655,0.758,stop,-0.037,0,DURKN
2026-05-26,15.083605695018152,0.757,stop,-0.037,1,DURKN
2024-07-03,20.85232990592477,0.536,stop,-0.037,0,DYOBY
2025-03-28,47.09037413380067,0.398,stop,-0.037,0,DYOBY
2025-06-05,21.600111953506367,0.046,stop,-0.05509160305343507,4,DYOBY
2025-07-07,8.950134912569647,0.154,stop,-0.037,0,DYOBY
2025-09-19,42.88212674702359,0.26,stop,-0.037,0,DYOBY
2025-10-28,9.379343458593414,0.1,stop,-0.037,9,DYOBY
2025-12-11,17.111047599251712,0.117,stop,-0.037,0,DYOBY
2026-02-11,10.334648608296897,0.175,stop,-0.037,1,DYOBY
2026-03-17,13.812288062532328,0.09,stop,-0.037,1,DYOBY
2026-03-19,25.794690590367804,0.066,stop,-0.039983508245877035,1,DYOBY
2026-04-15,22.681129720364403,0.171,hedef,0.043000000000000003,0,DYOBY
2026-04-16,12.551896426387271,0.261,stop,-0.037,0,DYOBY
2026-05-26,16.230975912571274,0.21,stop,-0.037,3,DYOBY
2024-07-26,35.969202107530634,1.031,stop,-0.037,0,DZGYO
2024-09-03,17.86658122005554,0.652,stop,-0.037,0,DZGYO
2024-09-06,10.316436897353608,1.096,stop,-0.037,1,DZGYO
2024-12-12,20.080983024148274,0.903,hedef,0.043000000000000003,2,DZGYO
2024-12-23,11.207188007231554,0.587,stop,-0.037,0,DZGYO
2025-02-19,8.56275357676703,0.336,stop,-0.037,0,DZGYO
2025-03-19,9.292487847433385,0.331,hedef,0.043000000000000003,0,DZGYO
2025-06-05,17.874044465911275,0.125,hedef,0.043000000000000003,1,DZGYO
2025-07-09,16.24493906394019,0.249,stop,-0.037,0,DZGYO
2025-07-16,8.873892986126664,0.297,stop,-0.037,0,DZGYO
2025-10-28,46.82585336502558,0.241,hedef,0.043000000000000003,1,DZGYO
2025-12-29,9.478598141956628,0.302,stop,-0.037,0,DZGYO
2026-02-12,15.985061938304591,0.542,stop,-0.037,0,DZGYO
2026-03-03,16.33274759067571,0.347,stop,-0.037,0,DZGYO
2026-03-19,15.133832884651657,0.317,stop,-0.037,1,DZGYO
2026-05-26,67.02342791988468,0.375,hedef,0.043000000000000003,2,DZGYO
2024-09-23,8.437849374936478,0.329,stop,-0.037,4,EBEBK
2025-03-11,11.906013294172206,0.567,hedef,0.043000000000000003,4,EBEBK
2025-05-02,17.66175953766254,0.132,stop,-0.037,10,EBEBK
2025-06-05,38.9216399127468,0.113,stop,-0.0846470588235293,4,EBEBK
2025-07-01,13.009049773755656,0.331,stop,-0.037,0,EBEBK
2025-07-21,11.166825452539738,0.252,hedef,0.043000000000000003,5,EBEBK
2025-11-27,10.243785276810375,0.685,stop,-0.037,0,EBEBK
2025-12-22,8.922543615388987,0.698,stop,-0.037,4,EBEBK
2026-03-19,15.330507783845462,0.861,stop,-0.037,0,EBEBK
2026-05-26,39.98271030823347,0.973,hedef,0.043000000000000003,3,EBEBK
2026-03-19,38.63137798933449,0.976,stop,-0.037,1,ECOGR
2026-05-26,19.6203854144735,0.954,hedef,0.043000000000000003,2,ECOGR
2025-03-19,9.554464339181987,0.191,hedef,0.043000000000000003,0,ECZYT
2025-05-13,9.628993332515238,0.541,stop,-0.037,0,ECZYT
2025-09-29,14.955923457321006,1.064,stop,-0.037,0,ECZYT
2025-10-21,10.482709625391216,0.499,hedef,0.043000000000000003,3,ECZYT
2026-03-19,82.44335952399115,0.582,stop,-0.037,1,ECZYT
2026-05-08,8.122770328453685,1.0,stop,-0.037,0,ECZYT
2026-05-11,15.24237358963644,0.802,hedef,0.043000000000000003,0,ECZYT
2026-05-26,8.005999647079584,0.743,stop,-0.037,4,ECZYT
2024-08-22,32.70576557200496,0.737,stop,-0.037,0,EDATA
2024-11-01,12.18154365048294,0.293,stop,-0.037,0,EDATA
2025-02-17,10.687779569794278,0.216,stop,-0.037,1,EDATA
2025-04-21,10.16513350791199,0.319,stop,-0.037,0,EDATA
2025-06-05,36.81293747024442,0.232,stop,-0.09985714285714287,4,EDATA
2025-08-15,8.744167969451228,1.02,stop,-0.037,0,EDATA
2025-08-18,16.06760446361647,0.605,hedef,0.043000000000000003,0,EDATA
2025-10-28,39.87619847464925,0.539,hedef,0.043000000000000003,2,EDATA
2025-12-29,23.194965961473883,0.619,hedef,0.043000000000000003,0,EDATA
2025-12-30,21.88404225321563,0.848,stop,-0.037,0,EDATA
2026-03-19,11.095633121827737,0.826,stop,-0.05696481351161164,1,EDATA
2026-04-20,9.252552658828463,0.88,hedef,0.043000000000000003,0,EDATA
2026-04-24,18.205520383865707,0.599,hedef,0.043000000000000003,0,EDATA
2026-05-26,11.842517817176686,0.61,stop,-0.037,0,EDATA
2024-06-13,35.14840848399275,0.317,stop,-0.037,0,EDIP
2024-10-16,294.2459922108505,0.346,stop,-0.037,0,EDIP
2025-03-12,26.785477491483576,0.507,stop,-0.037,0,EDIP
2025-04-21,9.461911016253488,0.355,stop,-0.037,0,EDIP
2025-04-28,10.1369341955116,0.516,stop,-0.037,0,EDIP
2025-04-30,11.176442594565309,1.068,stop,-0.037,0,EDIP
2025-06-05,18.436170513581807,0.419,hedef,0.043000000000000003,0,EDIP
2025-07-22,18.59216363574791,0.544,hedef,0.043000000000000003,0,EDIP
2025-08-06,8.258134365695819,0.664,stop,-0.037,0,EDIP
2025-10-28,30.396779908295123,0.534,hedef,0.043000000000000003,7,EDIP
2026-02-17,44.53811101905551,0.79,stop,-0.037,0,EDIP
2026-03-19,25.444195595371408,0.577,stop,-0.037,1,EDIP
2026-05-26,8.317091662197896,0.551,hedef,0.043000000000000003,1,EDIP
2025-03-19,20.310931006058368,0.141,hedef,0.043000000000000003,0,EGEGY
2025-05-02,11.244105841549434,0.798,stop,-0.037,0,EGEGY
2025-06-04,11.676690818818496,1.007,stop,-0.037,5,EGEGY
2025-06-05,21.942522280551824,0.947,stop,-0.04914559386973171,4,EGEGY
2025-07-24,10.774079237829673,0.818,hedef,0.043000000000000003,5,EGEGY
2025-08-20,8.927064099182273,0.995,hedef,0.04450846210448856,3,EGEGY
2025-10-28,432.03811206461387,0.871,hedef,0.043000000000000003,0,EGEGY
2025-12-29,45.83666733346669,0.761,stop,-0.037,0,EGEGY
2026-01-29,9.62038640453635,1.003,stop,-0.037,0,EGEGY
2026-03-02,9.573947305579878,0.582,hedef,0.043000000000000003,0,EGEGY
2026-03-03,10.54273661245979,0.689,hedef,0.043000000000000003,0,EGEGY
2026-03-19,64.70059611850657,0.706,stop,-0.037,1,EGEGY
2026-05-04,8.742763349644878,0.863,stop,-0.037,0,EGEGY
2026-05-26,13.05076300591915,0.763,stop,-0.037,1,EGEGY
2024-09-13,13.819759262154134,0.418,stop,-0.037,0,EGEPO
2024-10-24,9.040120793787748,0.136,hedef,0.043000000000000003,1,EGEPO
2024-11-11,19.82258614807233,0.644,hedef,0.043000000000000003,1,EGEPO
2025-03-21,36.78562010302331,0.743,stop,-0.037,0,EGEPO
2025-06-05,18.004308083457765,0.598,hedef,0.043000000000000003,1,EGEPO
2025-08-14,9.64377359917205,0.783,hedef,0.043000000000000003,0,EGEPO
2025-09-08,9.056920494430033,0.681,stop,-0.037,3,EGEPO
2025-10-28,22.45541570148754,0.564,hedef,0.043000000000000003,3,EGEPO
2025-12-30,33.60642429971845,0.695,stop,-0.037,0,EGEPO
2026-02-02,10.551402776429473,0.839,hedef,0.043000000000000003,1,EGEPO
2026-03-02,8.452607383363565,0.812,hedef,0.043000000000000003,0,EGEPO
2026-03-19,39.68445835564158,0.934,stop,-0.037,2,EGEPO
2026-04-24,8.523066768568054,0.981,stop,-0.037,0,EGEPO
2026-05-18,22.742272459420366,0.937,stop,-0.037,1,EGEPO
2024-07-12,34.58021363681741,0.479,hedef,0.043000000000000003,0,EGGUB
2024-07-17,17.497560768676028,1.168,hedef,0.043000000000000003,0,EGGUB
2024-10-30,8.074817518248176,0.444,hedef,0.043000000000000003,2,EGGUB
2024-11-12,18.31797079997309,0.494,stop,-0.037,0,EGGUB
2024-12-26,81.644578313253,0.5,hedef,0.043000000000000003,0,EGGUB
2025-01-22,8.249080317108898,0.976,stop,-0.037,0,EGGUB
2025-03-10,25.276126558005753,0.515,hedef,0.043000000000000003,0,EGGUB
2025-04-09,16.762750217580503,0.646,hedef,0.043000000000000003,0,EGGUB
2025-05-07,34.47480610200832,0.779,stop,-0.037,1,EGGUB
2025-05-08,13.042580216284232,0.812,stop,-0.037,0,EGGUB
2025-06-05,125.90066857688635,0.963,hedef,0.043000000000000003,0,EGGUB
2025-08-15,25.778189260306014,0.989,stop,-0.037,0,EGGUB
2025-09-01,17.91578947368421,0.988,hedef,0.043000000000000003,0,EGGUB
2025-10-28,21.886520472320196,0.622,hedef,0.043000000000000003,2,EGGUB
2026-03-06,38.396365042536736,0.643,hedef,0.043000000000000003,1,EGGUB
2026-03-09,10.082070909265605,0.673,hedef,0.043000000000000003,0,EGGUB
2026-03-19,21.219279850851848,0.917,stop,-0.037,1,EGGUB
2026-05-12,12.553195429544992,0.912,stop,-0.037,0,EGGUB
2024-08-05,16.677901524030528,-0.017,stop,-0.037,0,EGPRO
2024-08-22,22.37149790425933,-0.009,stop,-0.037,1,EGPRO
2025-01-10,26.99548872180508,0.344,stop,-0.037,1,EGPRO
2025-02-26,8.435813034891373,0.108,stop,-0.037,1,EGPRO
2025-05-12,10.197112848304634,0.157,stop,-0.037,1,EGPRO
2025-05-13,9.071736106511226,0.138,stop,-0.037,0,EGPRO
2025-06-05,17.01600902457757,0.03,stop,-0.0784285714285714,4,EGPRO
2025-09-12,9.556513057642793,0.371,stop,-0.037,1,EGPRO
2025-10-28,22.34258142340169,0.465,hedef,0.043000000000000003,3,EGPRO
2026-02-25,18.618494755066706,0.594,stop,-0.037,0,EGPRO
2026-03-04,9.737334779639227,0.435,stop,-0.037,3,EGPRO
2026-03-19,55.82424367153735,0.607,hedef,0.043000000000000003,1,EGPRO
2026-04-16,18.97746907772056,0.93,stop,-0.037,0,EGPRO
2026-05-26,16.33474310121017,0.772,hedef,0.043000000000000003,4,EGPRO
2025-10-28,22.676023810668028,0.832,hedef,0.043000000000000003,3,EKGYO
2026-03-19,11.362280666262844,0.633,stop,-0.04155083909180667,1,EKGYO
2026-04-08,8.289908105052957,0.632,hedef,0.043000000000000003,2,EKGYO
2026-05-26,15.733883853936124,0.597,acik,,6,EKGYO
2024-06-24,9.848945061665477,0.229,stop,-0.037,1,EKOS
2024-07-24,20.53505747635803,1.181,stop,-0.037,0,EKOS
2024-10-25,11.159274710181322,0.308,stop,-0.037,0,EKOS
2024-10-28,20.80996422702491,0.365,stop,-0.037,0,EKOS
2025-04-09,8.329885469275485,0.145,stop,-0.037,0,EKOS
2025-04-17,12.466249217282405,0.296,stop,-0.037,0,EKOS
2025-10-28,64.97623001338657,0.387,hedef,0.043000000000000003,0,EKOS
2026-01-14,16.654183325544768,0.317,stop,-0.037,0,EKOS
2026-02-23,11.136842885514408,0.482,stop,-0.037,0,EKOS
2026-03-19,12.564546295222549,0.208,stop,-0.037,1,EKOS
2026-05-12,9.177984263324742,0.695,stop,-0.037,0,EKOS
2026-05-26,19.528095997395987,0.678,stop,-0.037,0,EKOS
2024-08-14,11.220750227383391,0.821,stop,-0.037,0,EMKEL
2025-01-02,13.227319239385093,1.083,stop,-0.037,0,EMKEL
2025-03-11,15.770023223962365,0.975,hedef,0.043000000000000003,1,EMKEL
2025-05-09,9.125568286768079,1.064,hedef,0.09884192439862527,1,EMKEL
2025-05-12,15.172656332734286,1.095,stop,-0.037,0,EMKEL
2025-06-05,29.75746228470594,0.856,hedef,0.043000000000000003,1,EMKEL
2025-07-18,8.407799519174624,0.952,hedef,0.09815021459227469,1,EMKEL
2025-07-22,9.08869793539782,1.123,stop,-0.037,0,EMKEL
2025-10-09,26.601607552379043,0.371,hedef,0.043000000000000003,0,EMKEL
2025-10-28,11.302590937894808,0.291,stop,-0.037,0,EMKEL
2026-02-09,16.494354101955054,0.104,stop,-0.037,0,EMKEL
2026-03-19,525.8011439777741,0.085,hedef,0.043000000000000003,0,EMKEL
2026-04-16,16.833192966776096,0.126,hedef,0.043000000000000003,0,EMKEL
2026-05-26,30.755260688915698,0.101,hedef,0.043000000000000003,4,EMKEL
2022-11-01,9.366280795488276,0.702,hedef,0.043000000000000003,0,EMNIS
2022-12-07,39.41288126718157,1.144,stop,-0.05096371249127706,1,EMNIS
2023-03-29,17.24192164712611,0.441,hedef,0.04440186915887868,1,EMNIS
2023-06-20,8.303383230324034,0.681,hedef,0.09272801450589296,1,EMNIS
2023-06-21,12.714285714285714,0.787,stop,-0.037,0,EMNIS
2023-08-28,13.6587783956205,0.76,hedef,0.09257805907173011,1,EMNIS
2024-08-06,9.149203162253734,0.466,hedef,0.043000000000000003,0,EMNIS
2024-08-07,10.969983883964545,0.58,hedef,0.043000000000000003,0,EMNIS
2025-06-04,9.657877533231641,0.502,stop,-0.10683633387888702,1,EMNIS
2025-06-05,14.628215670151533,0.448,stop,-0.07972727272727276,1,EMNIS
2025-06-10,12.797839842897664,0.413,hedef,0.043000000000000003,0,EMNIS
2026-05-08,8.016832736770823,0.293,stop,-0.037,1,EMNIS
2026-03-19,12.926499288987541,0.887,hedef,0.043000000000000003,0,EMPAE
2026-05-26,40.100938209045005,0.996,stop,-0.037,0,EMPAE
2025-05-06,12.373709001339613,0.724,hedef,0.043000000000000003,0,ENDAE
2025-06-05,38.74222209632798,0.655,hedef,0.043000000000000003,1,ENDAE
2025-10-28,45.79405524020239,0.442,hedef,0.043000000000000003,3,ENDAE
2026-02-10,22.275112720821937,0.444,stop,-0.037,1,ENDAE
2026-02-13,9.267278298667572,0.374,hedef,0.043000000000000003,0,ENDAE
2026-03-11,9.986607405663154,0.392,stop,-0.037,0,ENDAE
2026-03-19,11.437867716521593,0.335,stop,-0.037,1,ENDAE
2026-05-26,21.458242153307488,0.492,hedef,0.043000000000000003,0,ENDAE
2024-09-02,15.149739939775476,1.068,stop,-0.037,0,ENERY
2024-09-17,19.4369564111695,0.922,hedef,0.043000000000000003,0,ENERY
2024-11-11,50.3133893481501,1.182,stop,-0.037,0,ENERY
2025-03-07,29.611136329248062,0.546,stop,-0.037,0,ENERY
2025-06-05,23.308432582767185,0.863,hedef,0.043000000000000003,1,ENERY
2025-10-28,23.10099015854563,0.778,stop,-0.037,1,ENERY
2026-03-19,24.24278916027872,0.653,stop,-0.037,1,ENERY
2026-05-04,9.180255756215752,0.758,stop,-0.037,0,ENERY
2026-05-26,11.284481960259036,0.658,acik,,6,ENERY
2024-08-09,13.038742968319971,0.466,hedef,0.043000000000000003,0,ENSRI
2024-09-03,16.936239251527766,0.485,hedef,0.043000000000000003,0,ENSRI
2024-10-30,11.354848687940903,0.361,stop,-0.037,3,ENSRI
2024-12-05,61.1347517730501,0.487,stop,-0.037,0,ENSRI
2025-01-20,9.758243565495459,0.162,stop,-0.037,7,ENSRI
2025-03-19,20.119378766806037,0.25,stop,-0.037,0,ENSRI
2025-03-26,10.721900108181327,0.303,stop,-0.037,0,ENSRI
2025-05-28,171.42781476998317,0.362,stop,-0.037,1,ENSRI
2025-07-25,24.419173460781757,1.005,hedef,0.043000000000000003,0,ENSRI
2025-07-28,20.366170896268148,1.083,hedef,0.043000000000000003,0,ENSRI
2025-07-29,22.243695942312943,1.19,hedef,0.09265635738831601,1,ENSRI
2025-09-15,8.271849568635222,0.902,stop,-0.037,0,ENSRI
2025-10-15,16.095566413084153,0.74,hedef,0.043000000000000003,0,ENSRI
2025-12-02,84.60866070531166,0.435,hedef,0.043000000000000003,0,ENSRI
2026-01-09,10.081718438825076,0.636,stop,-0.037,0,ENSRI
2026-02-24,13.787060671509916,0.79,stop,-0.037,1,ENSRI
2026-03-13,8.101547029979573,0.995,stop,-0.037,0,ENSRI
2026-03-19,67.11698215037605,0.782,hedef,0.043000000000000003,0,ENSRI
2026-05-05,99.33953724730432,0.241,hedef,0.043000000000000003,0,ENSRI
2026-05-26,8.97083535321028,0.191,hedef,0.043000000000000003,1,ENSRI
2024-10-01,20.812291622280107,0.143,stop,-0.037,0,ENTRA
2024-11-12,9.258083280818195,0.218,hedef,0.043000000000000003,0,ENTRA
2025-05-23,14.846490979002512,0.702,stop,-0.037,0,ENTRA
2025-06-27,11.903707302742376,1.078,hedef,0.043000000000000003,0,ENTRA
2025-10-28,58.70992032111001,0.488,hedef,0.043000000000000003,1,ENTRA
2026-03-19,16.461774680682435,0.455,hedef,0.043000000000000003,6,ENTRA
2026-05-26,12.822172723388777,0.48,hedef,0.043000000000000003,1,ENTRA
2024-09-30,22.812353033390814,0.151,stop,-0.037,0,EPLAS
2024-10-24,9.202229643079345,0.025,hedef,0.043000000000000003,3,EPLAS
2024-11-04,9.073089236044295,0.068,hedef,0.043000000000000003,14,EPLAS
2024-11-05,8.413203355332715,0.073,stop,-0.037,0,EPLAS
2024-11-27,9.157227171083983,0.285,hedef,0.043000000000000003,0,EPLAS
2024-12-30,8.492970912882464,0.325,hedef,0.043000000000000003,3,EPLAS
2025-02-26,14.356102229626742,0.263,stop,-0.037,0,EPLAS
2025-05-05,13.357547636252994,0.138,hedef,0.043000000000000003,0,EPLAS
2025-06-05,9.142974302897759,0.133,stop,-0.037,4,EPLAS
2025-07-03,8.379092698524179,0.172,hedef,0.043000000000000003,7,EPLAS
2025-09-05,9.442759711143626,0.619,stop,-0.037,0,EPLAS
2025-10-28,11.33130597217225,0.506,stop,-0.037,4,EPLAS
2026-01-19,27.52177243381373,0.41,stop,-0.037,0,EPLAS
2026-01-20,45.37000786299776,0.56,stop,-0.037,0,EPLAS
2026-04-30,11.121656374101223,0.44,hedef,0.043000000000000003,1,EPLAS
2026-05-26,26.54337013864256,0.349,hedef,0.043000000000000003,1,EPLAS
2024-09-10,37.791545189504376,0.713,stop,-0.037,0,ERBOS
2025-06-05,16.542461005199307,0.064,hedef,0.043000000000000003,1,ERBOS
2025-07-02,29.3524535066099,0.234,hedef,0.043000000000000003,0,ERBOS
2025-08-07,9.762208067940552,0.404,stop,-0.037,1,ERBOS
2025-10-28,24.538198403648803,0.491,hedef,0.043000000000000003,3,ERBOS
2026-01-09,12.244755244755245,0.479,hedef,0.043000000000000003,1,ERBOS
2026-01-29,13.843700159489632,0.753,stop,-0.037,1,ERBOS
2026-03-19,16.508264462809915,0.47,stop,-0.037,1,ERBOS
2026-05-07,12.012226184411615,0.738,hedef,0.043000000000000003,2,ERBOS
2026-05-12,11.704889658156642,0.781,stop,-0.037,1,ERBOS
2026-05-26,8.003680981595092,0.503,hedef,0.043000000000000003,1,ERBOS
2026-06-02,8.323379783233797,0.635,stop,-0.037,0,ERBOS
2024-09-04,33.63703385144682,0.397,stop,-0.037,0,ERCB
2024-10-09,10.846489754786697,0.192,stop,-0.03825,2,ERCB
2025-02-19,67.14782059380921,0.2,stop,-0.037,0,ERCB
2025-03-28,9.12374828941938,0.18,stop,-0.0396576576576576,1,ERCB
2025-06-05,26.488241660926892,0.04,stop,-0.11928813559322027,4,ERCB
2025-08-18,15.924292845257904,0.347,stop,-0.037,0,ERCB
2025-09-22,17.74443610902726,0.267,stop,-0.037,4,ERCB
2025-09-23,16.396252927400468,0.267,stop,-0.037,3,ERCB
2025-10-28,37.40764331210191,0.152,hedef,0.04347106325706596,3,ERCB
2025-11-19,91.22485875706215,0.202,stop,-0.037,0,ERCB
2025-11-20,32.53072816085425,0.407,hedef,0.08128250401284098,1,ERCB
2025-11-21,10.207695729775796,0.517,stop,-0.037,0,ERCB
2025-11-25,40.85552395827894,0.561,stop,-0.037,0,ERCB
2026-03-19,35.48067709996806,0.009,stop,-0.037,1,ERCB
2026-05-12,29.007463663742307,0.197,stop,-0.037,0,ERCB
2026-05-26,155.2545203527211,0.173,stop,-0.037,0,ERCB
2024-08-02,13.545643073850762,0.235,stop,-0.037,0,ERSU
2024-08-06,13.565683646112602,0.55,hedef,0.043000000000000003,0,ERSU
2024-08-07,8.757693597968,0.841,stop,-0.037,0,ERSU
2024-10-21,36.75574869969888,0.289,stop,-0.037,0,ERSU
2024-10-22,11.045831915114025,0.396,stop,-0.037,0,ERSU
2024-11-28,85.93337785940892,0.255,stop,-0.037,0,ERSU
2025-02-19,10.746268656716417,0.084,stop,-0.037,0,ERSU
2025-04-07,26.418550621034758,0.223,stop,-0.037,0,ERSU
2025-10-13,11.586724208795726,0.605,stop,-0.037,0,ERSU
2025-11-18,9.428313008763995,0.396,stop,-0.037,0,ERSU
2026-02-25,21.443921284558737,0.504,stop,-0.037,0,ERSU
2024-07-09,27.59834368529869,1.045,stop,-0.037,0,ESCAR
2024-08-15,9.438567941417741,1.033,stop,-0.037,2,ESCAR
2024-09-27,14.29889298891305,0.53,stop,-0.037,2,ESCAR
2024-10-21,15.750336473749995,0.613,stop,-0.037,3,ESCAR
2024-11-12,10.277492291891647,0.351,hedef,0.043000000000000003,0,ESCAR
2024-11-14,32.257726558410305,0.668,hedef,0.043000000000000003,1,ESCAR
2025-03-12,14.735725308641966,0.845,hedef,0.043000000000000003,1,ESCAR
2025-04-10,15.169380720313786,0.891,stop,-0.037,0,ESCAR
2025-07-09,12.750835967621102,0.283,stop,-0.037,0,ESCAR
2025-08-07,11.998521774648435,0.478,hedef,0.043000000000000003,0,ESCAR
2025-08-13,18.54204645377142,0.151,stop,-0.037,0,ESCAR
2025-09-16,13.632644479680422,-0.005,stop,-0.037,0,ESCAR
2025-10-28,23.49331544874069,0.035,stop,-0.037,7,ESCAR
2026-01-28,11.043684855916615,0.109,hedef,0.043000000000000003,0,ESCAR
2026-02-04,9.756614110940436,0.142,stop,-0.037,10,ESCAR
2026-03-02,13.829196035025259,0.101,hedef,0.043000000000000003,0,ESCAR
2026-03-09,10.247218758163813,0.134,hedef,0.043000000000000003,0,ESCAR
2026-03-25,22.957707820823764,0.206,hedef,0.043000000000000003,0,ESCAR
2026-04-22,14.825949147123017,0.525,hedef,0.043000000000000003,0,ESCAR
2026-04-24,8.999591484726068,0.629,stop,-0.037,0,ESCAR
2026-05-15,8.458891814265199,0.566,stop,-0.037,0,ESCAR
2026-05-26,10.183308850627814,0.502,stop,-0.040333333333333436,1,ESCAR
2024-07-19,10.986189187313972,0.432,stop,-0.037,0,ETILR
2024-08-12,14.439685437437982,0.203,stop,-0.037,0,ETILR
2024-09-06,8.636540011341742,0.311,hedef,0.043000000000000003,1,ETILR
2024-09-11,35.64934963538837,1.222,hedef,0.09252283391630411,1,ETILR
2024-09-12,16.460539120447493,1.323,stop,-0.037,1,ETILR
2024-09-13,13.784052428086168,0.982,stop,-0.037,0,ETILR
2024-11-18,19.113591410002314,0.811,hedef,0.043000000000000003,0,ETILR
2025-03-10,34.44437752731776,0.06,stop,-0.037,0,ETILR
2025-03-13,10.274910877769484,0.202,stop,-0.037,0,ETILR
2025-05-28,25.652633812116985,0.39,hedef,0.043000000000000003,0,ETILR
2025-05-29,10.769416604983277,0.468,stop,-0.037,0,ETILR
2025-06-05,16.72491323707104,0.429,stop,-0.037,0,ETILR
2025-08-01,21.222138892277034,0.393,stop,-0.037,0,ETILR
2025-10-28,40.95605635432649,0.256,hedef,0.043000000000000003,1,ETILR
2025-12-11,53.16948395892937,0.253,hedef,0.043000000000000003,0,ETILR
2025-12-12,36.31022217938217,0.323,stop,-0.037,0,ETILR
2026-03-11,13.394965558462458,0.26,stop,-0.037,0,ETILR
2026-04-17,22.23747763570953,0.26,stop,-0.037,0,ETILR
2026-04-20,10.741514869945174,0.322,hedef,0.043000000000000003,0,ETILR
2026-04-21,21.12067183591547,0.403,hedef,0.05561859582542706,1,ETILR
2026-05-26,270.35776403666796,0.5,hedef,0.0840623946037099,1,ETILR
2024-06-25,9.227835474975818,-0.182,hedef,0.043000000000000003,0,ETYAT
2024-07-29,17.056130390987327,0.514,stop,-0.037,0,ETYAT
2024-09-09,19.459507829981096,0.272,stop,-0.037,0,ETYAT
2024-10-07,11.985621854783625,0.257,stop,-0.037,0,ETYAT
2024-12-18,27.899477571613616,0.234,hedef,0.043000000000000003,2,ETYAT
2025-04-18,14.28676711431652,0.112,stop,-0.037,2,ETYAT
2025-05-07,43.978581531643464,0.21,stop,-0.037,0,ETYAT
2025-05-27,35.65771481704427,0.402,hedef,0.14388013567759572,1,ETYAT
2025-05-28,25.542601780152836,0.626,stop,-0.037,0,ETYAT
2025-07-09,12.35428224029072,0.37,hedef,0.043000000000000003,0,ETYAT
2025-09-25,10.246701356624895,0.984,hedef,0.043000000000000003,0,ETYAT
2025-09-30,8.327118520143516,0.969,hedef,0.043000000000000003,0,ETYAT
2025-10-28,10.286522237023199,0.977,stop,-0.037,1,ETYAT
2025-12-02,26.066576524371612,0.815,stop,-0.037,0,ETYAT
2025-12-12,11.284058465739944,0.862,stop,-0.037,0,ETYAT
2026-01-13,11.33411979194833,0.877,stop,-0.037,0,ETYAT
2026-05-13,11.5181873675895,0.72,stop,-0.037,4,ETYAT
2023-08-28,13.062460592178915,1.131,hedef,0.043000000000000003,0,EUHOL
2023-10-12,12.686505951863827,0.937,stop,-0.037,0,EUHOL
2024-02-02,11.076373401796857,0.93,stop,-0.037,0,EUHOL
2024-08-23,19.10095090221279,0.9,hedef,0.043000000000000003,0,EUHOL
2024-10-11,8.077362021300354,0.773,hedef,0.043000000000000003,0,EUHOL
2025-11-04,11.563586139216639,0.659,hedef,0.09209909909909897,1,EUHOL
2026-02-26,8.521129786403085,0.828,stop,-0.037,0,EUHOL
2026-04-17,11.523269616470877,0.609,stop,-0.037,4,EUHOL
2024-11-01,12.53695390342893,0.011,hedef,0.043000000000000003,0,EUKYO
2025-04-11,18.44939117199806,0.053,stop,-0.037,0,EUKYO
2025-05-07,12.936189712454317,0.058,hedef,0.043000000000000003,0,EUKYO
2025-05-08,12.118286983835882,0.128,stop,-0.037,0,EUKYO
2025-09-23,23.126731625315607,0.322,hedef,0.0927624696105861,1,EUKYO
2025-10-21,15.146009177583743,0.315,hedef,0.043000000000000003,0,EUKYO
2025-12-18,30.96645283415259,0.256,hedef,0.043000000000000003,0,EUKYO
2026-02-16,8.096144030439495,0.401,hedef,0.043000000000000003,0,EUKYO
2026-03-19,12.806053790993882,0.358,hedef,0.043000000000000003,0,EUKYO
2026-05-04,57.3453166694958,0.516,hedef,0.043000000000000003,0,EUKYO
2024-09-09,17.804483475851008,0.245,stop,-0.037,0,EUYO
2024-11-07,222.88453043561688,0.08,stop,-0.037,4,EUYO
2024-12-19,14.47913127881588,0.492,stop,-0.037,0,EUYO
2025-02-11,19.655318753895596,0.131,hedef,0.043000000000000003,0,EUYO
2025-03-13,8.116265629925293,0.337,stop,-0.037,0,EUYO
2025-05-07,13.172011256645446,0.282,stop,-0.037,0,EUYO
2025-05-29,8.715438124743558,0.165,stop,-0.037,2,EUYO
2025-09-26,10.99252628120949,0.84,stop,-0.037,0,EUYO
2025-12-29,11.77841801991148,0.68,stop,-0.04227815463419304,1,EUYO
2026-01-21,12.83462941297884,0.6,stop,-0.037,0,EUYO
2024-07-10,13.918978490537356,0.882,stop,-0.037,0,FADE
2024-08-05,8.844033485984307,-0.211,hedef,0.043000000000000003,0,FADE
2024-08-16,29.798211836255767,0.473,stop,-0.037,0,FADE
2024-09-30,21.307282560078068,0.461,stop,-0.037,0,FADE
2024-11-11,8.381397947070736,0.242,hedef,0.043000000000000003,0,FADE
2024-11-12,15.655639469629236,0.615,stop,-0.037,0,FADE
2025-04-15,127.11880867594691,0.413,stop,-0.04010810810810816,1,FADE
2025-06-05,10.175137297827769,0.165,stop,-0.05245454545454541,4,FADE
2025-08-14,9.665557349500807,0.429,hedef,0.043000000000000003,1,FADE
2025-10-28,88.10635275015223,0.53,stop,-0.037,0,FADE
2026-03-19,21.21082212011815,0.288,hedef,0.043000000000000003,6,FADE
2026-05-11,16.67623457769038,0.672,stop,-0.037,2,FADE
2026-05-26,18.56667667536172,0.758,hedef,0.043000000000000003,1,FADE
2024-09-23,54.03466200383023,0.163,stop,-0.037,1,FENER
2025-04-21,9.701307466771521,0.061,stop,-0.037,8,FENER
2025-07-01,8.675895214625093,0.331,hedef,0.043000000000000003,0,FENER
2025-09-22,13.06952644673516,0.472,stop,-0.037,0,FENER
2025-10-28,24.2744452157957,0.159,stop,-0.037,7,FENER
2025-11-27,8.878175707177286,0.139,hedef,0.043000000000000003,0,FENER
2026-03-16,10.495468647111135,-0.015,stop,-0.037,1,FENER
2026-03-19,14.697618309761026,0.005,stop,-0.037,4,FENER
2026-04-13,11.022451189439872,0.114,hedef,0.04580528052805278,3,FENER
2026-04-20,11.136973551031975,0.084,stop,-0.037,2,FENER
2026-05-26,21.315246257083693,0.302,hedef,0.043000000000000003,0,FENER
2024-07-30,16.71322170704334,1.101,stop,-0.037,0,FLAP
2024-08-02,8.154091522512575,0.951,hedef,0.043000000000000003,0,FLAP
2024-08-12,13.883675126009175,1.058,stop,-0.037,0,FLAP
2024-09-17,14.523517735393114,0.659,hedef,0.043000000000000003,0,FLAP
2024-09-18,11.54316304539018,0.704,stop,-0.037,0,FLAP
2024-12-05,76.94020481029546,0.353,stop,-0.037,0,FLAP
2024-12-30,24.75946470917692,0.348,stop,-0.037,0,FLAP
2025-01-29,8.116323382633155,0.258,stop,-0.037,3,FLAP
2025-02-13,8.333232414976283,0.199,stop,-0.037,8,FLAP
2025-03-17,9.346088063322858,0.152,stop,-0.09985714285714287,2,FLAP
2025-03-19,9.021799398838533,0.048,hedef,0.043000000000000003,0,FLAP
2025-05-08,40.57273679717512,0.163,stop,-0.037,0,FLAP
2025-05-20,9.000122997738735,0.274,stop,-0.037,0,FLAP
2025-05-27,9.520735403985922,0.503,stop,-0.037,0,FLAP
2025-09-25,16.673375824667335,0.627,stop,-0.037,0,FLAP
2025-12-16,15.278000534616412,0.317,stop,-0.037,1,FLAP
2026-02-16,10.957017102306908,0.537,hedef,0.043000000000000003,0,FLAP
2026-03-19,14.265803476823121,0.591,stop,-0.037,0,FLAP
2026-04-14,13.509677744336285,0.865,stop,-0.037,0,FLAP
2026-05-26,29.03634608089934,0.691,hedef,0.043000000000000003,0,FLAP
2024-07-24,12.218642532018373,0.451,hedef,0.043000000000000003,0,FONET
2024-07-29,14.945268126489342,1.116,hedef,0.07169142119170069,1,FONET
2024-07-30,9.645937430380945,1.121,hedef,0.043000000000000003,0,FONET
2024-09-03,18.6313574797964,0.423,stop,-0.037,0,FONET
2024-10-16,14.083455367631467,0.197,stop,-0.037,0,FONET
2024-11-07,12.494863701578362,0.206,stop,-0.037,0,FONET
2025-03-07,15.832865431405905,0.152,hedef,0.043000000000000003,0,FONET
2025-03-27,13.29846570062641,0.176,hedef,0.043000000000000003,0,FONET
2025-06-05,45.79612790475334,0.137,stop,-0.11452688402513023,4,FONET
2025-06-18,8.318997296633043,0.249,stop,-0.037,0,FONET
2025-07-25,18.128460823021438,0.379,stop,-0.037,0,FONET
2025-10-10,33.30843275309856,0.404,hedef,0.043000000000000003,0,FONET
2025-10-17,8.683269554521077,0.651,stop,-0.037,0,FONET
2025-10-28,21.642306568925775,0.445,hedef,0.043000000000000003,1,FONET
2026-03-19,20.105322306709464,0.875,stop,-0.037,0,FONET
2026-04-17,12.450774665504955,0.806,stop,-0.037,0,FONET
2026-05-11,8.914572406143352,0.954,hedef,0.043000000000000003,0,FONET
2024-07-30,30.953534323411304,1.144,hedef,0.043000000000000003,0,FORTE
2024-09-20,18.67589491101336,0.31,stop,-0.037,0,FORTE
2024-11-12,8.251604352678571,0.142,hedef,0.043000000000000003,0,FORTE
2024-12-05,23.01675835370823,0.35,hedef,0.043000000000000003,0,FORTE
2025-05-22,10.164010521429677,0.613,hedef,0.06152409638554202,1,FORTE
2025-06-05,20.4349202043492,0.703,hedef,0.043000000000000003,1,FORTE
2025-09-22,9.893707122893199,0.662,hedef,0.043000000000000003,1,FORTE
2025-10-13,11.868200510124408,0.603,hedef,0.043000000000000003,0,FORTE
2025-10-28,56.91715377697842,0.743,stop,-0.037,0,FORTE
2026-03-02,18.054095583998325,0.859,stop,-0.037,0,FORTE
2026-03-19,52.05501804499731,0.896,hedef,0.043000000000000003,0,FORTE
2026-05-26,26.75151935174326,0.656,hedef,0.043000000000000003,1,FORTE
2024-07-17,13.875723686576288,0.43,hedef,0.043000000000000003,0,GARFA
2024-10-28,10.904496340188219,0.214,stop,-0.037,1,GARFA
2024-12-06,21.142001469175565,0.321,stop,-0.037,2,GARFA
2025-01-07,13.654288211869073,0.455,stop,-0.037,0,GARFA
2025-01-28,16.70655425618711,0.255,stop,-0.037,0,GARFA
2025-03-19,25.78545044120665,0.016,hedef,0.043000000000000003,0,GARFA
2025-04-21,14.659418925702813,0.446,hedef,0.04568199233716486,1,GARFA
2025-04-22,17.48547957966647,0.528,stop,-0.037,0,GARFA
2025-06-05,25.64020839718051,0.392,hedef,0.043000000000000003,0,GARFA
2025-07-18,11.247921809662955,0.409,stop,-0.037,3,GARFA
2025-10-28,240.8079397839019,0.514,hedef,0.043000000000000003,1,GARFA
2026-01-14,56.474497851870886,0.687,stop,-0.04103141361256545,1,GARFA
2026-02-02,11.135679409011562,0.706,stop,-0.037,1,GARFA
2026-03-19,41.61760985072109,0.519,hedef,0.043000000000000003,1,GARFA
2026-04-08,11.203283013337241,0.617,stop,-0.037,0,GARFA
2026-04-29,8.212241624439503,0.618,stop,-0.037,1,GARFA
2026-05-26,15.58381744389623,0.687,stop,-0.037,0,GARFA
2024-06-13,10.94232138618567,0.247,hedef,0.043000000000000003,1,GEDIK
2024-06-14,8.858583353996414,0.647,stop,-0.037,0,GEDIK
2024-07-11,15.487777120226504,0.323,stop,-0.037,16,GEDIK
2024-08-06,17.168508953997687,0.333,stop,-0.037,0,GEDIK
2024-08-22,14.222512264276228,0.205,stop,-0.037,1,GEDIK
2024-09-27,30.604941237648756,0.565,stop,-0.037,0,GEDIK
2025-05-09,8.337031139881496,0.768,hedef,0.043000000000000003,1,GEDIK
2025-05-12,8.13235028044147,0.889,stop,-0.037,1,GEDIK
2025-05-29,11.897793581327498,0.775,stop,-0.037,5,GEDIK
2025-06-05,27.36148219526083,0.817,stop,-0.037,0,GEDIK
2025-06-12,10.281378473084457,1.041,hedef,0.043000000000000003,0,GEDIK
2025-06-13,13.394037871946816,0.961,stop,-0.037,0,GEDIK
2025-08-11,10.468974437766645,0.597,hedef,0.043000000000000003,1,GEDIK
2025-10-06,50.071960259366435,0.565,hedef,0.043000000000000003,0,GEDIK
2025-10-28,57.54361444786735,0.579,hedef,0.05081865965834432,2,GEDIK
2025-12-30,10.64412720899399,0.336,hedef,0.043000000000000003,2,GEDIK
2026-02-13,11.151070036603395,0.404,hedef,0.043000000000000003,1,GEDIK
2026-03-19,14.609597715358262,0.291,stop,-0.037,1,GEDIK
2026-05-12,30.156238890863847,0.407,stop,-0.037,0,GEDIK
2026-05-15,24.26248138198966,0.446,hedef,0.043000000000000003,0,GEDIK
2026-05-18,15.407321247331781,0.553,stop,-0.037,0,GEDIK
2024-06-21,19.4562874251497,0.394,stop,-0.037,1,GEDZA
2024-09-24,10.711686520856476,0.127,stop,-0.037,5,GEDZA
2024-11-26,14.48641975308642,0.408,stop,-0.037,1,GEDZA
2025-03-13,32.8559893164384,0.51,stop,-0.037,0,GEDZA
2025-03-14,19.734654043306154,0.362,hedef,0.043000000000000003,0,GEDZA
2025-04-25,24.480461578809336,0.289,hedef,0.043000000000000003,0,GEDZA
2025-04-28,9.943179035023267,0.364,stop,-0.037,0,GEDZA
2025-05-20,37.12533975784532,0.32,stop,-0.037,0,GEDZA
2025-06-05,24.652984262818187,0.175,stop,-0.037,3,GEDZA
2025-07-28,12.3046511846294,0.332,stop,-0.037,0,GEDZA
2025-09-26,22.08029029442837,0.498,hedef,0.043000000000000003,1,GEDZA
2025-12-25,112.13291962766489,0.427,stop,-0.037,0,GEDZA
2026-02-25,14.442271880819368,0.511,hedef,0.043000000000000003,0,GEDZA
2026-03-19,12.39311070620759,0.538,stop,-0.037,1,GEDZA
2026-05-04,16.59010540048752,0.48,hedef,0.043000000000000003,0,GEDZA
2026-05-07,12.091529109419788,0.646,stop,-0.037,0,GEDZA
2026-05-26,96.48479886772031,0.615,hedef,0.043000000000000003,0,GEDZA
2024-07-23,11.412263768737475,1.074,stop,-0.037,0,GENIL
2024-08-15,16.815729946058827,1.102,hedef,0.043000000000000003,5,GENIL
2024-09-25,12.575521846233643,0.987,stop,-0.037,1,GENIL
2024-11-15,11.2127465141644,0.962,hedef,0.043000000000000003,4,GENIL
2025-01-17,19.703159441588344,0.726,hedef,0.043000000000000003,2,GENIL
2025-01-30,29.16612302851222,0.907,stop,-0.037,0,GENIL
2025-02-20,19.084386378238936,1.062,stop,-0.037,0,GENIL
2025-02-21,9.654400987425856,1.032,hedef,0.043000000000000003,1,GENIL
2025-03-19,13.280594279099274,0.753,stop,-0.037,0,GENIL
2025-04-14,21.70119742518976,0.576,stop,-0.037,0,GENIL
2025-06-05,27.718720679494872,0.736,hedef,0.043000000000000003,1,GENIL
2025-07-16,9.896855986231277,0.988,stop,-0.037,0,GENIL
2025-10-28,17.356041849691877,0.776,stop,-0.037,5,GENIL
2025-12-18,12.098442023988676,0.648,stop,-0.037,0,GENIL
2026-01-30,43.96782346051898,0.429,stop,-0.037,0,GENIL
2026-02-02,8.301305975546942,0.404,stop,-0.037,0,GENIL
2026-03-19,14.208560582253616,0.496,stop,-0.037,1,GENIL
2026-05-11,8.393079831667258,0.461,hedef,0.09610421286031035,1,GENIL
2026-05-12,11.546451441839228,0.546,stop,-0.037,0,GENIL
2026-05-26,18.16058069746348,0.481,stop,-0.037,1,GENIL
2026-05-26,28.29567814417767,0.332,hedef,0.043000000000000003,2,GENKM
2024-06-14,12.42122161518345,0.327,hedef,0.043000000000000003,0,GENTS
2024-09-12,86.87843014269393,0.233,stop,-0.037,0,GENTS
2024-11-12,16.05663774758553,0.268,stop,-0.037,0,GENTS
2024-12-30,8.727746417716023,0.623,hedef,0.043000000000000003,0,GENTS
2025-04-30,8.356294588128554,1.031,stop,-0.037,0,GENTS
2025-06-05,76.89798910308308,0.829,hedef,0.043000000000000003,1,GENTS
2025-10-28,41.74599132934421,0.787,stop,-0.037,2,GENTS
2026-03-02,8.783905395721034,0.524,hedef,0.043000000000000003,0,GENTS
2026-03-19,24.073909231910445,0.492,stop,-0.037,2,GENTS
2026-04-15,48.19377075628843,0.38,hedef,0.043000000000000003,0,GENTS
2026-05-26,10.301574753586054,0.421,hedef,0.043000000000000003,1,GENTS
2024-07-29,10.215390688607668,0.12,stop,-0.037,2,GEREL
2024-08-14,42.60693578383236,0.434,stop,-0.037,0,GEREL
2024-10-01,13.807500857643126,0.463,stop,-0.037,0,GEREL
2024-12-31,16.644833016172644,0.291,stop,-0.037,0,GEREL
2025-03-11,8.646100094877916,0.105,hedef,0.043000000000000003,0,GEREL
2025-04-25,16.105764970670077,0.207,stop,-0.037,1,GEREL
2025-06-05,70.73740071860819,0.469,stop,-0.037,0,GEREL
2025-08-13,26.732773401046074,0.819,stop,-0.037,0,GEREL
2025-10-02,20.64872357104716,0.804,stop,-0.037,0,GEREL
2025-10-28,20.00826030519654,0.592,stop,-0.037,6,GEREL
2025-11-18,15.046079713515839,0.545,hedef,0.043000000000000003,0,GEREL
2025-12-17,10.291650048946739,0.692,stop,-0.037,0,GEREL
2026-02-12,15.478305065207937,0.893,hedef,0.07930245447347584,1,GEREL
2026-03-19,9.947623636669572,0.912,stop,-0.037,0,GEREL
2026-05-26,23.539605508603977,0.911,stop,-0.037,1,GEREL
2024-06-12,10.108009962987966,0.205,stop,-0.037,1,GIPTA
2024-10-07,9.938503074846258,0.234,stop,-0.037,1,GIPTA
2024-10-24,19.785026290074917,-0.015,hedef,0.043000000000000003,0,GIPTA
2025-02-17,15.10555516255192,0.933,hedef,0.043000000000000003,0,GIPTA
2025-03-19,8.273571629608782,0.765,stop,-0.037,0,GIPTA
2025-04-07,8.099671845965286,0.951,stop,-0.037,0,GIPTA
2025-05-05,8.006674352284449,0.986,hedef,0.043000000000000003,1,GIPTA
2025-06-05,20.555608188370417,0.984,hedef,0.043000000000000003,4,GIPTA
2025-06-12,8.355445189919974,0.973,hedef,0.043000000000000003,1,GIPTA
2025-07-02,23.745399048388546,0.985,stop,-0.037,3,GIPTA
2025-07-21,10.602182995384648,0.886,hedef,0.043000000000000003,0,GIPTA
2025-08-07,56.56387641124845,0.849,hedef,0.043000000000000003,0,GIPTA
2025-10-03,10.597416126421923,0.667,hedef,0.043000000000000003,1,GIPTA
2025-10-28,20.67246782689871,0.653,stop,-0.037,0,GIPTA
2025-12-11,14.523205712175304,0.296,stop,-0.037,0,GIPTA
2025-12-16,10.605968459021895,0.409,hedef,0.09275369458128069,1,GIPTA
2025-12-17,55.57870501814502,0.469,stop,-0.037,0,GIPTA
2026-03-02,8.757266283382396,0.183,hedef,0.043000000000000003,0,GIPTA
2026-03-17,14.007609703337454,0.359,stop,-0.037,0,GIPTA
2026-03-19,11.695846372511127,0.326,hedef,0.043000000000000003,0,GIPTA
2026-04-15,17.82937714830745,0.441,hedef,0.09247337624341723,1,GIPTA
2026-04-16,26.86464196372733,0.504,stop,-0.037,1,GIPTA
2026-05-26,20.955586273213534,0.348,hedef,0.043000000000000003,0,GIPTA
2024-07-05,12.55959425190871,0.238,stop,-0.037,1,GLBMD
2024-08-05,8.486417657044088,-0.105,hedef,0.043000000000000003,0,GLBMD
2024-10-01,9.216579861111107,0.055,stop,-0.037,0,GLBMD
2024-10-21,23.222729158025697,0.208,stop,-0.037,0,GLBMD
2024-11-19,41.28027994811306,0.416,hedef,0.043000000000000003,0,GLBMD
2024-11-29,10.735552599124075,0.554,stop,-0.037,0,GLBMD
2025-04-15,49.255374180940336,0.484,stop,-0.037,0,GLBMD
2025-05-02,13.053417762623802,0.216,stop,-0.037,0,GLBMD
2025-05-22,32.2821109253471,0.216,stop,-0.037,0,GLBMD
2025-07-25,10.857335354556174,0.362,hedef,0.043000000000000003,0,GLBMD
2025-10-15,20.569773056494448,0.487,stop,-0.037,1,GLBMD
2025-10-22,71.01214864221058,0.435,hedef,0.043000000000000003,0,GLBMD
2025-12-09,24.603653693407466,0.393,stop,-0.037,0,GLBMD
2026-01-29,66.68398364098596,0.43,stop,-0.037,0,GLBMD
2026-04-10,104.93108201240524,0.348,hedef,0.043000000000000003,1,GLBMD
2026-05-08,10.63295066708036,0.334,stop,-0.037,9,GLBMD
2026-05-11,12.401264802529605,0.344,stop,-0.037,8,GLBMD
2026-05-26,19.85766594685945,0.361,acik,,6,GLBMD
2024-08-05,10.367459039681787,0.199,stop,-0.037,0,GLCVY
2024-12-06,10.292353417995136,0.937,stop,-0.037,1,GLCVY
2025-06-05,37.73938488357614,0.647,hedef,0.043000000000000003,1,GLCVY
2025-07-30,9.123081435135399,0.94,stop,-0.037,2,GLCVY
2025-09-03,8.927412467976088,0.866,stop,-0.037,0,GLCVY
2025-10-08,49.986166349645515,0.744,stop,-0.037,1,GLCVY
2025-10-09,9.747983870967742,0.802,stop,-0.037,0,GLCVY
2025-10-28,42.5779769881244,0.795,hedef,0.043000000000000003,1,GLCVY
2025-12-22,18.294061563606647,0.906,stop,-0.037,3,GLCVY
2026-01-26,26.501802613789994,0.844,stop,-0.037,1,GLCVY
2026-03-02,57.29859377053489,0.6,hedef,0.043000000000000003,0,GLCVY
2026-03-19,11.710114474577013,0.574,stop,-0.037,1,GLCVY
2026-04-13,15.331966304588782,0.51,stop,-0.037,0,GLCVY
2026-04-29,8.163897564022486,0.573,hedef,0.043000000000000003,2,GLCVY
2026-05-26,11.47993943981832,0.475,acik,,6,GLCVY
2025-06-05,21.737864464919628,0.24,stop,-0.055961424332344405,4,GLRMK
2025-10-28,24.684242795830777,0.801,hedef,0.043000000000000003,2,GLRMK
2025-12-08,8.554102392130561,0.54,hedef,0.043000000000000003,4,GLRMK
2026-03-17,8.53723433376767,0.624,stop,-0.037,0,GLRMK
2026-03-19,15.07405278999505,0.55,hedef,0.043000000000000003,3,GLRMK
2026-04-01,11.92662786800329,0.734,hedef,0.043000000000000003,2,GLRMK
2026-05-26,14.303415356213252,0.373,stop,-0.037,0,GLRMK
2024-06-24,110.83459393022648,1.791,stop,-0.037,0,GLRYH
2024-08-15,13.318104879130782,0.255,hedef,0.043000000000000003,0,GLRYH
2024-09-05,15.680918955719015,1.128,stop,-0.037,0,GLRYH
2024-12-05,10.806163241526942,0.313,hedef,0.043000000000000003,7,GLRYH
2025-03-06,8.819562743875402,0.301,stop,-0.037,0,GLRYH
2025-06-05,25.181006092283205,0.593,hedef,0.043000000000000003,1,GLRYH
2025-09-24,9.529678671931256,0.67,hedef,0.043000000000000003,1,GLRYH
2025-10-28,432.0426778679091,0.755,hedef,0.04433928571428559,1,GLRYH
2026-02-23,39.409286218676144,0.829,stop,-0.037,1,GLRYH
2026-03-11,89.4411019027538,0.981,stop,-0.037,0,GLRYH
2026-05-04,12.497022242189647,0.636,stop,-0.037,0,GLRYH
2024-06-20,10.342925201985954,1.128,stop,-0.037,0,GLYHO
2024-07-11,9.145224000990197,0.448,hedef,0.043000000000000003,0,GLYHO
2024-11-06,8.832184423016534,0.68,hedef,0.043000000000000003,2,GLYHO
2024-11-12,9.354436855533338,0.826,stop,-0.037,0,GLYHO
2025-01-23,48.832343429915504,0.993,stop,-0.037,2,GLYHO
2025-01-24,9.954615421935406,0.974,stop,-0.037,1,GLYHO
2025-02-26,28.914768174119008,0.564,hedef,0.043909090909091016,3,GLYHO
2025-03-19,8.207356480369512,0.769,hedef,0.043000000000000003,0,GLYHO
2025-06-04,27.48497790579318,0.81,stop,-0.037,0,GLYHO
2025-06-05,9.301414545145207,0.73,stop,-0.037,4,GLYHO
2025-08-08,11.421053370195208,0.965,hedef,0.043000000000000003,0,GLYHO
2025-09-17,10.975230489165542,0.882,stop,-0.037,0,GLYHO
2025-10-28,62.40315618932189,1.001,stop,-0.037,1,GLYHO
2026-03-02,8.468957699094009,0.914,stop,-0.037,0,GLYHO
2026-03-19,44.996291395444054,0.824,stop,-0.037,1,GLYHO
2026-05-26,13.812662547289431,0.864,acik,,6,GLYHO
2024-06-13,13.54144841336912,1.24,hedef,0.043000000000000003,0,GMTAS
2024-09-20,543.7117588664121,0.691,stop,-0.037,0,GMTAS
2024-10-28,396.48395014206704,0.579,stop,-0.037,0,GMTAS
2024-11-25,9.030638337435931,0.768,stop,-0.037,1,GMTAS
2025-01-06,25.700825396825508,1.057,stop,-0.037,0,GMTAS
2025-02-28,35.8564109912895,0.834,hedef,0.043000000000000003,1,GMTAS
2025-04-17,13.244881011081652,0.752,hedef,0.043000000000000003,0,GMTAS
2025-06-05,14.01491337086056,0.871,hedef,0.043000000000000003,0,GMTAS
2025-08-11,90.09789872807593,0.749,stop,-0.037,4,GMTAS
2025-09-04,31.80607302533577,0.99,stop,-0.06949999957543818,2,GMTAS
2025-09-08,11.838656181458372,0.868,hedef,0.043000000000000003,0,GMTAS
2025-09-29,21.56562223883636,1.059,hedef,0.089774193548387,1,GMTAS
2025-09-30,27.444273509870108,1.087,hedef,0.11064705882352943,1,GMTAS
2025-10-01,8.097768895413065,1.107,stop,-0.037,0,GMTAS
2025-11-20,10.901017147349688,0.943,stop,-0.037,0,GMTAS
2025-12-15,17.281837704169003,0.927,stop,-0.037,0,GMTAS
2026-01-09,68.59089149786224,1.099,hedef,0.07656290156465817,1,GMTAS
2026-01-12,12.633986509490883,1.079,stop,-0.037,0,GMTAS
2026-03-02,14.338492512897782,0.748,hedef,0.043000000000000003,0,GMTAS
2026-03-19,19.455923875970253,0.825,stop,-0.040333333333333325,1,GMTAS
2026-04-22,10.340853279198429,1.042,stop,-0.037,0,GMTAS
2026-05-21,47.50057606890561,0.873,stop,-0.037,0,GMTAS
2024-06-24,76.59890886575778,1.777,stop,-0.037,0,GOKNR
2024-11-12,8.966265932210204,0.254,stop,-0.037,0,GOKNR
2024-12-24,18.546870211461844,0.154,stop,-0.037,0,GOKNR
2025-03-12,52.14282752687281,0.334,stop,-0.037,0,GOKNR
2025-06-05,17.611132845246743,0.261,stop,-0.037,3,GOKNR
2025-08-20,9.22217807169415,0.327,stop,-0.037,5,GOKNR
2025-10-28,30.8904178114346,0.202,stop,-0.04208771929824561,9,GOKNR
2026-02-18,11.350597628817647,0.244,hedef,0.043000000000000003,0,GOKNR
2026-03-12,15.135257552293403,0.145,stop,-0.037,1,GOKNR
2026-03-19,8.311961678500083,0.096,stop,-0.037,1,GOKNR
2026-05-26,44.865367789846566,0.309,stop,-0.037,3,GOKNR
2024-06-28,8.700319466868194,0.25,stop,-0.037,0,GOODY
2025-02-18,11.488026862242645,0.176,stop,-0.037,3,GOODY
2025-04-29,33.634329735215424,0.192,hedef,0.07327380211574364,1,GOODY
2025-04-30,48.62131043018415,0.295,stop,-0.037,0,GOODY
2025-06-05,28.830571140471083,0.217,stop,-0.043019536019536,4,GOODY
2025-07-16,15.665780429284741,0.262,hedef,0.043000000000000003,3,GOODY
2025-08-08,9.081453396524486,0.318,stop,-0.037,2,GOODY
2025-10-24,197.91277743206803,0.15,hedef,0.043000000000000003,0,GOODY
2026-03-19,9.28370720741816,0.046,stop,-0.037,1,GOODY
2026-03-26,9.54084267232356,0.104,hedef,0.048293324342548856,1,GOODY
2026-03-27,40.583800700502344,0.168,stop,-0.037,0,GOODY
2026-05-26,8.58120773684722,0.232,acik,,6,GOODY
2024-06-20,16.129276974848764,1.174,stop,-0.037,4,GOZDE
2024-07-10,21.59894939965695,0.941,hedef,0.043000000000000003,0,GOZDE
2024-08-05,9.05391741310809,-0.114,hedef,0.048225148683092585,1,GOZDE
2024-10-17,31.41816603154696,0.495,stop,-0.037,1,GOZDE
2024-11-08,18.057247259439706,0.202,hedef,0.043000000000000003,1,GOZDE
2024-11-11,10.092537832666551,0.305,stop,-0.037,7,GOZDE
2025-01-23,67.4562244097918,0.19,stop,-0.037,2,GOZDE
2025-02-21,511.83182135380326,0.135,stop,-0.037,0,GOZDE
2025-05-12,15.096454575024396,0.087,hedef,0.043000000000000003,4,GOZDE
2025-06-05,43.482181347894816,0.03,stop,-0.037,4,GOZDE
2025-10-28,35.476018607635545,0.382,hedef,0.043000000000000003,3,GOZDE
2026-01-23,9.34582195182518,0.574,hedef,0.043000000000000003,4,GOZDE
2026-03-02,55.538206167004276,0.46,hedef,0.043000000000000003,0,GOZDE
2026-03-19,11.44831965611567,0.329,stop,-0.037,1,GOZDE
2026-05-12,11.890801458799487,0.345,stop,-0.037,3,GOZDE
2026-05-26,11.26420955767887,0.237,hedef,0.043000000000000003,5,GOZDE
2024-09-30,18.223075516547816,0.164,stop,-0.037,2,GRNYO
2025-01-28,83.46032372680615,0.282,stop,-0.037,3,GRNYO
2025-04-17,12.073538276069922,0.237,hedef,0.043000000000000003,0,GRNYO
2025-05-30,83.8538062283737,0.186,hedef,0.043000000000000003,0,GRNYO
2025-06-26,11.296142003260279,0.135,stop,-0.037,1,GRNYO
2025-08-18,12.376579598478935,0.738,hedef,0.1257354260089686,1,GRNYO
2025-08-19,25.360538695997878,1.041,stop,-0.037,0,GRNYO
2025-12-11,33.69253663003663,0.753,hedef,0.043000000000000003,0,GRNYO
2026-01-16,38.075695091126775,0.922,stop,-0.037,0,GRNYO
2026-03-18,12.51431823841201,0.614,stop,-0.037,2,GRNYO
2026-04-17,10.872262359571813,0.632,stop,-0.037,1,GRNYO
2024-09-06,14.270160976747801,0.632,stop,-0.037,0,GRSEL
2024-11-08,15.925247343349213,0.74,hedef,0.043000000000000003,3,GRSEL
2025-02-27,13.606444452948606,0.648,hedef,0.043000000000000003,0,GRSEL
2025-04-24,8.713318284424378,0.877,hedef,0.043000000000000003,2,GRSEL
2025-06-05,52.82944703530979,0.773,stop,-0.037,1,GRSEL
2025-10-16,10.595688258115208,0.932,stop,-0.037,3,GRSEL
2025-10-28,18.262198033037333,0.834,hedef,0.043000000000000003,1,GRSEL
2025-11-24,17.535419126328218,0.745,hedef,0.043000000000000003,0,GRSEL
2026-03-19,78.90805492418346,0.758,stop,-0.037,0,GRSEL
2026-04-08,10.084653314133613,0.732,stop,-0.037,0,GRSEL
2026-05-26,8.381909856730001,0.71,acik,,6,GRSEL
2024-08-05,9.569039412011453,-0.054,stop,-0.037,0,GSDDE
2024-10-31,50.39375400156506,0.148,hedef,0.043000000000000003,0,GSDDE
2024-11-27,13.405424728540149,0.224,hedef,0.043000000000000003,2,GSDDE
2024-12-12,48.9802367812839,0.862,hedef,0.043000000000000003,0,GSDDE
2025-03-19,13.645105827948065,0.22,hedef,0.043000000000000003,0,GSDDE
2025-04-08,11.114502809150984,0.429,stop,-0.037,1,GSDDE
2025-05-13,13.357370225269344,0.366,stop,-0.037,3,GSDDE
2025-06-05,22.762839191963902,0.341,hedef,0.043000000000000003,2,GSDDE
2025-09-10,8.71171132790866,0.951,stop,-0.037,0,GSDDE
2025-10-28,19.709544684398782,0.619,hedef,0.043000000000000003,2,GSDDE
2025-12-12,9.665519531485842,0.631,stop,-0.037,2,GSDDE
2026-01-20,12.408554441387878,0.692,stop,-0.037,1,GSDDE
2026-03-12,54.86364267209475,0.679,stop,-0.037,0,GSDDE
2026-04-29,34.785854616895875,0.884,stop,-0.037,0,GSDDE
2026-04-30,9.668437896953305,1.135,hedef,0.09231245225362883,1,GSDDE
2026-05-06,20.828782820765817,1.174,stop,-0.037,0,GSDDE
2026-05-26,8.69940234851093,0.475,stop,-0.037,3,GSDDE
2025-04-09,8.671538684711953,0.344,stop,-0.037,8,GWIND
2025-05-06,12.411312369106808,0.044,hedef,0.043000000000000003,1,GWIND
2025-06-05,25.200850996769365,0.106,stop,-0.037,3,GWIND
2025-10-28,21.240098368324894,0.314,hedef,0.043000000000000003,3,GWIND
2026-03-19,28.487187695531336,0.379,hedef,0.043000000000000003,1,GWIND
2026-04-29,12.09920280157774,0.679,hedef,0.043000000000000003,0,GWIND
2026-05-26,16.40492765556336,0.483,stop,-0.037,4,GWIND
2024-06-26,16.442368765178404,-0.117,stop,-0.037,0,GZNMI
2024-07-23,131.05045556970705,0.836,hedef,0.043000000000000003,1,GZNMI
2024-08-29,17.064906400719366,1.154,hedef,0.043000000000000003,2,GZNMI
2024-10-21,15.79970688812897,1.033,stop,-0.037,0,GZNMI
2024-11-26,359.93465249786243,0.97,hedef,0.043000000000000003,0,GZNMI
2025-01-14,12.447885646217987,0.96,hedef,0.043000000000000003,4,GZNMI
2025-01-29,36.502834128878284,0.839,stop,-0.037,2,GZNMI
2025-02-26,10.14595158114213,0.811,hedef,0.043000000000000003,6,GZNMI
2025-03-19,18.021818181818183,0.902,hedef,0.043000000000000003,0,GZNMI
2025-03-24,12.219835894047028,0.953,hedef,0.043000000000000003,0,GZNMI
2025-04-10,15.315201038378714,0.974,hedef,0.043000000000000003,0,GZNMI
2025-05-26,34.51883248241981,0.846,hedef,0.043000000000000003,0,GZNMI
2025-08-15,39.66748985711766,1.021,hedef,0.05318518518518512,1,GZNMI
2025-10-10,11.704001320931257,0.831,stop,-0.037,1,GZNMI
2025-10-28,21.16378750487076,0.756,stop,-0.037,0,GZNMI
2025-11-20,15.958405388186037,0.247,hedef,0.043000000000000003,0,GZNMI
2025-11-25,27.936774374038325,0.183,stop,-0.037,0,GZNMI
2025-12-31,9.975824331336383,0.11,stop,-0.037,0,GZNMI
2026-02-10,8.58226647700332,0.074,hedef,0.043000000000000003,0,GZNMI
2026-02-11,13.665583111143576,0.092,stop,-0.037,0,GZNMI
2026-02-13,9.571679782299068,0.103,hedef,0.043000000000000003,0,GZNMI
2026-03-05,24.911923832125552,0.112,stop,-0.037,0,GZNMI
2026-04-17,8.94817770188522,0.183,stop,-0.037,0,GZNMI
2026-05-26,304.7700527675358,0.137,stop,-0.037,0,GZNMI
2024-11-06,8.477216886307795,0.13,hedef,0.043000000000000003,0,HATEK
2024-11-08,41.49769293612712,0.272,stop,-0.037,0,HATEK
2024-12-09,25.660582141095215,0.403,stop,-0.037,1,HATEK
2025-03-11,18.033753013661933,1.115,stop,-0.037,0,HATEK
2025-05-21,10.581035492235204,0.899,stop,-0.037,0,HATEK
2025-07-01,29.80670943888647,0.527,stop,-0.10620283436669609,1,HATEK
2025-07-03,18.633927095207845,0.385,hedef,0.043000000000000003,0,HATEK
2025-07-24,8.681830790568654,0.385,stop,-0.037,4,HATEK
2025-08-25,229.5159455616494,0.514,stop,-0.037,0,HATEK
2025-10-28,20.14125911503073,0.249,hedef,0.043000000000000003,1,HATEK
2026-02-17,47.697111631537865,0.309,stop,-0.037,0,HATEK
2026-03-09,14.199821278525416,0.16,hedef,0.043000000000000003,0,HATEK
2026-04-20,15.460355398524369,0.287,stop,-0.037,0,HATEK
2026-04-24,26.411920754078004,0.345,stop,-0.037,0,HATEK
2026-05-26,32.928615316431475,0.279,hedef,0.043000000000000003,1,HATEK
2024-09-06,49.09060175794456,0.431,stop,-0.037,0,HATSN
2024-11-13,26.777580799127232,0.342,stop,-0.037,0,HATSN
2025-06-05,20.038725754310345,0.118,stop,-0.1006368339368856,4,HATSN
2025-07-02,11.619752042828965,0.202,stop,-0.037,0,HATSN
2025-08-07,19.368063227670604,0.497,stop,-0.037,0,HATSN
2025-10-09,42.09308287897175,0.631,stop,-0.037,0,HATSN
2025-10-28,9.975842099852652,0.357,hedef,0.043000000000000003,3,HATSN
2025-12-04,10.540440496020729,0.333,stop,-0.037,0,HATSN
2026-03-19,20.392296718972897,0.098,hedef,0.043000000000000003,5,HATSN
2026-04-22,15.784973062877391,0.429,stop,-0.037,0,HATSN
2026-05-26,74.08005541176043,0.676,hedef,0.043000000000000003,0,HATSN
2024-07-08,9.946392382309766,0.29,stop,-0.037,0,HDFGS
2024-11-18,8.154294345642437,0.145,hedef,0.043000000000000003,9,HDFGS
2025-01-20,19.354071799524295,0.592,stop,-0.037,1,HDFGS
2025-02-06,8.4871349653559,0.461,hedef,0.043000000000000003,0,HDFGS
2025-02-07,16.898184764073985,0.763,hedef,0.13883333399454745,1,HDFGS
2025-02-10,14.612813855297828,1.132,stop,-0.037,0,HDFGS
2025-04-11,13.362178100079348,0.463,stop,-0.037,0,HDFGS
2025-05-30,13.111306163698188,0.303,stop,-0.037,0,HDFGS
2025-10-08,29.538869795828923,0.841,stop,-0.037,0,HDFGS
2025-10-10,10.49169092144658,1.132,hedef,0.09049303621169924,1,HDFGS
2025-10-13,11.162324156298132,1.141,stop,-0.037,0,HDFGS
2025-12-30,8.472219365078034,0.38,stop,-0.037,0,HDFGS
2026-02-10,8.859278899097106,0.454,stop,-0.037,0,HDFGS
2026-03-19,19.946911071107255,0.386,stop,-0.03905128205128205,1,HDFGS
2026-04-09,10.135130559104644,0.483,stop,-0.037,0,HDFGS
2024-08-05,18.864356340596817,-0.14,stop,-0.037,0,HEDEF
2024-08-09,25.694188554068454,0.443,stop,-0.037,0,HEDEF
2024-09-02,18.15520253875827,0.13,stop,-0.037,6,HEDEF
2024-10-31,23.45949327494845,0.063,stop,-0.037,3,HEDEF
2024-11-22,9.737560602194318,0.035,hedef,0.04705405405405417,3,HEDEF
2024-12-17,15.222350763535031,0.107,stop,-0.037,0,HEDEF
2025-01-03,36.053572048161904,0.308,hedef,0.1449999999999999,1,HEDEF
2025-01-06,34.22438680967673,0.505,stop,-0.037,0,HEDEF
2025-02-12,8.707953339105181,0.864,stop,-0.037,1,HEDEF
2025-05-29,100.7303055789206,0.87,stop,-0.037,0,HEDEF
2025-06-05,17.41933764412506,0.924,hedef,0.043000000000000003,1,HEDEF
2025-06-30,12.46703148265685,0.833,hedef,0.043000000000000003,0,HEDEF
2025-07-01,11.202869556309741,0.955,stop,-0.037,0,HEDEF
2025-07-23,34.50942400084345,0.691,stop,-0.09919190968955782,1,HEDEF
2025-07-24,14.24704814023228,0.604,hedef,0.043000000000000003,0,HEDEF
2025-08-01,8.095968161871072,0.75,stop,-0.037,0,HEDEF
2025-09-19,8.068600353909568,1.109,stop,-0.037,0,HEDEF
2025-10-28,41.65891643912452,0.861,stop,-0.037,0,HEDEF
2025-11-25,8.17882474055149,0.577,stop,-0.037,0,HEDEF
2025-12-31,19.577036490969466,0.39,stop,-0.037,0,HEDEF
2026-02-10,10.897534078725785,0.707,stop,-0.037,0,HEDEF
2026-03-11,28.0372269332043,0.968,stop,-0.037,0,HEDEF
2026-03-19,8.42225641656928,0.891,stop,-0.037,0,HEDEF
2026-05-26,51.83872486380888,0.88,stop,-0.037,0,HEDEF
2024-07-31,15.080602982368461,0.864,hedef,0.043000000000000003,0,HKTM
2024-09-27,11.936018481317799,0.076,hedef,0.043000000000000003,0,HKTM
2025-01-15,67.86819379582039,0.247,stop,-0.037,0,HKTM
2025-03-13,11.60910373596712,0.098,stop,-0.037,2,HKTM
2025-04-16,59.75471623178045,0.192,stop,-0.037,0,HKTM
2025-04-25,8.007417114196478,0.299,stop,-0.037,0,HKTM
2025-06-05,118.01797304043934,0.029,stop,-0.05973069679849329,4,HKTM
2025-10-13,8.068265057343085,0.143,stop,-0.037,4,HKTM
2025-10-28,32.586409905803706,0.167,hedef,0.043000000000000003,3,HKTM
2026-01-26,15.062641633496542,0.169,stop,-0.037,3,HKTM
2026-02-06,16.37911936871382,0.251,hedef,0.043000000000000003,0,HKTM
2026-03-19,10.66317343287504,0.118,stop,-0.037,1,HKTM
2026-04-09,20.40668269110393,0.229,stop,-0.037,0,HKTM
2026-05-26,13.329102461902808,0.289,hedef,0.043000000000000003,1,HKTM
2025-01-24,15.624969351338112,0.768,hedef,0.043000000000000003,0,HLGYO
2025-01-27,15.320415363794886,1.049,hedef,0.043000000000000003,0,HLGYO
2025-05-13,16.011822990890376,0.762,stop,-0.037,0,HLGYO
2025-08-20,13.728273868635345,0.938,stop,-0.037,0,HLGYO
2025-10-23,33.79489273567703,0.81,hedef,0.043000000000000003,2,HLGYO
2025-10-24,28.34200605929356,0.838,stop,-0.037,0,HLGYO
2026-03-09,40.742372149665954,1.044,hedef,0.0472056074766355,1,HLGYO
2026-05-26,43.7370125197476,0.929,hedef,0.043000000000000003,2,HLGYO
2024-08-01,10.094702787490604,1.118,hedef,0.043000000000000003,0,HOROZ
2024-09-13,9.944636234408902,0.281,hedef,0.08128315703824252,1,HOROZ
2024-10-16,12.603671516140906,0.276,hedef,0.043000000000000003,0,HOROZ
2025-03-10,10.05017022039061,0.471,stop,-0.037,0,HOROZ
2025-06-05,34.10414977020817,0.127,hedef,0.043000000000000003,1,HOROZ
2025-07-08,10.286478120163219,0.398,stop,-0.037,0,HOROZ
2025-10-28,22.717789818630155,0.575,stop,-0.042313001605136395,8,HOROZ
2026-02-16,8.085600702152924,0.71,hedef,0.043000000000000003,1,HOROZ
2026-03-19,30.08963470185441,0.383,stop,-0.037,1,HOROZ
2026-04-22,10.075770822404849,0.66,hedef,0.043000000000000003,0,HOROZ
2026-04-24,41.85959865525248,0.901,stop,-0.037,1,HOROZ
2024-06-21,16.148048841567146,0.561,stop,-0.10325000000000006,1,HRKET
2025-03-12,14.361543827016973,0.042,stop,-0.07669696969696971,5,HRKET
2025-06-05,110.78137870141569,0.604,hedef,0.043000000000000003,0,HRKET
2025-09-18,13.924903573586132,0.568,hedef,0.043000000000000003,1,HRKET
2025-09-22,20.743679749057097,0.805,stop,-0.037,0,HRKET
2025-10-28,40.86371015348288,0.44,hedef,0.043000000000000003,3,HRKET
2026-03-02,12.14231880417033,0.25,hedef,0.043000000000000003,0,HRKET
2026-05-12,9.54121613412708,0.566,stop,-0.037,0,HRKET
2026-05-26,18.495639149567893,0.701,hedef,0.09271509971509972,1,HRKET
2024-06-24,9.72374283896347,1.089,stop,-0.037,0,HTTBT
2024-08-02,9.465750981090162,1.0,stop,-0.037,0,HTTBT
2024-10-10,17.285151116917188,0.796,stop,-0.037,1,HTTBT
2025-03-04,26.009477311889718,0.582,stop,-0.037,0,HTTBT
2025-05-09,11.81202782556661,0.634,stop,-0.037,11,HTTBT
2025-06-05,32.38820029747149,0.521,stop,-0.0987849898580121,4,HTTBT
2025-07-01,90.20453289110006,0.575,stop,-0.037,0,HTTBT
2025-08-12,28.09115776291072,0.741,hedef,0.043000000000000003,0,HTTBT
2025-09-23,8.50036083714217,0.879,hedef,0.043000000000000003,1,HTTBT
2025-10-28,46.66523235800344,0.778,stop,-0.037,1,HTTBT
2025-12-10,9.22680412371134,0.72,stop,-0.037,0,HTTBT
2026-02-02,16.493266566191842,0.685,hedef,0.043000000000000003,10,HTTBT
2026-02-09,12.01085469305847,0.705,stop,-0.037,2,HTTBT
2026-03-02,11.841370245625566,0.496,hedef,0.043000000000000003,1,HTTBT
2026-03-19,25.422989272413986,0.395,hedef,0.043000000000000003,13,HTTBT
2026-04-13,13.80224003236164,0.514,hedef,0.04534567901234555,7,HTTBT
2026-05-26,24.181976491075314,0.511,hedef,0.043000000000000003,2,HTTBT
2024-06-12,51.71474454291322,-0.045,hedef,0.043000000000000003,2,HUBVC
2024-07-16,10.65687996066587,1.03,stop,-0.037,0,HUBVC
2024-08-15,9.220216808225302,0.113,stop,-0.037,0,HUBVC
2024-10-08,78.59225228291079,0.136,hedef,0.043000000000000003,0,HUBVC
2024-11-25,23.75968768630166,0.316,hedef,0.043000000000000003,0,HUBVC
2024-12-27,8.047786866694688,0.312,hedef,0.043000000000000003,0,HUBVC
2025-02-12,8.827864586995963,0.158,stop,-0.037,0,HUBVC
2025-02-26,8.310378968212172,0.014,hedef,0.043000000000000003,0,HUBVC
2025-10-22,10.605944953316518,0.899,stop,-0.037,0,HUBVC
2025-10-28,46.220909311317264,0.873,hedef,0.043000000000000003,0,HUBVC
2025-12-11,12.67922581327971,0.543,stop,-0.037,0,HUBVC
2025-12-15,12.291236813587133,0.429,hedef,0.043000000000000003,0,HUBVC
2026-03-02,14.772230033005782,0.855,stop,-0.037,0,HUBVC
2026-05-26,45.06524127090639,0.486,hedef,0.043000000000000003,0,HUBVC
2024-08-20,21.753419616314748,0.109,stop,-0.037,1,HUNER
2024-12-31,31.64299270380836,0.5,stop,-0.037,0,HUNER
2025-03-10,9.344604780985971,0.5,hedef,0.043000000000000003,1,HUNER
2025-03-11,32.39636487583835,0.574,stop,-0.037,0,HUNER
2025-06-05,21.13453503472418,0.27,hedef,0.044724137931034476,2,HUNER
2025-07-02,28.46449298830718,0.404,stop,-0.037,0,HUNER
2025-07-23,22.23854096507926,0.93,stop,-0.037,0,HUNER
2025-08-20,8.538275973715052,0.565,stop,-0.037,5,HUNER
2025-10-28,15.655846861969497,0.409,stop,-0.037,8,HUNER
2026-02-02,8.122855798280687,0.148,hedef,0.043000000000000003,1,HUNER
2026-03-19,32.95358731014303,0.104,stop,-0.037,1,HUNER
2026-05-14,9.983955873102463,0.404,stop,-0.037,0,HUNER
2026-05-26,23.949618775684108,0.517,stop,-0.037,0,HUNER
2024-07-09,9.759901231359043,0.519,stop,-0.037,1,ICBCT
2024-07-11,9.505588829969861,0.439,hedef,0.045559726962457366,2,ICBCT
2024-08-27,18.397294515512424,0.129,stop,-0.037,0,ICBCT
2024-09-16,35.24478914202618,0.337,stop,-0.037,0,ICBCT
2024-10-30,11.36673571551873,0.185,hedef,0.043000000000000003,3,ICBCT
2025-02-03,8.110429942728079,0.301,stop,-0.037,0,ICBCT
2025-03-11,40.914654625517784,0.378,stop,-0.037,0,ICBCT
2025-05-02,14.977160988876879,0.253,stop,-0.037,0,ICBCT
2025-06-05,21.62571073786027,0.819,stop,-0.037,0,ICBCT
2025-08-20,8.105543085781205,0.866,stop,-0.037,0,ICBCT
2025-10-28,29.000390363595805,0.475,stop,-0.037,7,ICBCT
2026-02-02,8.717042125467218,0.375,stop,-0.037,0,ICBCT
2026-03-12,32.68232944883855,0.431,stop,-0.037,0,ICBCT
2026-03-19,9.241251923753657,0.439,stop,-0.037,1,ICBCT
2026-04-30,9.607589559635626,0.773,stop,-0.037,0,ICBCT
2026-05-20,39.30269222658486,1.085,stop,-0.037,0,ICBCT
2026-05-22,10.081329340943826,1.142,hedef,0.12811111111111118,1,ICBCT
2026-05-26,51.56952745325915,1.182,stop,-0.037,0,ICBCT
2024-07-01,47.97893094030433,0.21,stop,-0.037,0,ICUGS
2024-08-27,14.515880702277187,0.719,hedef,0.043000000000000003,0,ICUGS
2024-09-18,37.54968017057569,0.686,stop,-0.037,0,ICUGS
2024-10-10,15.905029359203471,0.585,hedef,0.043000000000000003,0,ICUGS
2024-11-08,8.022354053821683,0.726,hedef,0.043000000000000003,1,ICUGS
2024-11-25,75.35564853556485,0.859,hedef,0.043000000000000003,0,ICUGS
2025-01-29,9.618859944246852,0.811,hedef,0.043000000000000003,7,ICUGS
2025-02-24,12.997969543147208,0.73,stop,-0.037,0,ICUGS
2025-02-25,27.68366886561231,0.589,stop,-0.037,0,ICUGS
2025-02-26,9.604354857796537,0.462,stop,-0.12270631970260226,1,ICUGS
2025-04-29,59.195219246706664,0.093,stop,-0.037,0,ICUGS
2025-05-22,19.651017099056602,0.041,hedef,0.043000000000000003,0,ICUGS
2025-05-23,19.470816537451565,0.087,stop,-0.037,0,ICUGS
2025-06-05,32.2473062787942,0.094,stop,-0.037,0,ICUGS
2025-07-21,11.234452455729052,0.441,hedef,0.043000000000000003,0,ICUGS
2025-10-22,22.083914069920905,0.441,hedef,0.09677358490566024,1,ICUGS
2025-10-23,11.318137020403444,0.495,stop,-0.037,0,ICUGS
2025-10-28,20.64922697632308,0.431,hedef,0.043000000000000003,0,ICUGS
2026-02-17,20.119229515013657,0.485,stop,-0.037,0,ICUGS
2026-03-19,26.034899852332714,0.378,hedef,0.043000000000000003,4,ICUGS
2026-05-07,13.714058264702208,1.05,stop,-0.037,0,ICUGS
2024-06-13,13.586359876681787,0.052,stop,-0.037,6,IDGYO
2024-07-30,21.360598700189914,0.411,stop,-0.037,0,IDGYO
2024-10-31,10.900743106623565,0.283,hedef,0.043000000000000003,0,IDGYO
2024-11-04,16.373838749393723,0.575,stop,-0.037,0,IDGYO
2024-11-26,22.361755518000717,0.424,stop,-0.037,0,IDGYO
2025-04-28,12.646012010222801,0.338,hedef,0.043000000000000003,0,IDGYO
2025-06-05,18.439565041022753,0.582,hedef,0.043000000000000003,0,IDGYO
2025-07-08,19.129686288212582,0.568,hedef,0.043000000000000003,0,IDGYO
2025-07-09,15.413852517575299,0.899,stop,-0.037,0,IDGYO
2025-10-28,26.447301641008288,0.556,hedef,0.043000000000000003,3,IDGYO
2025-12-22,64.4629877001544,0.471,stop,-0.037,0,IDGYO
2026-05-11,10.098396289812749,0.532,stop,-0.037,0,IDGYO
2026-05-26,8.869054929152048,0.696,hedef,0.043000000000000003,1,IDGYO
2024-11-06,16.91484110027641,0.151,hedef,0.043000000000000003,0,IHEVA
2024-12-04,9.63513482951128,0.346,stop,-0.037,0,IHEVA
2025-02-11,9.111158182884703,0.198,stop,-0.037,0,IHEVA
2025-07-21,10.828825024850676,0.158,hedef,0.043000000000000003,1,IHEVA
2025-08-11,9.80809479570194,0.309,hedef,0.043000000000000003,0,IHEVA
2025-09-26,31.445480570598285,0.399,hedef,0.043000000000000003,0,IHEVA
2026-01-14,18.484584800332,0.144,stop,-0.037,0,IHEVA
2026-03-02,17.299024638515515,0.07,hedef,0.043000000000000003,0,IHEVA
2026-04-29,14.767285389268077,0.161,stop,-0.037,0,IHEVA
2024-06-28,8.036980319640323,0.708,hedef,0.043000000000000003,0,IHGZT
2024-11-06,99.65398308856253,0.242,hedef,0.043000000000000003,1,IHGZT
2025-01-10,10.805277230076308,0.539,stop,-0.037,0,IHGZT
2025-02-11,8.576712422753252,0.313,hedef,0.043000000000000003,0,IHGZT
2025-02-12,13.067597637636641,0.478,stop,-0.037,0,IHGZT
2025-02-27,16.194446736165485,0.513,hedef,0.043000000000000003,0,IHGZT
2025-10-28,8.162331662985949,0.562,hedef,0.043000000000000003,2,IHGZT
2026-02-16,15.801528650439678,0.463,stop,-0.037,2,IHGZT
2026-02-23,8.25841436036317,0.421,stop,-0.037,2,IHGZT
2024-10-18,10.53911496185445,0.087,stop,-0.037,0,IHLAS
2025-01-10,12.10561424689578,0.852,stop,-0.037,0,IHLAS
2025-02-12,12.872161554327143,0.519,stop,-0.037,0,IHLAS
2025-06-05,10.999876862455363,0.343,hedef,0.043000000000000003,2,IHLAS
2025-07-10,15.66276003576756,0.41,stop,-0.037,0,IHLAS
2025-08-11,15.013678870076134,0.644,hedef,0.0927067448680351,1,IHLAS
2025-10-28,13.993718312542084,0.582,stop,-0.037,0,IHLAS
2025-12-29,45.18720868656334,0.405,stop,-0.037,0,IHLAS
2026-02-16,14.047759286819064,0.395,stop,-0.037,0,IHLAS
2024-09-16,10.784681899540807,0.138,stop,-0.037,0,IHLGM
2024-11-07,23.919869160847114,0.472,stop,-0.037,0,IHLGM
2025-02-11,23.260456902238673,0.408,hedef,0.043000000000000003,0,IHLGM
2025-04-18,9.509183420685392,0.352,stop,-0.037,0,IHLGM
2025-05-07,9.334623565832306,0.503,stop,-0.037,0,IHLGM
2025-06-05,38.83687297656325,0.497,hedef,0.043000000000000003,1,IHLGM
2025-08-11,38.49663278838109,1.064,hedef,0.04563157894736836,1,IHLGM
2025-10-28,21.5928920703834,0.676,hedef,0.043000000000000003,1,IHLGM
2025-12-29,29.712310809761284,0.46,stop,-0.037,0,IHLGM
2026-01-22,9.572000137865272,0.424,hedef,0.043000000000000003,1,IHLGM
2026-02-16,19.330592462440524,0.472,stop,-0.037,2,IHLGM
2026-02-17,24.396001538843134,0.512,stop,-0.037,0,IHLGM
2026-03-11,26.95080272414496,0.4,stop,-0.037,0,IHLGM
2026-05-26,13.41460721137479,0.38,stop,-0.037,5,IHLGM
2024-08-14,50.372727208734275,0.608,stop,-0.10681851179673318,1,IHYAY
2024-09-03,19.959616747604674,0.163,stop,-0.037,0,IHYAY
2024-10-02,9.130293667073456,0.155,stop,-0.037,0,IHYAY
2024-10-24,12.72898749242135,0.224,stop,-0.037,0,IHYAY
2024-12-04,11.04012471468071,0.361,stop,-0.12953829321663035,1,IHYAY
2025-01-30,22.42487961711657,0.125,stop,-0.037,0,IHYAY
2025-02-12,10.30933748762167,0.153,stop,-0.037,0,IHYAY
2025-03-14,26.601411673519866,0.07,stop,-0.037,0,IHYAY
2025-06-05,17.901449408579463,0.034,hedef,0.043000000000000003,2,IHYAY
2025-08-08,17.296739341538327,0.16,stop,-0.037,0,IHYAY
2025-08-11,11.144602350793352,0.164,hedef,0.043000000000000003,0,IHYAY
2025-10-28,20.552824954985642,0.104,hedef,0.043000000000000003,2,IHYAY
2026-02-16,26.45626755660128,0.019,stop,-0.037,3,IHYAY
2026-03-19,25.426319510144936,0.024,stop,-0.037,1,IHYAY
2026-05-06,10.45843668544522,0.037,stop,-0.037,8,IHYAY
2026-05-26,29.32402345755056,0.017,hedef,0.043000000000000003,3,IHYAY
2024-06-21,18.91200816419095,1.395,stop,-0.037,0,IMASM
2024-11-11,20.346592487706577,0.188,stop,-0.037,0,IMASM
2024-11-18,30.768302054579756,0.451,hedef,0.043000000000000003,0,IMASM
2024-12-16,10.4824947211414,0.542,stop,-0.037,0,IMASM
2025-02-07,10.822962116700495,0.251,hedef,0.043000000000000003,0,IMASM
2025-02-24,21.016470521790083,0.28,hedef,0.05225925925925912,1,IMASM
2025-04-30,19.938057065662445,0.377,stop,-0.037,0,IMASM
2025-06-05,19.031227266024104,0.474,hedef,0.043000000000000003,1,IMASM
2025-10-28,73.2495195691627,0.772,hedef,0.043000000000000003,0,IMASM
2025-12-09,23.262004133313457,0.64,hedef,0.043000000000000003,0,IMASM
2026-02-11,10.94804943157338,0.684,stop,-0.037,0,IMASM
2026-03-02,10.810695039631762,0.365,hedef,0.043000000000000003,0,IMASM
2026-03-19,17.989136875062368,0.343,stop,-0.037,1,IMASM
2026-05-26,14.985416022820198,0.273,acik,,6,IMASM
2025-06-05,31.966833907162783,0.134,stop,-0.04637007874015752,4,INDES
2025-08-04,10.141171227036665,0.509,hedef,0.043000000000000003,6,INDES
2025-08-25,18.161747751902237,0.763,stop,-0.037,2,INDES
2025-09-17,13.802828902522155,0.663,hedef,0.043000000000000003,3,INDES
2025-10-28,24.96806291646038,0.66,hedef,0.058351418002466134,3,INDES
2026-03-11,150.30932797056832,0.766,hedef,0.043000000000000003,1,INDES
2026-05-12,15.749146951302198,0.98,stop,-0.037,0,INDES
2026-05-26,11.868882402786932,0.912,hedef,0.043000000000000003,1,INDES
2024-08-08,31.85693641618497,0.802,stop,-0.037,0,INGRM
2024-12-25,10.189655172413794,0.195,hedef,0.043000000000000003,1,INGRM
2025-02-19,10.642398286937901,0.009,stop,-0.037,2,INGRM
2025-03-07,15.323318092749837,0.27,hedef,0.07454761904761897,1,INGRM
2025-03-10,15.581154543101217,0.415,stop,-0.037,0,INGRM
2025-06-05,40.80194410692588,0.044,stop,-0.03948099516240499,4,INGRM
2025-07-14,55.50802139037433,0.237,hedef,0.043000000000000003,8,INGRM
2025-09-04,13.071200850159405,0.547,stop,-0.037,0,INGRM
2025-09-05,10.112464854732895,0.712,stop,-0.037,0,INGRM
2025-10-28,23.746031746031747,0.303,hedef,0.043000000000000003,2,INGRM
2026-01-20,21.194174757281555,0.541,stop,-0.037,0,INGRM
2026-01-22,8.034682080924856,0.61,stop,-0.037,0,INGRM
2026-03-02,82.97297297297298,0.078,hedef,0.043000000000000003,0,INGRM
2026-03-19,43.53917050691244,0.175,stop,-0.037,5,INGRM
2026-04-13,10.110599078341014,0.242,hedef,0.043000000000000003,3,INGRM
2026-05-26,44.200913242009136,0.313,hedef,0.05749704142011825,1,INGRM
2022-08-01,16.057367829021373,0.929,stop,-0.037,0,INTEK
2022-09-30,23.190291001743326,1.447,stop,-0.037,1,INTEK
2022-11-24,16.014114533558775,1.182,hedef,0.09281960312687898,1,INTEK
2023-09-12,10.172138986292635,0.643,stop,-0.037,0,INTEK
2024-08-28,9.25754060324826,0.323,stop,-0.037,0,INTEM
2024-08-29,9.777327935222672,0.744,stop,-0.037,0,INTEM
2024-10-18,24.01766004415011,0.517,stop,-0.037,0,INTEM
2024-11-15,19.37700964630225,0.559,stop,-0.037,0,INTEM
2024-12-04,14.687022900763358,0.374,hedef,0.043000000000000003,3,INTEM
2025-04-11,11.58001916626737,0.463,stop,-0.037,0,INTEM
2025-06-05,9.146496815286625,0.071,stop,-0.037,4,INTEM
2025-09-12,26.343162293940097,1.064,stop,-0.037,0,INTEM
2025-10-03,15.628852240546395,0.865,stop,-0.037,0,INTEM
2025-10-17,9.719154538140861,0.889,stop,-0.037,0,INTEM
2025-10-23,13.620663020978158,0.609,hedef,0.043000000000000003,1,INTEM
2025-10-28,9.14534686149813,0.853,hedef,0.043000000000000003,0,INTEM
2025-12-08,12.400589101620028,0.587,hedef,0.043000000000000003,1,INTEM
2026-01-16,21.2948123154787,0.877,stop,-0.037,0,INTEM
2026-01-19,84.91640614380862,0.716,hedef,0.05829209621993126,1,INTEM
2026-03-03,26.182457358621587,0.506,stop,-0.09962048192771089,1,INTEM
2026-05-26,8.610278372591006,0.364,stop,-0.037,2,INTEM
2024-07-26,13.279284430647667,0.751,stop,-0.037,0,INVEO
2024-09-03,9.284179865283088,0.095,stop,-0.037,5,INVEO
2024-09-27,35.26357034061058,0.272,stop,-0.037,0,INVEO
2024-10-31,9.951399487323862,0.11,stop,-0.037,2,INVEO
2024-11-01,15.068015288835477,0.122,stop,-0.037,1,INVEO
2025-01-06,12.835946776753115,0.13,hedef,0.043000000000000003,0,INVEO
2025-01-07,19.767978715079426,0.396,stop,-0.037,0,INVEO
2025-03-19,8.295162083224893,0.031,hedef,0.043000000000000003,0,INVEO
2025-05-20,141.32278899455832,0.218,hedef,0.07908321377331429,1,INVEO
2025-06-05,15.949837662998425,0.102,hedef,0.043000000000000003,1,INVEO
2025-07-11,20.075756427167196,0.528,stop,-0.037,0,INVEO
2025-08-06,66.36136217160625,1.058,hedef,0.08900679694137648,1,INVEO
2025-08-07,19.972166766653892,1.12,stop,-0.037,0,INVEO
2025-10-21,11.607711424748016,0.557,stop,-0.037,0,INVEO
2025-10-28,22.32443058919948,0.589,hedef,0.043000000000000003,0,INVEO
2026-01-26,12.5121665772663,0.331,hedef,0.043000000000000003,0,INVEO
2026-03-02,18.371012132700617,0.158,hedef,0.043000000000000003,0,INVEO
2026-03-19,16.176855397246463,0.178,stop,-0.037,1,INVEO
2026-05-15,21.886144420938322,0.347,hedef,0.043000000000000003,0,INVEO
2024-07-29,39.253177966101696,0.947,stop,-0.037,0,INVES
2024-10-31,73.78472222222221,0.224,hedef,0.043000000000000003,19,INVES
2024-12-02,10.537735849056604,0.363,hedef,0.043000000000000003,6,INVES
2024-12-17,10.16164994425864,0.045,stop,-0.037,0,INVES
2025-01-31,12.694174757281553,0.041,stop,-0.037,0,INVES
2025-02-13,18.108936170212765,0.173,stop,-0.037,0,INVES
2025-03-18,14.059220389805098,0.443,stop,-0.037,0,INVES
2025-06-05,19.66782006920415,0.264,hedef,0.043000000000000003,1,INVES
2025-06-13,14.509576320371444,0.322,stop,-0.037,0,INVES
2025-07-08,45.103007828594976,0.471,hedef,0.043000000000000003,0,INVES
2025-09-19,29.596127666011192,0.585,stop,-0.12792391304347828,1,INVES
2025-09-23,17.505642088127566,0.431,stop,-0.037,0,INVES
2025-10-28,22.949261400128453,0.215,hedef,0.043000000000000003,1,INVES
2025-11-07,13.02052746423857,0.093,stop,-0.11132900432900428,1,INVES
2025-12-02,21.276124129195694,0.11,hedef,0.043000000000000003,0,INVES
2025-12-03,19.01743100228263,0.153,hedef,0.04582669138090834,1,INVES
2026-03-02,18.804469273743017,0.059,hedef,0.043000000000000003,0,INVES
2026-03-03,48.19953234606391,0.134,hedef,0.043000000000000003,0,INVES
2026-03-04,10.334398151294774,0.176,hedef,0.043000000000000003,0,INVES
2026-03-19,20.6644564486588,0.345,hedef,0.043000000000000003,0,INVES
2026-05-22,20.656707127295363,0.644,hedef,0.043000000000000003,1,INVES
2023-03-20,40.77707327617263,0.403,stop,-0.037,2,ISBIR
2023-05-10,9.823777295364577,0.372,hedef,0.043000000000000003,0,ISBIR
2024-09-18,13.31755280407866,0.459,stop,-0.037,3,ISBIR
2025-07-18,23.188101487314086,0.323,hedef,0.0651649484536082,2,ISBIR
2025-08-11,11.719277164117022,0.342,stop,-0.05400000000000004,1,ISBIR
2025-11-21,9.579941996444942,0.31,stop,-0.04704214963119079,2,ISBIR
2022-02-18,9.900000002558787,1.177,hedef,0.043692932007324166,1,ISBTR
2023-06-13,13.68421052631579,0.968,hedef,0.09299999999999986,1,ISBTR
2023-09-01,9.487179487179487,1.107,hedef,0.09300390294672478,1,ISBTR
2023-10-04,8.157894736842106,0.602,hedef,0.043000000000000003,0,ISBTR
2024-12-09,18.79614404664968,0.909,hedef,0.05148235862735618,1,ISDMR
2024-12-10,14.897900413141475,1.184,stop,-0.037,0,ISDMR
2025-02-13,10.9031944594407,0.499,stop,-0.037,6,ISDMR
2025-04-30,24.929067826753126,0.007,hedef,0.04383732057416279,7,ISDMR
2025-06-05,53.55262385019326,0.154,stop,-0.03898172472872662,4,ISDMR
2025-09-22,8.17711803756077,0.46,hedef,0.043000000000000003,1,ISDMR
2025-10-28,11.968118110811007,0.47,stop,-0.037,8,ISDMR
2026-03-19,39.067737348779744,0.584,hedef,0.043000000000000003,14,ISDMR
2026-04-29,8.121945985714724,0.785,hedef,0.043000000000000003,0,ISDMR
2026-04-30,8.97839090049088,1.035,hedef,0.043000000000000003,1,ISDMR
2026-05-26,14.681482059586756,0.86,hedef,0.043000000000000003,1,ISDMR
2024-10-31,9.833370816380773,0.137,stop,-0.037,2,ISFIN
2025-02-21,15.052347488233224,0.24,hedef,0.043000000000000003,5,ISFIN
2025-03-19,13.940675235578995,0.497,hedef,0.043000000000000003,0,ISFIN
2025-04-29,27.341862982377197,0.449,stop,-0.037,0,ISFIN
2025-05-15,8.294428087884796,0.37,stop,-0.037,3,ISFIN
2025-06-05,43.46276989688372,0.189,hedef,0.043000000000000003,2,ISFIN
2025-07-10,9.018988211370944,0.413,hedef,0.043000000000000003,4,ISFIN
2025-07-18,12.010528929221072,0.558,hedef,0.043000000000000003,4,ISFIN
2025-07-30,47.59209155379289,0.986,stop,-0.037,0,ISFIN
2025-10-24,21.975488970817974,0.954,stop,-0.037,0,ISFIN
2026-01-29,73.06473279117048,1.041,stop,-0.037,0,ISFIN
2026-02-23,10.815037593984963,0.951,stop,-0.037,1,ISFIN
2026-03-19,289.9563408495557,0.772,stop,-0.037,1,ISFIN
2026-04-08,13.035372122023176,0.806,hedef,0.043000000000000003,7,ISFIN
2026-05-26,9.778238672622846,0.799,acik,,6,ISFIN
2024-10-31,37.527610208816704,0.316,hedef,0.0928336106489186,1,ISGSY
2024-11-01,98.27778392571503,0.499,stop,-0.037,0,ISGSY
2024-12-04,17.802274376965883,0.749,stop,-0.037,0,ISGSY
2025-01-16,17.50412881915772,1.095,stop,-0.037,0,ISGSY
2025-02-04,17.954728232086463,0.888,stop,-0.037,0,ISGSY
2025-04-30,48.21054439292461,0.329,stop,-0.037,1,ISGSY
2025-05-06,21.340648083247963,0.467,hedef,0.10059493670886066,1,ISGSY
2025-05-27,18.9493269479679,0.621,stop,-0.037,0,ISGSY
2025-06-05,36.63773713774303,0.604,hedef,0.043000000000000003,0,ISGSY
2025-08-13,54.08238434952144,1.163,hedef,0.0923788819875776,1,ISGSY
2025-10-28,120.38461990987494,0.609,stop,-0.037,1,ISGSY
2026-02-04,13.732312861676311,0.703,hedef,0.043000000000000003,0,ISGSY
2026-02-05,11.074428583869716,0.801,stop,-0.037,1,ISGSY
2026-03-02,10.594988085389224,0.793,hedef,0.043000000000000003,0,ISGSY
2026-03-19,26.84149041700183,0.981,stop,-0.037,1,ISGSY
2026-04-29,24.622373222599723,0.826,stop,-0.037,0,ISGSY
2026-05-26,31.532408190895243,0.656,hedef,0.043000000000000003,1,ISGSY
2025-02-26,27.360852161477652,0.559,stop,-0.037,0,ISGYO
2025-04-25,23.919801409924638,0.135,stop,-0.037,1,ISGYO
2025-06-02,10.04785965479607,0.03,hedef,0.043000000000000003,1,ISGYO
2025-06-05,15.978490047778402,0.11,hedef,0.043000000000000003,2,ISGYO
2025-07-01,359.4388331360819,0.439,hedef,0.043000000000000003,1,ISGYO
2025-10-28,41.461665662138564,0.723,stop,-0.037,1,ISGYO
2025-12-11,9.165156731291901,0.783,hedef,0.043000000000000003,5,ISGYO
2026-02-11,14.35135283263606,0.799,stop,-0.037,6,ISGYO
2026-03-02,30.036872137627647,0.555,hedef,0.043000000000000003,0,ISGYO
2026-03-19,68.35054890645542,0.667,stop,-0.037,1,ISGYO
2026-05-26,9.363771672231385,0.623,acik,,6,ISGYO
2024-06-13,10.311736203421809,0.459,hedef,0.043000000000000003,2,ISSEN
2024-09-12,13.934241692268003,0.01,hedef,0.043000000000000003,2,ISSEN
2025-02-27,27.81207733312117,0.026,stop,-0.037,3,ISSEN
2025-05-12,8.165944028379977,0.155,stop,-0.037,7,ISSEN
2025-05-13,8.435821309335399,0.14,hedef,0.043000000000000003,2,ISSEN
2025-06-05,13.376366979579986,0.093,stop,-0.04647368421052633,4,ISSEN
2025-08-20,20.40173371258296,0.432,stop,-0.037,0,ISSEN
2025-09-15,10.115996825841384,0.214,hedef,0.043000000000000003,0,ISSEN
2025-10-28,27.81741348460045,0.224,stop,-0.037,0,ISSEN
2025-11-25,30.394955194158648,0.239,stop,-0.037,0,ISSEN
2025-12-22,13.376166167928181,0.108,stop,-0.037,2,ISSEN
2026-03-19,8.937684429786495,0.07,hedef,0.043000000000000003,2,ISSEN
2026-05-18,147.97211384207085,0.496,hedef,0.09857768924302801,1,ISSEN
2026-05-20,19.062808517143203,0.653,stop,-0.037,0,ISSEN
2024-07-17,14.563677262866339,1.317,stop,-0.037,1,ISYAT
2024-10-02,8.814461299547373,-0.018,stop,-0.037,2,ISYAT
2024-10-18,25.403005029604635,0.33,hedef,0.043000000000000003,0,ISYAT
2024-11-07,14.64785257647917,0.342,stop,-0.037,0,ISYAT
2025-02-26,8.397320699232152,0.175,stop,-0.037,0,ISYAT
2025-03-18,13.620932888460935,0.299,hedef,0.043000000000000003,0,ISYAT
2025-04-08,15.573338715374136,0.403,hedef,0.08110068649885582,1,ISYAT
2025-05-09,52.065111606442095,0.398,stop,-0.037,0,ISYAT
2025-05-27,38.540108215125365,0.379,stop,-0.037,0,ISYAT
2025-08-18,16.58906996284165,0.539,stop,-0.037,0,ISYAT
2025-09-25,9.069231281419583,0.675,stop,-0.037,2,ISYAT
2025-10-28,16.045640709156192,0.32,stop,-0.037,9,ISYAT
2025-12-10,78.30414352840667,0.563,stop,-0.037,0,ISYAT
2026-01-29,18.623546715226222,0.665,stop,-0.037,0,ISYAT
2026-03-19,11.97593033357111,0.328,stop,-0.037,1,ISYAT
2026-04-08,16.479148227208828,0.284,hedef,0.043000000000000003,18,ISYAT
2026-05-26,15.548647624461182,0.267,stop,-0.037,2,ISYAT
2025-03-10,8.05373657954464,0.643,hedef,0.043000000000000003,0,IZENR
2025-08-18,16.589627191307102,1.11,stop,-0.037,0,IZENR
2025-10-28,42.5983747589788,0.729,hedef,0.043000000000000003,1,IZENR
2025-12-12,18.42664204955839,1.052,stop,-0.037,0,IZENR
2026-01-28,10.679402807899539,0.756,stop,-0.037,0,IZENR
2026-04-17,10.716114377724047,0.869,stop,-0.037,0,IZENR
2026-05-26,32.922119788497334,0.856,stop,-0.037,0,IZENR
2024-07-18,10.205675725642626,0.946,hedef,0.043000000000000003,0,IZFAS
2024-09-30,22.590909090912135,0.723,stop,-0.037,0,IZFAS
2024-10-01,33.272680265317796,0.506,stop,-0.10433441071172955,1,IZFAS
2025-01-06,8.108670285624903,0.798,hedef,0.043000000000000003,2,IZFAS
2025-01-30,8.623381895972763,0.817,stop,-0.037,0,IZFAS
2025-02-14,21.495421521000917,0.681,hedef,0.043000000000000003,6,IZFAS
2025-06-05,18.626563769292712,0.971,stop,-0.037,2,IZFAS
2025-06-30,44.47174196184393,1.001,stop,-0.037,0,IZFAS
2025-07-31,10.830168683212289,0.901,hedef,0.043000000000000003,1,IZFAS
2025-10-28,47.992435479094816,0.737,stop,-0.037,2,IZFAS
2025-11-19,30.143371810898476,0.695,stop,-0.037,0,IZFAS
2025-12-24,8.944242678470907,0.697,hedef,0.043000000000000003,0,IZFAS
2026-02-23,10.699293935583736,0.815,stop,-0.037,0,IZFAS
2026-03-19,222.49138407303215,0.781,hedef,0.043000000000000003,0,IZFAS
2026-04-14,14.426518737170708,0.756,hedef,0.043000000000000003,0,IZFAS
2026-04-17,8.923110141194801,1.047,stop,-0.037,0,IZFAS
2026-05-26,13.15493000825832,0.859,stop,-0.037,2,IZFAS
2024-06-24,20.21318120402342,0.407,hedef,0.043000000000000003,0,IZINV
2024-06-28,14.334413769978763,0.773,stop,-0.037,0,IZINV
2024-07-24,35.73595954218791,0.915,hedef,0.043000000000000003,0,IZINV
2024-08-20,36.29410271596581,1.057,stop,-0.037,0,IZINV
2024-11-19,18.000848896434636,0.14,stop,-0.037,0,IZINV
2025-03-10,41.279105867742935,0.224,stop,-0.037,0,IZINV
2025-03-11,10.340226817878586,0.296,stop,-0.037,0,IZINV
2025-05-06,20.59637404580153,0.287,hedef,0.043000000000000003,0,IZINV
2025-05-07,8.136197875376565,0.367,stop,-0.037,0,IZINV
2025-06-05,12.392362890825218,0.246,stop,-0.05355326768128909,3,IZINV
2025-07-16,16.68226872246696,0.343,hedef,0.043000000000000003,0,IZINV
2025-10-28,84.3770051157548,0.676,stop,-0.037,0,IZINV
2025-12-08,9.139470013947001,0.676,stop,-0.037,0,IZINV
2026-01-02,15.257672264041691,0.507,hedef,0.043000000000000003,1,IZINV
2026-03-23,33.15781274341798,0.46,hedef,0.043000000000000003,0,IZINV
2026-04-29,16.622579121398203,0.676,stop,-0.037,0,IZINV
2026-05-11,18.09516516056568,0.878,stop,-0.037,0,IZINV
2024-09-02,21.765258668465822,0.221,hedef,0.043000000000000003,0,JANTS
2024-09-03,9.24790652385589,0.363,stop,-0.037,0,JANTS
2024-09-20,10.302228835523751,0.494,stop,-0.037,0,JANTS
2024-12-17,45.485227153621295,0.4,stop,-0.037,0,JANTS
2025-03-06,11.223098120618008,0.151,stop,-0.037,0,JANTS
2025-06-05,21.282628055521435,0.029,hedef,0.043000000000000003,0,JANTS
2025-08-15,15.92160247314502,0.391,hedef,0.043000000000000003,0,JANTS
2025-08-18,9.590383022456743,0.532,stop,-0.037,0,JANTS
2025-09-10,31.538589785804497,0.291,stop,-0.037,0,JANTS
2025-10-28,53.064829124882344,0.121,stop,-0.037,7,JANTS
2026-01-05,25.05698442332878,0.099,stop,-0.037,1,JANTS
2026-03-19,24.954530796517254,0.035,hedef,0.043000000000000003,5,JANTS
2024-07-26,13.437221727515583,0.576,stop,-0.037,1,KAPLM
2024-10-16,31.74412247129579,0.136,stop,-0.037,0,KAPLM
2024-10-18,9.166666666666668,0.199,hedef,0.043000000000000003,0,KAPLM
2025-01-10,19.423514538558788,0.354,stop,-0.037,1,KAPLM
2025-02-03,57.47116968698518,0.412,stop,-0.037,0,KAPLM
2025-03-11,10.843672456575684,0.474,stop,-0.037,1,KAPLM
2025-04-14,24.111368909512763,0.434,stop,-0.037,0,KAPLM
2025-06-05,89.14218169537318,0.653,hedef,0.043000000000000003,1,KAPLM
2025-07-08,127.27364438839848,0.527,stop,-0.037,0,KAPLM
2025-08-06,8.617614269788183,0.584,stop,-0.037,4,KAPLM
2025-08-15,33.11219314262528,0.747,stop,-0.037,0,KAPLM
2025-09-04,10.62238028705703,1.051,hedef,0.09273285841495993,1,KAPLM
2025-09-05,11.215997932415842,1.195,stop,-0.037,0,KAPLM
2025-10-28,27.822056344810978,0.81,stop,-0.037,1,KAPLM
2025-12-15,15.636500187758166,0.395,stop,-0.037,0,KAPLM
2025-12-16,16.428465967813377,0.443,stop,-0.037,0,KAPLM
2026-01-15,12.750494071146244,0.508,hedef,0.07137837837837846,1,KAPLM
2026-02-16,10.309117151792158,0.698,stop,-0.037,0,KAPLM
2026-03-11,10.176611796982167,0.535,stop,-0.037,0,KAPLM
2026-05-07,39.6664771650559,0.768,hedef,0.043000000000000003,0,KAPLM
2026-05-26,63.031131678586455,0.754,stop,-0.037,0,KAPLM
2024-06-13,26.746634786706977,1.383,stop,-0.037,0,KAREL
2024-07-29,9.006152223589384,1.062,stop,-0.037,0,KAREL
2024-11-07,15.154916928603503,0.0,stop,-0.037,0,KAREL
2024-12-10,10.420630520275934,0.196,stop,-0.037,1,KAREL
2024-12-26,14.740801303288006,0.276,stop,-0.037,0,KAREL
2025-03-04,8.721356208974786,-0.02,stop,-0.037,0,KAREL
2025-03-19,8.540468887878188,0.062,hedef,0.043000000000000003,0,KAREL
2025-05-05,57.04022425216608,0.127,stop,-0.037,0,KAREL
2025-05-07,12.689483986269893,0.124,hedef,0.048681818181817944,1,KAREL
2025-06-05,65.33119127852808,0.083,stop,-0.08924076281287252,4,KAREL
2025-06-25,8.830139712368956,0.065,hedef,0.043000000000000003,1,KAREL
2025-07-29,15.309576413974863,0.147,stop,-0.037,1,KAREL
2025-08-27,10.091905248082131,0.334,stop,-0.037,0,KAREL
2025-10-22,11.658346088374556,0.181,hedef,0.043000000000000003,1,KAREL
2025-10-28,15.818867826625182,0.24,hedef,0.043000000000000003,2,KAREL
2026-02-16,8.74054477631272,0.252,hedef,0.043000000000000003,1,KAREL
2026-03-19,20.508685216142126,0.108,stop,-0.037,1,KAREL
2026-04-27,12.811251804468014,0.45,hedef,0.043000000000000003,1,KAREL
2026-05-26,40.08784576253056,0.599,stop,-0.037,1,KAREL
2024-07-26,32.50360714463406,1.251,stop,-0.037,0,KARTN
2025-01-10,43.705857665327656,0.515,hedef,0.043000000000000003,0,KARTN
2025-01-13,13.087301587301587,0.631,stop,-0.037,0,KARTN
2025-04-07,8.941549404669862,0.084,hedef,0.043000000000000003,1,KARTN
2025-05-16,79.29158009300484,0.296,stop,-0.037,0,KARTN
2025-06-05,40.02612785229054,0.092,hedef,0.043000000000000003,1,KARTN
2025-08-22,8.825992974871657,0.291,hedef,0.043000000000000003,0,KARTN
2025-09-25,21.005328098710038,0.289,stop,-0.037,0,KARTN
2025-10-28,20.073748220985898,0.096,hedef,0.043000000000000003,1,KARTN
2025-12-01,20.065372043837723,0.143,stop,-0.037,1,KARTN
2026-01-16,36.23818293431553,0.225,stop,-0.037,0,KARTN
2026-03-19,8.203841837745065,0.029,stop,-0.037,0,KARTN
2026-04-06,33.009200907486765,0.168,stop,-0.037,0,KARTN
2026-04-15,20.033507440622845,0.16,hedef,0.043000000000000003,0,KARTN
2026-05-26,14.177191884228744,0.578,hedef,0.043000000000000003,1,KARTN
2026-06-03,10.036423151879813,0.911,hedef,0.09046738296239443,1,KARTN
2025-06-05,29.08426499922361,0.338,hedef,0.043000000000000003,1,KAYSE
2025-10-28,33.63742317122783,0.151,hedef,0.043000000000000003,4,KAYSE
2026-02-17,11.192054211900082,0.563,hedef,0.043000000000000003,0,KAYSE
2026-05-07,8.11820917809171,0.466,stop,-0.037,0,KAYSE
2024-09-12,9.95558509345005,0.301,stop,-0.037,0,KBORU
2024-10-28,17.07476204273064,0.333,hedef,0.043000000000000003,1,KBORU
2025-01-27,14.159511974696727,0.426,stop,-0.037,1,KBORU
2025-03-04,8.944931319534886,0.163,stop,-0.037,0,KBORU
2025-06-05,38.30087643290774,0.283,hedef,0.043000000000000003,1,KBORU
2025-09-15,8.988422897484641,0.649,stop,-0.037,0,KBORU
2025-10-28,31.591468290107795,0.476,hedef,0.043000000000000003,1,KBORU
2026-03-19,21.06267347748001,0.575,stop,-0.037,1,KBORU
2026-04-06,9.174490358262887,0.801,stop,-0.037,0,KBORU
2026-04-30,26.207349155610906,1.046,stop,-0.037,0,KBORU
2026-05-26,17.772433393233868,0.837,stop,-0.037,1,KBORU
2023-02-28,11.14449541286556,0.491,hedef,0.08052417794970956,1,KENT
2023-08-10,9.302418283285279,0.94,hedef,0.0907080820265379,1,KENT
2023-10-24,8.15587967183717,0.804,hedef,0.09282032341784807,1,KENT
2024-12-13,8.986585365852006,0.705,stop,-0.037,0,KENT
2026-01-30,8.50349650349264,0.459,stop,-0.037,0,KENT
2022-08-11,11.303244457481629,1.222,stop,-0.037,0,KERVN
2022-10-21,8.444017422315437,0.917,hedef,0.09300000000000008,1,KERVN
2023-01-18,13.962465805981047,0.678,stop,-0.037,0,KERVN
2023-04-18,9.807878923980429,0.556,stop,-0.037,1,KERVN
2023-04-19,8.276993396532449,0.578,stop,-0.037,0,KERVN
2023-06-12,18.215395774843746,0.467,stop,-0.037,1,KERVN
2023-07-13,15.152769766602768,0.611,stop,-0.05507692307692313,1,KERVN
2023-11-15,10.946062376383413,0.77,stop,-0.037,0,KERVN
2024-02-16,11.11489175504761,0.91,hedef,0.09300000000000008,1,KERVN
2024-06-25,11.996569456084776,0.714,stop,-0.037,1,KERVN
2024-11-11,8.094991037505643,0.832,hedef,0.043000000000000003,0,KERVN
2025-03-12,8.373846758266822,0.827,hedef,0.09256709956709963,1,KERVN
2025-03-13,12.909731193790872,0.932,stop,-0.037,2,KERVN
2025-06-04,10.126227855773475,0.623,stop,-0.037,7,KERVN
2025-08-05,13.372471192369234,0.95,stop,-0.037,1,KERVN
2026-05-11,15.661434126247372,1.072,stop,-0.06962230919765167,1,KERVN
2024-06-14,16.188569923623913,1.15,stop,-0.037,0,KFEIN
2024-07-24,20.685391833629215,0.459,hedef,0.043000000000000003,0,KFEIN
2024-08-26,8.733749681366302,0.014,stop,-0.037,0,KFEIN
2024-09-10,109.68815863047872,0.431,stop,-0.037,0,KFEIN
2024-09-11,9.720288178773652,0.431,stop,-0.037,0,KFEIN
2024-11-12,71.85358627610265,0.245,stop,-0.0468365679264554,1,KFEIN
2024-12-05,78.55163164953062,0.167,stop,-0.037,0,KFEIN
2025-03-05,14.145128149670164,0.109,hedef,0.043000000000000003,0,KFEIN
2025-03-12,14.335151721786566,0.503,hedef,0.043000000000000003,1,KFEIN
2025-04-08,11.6431948751843,0.704,hedef,0.043000000000000003,1,KFEIN
2025-04-09,11.574999102666874,0.799,stop,-0.037,1,KFEIN
2025-05-13,21.485661788831287,0.382,stop,-0.037,0,KFEIN
2025-06-05,40.53642459370383,0.142,hedef,0.043000000000000003,3,KFEIN
2025-08-01,15.460712072171338,0.471,hedef,0.04850581915846009,1,KFEIN
2025-08-04,15.870451279946046,0.572,stop,-0.037,0,KFEIN
2025-10-07,21.371823519300882,0.327,stop,-0.037,0,KFEIN
2025-10-28,76.38923040793492,0.19,hedef,0.043000000000000003,1,KFEIN
2026-03-11,12.337503478518808,0.125,stop,-0.037,2,KFEIN
2026-05-20,62.09933720388517,0.397,stop,-0.037,0,KFEIN
2026-05-26,38.54423221152185,0.239,hedef,0.043000000000000003,0,KFEIN
2024-09-02,41.59679311693391,0.113,hedef,0.043000000000000003,3,KIMMR
2024-09-23,19.794466260763052,0.504,hedef,0.08536947791164662,1,KIMMR
2024-09-24,38.193535908273695,0.777,stop,-0.037,0,KIMMR
2024-10-31,63.84513877064533,0.457,hedef,0.043000000000000003,0,KIMMR
2025-02-28,8.109988660962786,0.786,hedef,0.043000000000000003,0,KIMMR
2025-03-04,10.642806468509445,0.636,stop,-0.08421280602636527,1,KIMMR
2025-03-05,35.42770037120301,0.415,stop,-0.037,1,KIMMR
2025-04-17,8.269951581312574,0.174,hedef,0.043000000000000003,2,KIMMR
2025-05-02,13.565235171210777,0.458,hedef,0.07295846313603327,1,KIMMR
2025-05-05,20.778837670930745,0.637,stop,-0.037,0,KIMMR
2025-06-05,16.66391782709451,0.738,hedef,0.043000000000000003,1,KIMMR
2025-09-25,14.603489427505295,1.02,stop,-0.037,0,KIMMR
2025-10-28,47.33407140880155,0.673,stop,-0.037,1,KIMMR
2026-01-12,12.31509191962377,0.607,stop,-0.037,0,KIMMR
2026-02-16,32.84203936843569,1.047,stop,-0.037,0,KIMMR
2026-03-02,15.508724000506962,0.534,hedef,0.043000000000000003,0,KIMMR
2026-03-03,32.87896776505903,0.784,hedef,0.043000000000000003,1,KIMMR
2026-03-19,12.917283901189094,0.81,stop,-0.037,1,KIMMR
2026-04-06,13.302224777743376,0.708,hedef,0.043000000000000003,0,KIMMR
2026-05-04,8.120691565998005,0.672,stop,-0.037,2,KIMMR
2026-05-26,21.325286323056126,0.693,stop,-0.037,3,KIMMR
2024-12-25,9.65178925322594,0.544,stop,-0.037,0,KLGYO
2025-03-19,13.94202995063722,0.72,stop,-0.037,0,KLGYO
2025-05-12,24.084983099951714,0.456,hedef,0.043000000000000003,2,KLGYO
2025-06-05,14.859389356411603,0.62,hedef,0.043000000000000003,1,KLGYO
2025-10-08,32.46908378452399,0.848,hedef,0.043000000000000003,0,KLGYO
2025-10-09,10.022843125632631,1.051,stop,-0.037,0,KLGYO
2025-10-28,16.309695416326665,0.685,stop,-0.037,1,KLGYO
2026-01-09,17.713280516770393,0.818,hedef,0.043000000000000003,0,KLGYO
2026-01-12,11.44401580604961,0.995,hedef,0.043000000000000003,0,KLGYO
2026-02-16,8.918082005331895,0.856,stop,-0.037,0,KLGYO
2026-03-19,18.424088124595016,0.457,stop,-0.037,1,KLGYO
2026-05-26,13.975284842522303,0.29,hedef,0.043000000000000003,4,KLGYO
2024-06-13,10.21680568160537,0.469,hedef,0.043000000000000003,0,KLKIM
2024-12-09,8.45811984546675,0.795,hedef,0.05773079249848768,1,KLKIM
2025-01-03,9.341898914885686,0.846,stop,-0.037,0,KLKIM
2025-02-07,9.29618455389451,0.554,stop,-0.037,2,KLKIM
2025-03-06,13.048529092656313,0.735,hedef,0.043000000000000003,2,KLKIM
2025-06-05,63.70092906650937,0.405,stop,-0.08345051194539255,4,KLKIM
2025-10-07,9.47105355836697,0.661,stop,-0.037,4,KLKIM
2025-10-28,32.66526289903632,0.68,hedef,0.043000000000000003,4,KLKIM
2026-03-10,44.60376561037707,0.703,stop,-0.037,0,KLKIM
2026-05-08,11.267743080198722,0.518,stop,-0.037,3,KLKIM
2026-05-26,9.075489366843886,0.403,acik,,6,KLKIM
2025-03-24,8.091339494304204,-0.008,hedef,0.043000000000000003,0,KLMSN
2025-06-05,27.824046920821115,0.217,hedef,0.043000000000000003,1,KLMSN
2025-06-18,12.355081967213115,0.472,stop,-0.037,0,KLMSN
2025-07-16,22.775234636728637,0.476,hedef,0.043000000000000003,4,KLMSN
2025-08-14,62.67821585025886,0.899,stop,-0.037,0,KLMSN
2025-09-24,12.260932431904333,1.066,stop,-0.037,0,KLMSN
2025-10-28,43.367286837820046,0.349,hedef,0.043000000000000003,0,KLMSN
2025-12-26,42.45054588693114,0.401,stop,-0.037,0,KLMSN
2026-01-22,31.480687263389193,0.344,stop,-0.037,0,KLMSN
2026-02-27,47.03826255941595,0.377,hedef,0.043000000000000003,0,KLMSN
2026-03-19,10.912628453984928,0.24,hedef,0.043000000000000003,8,KLMSN
2026-04-14,12.305007628845258,0.472,hedef,0.043000000000000003,0,KLMSN
2026-05-26,18.717685388483602,0.366,hedef,0.043000000000000003,3,KLMSN
2024-07-08,12.56459389294103,0.467,hedef,0.043000000000000003,0,KLSER
2024-07-09,29.40235290049876,1.144,stop,-0.037,0,KLSER
2025-06-05,26.623256360883687,0.069,stop,-0.08907934336525303,4,KLSER
2025-07-31,18.50789031897034,0.278,stop,-0.037,1,KLSER
2025-10-28,31.006640381821956,0.101,hedef,0.043000000000000003,2,KLSER
2026-03-17,13.419807797639795,0.031,hedef,0.043000000000000003,2,KLSER
2026-03-19,154.91138309256286,0.045,hedef,0.043000000000000003,0,KLSER
2026-05-07,11.566261993192933,0.164,hedef,0.043000000000000003,0,KLSER
2026-05-26,38.90672238314577,0.108,hedef,0.043000000000000003,1,KLSER
2026-06-02,8.507014538530608,0.212,stop,-0.037,0,KLSER
2024-08-19,55.66502637448225,0.761,stop,-0.037,0,KLSYN
2024-09-27,8.380600308982563,0.157,stop,-0.037,0,KLSYN
2024-11-12,21.287047650237433,0.453,hedef,0.043000000000000003,8,KLSYN
2024-12-03,69.44911858974359,0.812,stop,-0.037,0,KLSYN
2025-01-31,80.14806137537687,0.614,stop,-0.037,1,KLSYN
2025-02-18,18.5980872057359,0.761,stop,-0.037,0,KLSYN
2025-03-19,8.614581195411736,0.637,stop,-0.037,1,KLSYN
2025-06-05,11.235355266484982,0.435,hedef,0.043000000000000003,1,KLSYN
2025-07-14,65.2559641368068,0.637,stop,-0.037,0,KLSYN
2025-08-21,18.91807370775933,0.856,stop,-0.037,4,KLSYN
2025-09-16,10.886594913448324,1.0,stop,-0.037,0,KLSYN
2025-10-28,38.39497444337556,0.419,stop,-0.037,8,KLSYN
2026-01-08,18.76445530584828,1.065,stop,-0.037,0,KLSYN
2026-03-19,33.265172867854304,0.94,hedef,0.043000000000000003,1,KLSYN
2026-04-28,20.57702772515929,1.061,stop,-0.037,0,KLSYN
2026-05-26,49.868353285683135,0.663,hedef,0.043000000000000003,0,KLSYN
2025-03-06,21.98759722514192,0.125,hedef,0.043000000000000003,0,KOCMT
2025-05-09,9.75480391601147,0.199,hedef,0.043000000000000003,0,KOCMT
2025-06-05,10.96726139203438,0.147,stop,-0.037,0,KOCMT
2025-07-24,77.99448540613083,0.281,hedef,0.043000000000000003,6,KOCMT
2025-09-08,9.619444152875548,0.474,stop,-0.037,4,KOCMT
2025-10-28,112.22301636314167,0.467,hedef,0.043000000000000003,2,KOCMT
2026-03-19,26.79458497342437,0.28,stop,-0.037,1,KOCMT
2026-05-26,16.90239158616951,0.306,acik,,6,KOCMT
2024-07-16,10.94797318864074,0.801,stop,-0.037,0,KONKA
2024-08-14,15.276230504353748,0.726,stop,-0.037,0,KONKA
2025-05-09,26.186893502029907,0.33,stop,-0.037,0,KONKA
2025-06-05,44.31086773378744,0.154,stop,-0.11945465564298374,4,KONKA
2025-10-17,15.974197331770531,1.016,stop,-0.037,0,KONKA
2025-10-28,10.194776957016773,0.816,stop,-0.037,1,KONKA
2026-01-30,10.200946861611914,0.665,stop,-0.037,0,KONKA
2026-03-12,22.265138762335706,0.776,stop,-0.037,0,KONKA
2026-05-12,14.383849812475116,0.788,stop,-0.037,0,KONKA
2024-06-28,15.698314958609709,1.39,stop,-0.037,0,KOPOL
2024-07-16,120.39760654804061,0.792,stop,-0.037,1,KOPOL
2024-10-03,32.32873506863969,0.049,stop,-0.037,0,KOPOL
2024-10-25,18.269205522060975,0.062,hedef,0.043000000000000003,0,KOPOL
2024-11-21,9.949793161970089,0.093,hedef,0.043000000000000003,0,KOPOL
2024-11-22,39.41796567623284,0.211,hedef,0.043000000000000003,0,KOPOL
2025-01-17,16.7014527700449,0.357,stop,-0.037,0,KOPOL
2025-09-15,19.682371201800226,0.404,hedef,0.043000000000000003,0,KOPOL
2025-10-27,8.423696268294735,0.471,hedef,0.043000000000000003,0,KOPOL
2025-10-28,38.450759489450746,0.592,stop,-0.037,2,KOPOL
2025-12-15,38.41980277546174,0.423,stop,-0.037,0,KOPOL
2026-02-13,33.98156683542099,0.476,stop,-0.037,0,KOPOL
2026-03-02,8.266667313281799,0.315,hedef,0.043000000000000003,1,KOPOL
2026-03-19,22.397827124919374,0.345,stop,-0.037,1,KOPOL
2026-05-22,33.52783521658507,0.14,hedef,0.043000000000000003,0,KOPOL
2026-05-26,19.500235593775834,0.315,hedef,0.043000000000000003,0,KOPOL
2024-12-09,8.663156318626474,0.17,stop,-0.037,9,KORDS
2025-03-03,14.441188979726856,-0.031,stop,-0.037,1,KORDS
2025-06-05,11.569509783868549,0.085,stop,-0.059816901408450744,4,KORDS
2025-09-15,109.16122288999217,0.16,stop,-0.037,0,KORDS
2025-10-24,39.074162083870824,0.059,hedef,0.043000000000000003,1,KORDS
2026-03-06,9.163783409739642,0.128,stop,-0.037,0,KORDS
2026-05-12,9.06917878251328,0.465,hedef,0.043000000000000003,0,KORDS
2026-05-14,12.91105454875478,0.793,stop,-0.037,0,KORDS
2024-08-02,11.155049256559233,0.49,hedef,0.043000000000000003,0,KOTON
2025-06-05,27.6650818451882,0.076,stop,-0.058782111634162686,4,KOTON
2025-10-21,8.071149574940645,0.306,stop,-0.037,2,KOTON
2025-10-28,9.018824841909906,0.261,hedef,0.043000000000000003,3,KOTON
2026-03-19,11.38059953300671,0.11,stop,-0.037,1,KOTON
2026-05-26,9.124696795608324,0.09,acik,,6,KOTON
2024-09-02,15.148472758192163,0.036,stop,-0.037,1,KRDMA
2024-11-19,8.82546379599181,0.627,hedef,0.043000000000000003,0,KRDMA
2024-12-09,8.750092080488661,0.924,stop,-0.037,1,KRDMA
2025-05-26,271.74747296985163,0.677,hedef,0.043000000000000003,0,KRDMA
2025-05-27,9.914749795237672,0.731,hedef,0.043000000000000003,2,KRDMA
2025-09-11,9.852218993904176,0.507,stop,-0.037,0,KRDMA
2025-10-09,15.72425142573253,0.361,stop,-0.037,2,KRDMA
2025-10-28,21.329049661296924,0.322,stop,-0.037,5,KRDMA
2026-03-19,11.887046867848618,0.356,stop,-0.037,1,KRDMA
2026-05-05,11.894410966161182,0.595,hedef,0.043000000000000003,0,KRDMA
2026-05-26,12.978618083176373,0.513,hedef,0.043000000000000003,1,KRDMA
2024-11-22,19.959088252483927,0.893,hedef,0.043000000000000003,1,KRDMB
2025-03-06,14.670467220225554,0.858,hedef,0.043000000000000003,2,KRDMB
2025-04-22,9.590751347233585,0.495,hedef,0.043000000000000003,4,KRDMB
2025-06-05,39.78569087930093,0.564,stop,-0.037,4,KRDMB
2025-06-23,8.563185484708333,0.97,stop,-0.037,0,KRDMB
2025-10-28,25.136801896127206,0.725,stop,-0.037,2,KRDMB
2026-01-09,20.899329881206214,0.642,hedef,0.043000000000000003,2,KRDMB
2026-03-05,25.403627471841833,0.963,hedef,0.043000000000000003,0,KRDMB
2026-03-09,14.609237574015756,0.97,hedef,0.043000000000000003,1,KRDMB
2026-04-07,10.672027441511405,0.988,stop,-0.037,1,KRDMB
2026-04-28,15.238196189396541,0.994,hedef,0.043000000000000003,0,KRDMB
2026-05-11,9.801020924998568,0.937,hedef,0.043000000000000003,0,KRDMB
2026-05-14,9.539111437540058,0.958,hedef,0.043000000000000003,1,KRDMB
2026-05-26,8.805112451751624,0.94,hedef,0.043000000000000003,0,KRDMB
2024-09-12,8.07678055287939,0.592,hedef,0.043000000000000003,3,KRGYO
2024-10-07,22.82682007538091,0.745,stop,-0.037,2,KRGYO
2024-11-05,47.38038610038509,0.981,stop,-0.037,0,KRGYO
2024-11-29,9.42530954416322,0.969,hedef,0.09255643177820272,1,KRGYO
2024-12-02,37.0302940741834,1.213,stop,-0.037,0,KRGYO
2025-01-14,16.63328879921459,0.555,hedef,0.043000000000000003,1,KRGYO
2025-02-20,13.642875646651353,1.019,stop,-0.037,0,KRGYO
2025-02-28,16.354349869956984,0.819,hedef,0.043000000000000003,0,KRGYO
2025-05-30,22.116560967547322,0.484,hedef,0.043000000000000003,0,KRGYO
2025-06-02,11.055134949249666,0.413,stop,-0.037,0,KRGYO
2025-06-05,11.128806536747181,0.332,hedef,0.043000000000000003,1,KRGYO
2025-07-04,8.507709706782961,0.19,stop,-0.037,0,KRGYO
2025-07-25,13.178702587990639,0.504,stop,-0.037,0,KRGYO
2025-10-23,71.71346336805735,0.308,stop,-0.037,0,KRGYO
2026-01-07,18.05132317562149,0.239,stop,-0.037,0,KRGYO
2026-03-19,42.13885252530791,0.163,stop,-0.037,1,KRGYO
2026-04-20,10.105377637911884,0.199,stop,-0.04136426116838487,7,KRGYO
2026-05-26,22.671689037801396,0.157,acik,,6,KRGYO
2024-09-23,37.37756542512759,0.421,stop,-0.037,0,KRPLS
2024-10-10,8.50791493217795,0.293,stop,-0.037,0,KRPLS
2024-12-17,12.383926948936944,0.703,stop,-0.037,5,KRPLS
2024-12-18,9.922283236698673,0.764,stop,-0.04734229828850855,1,KRPLS
2025-05-14,140.72048456468073,0.377,stop,-0.037,1,KRPLS
2025-06-05,20.837238196663115,0.321,stop,-0.037,4,KRPLS
2025-07-18,34.95131949782219,0.825,stop,-0.037,0,KRPLS
2025-10-28,19.224092355310336,0.604,stop,-0.037,7,KRPLS
2025-12-03,47.25312600192369,0.564,stop,-0.037,0,KRPLS
2026-01-15,37.605306861931005,0.767,stop,-0.037,0,KRPLS
2026-03-02,9.675513380252593,0.23,hedef,0.043000000000000003,0,KRPLS
2026-03-19,10.922841205882193,0.451,stop,-0.037,1,KRPLS
2026-05-05,9.515702736318408,0.673,hedef,0.043000000000000003,2,KRPLS
2026-05-26,140.96652315262278,0.619,hedef,0.043000000000000003,1,KRPLS
2024-08-05,14.396809571286141,0.138,stop,-0.037,0,KRTEK
2024-10-02,38.977370689655174,0.319,hedef,0.043000000000000003,0,KRTEK
2024-11-15,38.62032275226104,0.675,stop,-0.037,1,KRTEK
2024-12-11,23.87671066973477,0.726,stop,-0.037,0,KRTEK
2025-02-03,9.027008005630334,0.402,hedef,0.043000000000000003,0,KRTEK
2025-02-07,15.23227005264788,0.559,stop,-0.037,0,KRTEK
2025-04-11,65.22319937660025,0.269,stop,-0.037,0,KRTEK
2025-04-22,25.532428797540735,0.526,stop,-0.037,0,KRTEK
2025-06-05,239.32232504017287,0.147,hedef,0.043000000000000003,0,KRTEK
2025-07-08,28.168158028026337,0.064,hedef,0.043000000000000003,8,KRTEK
2025-07-28,9.356333804248148,0.284,stop,-0.037,1,KRTEK
2025-08-08,11.303551387401798,0.472,stop,-0.037,0,KRTEK
2025-10-28,61.252288234315195,0.459,hedef,0.043000000000000003,0,KRTEK
2025-11-04,8.268599374712103,0.491,stop,-0.037,0,KRTEK
2026-01-15,8.778327020607305,0.209,hedef,0.043000000000000003,1,KRTEK
2026-03-19,8.690193121846546,0.205,stop,-0.037,4,KRTEK
2026-04-14,11.656823127137084,0.074,hedef,0.043000000000000003,1,KRTEK
2026-05-11,9.784040785931145,0.239,stop,-0.037,1,KRTEK
2024-07-26,13.843840516627582,0.404,stop,-0.037,0,KRVGD
2024-12-16,9.01723870413323,0.16,hedef,0.043000000000000003,0,KRVGD
2025-03-19,11.904729360306177,0.171,stop,-0.037,0,KRVGD
2025-10-28,10.021947599748843,0.397,stop,-0.037,9,KRVGD
2026-03-02,13.414482253183111,0.555,hedef,0.043000000000000003,0,KRVGD
2026-03-19,17.49422769023342,0.519,stop,-0.037,1,KRVGD
2026-04-13,11.297900804482115,0.575,stop,-0.037,0,KRVGD
2026-05-12,11.598686248724487,0.794,stop,-0.037,0,KRVGD
2022-10-31,89.28556255753027,0.6,stop,-0.037,0,KUVVA
2022-12-09,40.85806689319196,0.493,hedef,0.043000000000000003,0,KUVVA
2023-03-10,18.756389428220473,0.099,stop,-0.037,1,KUVVA
2023-04-06,73.37972166998013,0.34,stop,-0.037,2,KUVVA
2023-09-25,9.301007556675064,0.871,hedef,0.043000000000000003,0,KUVVA
2024-05-21,8.199494880916818,0.334,hedef,0.08435004042037197,1,KUVVA
2024-05-22,9.100294442399706,0.425,stop,-0.037,0,KUVVA
2025-03-05,20.26094835397161,0.304,hedef,0.043000000000000003,1,KUVVA
2025-04-21,9.26529010741086,0.435,hedef,0.043000000000000003,0,KUVVA
2025-08-06,12.477194211389362,0.877,stop,-0.037,2,KUVVA
2025-08-25,9.537895908523627,0.877,hedef,0.10411111111111115,3,KUVVA
2025-11-07,25.036488197185196,0.931,hedef,0.043000000000000003,1,KUVVA
2026-01-06,13.800442477876107,0.824,stop,-0.037,1,KUVVA
2026-03-06,13.443490054249548,0.676,stop,-0.037,0,KUVVA
2026-04-24,13.447248785076031,0.613,hedef,0.043000000000000003,0,KUVVA
2025-06-05,27.68906644116232,0.364,hedef,0.043000000000000003,2,KZGYO
2025-10-22,14.414712743663754,0.857,stop,-0.037,0,KZGYO
2025-10-28,13.445876107850244,0.909,hedef,0.043000000000000003,3,KZGYO
2026-02-16,9.476124930357551,0.849,hedef,0.043000000000000003,2,KZGYO
2026-03-18,8.59084378136871,0.456,stop,-0.037,1,KZGYO
2026-03-19,14.97265227161279,0.411,stop,-0.037,1,KZGYO
2026-05-07,10.522241618009993,0.785,hedef,0.043000000000000003,0,KZGYO
2026-05-26,13.243092588119438,0.613,hedef,0.043000000000000003,3,KZGYO
2024-07-29,11.520495153567675,0.515,stop,-0.05828205128205121,5,LIDER
2024-08-06,8.494023420908926,0.413,hedef,0.043000000000000003,0,LIDER
2024-11-26,9.712115326513876,0.973,stop,-0.037,3,LIDER
2025-01-02,10.948184863922162,0.905,stop,-0.037,0,LIDER
2025-04-15,19.6471147447476,0.641,hedef,0.043000000000000003,0,LIDER
2025-08-06,15.650431951921872,0.797,hedef,0.043000000000000003,9,LIDER
2025-08-11,20.92469627662191,0.773,hedef,0.043000000000000003,0,LIDER
2025-08-29,40.93327875562833,0.903,hedef,0.043000000000000003,0,LIDER
2025-09-18,12.629246676514033,0.994,stop,-0.037,1,LIDER
2025-10-01,19.63226076055161,0.932,stop,-0.037,0,LIDER
2025-10-06,17.44072664128765,0.936,hedef,0.043000000000000003,1,LIDER
2025-10-28,11.082976333041149,0.906,hedef,0.043000000000000003,5,LIDER
2025-11-19,12.562069051352898,1.079,stop,-0.037,0,LIDER
2024-12-04,15.721609884318202,0.229,stop,-0.037,0,LIDFA
2024-12-06,11.133935019496148,0.289,hedef,0.043000000000000003,6,LIDFA
2025-02-20,27.47310347640808,0.229,hedef,0.043000000000000003,0,LIDFA
2025-05-06,8.558316185282052,0.874,stop,-0.037,0,LIDFA
2025-05-09,12.902275952614014,0.904,stop,-0.037,0,LIDFA
2025-06-05,9.67687209595506,0.647,hedef,0.043000000000000003,2,LIDFA
2025-08-08,38.87817677183837,1.09,stop,-0.037,0,LIDFA
2025-10-28,19.292950491271867,0.701,hedef,0.043000000000000003,3,LIDFA
2026-01-16,16.239040519358934,1.0,hedef,0.043000000000000003,0,LIDFA
2026-03-02,12.956898085347675,0.71,hedef,0.043000000000000003,0,LIDFA
2026-03-19,51.226336434975515,0.984,stop,-0.037,0,LIDFA
2026-05-06,23.133445628388593,0.752,hedef,0.043000000000000003,0,LIDFA
2026-05-25,8.007641772056662,0.618,hedef,0.043000000000000003,0,LIDFA
2024-08-02,10.711785888708981,0.792,hedef,0.043000000000000003,0,LILAK
2024-10-25,11.022659922545445,0.257,hedef,0.043000000000000003,0,LILAK
2025-02-14,9.397014264905627,0.346,stop,-0.037,2,LILAK
2025-06-05,12.181705500744695,0.087,stop,-0.0531401952085182,4,LILAK
2025-08-06,9.354464641859934,0.647,stop,-0.037,1,LILAK
2025-10-28,28.256338732994774,0.757,hedef,0.043000000000000003,2,LILAK
2025-12-15,8.741210779585032,0.618,hedef,0.043000000000000003,0,LILAK
2025-12-16,16.792444020517472,0.85,stop,-0.037,0,LILAK
2026-03-19,11.178896465822678,0.736,hedef,0.043000000000000003,1,LILAK
2026-05-26,11.27145317529557,0.611,hedef,0.043000000000000003,2,LILAK
2024-08-22,27.987619856777016,0.465,stop,-0.037,0,LINK
2025-03-03,19.370683039141582,0.419,stop,-0.037,0,LINK
2025-03-24,11.807524536533052,0.094,stop,-0.037,0,LINK
2025-06-05,113.01444043319498,0.471,hedef,0.043000000000000003,1,LINK
2025-08-12,21.705320600271943,0.75,stop,-0.037,0,LINK
2025-08-18,12.502802690582566,0.771,hedef,0.043000000000000003,1,LINK
2025-09-23,22.38933951332579,0.615,stop,-0.037,0,LINK
2025-09-24,14.579922447221257,0.381,stop,-0.09349173955296408,1,LINK
2025-09-25,10.465506087161161,0.273,hedef,0.043000000000000003,0,LINK
2025-10-16,8.588386556632026,0.085,stop,-0.037,0,LINK
2025-10-28,37.596504955659775,0.061,hedef,0.043000000000000003,1,LINK
2025-12-04,14.425227374385047,0.087,stop,-0.037,0,LINK
2026-01-20,18.355143151717087,0.113,stop,-0.037,0,LINK
2026-02-06,8.766054456717164,0.057,hedef,0.043000000000000003,2,LINK
2026-03-11,13.865703971119054,0.086,stop,-0.037,0,LINK
2026-03-18,9.666854359751715,0.108,stop,-0.037,0,LINK
2026-03-19,29.968276184522477,0.109,stop,-0.037,0,LINK
2026-05-04,22.992053348600365,0.072,hedef,0.053913705583756306,1,LINK
2026-05-05,11.07237728264606,0.098,stop,-0.037,0,LINK
2026-05-26,223.2402906618452,0.163,stop,-0.037,0,LINK
2024-09-05,11.057485786481365,0.12,stop,-0.037,0,LKMNH
2024-11-19,10.91066264302779,0.656,stop,-0.037,0,LKMNH
2024-12-06,10.706070171619318,0.72,stop,-0.037,7,LKMNH
2024-12-11,10.966491330605884,0.787,stop,-0.037,4,LKMNH
2025-06-05,55.09311927930008,0.157,stop,-0.037,3,LKMNH
2025-10-28,32.12101173747727,0.36,stop,-0.037,9,LKMNH
2026-03-19,13.954672702364643,0.275,stop,-0.037,1,LKMNH
2026-04-08,13.599962578351578,0.156,hedef,0.043000000000000003,3,LKMNH
2026-05-20,13.462737628747165,0.177,hedef,0.043000000000000003,0,LKMNH
2026-05-26,28.97969828688315,0.403,stop,-0.037,0,LKMNH
2024-12-19,14.028179190751445,0.948,stop,-0.037,0,LOGO
2025-05-08,27.612349102221618,1.127,stop,-0.037,0,LOGO
2025-06-05,52.685609532538955,0.863,hedef,0.043000000000000003,0,LOGO
2025-10-28,17.22994652406417,0.713,hedef,0.043000000000000003,5,LOGO
2026-02-18,8.28092053738177,0.711,stop,-0.037,0,LOGO
2026-03-19,26.121957457692144,0.473,stop,-0.037,1,LOGO
2026-05-26,11.606586632057105,0.632,hedef,0.043000000000000003,1,LOGO
2024-07-09,12.438815072858242,-0.176,stop,-0.037,0,LRSHO
2024-09-19,9.018476501351186,0.039,stop,-0.037,5,LRSHO
2025-02-20,16.860885571568634,0.157,stop,-0.037,0,LRSHO
2025-04-09,13.771131592410194,0.218,stop,-0.037,0,LRSHO
2025-04-28,17.643783938790502,0.352,hedef,0.12984210526315787,1,LRSHO
2025-04-29,14.910070193509352,0.502,stop,-0.037,0,LRSHO
2025-04-30,28.88242106098777,0.602,stop,-0.037,0,LRSHO
2025-07-30,10.642126522034394,0.642,stop,-0.037,0,LRSHO
2025-08-14,19.631542175459085,0.76,stop,-0.037,0,LRSHO
2025-10-28,28.940826390311642,0.67,hedef,0.043000000000000003,3,LRSHO
2026-02-11,26.516279729284353,0.383,stop,-0.037,0,LRSHO
2026-02-27,33.808066014805334,0.361,stop,-0.037,0,LRSHO
2026-03-19,70.07277870724329,0.244,hedef,0.043000000000000003,1,LRSHO
2026-05-26,13.34677874845237,0.273,stop,-0.037,3,LRSHO
2024-08-05,9.865580448065174,0.018,stop,-0.037,0,LUKSK
2025-02-10,49.23165578179024,0.364,stop,-0.037,0,LUKSK
2025-03-03,20.181241504304488,0.139,stop,-0.037,1,LUKSK
2025-03-06,122.46690391459074,0.377,hedef,0.05895744680851068,1,LUKSK
2025-06-05,22.168941979522184,0.108,hedef,0.043000000000000003,3,LUKSK
2025-06-26,64.39342015078822,0.118,hedef,0.043000000000000003,1,LUKSK
2025-07-30,31.280276816609,0.25,hedef,0.043000000000000003,0,LUKSK
2025-07-31,21.216558492955514,0.407,stop,-0.037,0,LUKSK
2025-09-24,20.326911850554584,1.041,stop,-0.037,0,LUKSK
2025-10-17,64.53396099529253,0.625,hedef,0.07788964346349736,1,LUKSK
2025-10-20,12.088012084372213,0.757,stop,-0.037,0,LUKSK
2025-11-17,75.20308330862733,0.682,stop,-0.037,0,LUKSK
2026-01-12,13.86178442496132,0.654,stop,-0.037,0,LUKSK
2026-02-12,12.168336673346694,0.568,stop,-0.037,0,LUKSK
2026-03-02,15.697031729785056,0.259,hedef,0.043000000000000003,0,LUKSK
2026-03-19,18.373879641485274,0.363,stop,-0.037,1,LUKSK
2026-04-13,12.97881828316611,0.341,hedef,0.043000000000000003,1,LUKSK
2026-05-22,9.379474940334129,0.261,hedef,0.043000000000000003,0,LUKSK
2026-05-26,14.225694077905628,0.43,hedef,0.043000000000000003,3,LUKSK
2026-06-04,17.081314878892734,0.637,stop,-0.037,0,LUKSK
2026-05-26,14.963684463868509,0.23,hedef,0.043000000000000003,1,LXGYO
2024-06-20,13.175771824537524,1.285,stop,-0.037,0,LYDHO
2024-07-16,8.910707281997647,1.047,hedef,0.043000000000000003,0,LYDHO
2024-10-21,8.371212121212121,0.205,stop,-0.037,0,LYDHO
2024-11-26,16.67910012822007,0.388,stop,-0.037,0,LYDHO
2024-12-09,10.086208873094119,0.614,hedef,0.04684615384615388,1,LYDHO
2025-01-03,41.987082066869306,0.603,stop,-0.037,0,LYDHO
2025-02-25,36.94872908972409,0.264,hedef,0.043000000000000003,0,LYDHO
2025-03-17,10.422870454775651,0.28,stop,-0.037,1,LYDHO
2025-03-19,8.247429873935898,0.162,stop,-0.037,1,LYDHO
2025-04-10,55.6710657370518,0.306,stop,-0.037,1,LYDHO
2025-05-13,8.59391124871001,0.259,stop,-0.037,0,LYDHO
2025-06-05,11.187219730941704,0.219,stop,-0.037,4,LYDHO
2025-07-02,13.518916155419223,0.237,stop,-0.037,0,LYDHO
2025-07-10,42.833291517460026,0.286,hedef,0.043000000000000003,0,LYDHO
2025-07-11,23.298891870833693,0.323,hedef,0.043000000000000003,0,LYDHO
2025-07-14,8.385688707544556,0.442,stop,-0.037,0,LYDHO
2025-09-15,20.774220903116387,0.431,hedef,0.043000000000000003,0,LYDHO
2025-09-18,18.856432865731463,0.783,stop,-0.037,0,LYDHO
2025-10-27,14.9753679507971,0.691,hedef,0.043000000000000003,0,LYDHO
2025-10-28,288.13031793017177,0.866,hedef,0.08491655801825282,1,LYDHO
2026-01-16,41.58658274485723,0.708,stop,-0.037,0,LYDHO
2026-03-03,9.197667904641367,0.895,stop,-0.037,0,LYDHO
2026-05-26,13.641065637699603,0.773,hedef,0.043000000000000003,1,LYDHO
2024-06-21,9.620253164556962,0.427,hedef,0.043000000000000003,0,LYDYE
2024-10-03,11.809045226130655,0.619,stop,-0.037,0,LYDYE
2024-12-24,15.321637426900583,0.52,hedef,0.043000000000000003,1,LYDYE
2025-02-14,16.11111111111111,0.278,hedef,0.043000000000000003,3,LYDYE
2025-04-17,15.095541401273886,1.066,stop,-0.037,0,LYDYE
2025-05-13,11.104651162790699,0.574,hedef,0.043000000000000003,0,LYDYE
2025-06-02,10.963855421686747,0.869,stop,-0.037,0,LYDYE
2025-06-05,25.92274678111588,0.528,stop,-0.037,0,LYDYE
2025-07-01,27.296137339055793,0.385,hedef,0.043000000000000003,1,LYDYE
2025-07-10,58.8692098092643,0.399,stop,-0.037,0,LYDYE
2025-07-11,16.699663432983566,0.388,stop,-0.041136546184738935,2,LYDYE
2025-10-10,12.142857142857142,0.406,stop,-0.037,5,LYDYE
2025-10-21,10.15748031496063,0.399,hedef,0.043000000000000003,1,LYDYE
2025-10-24,26.405867970660147,0.753,stop,-0.037,0,LYDYE
2025-10-28,20.6841046277666,0.786,stop,-0.037,0,LYDYE
2025-11-13,8.977820636451302,0.315,hedef,0.043000000000000003,0,LYDYE
2025-12-18,27.846153846153847,0.595,stop,-0.037,0,LYDYE
2025-12-30,13.673469387755102,0.469,stop,-0.037,1,LYDYE
2026-04-17,70.56603773584906,0.613,stop,-0.037,1,LYDYE
2026-05-12,39.24050632911392,0.601,stop,-0.037,6,LYDYE
2024-07-16,25.224913494809687,-0.109,stop,-0.037,0,MAALT
2024-08-14,22.20211161387632,0.236,stop,-0.037,0,MAALT
2024-10-18,40.54385964912281,0.278,hedef,0.043000000000000003,0,MAALT
2024-11-13,18.162393162393162,0.219,hedef,0.043000000000000003,3,MAALT
2024-12-05,13.801980198019802,0.113,hedef,0.043000000000000003,2,MAALT
2025-01-10,35.59539052496799,0.185,stop,-0.037,1,MAALT
2025-02-18,11.762545899632803,0.05,hedef,0.043000000000000003,0,MAALT
2025-02-19,35.04725897920605,0.228,stop,-0.037,0,MAALT
2025-06-05,15.563435776201732,0.032,stop,-0.037,4,MAALT
2025-06-27,32.83777677361048,0.266,hedef,0.043000000000000003,0,MAALT
2025-08-05,13.399301513387659,0.705,stop,-0.037,0,MAALT
2025-10-28,17.493380406001766,0.531,hedef,0.043000000000000003,1,MAALT
2025-12-05,104.85113835376532,0.596,stop,-0.037,0,MAALT
2025-12-31,10.033444816053512,0.401,hedef,0.043000000000000003,3,MAALT
2026-02-05,15.89975349219392,0.58,stop,-0.037,0,MAALT
2026-02-25,16.769874476987447,0.457,stop,-0.037,0,MAALT
2026-03-18,10.65063649222065,0.725,hedef,0.043000000000000003,0,MAALT
2026-03-19,34.703379815646414,0.692,stop,-0.037,1,MAALT
2026-04-09,11.918960244648318,0.878,hedef,0.043000000000000003,1,MAALT
2026-05-15,20.674157303370787,0.57,stop,-0.037,0,MAALT
2026-05-26,91.95455960161843,0.804,stop,-0.037,0,MAALT
2024-06-13,8.48467067625055,0.895,stop,-0.037,0,MACKO
2024-06-14,8.371256048306474,0.959,stop,-0.037,0,MACKO
2024-08-08,24.478771621496627,0.898,stop,-0.037,0,MACKO
2024-09-03,13.098969995521719,0.296,stop,-0.037,4,MACKO
2024-11-07,12.22953216374269,0.573,stop,-0.037,0,MACKO
2024-12-02,10.794753086419753,0.941,stop,-0.037,0,MACKO
2024-12-05,8.725928473177442,0.917,stop,-0.037,0,MACKO
2024-12-20,12.087010373122775,0.85,stop,-0.037,4,MACKO
2025-02-13,10.246856078248719,0.899,stop,-0.037,0,MACKO
2025-02-18,8.735440931780365,0.972,stop,-0.037,1,MACKO
2025-05-12,26.589565367865486,1.044,stop,-0.037,0,MACKO
2025-06-05,24.62711319026757,0.924,stop,-0.037,4,MACKO
2025-08-04,9.289147286821706,0.843,hedef,0.043000000000000003,0,MACKO
2025-09-23,9.056350626118068,0.843,hedef,0.043000000000000003,0,MACKO
2025-10-13,13.355573881100531,0.865,hedef,0.043000000000000003,2,MACKO
2025-10-28,30.374285866837525,0.933,stop,-0.037,1,MACKO
2025-12-10,9.277161472090157,0.982,stop,-0.037,0,MACKO
2025-12-17,16.807222573173302,0.66,stop,-0.037,0,MACKO
2025-12-18,83.76082982274859,0.482,hedef,0.043000000000000003,0,MACKO
2026-02-13,16.383879533747827,0.432,hedef,0.09273753280839914,1,MACKO
2026-02-17,11.657757883411042,0.638,stop,-0.037,0,MACKO
2026-03-19,32.5624598809329,0.481,stop,-0.037,0,MACKO
2026-05-26,15.235227659131043,0.894,stop,-0.037,1,MACKO
2024-09-09,11.321533923303836,0.03,stop,-0.037,2,MAKIM
2024-10-08,9.903374461126802,0.036,stop,-0.037,1,MAKIM
2024-10-22,8.5204278280979,0.242,stop,-0.037,0,MAKIM
2024-11-18,10.019788685112548,0.433,stop,-0.037,0,MAKIM
2025-03-04,74.81974486966168,-0.053,stop,-0.037,0,MAKIM
2025-06-05,22.04956633690202,0.121,hedef,0.043000000000000003,1,MAKIM
2025-07-21,13.069091699576102,0.198,stop,-0.037,0,MAKIM
2025-08-12,12.332585258525853,0.313,hedef,0.043000000000000003,0,MAKIM
2025-09-22,11.837606837606836,0.242,stop,-0.04114634146341455,1,MAKIM
2025-10-28,24.807995791688583,0.078,hedef,0.043000000000000003,2,MAKIM
2026-02-16,22.738191089640363,0.121,stop,-0.037,1,MAKIM
2026-03-19,19.595308577209877,0.056,stop,-0.037,1,MAKIM
2026-05-26,33.86545689229718,0.126,hedef,0.043000000000000003,3,MAKIM
2026-06-04,16.60046048916113,0.247,stop,-0.037,0,MAKIM
2024-06-14,13.225465639430867,1.159,stop,-0.037,0,MANAS
2024-08-28,29.92681570308546,0.567,stop,-0.037,0,MANAS
2024-10-23,10.325429773480833,0.945,stop,-0.037,1,MANAS
2024-11-22,35.91955717443582,0.863,stop,-0.037,0,MANAS
2025-02-25,8.077970597041189,0.795,stop,-0.037,0,MANAS
2025-03-17,8.431135999424436,0.949,stop,-0.037,1,MANAS
2025-04-18,14.295267467874638,0.464,stop,-0.037,0,MANAS
2025-05-16,9.181383468020949,0.185,stop,-0.037,1,MANAS
2025-06-05,47.91175105918568,0.055,stop,-0.037,3,MANAS
2025-06-26,25.089440979387764,0.072,stop,-0.037,0,MANAS
2025-07-07,8.53825948036045,0.082,stop,-0.037,0,MANAS
2025-07-23,52.401593681071674,0.214,stop,-0.037,0,MANAS
2025-10-23,15.183359527551307,0.246,stop,-0.037,0,MANAS
2025-10-28,24.675424341685414,0.243,hedef,0.043000000000000003,1,MANAS
2025-11-10,10.87726029924412,0.604,hedef,0.05345081926411755,1,MANAS
2025-12-08,15.295307022562525,0.686,hedef,0.09290999065952266,1,MANAS
2025-12-12,10.690664896803096,1.149,stop,-0.037,0,MANAS
2025-12-18,8.123710117522167,0.582,hedef,0.043000000000000003,0,MANAS
2026-01-09,12.951088705478538,0.72,hedef,0.043000000000000003,0,MANAS
2026-02-24,20.95377950402387,1.066,hedef,0.1413679525222552,1,MANAS
2026-04-29,15.14574873956632,0.923,hedef,0.10913876319758675,1,MANAS
2026-04-30,11.118864751672811,1.042,stop,-0.037,0,MANAS
2026-05-26,23.058250020283612,0.765,stop,-0.037,0,MANAS
2024-09-25,19.721656810435157,0.33,stop,-0.037,0,MARBL
2024-11-11,23.635618235487044,0.151,stop,-0.03837570394207567,2,MARBL
2024-12-13,15.96650941263358,0.348,stop,-0.037,0,MARBL
2025-01-13,21.038908883087995,0.223,hedef,0.043000000000000003,2,MARBL
2025-02-11,10.41501904589153,0.085,stop,-0.037,1,MARBL
2025-03-04,9.307403123192598,0.167,stop,-0.037,1,MARBL
2025-04-30,26.607505814806277,0.451,stop,-0.037,0,MARBL
2025-06-05,25.30190129314666,0.468,hedef,0.043000000000000003,1,MARBL
2025-07-02,10.63851089974059,0.596,stop,-0.037,0,MARBL
2025-08-04,9.241917605763902,0.974,stop,-0.037,0,MARBL
2025-10-28,11.10285982499078,0.45,hedef,0.043000000000000003,1,MARBL
2026-01-12,126.61573515614529,0.436,stop,-0.037,0,MARBL
2026-03-19,19.39788684697702,0.297,stop,-0.038872509960159334,1,MARBL
2026-05-26,8.123899576133029,0.351,hedef,0.043000000000000003,1,MARBL
2024-08-19,8.275815510909483,0.241,hedef,0.1378529411764705,1,MARKA
2024-08-20,10.120032466518902,0.437,stop,-0.037,0,MARKA
2024-10-02,10.65630619059851,0.101,stop,-0.037,0,MARKA
2025-01-30,8.426670300222556,0.2,hedef,0.08126291079812209,1,MARKA
2025-01-31,10.143188522008076,0.271,stop,-0.037,0,MARKA
2025-03-18,33.05192890271039,0.319,stop,-0.037,0,MARKA
2025-05-12,19.422393665617705,0.272,stop,-0.037,0,MARKA
2025-06-05,69.41683685046517,0.159,hedef,0.043000000000000003,3,MARKA
2025-08-19,21.912485715338963,0.281,stop,-0.037,0,MARKA
2025-09-23,25.645564122054513,0.195,stop,-0.037,0,MARKA
2025-10-28,42.09203036053131,0.106,stop,-0.037,2,MARKA
2025-12-05,9.27451796365654,0.011,stop,-0.037,3,MARKA
2026-02-11,10.873045343895697,0.084,stop,-0.037,0,MARKA
2026-03-10,15.902630580780475,-0.032,stop,-0.037,1,MARKA
2026-03-19,49.221001342415356,0.142,hedef,0.08471597633136108,1,MARKA
2026-03-26,11.997707529093075,0.355,stop,-0.037,0,MARKA
2026-05-26,39.48278844490572,0.419,hedef,0.043000000000000003,1,MARKA
2025-10-14,8.886268169114556,0.544,hedef,0.043000000000000003,0,MARMR
2025-12-29,10.177273529381235,0.062,stop,-0.037,0,MARMR
2026-03-19,230.89535375418268,0.162,hedef,0.043000000000000003,0,MARMR
2026-05-26,29.522724298022066,0.179,hedef,0.043000000000000003,3,MARMR
2024-07-18,35.78447861605052,1.208,hedef,0.043000000000000003,0,MARTI
2024-10-25,14.866891081119231,0.147,hedef,0.043000000000000003,4,MARTI
2024-11-18,24.147195549868208,0.437,stop,-0.037,0,MARTI
2025-05-06,30.819206777022362,0.192,stop,-0.037,0,MARTI
2025-06-05,25.619861095472775,0.197,hedef,0.043000000000000003,1,MARTI
2025-10-28,42.745910808768244,0.356,hedef,0.043000000000000003,1,MARTI
2025-11-24,10.143080428657422,0.192,stop,-0.037,1,MARTI
2026-03-19,17.136766775372585,0.091,stop,-0.04124657534246578,1,MARTI
2026-05-26,16.75388532581624,0.256,hedef,0.043000000000000003,1,MARTI
2026-05-26,14.198507680611428,0.84,stop,-0.037,0,MCARD
2024-07-09,60.5677853314629,1.311,stop,-0.037,0,MEGMT
2024-12-16,12.67791779597083,0.424,stop,-0.037,1,MEGMT
2024-12-18,21.850901036947548,0.217,hedef,0.043000000000000003,0,MEGMT
2025-03-05,8.282142382786558,0.052,hedef,0.043000000000000003,2,MEGMT
2025-03-17,15.018163966617575,0.296,stop,-0.037,1,MEGMT
2025-05-09,9.803618684963658,0.251,stop,-0.037,0,MEGMT
2025-06-05,19.398693817459705,0.208,stop,-0.07452873563218387,4,MEGMT
2025-08-19,18.6963937773517,0.54,stop,-0.037,0,MEGMT
2025-10-28,109.53465878559913,0.664,hedef,0.043000000000000003,2,MEGMT
2025-12-29,11.717913697106441,0.935,stop,-0.037,0,MEGMT
2026-03-19,106.33741376260393,0.836,hedef,0.043000000000000003,1,MEGMT
2026-04-27,9.908026347889729,0.972,hedef,0.043000000000000003,0,MEGMT
2026-05-26,22.294597216032717,0.758,stop,-0.037,0,MEGMT
2024-11-25,12.5236631096642,0.158,hedef,0.043000000000000003,9,MEKAG
2024-12-10,11.054644646722211,0.387,stop,-0.037,0,MEKAG
2025-02-13,8.957216325637386,0.251,stop,-0.037,0,MEKAG
2025-02-20,15.449562413634276,0.2,stop,-0.037,3,MEKAG
2025-04-03,8.824015341495798,0.318,stop,-0.037,0,MEKAG
2025-04-16,17.490202952260525,0.659,hedef,0.051340929808568865,1,MEKAG
2025-04-17,19.21127123597885,0.784,stop,-0.037,0,MEKAG
2025-06-05,12.797760761855738,0.065,stop,-0.07265656565656564,4,MEKAG
2025-07-04,12.107338052145867,0.251,stop,-0.037,1,MEKAG
2025-08-08,12.637102734663708,0.743,stop,-0.037,0,MEKAG
2025-08-12,10.984364626971592,-1.191,stop,-0.037,1,MEKAG
2025-10-28,28.824276691298827,0.789,stop,-0.037,6,MEKAG
2025-11-19,18.403193890271424,0.627,hedef,0.043000000000000003,0,MEKAG
2026-01-06,56.21682245050924,0.687,stop,-0.037,0,MEKAG
2026-03-19,15.623348223292698,0.81,hedef,0.043000000000000003,1,MEKAG
2026-04-10,69.77996289520075,0.695,stop,-0.037,1,MEKAG
2026-05-26,289.7247721870514,0.507,stop,-0.037,0,MEKAG
2024-11-26,14.05311847209788,0.21,stop,-0.037,0,MEPET
2024-12-10,10.009439077782018,0.558,stop,-0.037,0,MEPET
2025-06-16,15.341917563145875,0.29,hedef,0.043000000000000003,0,MEPET
2025-10-28,22.79644650444187,0.637,stop,-0.037,1,MEPET
2026-02-18,13.748668280871671,0.938,stop,-0.037,0,MEPET
2026-03-02,20.878882693282527,1.0,hedef,0.043000000000000003,0,MEPET
2026-06-03,8.805755283717746,0.7,hedef,0.043000000000000003,0,MEPET
2024-08-05,12.683185091063118,-0.021,stop,-0.037,0,MERKO
2024-08-16,11.264325523510857,0.444,hedef,0.043000000000000003,1,MERKO
2024-08-20,8.365906962223033,0.673,hedef,0.043000000000000003,0,MERKO
2024-09-05,28.191640756725377,0.576,hedef,0.043000000000000003,0,MERKO
2024-11-15,18.7286517542785,0.908,stop,-0.037,0,MERKO
2024-12-06,12.534029570523481,0.484,hedef,0.043000000000000003,2,MERKO
2025-01-13,9.258998038394795,0.756,stop,-0.037,0,MERKO
2025-03-10,10.804158785672813,0.606,stop,-0.037,0,MERKO
2025-04-15,61.450919165480485,0.696,stop,-0.037,1,MERKO
2025-06-05,37.47684787906693,0.382,hedef,0.043000000000000003,1,MERKO
2025-07-28,11.859313145677888,0.61,stop,-0.037,0,MERKO
2025-08-25,17.170755451713603,0.59,stop,-0.037,1,MERKO
2025-09-19,27.042083981751077,0.547,hedef,0.06656770648693355,1,MERKO
2025-09-22,30.874285797257095,0.658,stop,-0.037,0,MERKO
2025-10-28,18.817263444291434,0.434,stop,-0.037,2,MERKO
2025-12-26,8.109595370866355,0.29,hedef,0.043000000000000003,0,MERKO
2026-01-06,17.513684600340305,0.404,hedef,0.043000000000000003,3,MERKO
2026-02-17,11.226445063751818,0.817,stop,-0.037,1,MERKO
2026-03-19,24.56407096911426,0.627,stop,-0.037,1,MERKO
2026-04-17,10.787591034889067,0.595,stop,-0.037,1,MERKO
2026-05-07,24.260340006896524,0.816,stop,-0.037,0,MERKO
2026-05-26,9.749511995142766,0.547,acik,,6,MERKO
2024-06-25,8.9350326143776,0.886,stop,-0.037,1,METRO
2024-09-02,9.96949377240816,0.139,hedef,0.043000000000000003,5,METRO
2024-10-31,9.548947110573279,0.132,stop,-0.037,2,METRO
2024-11-25,13.837721601051907,0.358,hedef,0.043000000000000003,3,METRO
2024-12-03,8.631818927044888,0.991,hedef,0.043000000000000003,0,METRO
2025-03-19,14.311485799701046,0.453,stop,-0.037,0,METRO
2025-04-10,29.524754664268166,0.467,stop,-0.037,0,METRO
2025-05-06,11.165292427283092,0.533,stop,-0.037,0,METRO
2025-06-30,18.182021405768783,1.08,stop,-0.037,0,METRO
2025-07-22,16.110365788955082,1.018,stop,-0.037,2,METRO
2025-08-08,14.241131817998111,1.064,stop,-0.037,0,METRO
2025-10-09,14.738874678875463,0.955,hedef,0.043000000000000003,0,METRO
2025-10-10,10.657620626485594,1.061,hedef,0.043000000000000003,0,METRO
2025-10-28,17.130259173244337,0.897,hedef,0.043000000000000003,1,METRO
2025-12-03,28.635169719827584,0.613,hedef,0.043000000000000003,0,METRO
2025-12-04,19.26283955079581,0.811,hedef,0.0649298245614035,1,METRO
2026-01-07,30.129893085210046,0.543,hedef,0.043000000000000003,0,METRO
2026-01-08,9.892578939467231,0.631,stop,-0.037,0,METRO
2026-03-04,24.795960131439955,0.875,stop,-0.037,0,METRO
2026-03-19,54.316946047563604,0.771,stop,-0.037,1,METRO
2026-04-08,32.94407925089596,0.941,stop,-0.037,0,METRO
2026-05-11,9.424385511166651,0.916,stop,-0.037,0,METRO
2026-05-26,19.828611135711803,0.986,stop,-0.037,0,METRO
2026-03-19,23.248616684622252,0.505,hedef,0.043000000000000003,1,MEYSU
2026-04-09,8.672251496844462,0.986,stop,-0.037,0,MEYSU
2026-05-26,38.09675669527634,0.697,stop,-0.037,0,MEYSU
2024-06-27,10.97980327660453,0.973,stop,-0.037,2,MHRGY
2025-03-19,10.04469112116022,0.182,stop,-0.037,0,MHRGY
2025-04-14,24.06408917153589,1.008,hedef,0.043000000000000003,0,MHRGY
2025-06-05,40.60742182825224,0.628,hedef,0.043000000000000003,1,MHRGY
2025-10-28,16.466783954961294,0.48,hedef,0.043000000000000003,1,MHRGY
2026-03-19,22.107320310446323,0.345,stop,-0.037,1,MHRGY
2026-04-13,14.532747457751114,0.377,hedef,0.043000000000000003,0,MHRGY
2026-05-26,19.178039334657445,0.778,hedef,0.043000000000000003,1,MHRGY
2022-09-27,13.664416034527857,0.986,stop,-0.07779646017699104,1,MMCAS
2022-12-08,10.854989415285788,0.702,hedef,0.043000000000000003,0,MMCAS
2023-07-11,8.121508052021222,0.956,stop,-0.037,1,MMCAS
2023-11-15,11.278522651565623,0.505,hedef,0.043000000000000003,0,MMCAS
2024-01-05,12.988200689701804,0.469,stop,-0.037,0,MMCAS
2024-03-05,23.348544688194885,0.834,hedef,0.09264664310954063,1,MMCAS
2024-04-29,13.593085523151826,0.928,hedef,0.09277324263038544,1,MMCAS
2024-11-18,13.561515427678687,0.504,hedef,0.043000000000000003,0,MMCAS
2024-12-24,30.32467315344234,0.569,hedef,0.043000000000000003,6,MMCAS
2025-07-08,11.82896297272368,1.049,stop,-0.05917391304347818,1,MMCAS
2025-08-01,9.533876050420169,0.742,hedef,0.043000000000000003,0,MMCAS
2025-11-14,25.866118310442047,0.698,hedef,0.043000000000000003,0,MMCAS
2025-12-09,8.316687553007,1.101,stop,-0.04014917127071826,1,MMCAS
2024-06-24,9.129167521918893,0.228,stop,-0.09822807017543866,1,MNDRS
2024-06-25,72.19786566707467,-0.243,stop,-0.03711583011583008,1,MNDRS
2024-10-01,52.20585972701497,0.247,stop,-0.037,0,MNDRS
2024-11-11,9.714503503157166,0.24,stop,-0.037,0,MNDRS
2025-03-06,10.131549213932919,0.175,stop,-0.037,0,MNDRS
2025-05-13,31.456576426271816,0.267,hedef,0.043000000000000003,0,MNDRS
2025-05-14,24.407537579063277,0.389,stop,-0.037,0,MNDRS
2025-06-05,28.232890580213933,0.311,stop,-0.07520276497695855,4,MNDRS
2025-08-07,13.83385653198249,0.768,stop,-0.037,1,MNDRS
2025-09-05,25.1942867450206,1.193,stop,-0.037,0,MNDRS
2025-10-28,12.587773078751784,0.526,hedef,0.043000000000000003,3,MNDRS
2025-11-12,9.178208382011306,0.634,stop,-0.037,0,MNDRS
2026-05-26,17.398198695335132,0.28,hedef,0.043000000000000003,3,MNDRS
2024-06-24,13.890621788594297,0.059,hedef,0.043000000000000003,0,MOBTL
2024-11-12,11.880220833297997,0.123,stop,-0.037,6,MOBTL
2025-04-10,13.433539942696347,0.275,hedef,0.043000000000000003,0,MOBTL
2025-04-11,35.0406964420014,0.585,hedef,0.06196551724137923,1,MOBTL
2025-04-14,34.94819787615498,0.717,stop,-0.037,0,MOBTL
2025-06-05,28.37437636090734,0.582,stop,-0.037,0,MOBTL
2025-07-22,28.76053781486306,0.716,stop,-0.037,0,MOBTL
2025-10-28,217.17440830818697,0.729,hedef,0.043000000000000003,1,MOBTL
2026-01-30,9.860243610825512,1.022,stop,-0.037,0,MOBTL
2026-03-19,8.066951425449489,0.842,stop,-0.037,0,MOBTL
2026-05-26,58.22824387701928,0.989,hedef,0.043000000000000003,2,MOBTL
2024-06-24,15.601397813098862,0.25,hedef,0.043000000000000003,0,MOGAN
2024-10-08,11.870009737098345,0.262,stop,-0.037,0,MOGAN
2025-03-10,8.697727666369547,0.123,stop,-0.037,2,MOGAN
2025-07-08,8.055862672332571,0.19,hedef,0.043000000000000003,0,MOGAN
2025-10-28,16.521041180216514,0.238,hedef,0.043000000000000003,1,MOGAN
2026-02-18,19.442721909726984,0.588,stop,-0.037,0,MOGAN
2026-03-19,54.31478529064826,0.457,stop,-0.037,0,MOGAN
2026-05-26,41.756784392439734,0.612,stop,-0.037,0,MOGAN
2025-06-05,11.638360993372567,0.5,stop,-0.037,2,MOPAS
2025-06-27,9.976931568058484,0.597,stop,-0.037,0,MOPAS
2025-07-04,10.9572297324509,0.758,hedef,0.043000000000000003,0,MOPAS
2025-07-22,8.642179057910358,0.664,stop,-0.12207084585659078,1,MOPAS
2025-07-23,9.67211588204863,0.517,stop,-0.10549587578845232,1,MOPAS
2025-07-24,9.528245849876512,0.405,hedef,0.043000000000000003,0,MOPAS
2025-10-28,14.067396759682214,0.337,hedef,0.043000000000000003,1,MOPAS
2025-12-11,51.836133495514666,0.376,hedef,0.043000000000000003,0,MOPAS
2026-03-05,24.944797656716858,1.031,stop,-0.037,0,MOPAS
2026-05-26,17.186889169603084,0.427,hedef,0.043000000000000003,3,MOPAS
2024-10-10,8.473905553497149,0.077,stop,-0.037,1,MRGYO
2024-11-06,26.1360109934551,0.174,stop,-0.037,0,MRGYO
2024-12-04,9.401591722053269,0.727,stop,-0.037,0,MRGYO
2025-01-29,15.619292540439648,0.255,stop,-0.037,0,MRGYO
2025-05-14,23.11724908323695,0.316,hedef,0.07247029261570892,1,MRGYO
2025-06-05,22.613073695875354,0.642,hedef,0.043000000000000003,1,MRGYO
2025-09-05,9.894358898651937,1.024,stop,-0.037,0,MRGYO
2025-10-28,55.36823335076568,0.718,hedef,0.043000000000000003,1,MRGYO
2026-03-19,12.72802593118251,0.349,stop,-0.037,1,MRGYO
2026-05-26,11.234276153703732,0.426,hedef,0.043000000000000003,1,MRGYO
2024-08-13,18.43910806174957,0.351,hedef,0.043000000000000003,0,MRSHL
2024-10-16,82.73504273504273,0.222,hedef,0.043000000000000003,0,MRSHL
2024-10-17,8.624371859296483,0.389,hedef,0.043000000000000003,0,MRSHL
2025-03-19,11.219512195121952,0.133,stop,-0.037,0,MRSHL
2025-04-15,36.029411764705884,0.285,stop,-0.037,0,MRSHL
2025-05-05,18.859060402684563,0.3,stop,-0.037,0,MRSHL
2025-06-05,16.641414141414142,0.094,stop,-0.06565314989138304,4,MRSHL
2025-07-22,12.228915662650602,0.204,hedef,0.043000000000000003,0,MRSHL
2025-08-07,47.61138613861387,0.467,hedef,0.043000000000000003,0,MRSHL
2025-09-09,18.050847457627118,0.958,stop,-0.037,0,MRSHL
2025-09-23,8.538042066995585,1.022,stop,-0.037,0,MRSHL
2025-10-28,23.71631205673759,0.506,stop,-0.037,9,MRSHL
2025-11-13,27.653061224489793,0.407,hedef,0.043000000000000003,3,MRSHL
2025-12-09,18.130081300813007,0.356,stop,-0.037,4,MRSHL
2025-12-25,84.35393258426966,0.499,stop,-0.037,0,MRSHL
2026-03-19,27.662337662337663,0.177,stop,-0.037,6,MRSHL
2026-04-08,9.947643979057592,0.272,stop,-0.037,0,MRSHL
2026-05-26,17.6875,0.292,stop,-0.037,0,MRSHL
2024-09-27,96.92473781616286,0.099,stop,-0.037,0,MTRKS
2024-11-11,228.41973333333334,0.082,hedef,0.043000000000000003,0,MTRKS
2025-03-10,12.476904977724633,0.401,stop,-0.037,1,MTRKS
2025-06-05,25.22984955301984,0.193,stop,-0.037,4,MTRKS
2025-07-01,8.153511947863867,0.218,stop,-0.037,0,MTRKS
2025-09-02,12.625261647906084,0.622,stop,-0.037,0,MTRKS
2025-10-22,23.699581879342325,0.793,stop,-0.037,0,MTRKS
2025-10-28,14.42137919339232,0.777,stop,-0.037,1,MTRKS
2026-01-14,9.24824137638783,0.352,hedef,0.043000000000000003,2,MTRKS
2026-03-05,9.665459194545067,0.342,stop,-0.05173438956197584,2,MTRKS
2026-04-08,10.101719901719902,0.344,hedef,0.04509302325581411,5,MTRKS
2026-04-20,8.56864310783458,0.445,hedef,0.043000000000000003,8,MTRKS
2026-05-26,21.473625854670143,0.498,hedef,0.043000000000000003,0,MTRKS
2024-07-02,10.388892927237043,-0.316,hedef,0.043000000000000003,0,MTRYO
2024-07-26,14.38263393397025,1.019,stop,-0.037,0,MTRYO
2024-07-31,11.627197061839688,1.067,stop,-0.037,0,MTRYO
2024-08-13,10.043766288021963,1.008,hedef,0.07191491985203469,1,MTRYO
2024-10-11,12.055000941796948,-0.017,hedef,0.043000000000000003,0,MTRYO
2024-10-30,28.520585976726327,0.053,stop,-0.037,3,MTRYO
2025-07-01,13.631393540122609,0.089,stop,-0.037,0,MTRYO
2025-09-29,140.86454741011372,0.358,hedef,0.09250248756218904,1,MTRYO
2025-09-30,12.949389219798274,0.444,stop,-0.037,0,MTRYO
2025-12-05,29.991513094083416,0.253,stop,-0.037,0,MTRYO
2025-12-18,31.304924800943677,0.31,stop,-0.037,0,MTRYO
2026-01-07,148.6351914846922,0.393,hedef,0.0924263862332696,1,MTRYO
2026-05-04,16.67370769048786,0.387,stop,-0.037,0,MTRYO
2026-05-26,11.275904460835967,0.345,acik,,6,MTRYO
2024-07-04,34.23452318064045,1.209,stop,-0.037,0,MZHLD
2024-12-03,57.10434367541766,0.928,stop,-0.037,0,MZHLD
2025-04-09,9.574532822840336,0.407,stop,-0.037,0,MZHLD
2025-09-23,15.343859790816943,0.557,hedef,0.043000000000000003,0,MZHLD
2025-09-24,8.307722648610449,0.757,stop,-0.037,0,MZHLD
2025-12-01,16.640958605664487,0.257,hedef,0.043000000000000003,6,MZHLD
2026-01-19,26.24528996798595,0.644,hedef,0.04848037889039237,1,MZHLD
2026-01-20,21.62615249063847,0.766,stop,-0.037,0,MZHLD
2026-02-17,8.399773017449284,0.587,stop,-0.037,0,MZHLD
2024-06-24,14.531987778909361,0.948,stop,-0.037,0,NATEN
2024-06-25,22.13094478655401,1.091,stop,-0.037,0,NATEN
2024-08-21,9.564837755536395,0.752,hedef,0.043000000000000003,0,NATEN
2024-11-15,27.436597737026922,0.444,stop,-0.037,2,NATEN
2024-12-31,12.243336269950214,1.025,hedef,0.043000000000000003,0,NATEN
2025-06-05,22.378904889947858,0.241,hedef,0.043000000000000003,1,NATEN
2025-07-10,10.462277995747103,0.338,stop,-0.037,0,NATEN
2025-10-28,59.71372117311655,0.104,hedef,0.043000000000000003,0,NATEN
2025-11-24,14.947931594535207,0.071,stop,-0.037,16,NATEN
2026-03-02,10.66162824770463,-0.038,hedef,0.043000000000000003,0,NATEN
2026-03-19,17.774586214887723,0.016,stop,-0.037,5,NATEN
2026-04-14,171.61919642857143,0.138,stop,-0.037,0,NATEN
2026-05-12,8.674931927248657,0.051,stop,-0.037,1,NATEN
2026-03-19,51.75479845916453,0.939,stop,-0.037,0,NETCD
2026-05-26,18.100153976059207,0.848,stop,-0.037,0,NETCD
2024-07-05,8.80818619582691,0.254,stop,-0.037,0,NIBAS
2024-08-05,8.95890519950617,-0.194,hedef,0.043000000000000003,0,NIBAS
2024-09-16,54.94139480367515,0.364,hedef,0.043000000000000003,0,NIBAS
2024-09-17,8.046998167795811,0.723,stop,-0.037,0,NIBAS
2024-11-06,13.999637532993875,0.778,stop,-0.037,0,NIBAS
2024-12-09,17.10540315876955,0.567,hedef,0.043000000000000003,0,NIBAS
2024-12-10,14.149678975462146,0.766,stop,-0.037,0,NIBAS
2025-04-16,52.516884597448254,0.461,stop,-0.037,0,NIBAS
2025-05-07,15.135237160491506,0.615,stop,-0.037,0,NIBAS
2025-06-05,39.22574626865735,0.412,hedef,0.043000000000000003,1,NIBAS
2025-10-28,59.41263300324773,0.422,hedef,0.043000000000000003,2,NIBAS
2025-12-03,43.74518366298563,0.535,stop,-0.037,0,NIBAS
2025-12-12,9.734004645177235,0.59,hedef,0.043000000000000003,0,NIBAS
2026-02-02,9.527219474660727,0.395,hedef,0.043000000000000003,0,NIBAS
2026-02-11,24.642242381530018,0.603,stop,-0.037,0,NIBAS
2026-02-12,9.654759256045878,0.732,hedef,0.0804999999999999,1,NIBAS
2026-04-02,31.468186045653493,1.075,stop,-0.037,1,NIBAS
2026-05-26,13.771200247340076,0.313,stop,-0.037,1,NIBAS
2024-09-18,9.504231996669905,0.305,stop,-0.037,0,NTGAZ
2024-11-05,8.755472980758151,0.563,stop,-0.037,0,NTGAZ
2025-03-03,46.1944600946214,0.728,stop,-0.037,0,NTGAZ
2025-04-30,21.503686025951943,0.804,hedef,0.05108080808080818,1,NTGAZ
2025-05-02,21.199151227384167,0.902,hedef,0.06817899761336499,1,NTGAZ
2025-06-05,35.80149854205883,0.813,hedef,0.043000000000000003,1,NTGAZ
2025-08-06,18.21526303675098,0.928,stop,-0.037,0,NTGAZ
2025-10-28,381.61950806366235,0.766,hedef,0.043000000000000003,1,NTGAZ
2025-12-02,8.29976574398481,0.753,hedef,0.043000000000000003,6,NTGAZ
2026-01-20,10.371936245700708,0.794,hedef,0.043000000000000003,2,NTGAZ
2026-02-26,10.953312077768611,0.959,stop,-0.037,0,NTGAZ
2026-03-19,80.01365110061998,0.906,hedef,0.043000000000000003,1,NTGAZ
2026-05-05,43.69434156748528,0.957,stop,-0.037,1,NTGAZ
2024-06-14,11.977963283625806,0.038,hedef,0.043000000000000003,0,NTHOL
2024-06-20,12.551895251430958,0.99,stop,-0.037,0,NTHOL
2024-09-20,8.761608401808722,0.532,hedef,0.043000000000000003,0,NTHOL
2024-11-14,16.641971889496645,0.999,stop,-0.04426453726453727,1,NTHOL
2025-03-19,24.49122134559896,0.433,stop,-0.037,2,NTHOL
2025-05-13,15.949602827714644,0.376,hedef,0.043000000000000003,2,NTHOL
2025-06-05,89.41867200252752,0.553,hedef,0.043000000000000003,2,NTHOL
2025-08-20,8.34016393442623,0.871,hedef,0.043000000000000003,1,NTHOL
2025-10-28,91.21696910030653,0.766,hedef,0.043000000000000003,3,NTHOL
2025-12-16,9.497444633730835,0.727,stop,-0.037,17,NTHOL
2026-02-16,39.61660905948699,0.911,stop,-0.037,3,NTHOL
2026-03-19,128.10716898317486,0.482,stop,-0.037,1,NTHOL
2026-05-26,21.581585031376097,0.307,hedef,0.049382978723404254,3,NTHOL
2025-03-19,17.27749416491703,0.106,stop,-0.037,0,NUGYO
2025-05-09,49.484425536366565,0.365,hedef,0.06666984993178715,1,NUGYO
2025-06-05,19.871895354179617,0.334,hedef,0.043000000000000003,1,NUGYO
2025-07-22,9.534723763035279,1.103,stop,-0.037,0,NUGYO
2025-08-15,11.755496366690487,0.871,stop,-0.037,0,NUGYO
2025-10-28,31.166912315461378,0.477,stop,-0.037,1,NUGYO
2025-11-19,12.452242188764771,0.417,stop,-0.037,4,NUGYO
2025-12-24,48.45654057175859,0.589,stop,-0.037,0,NUGYO
2025-12-30,11.851538503981903,0.711,stop,-0.037,0,NUGYO
2026-02-16,13.433239824794526,0.656,stop,-0.037,2,NUGYO
2026-05-26,62.52339770169411,0.373,hedef,0.043000000000000003,0,NUGYO
2024-08-27,22.47865168539326,0.188,stop,-0.037,0,OBASE
2024-10-30,12.878548895899053,0.366,hedef,0.043000000000000003,0,OBASE
2024-12-18,8.888177686743903,0.449,stop,-0.037,0,OBASE
2025-01-06,8.62423481400094,0.328,hedef,0.043000000000000003,2,OBASE
2025-03-05,10.1276078590237,0.09,hedef,0.043000000000000003,1,OBASE
2025-03-19,10.412731006160165,0.083,hedef,0.043000000000000003,0,OBASE
2025-05-23,80.07160145219846,0.698,stop,-0.037,0,OBASE
2025-07-03,16.316904230350907,0.342,hedef,0.043000000000000003,1,OBASE
2025-07-21,12.174951655101808,0.379,hedef,0.043000000000000003,3,OBASE
2025-10-28,37.777073651598364,0.604,hedef,0.043000000000000003,3,OBASE
2026-01-13,49.003527336860664,0.566,stop,-0.037,0,OBASE
2026-03-19,13.916427000507527,0.408,stop,-0.037,1,OBASE
2026-05-26,15.117243048621827,0.606,hedef,0.04352631578947375,1,OBASE
2024-07-18,15.08508321251762,0.935,stop,-0.037,0,ODINE
2025-03-04,95.24808981755808,0.934,stop,-0.037,0,ODINE
2025-04-25,10.420696806547427,0.22,hedef,0.043000000000000003,1,ODINE
2025-06-05,53.330544733130964,0.233,stop,-0.04121052631578936,4,ODINE
2025-06-25,32.90922779092278,0.273,hedef,0.043000000000000003,1,ODINE
2025-06-26,14.23392850839817,0.298,hedef,0.043000000000000003,0,ODINE
2025-07-10,11.446177493461903,0.466,stop,-0.037,0,ODINE
2025-10-28,12.053221143919059,0.978,hedef,0.043000000000000003,1,ODINE
2025-11-10,9.682393753294352,1.0,hedef,0.043000000000000003,0,ODINE
2025-11-18,8.508269157934604,0.693,stop,-0.037,1,ODINE
2025-12-03,1112.4698898095157,0.765,hedef,0.043000000000000003,0,ODINE
2026-02-12,85.46498536365684,0.94,hedef,0.043000000000000003,0,ODINE
2026-05-26,44.15284034721459,0.926,hedef,0.043000000000000003,0,ODINE
2024-10-14,52.75955430594606,0.583,stop,-0.037,0,OFSYM
2024-11-27,15.063565735041871,0.641,stop,-0.037,0,OFSYM
2024-12-16,9.294375966864614,0.773,stop,-0.037,2,OFSYM
2025-03-10,52.98387610732267,0.69,stop,-0.037,0,OFSYM
2025-05-15,10.382875796428852,1.034,stop,-0.037,0,OFSYM
2025-06-05,27.50434649212518,0.551,hedef,0.043000000000000003,1,OFSYM
2025-09-24,21.831157216955823,1.078,stop,-0.037,0,OFSYM
2025-10-22,9.567249495628783,0.982,stop,-0.037,0,OFSYM
2025-10-28,10.3340277016409,0.781,hedef,0.043000000000000003,1,OFSYM
2026-03-02,12.193644878144461,0.547,hedef,0.043000000000000003,0,OFSYM
2026-05-08,18.5843539666777,0.704,stop,-0.037,0,OFSYM
2026-05-11,10.37119395587467,0.755,stop,-0.037,0,OFSYM
2024-07-29,57.09180804878191,1.099,stop,-0.037,0,ONRYT
2024-10-30,17.08548820503126,0.373,hedef,0.043000000000000003,0,ONRYT
2025-05-02,16.4232249786142,0.18,stop,-0.037,0,ONRYT
2025-06-05,94.92495502441531,0.097,hedef,0.043000000000000003,1,ONRYT
2025-08-12,18.291067872651805,0.447,stop,-0.037,0,ONRYT
2025-10-28,66.6189126784215,0.401,stop,-0.037,0,ONRYT
2026-02-11,11.924131627056672,0.293,stop,-0.037,0,ONRYT
2026-03-19,10.11048624998619,0.043,stop,-0.037,4,ONRYT
2026-04-13,23.29640037468219,0.135,stop,-0.037,0,ONRYT
2026-05-26,45.62573618861877,0.314,stop,-0.037,0,ONRYT
2024-11-14,20.837553402103257,0.094,hedef,0.043000000000000003,2,ORCAY
2024-11-21,12.726818127178054,0.298,stop,-0.037,0,ORCAY
2025-03-17,12.434430864252887,0.18,stop,-0.037,1,ORCAY
2025-04-07,12.487282367272005,0.264,stop,-0.037,0,ORCAY
2025-04-24,23.701817881569152,0.064,hedef,0.043000000000000003,0,ORCAY
2025-06-05,24.43892100192656,0.043,stop,-0.04019502155351339,4,ORCAY
2025-07-28,12.026122832895359,0.35,hedef,0.043000000000000003,0,ORCAY
2025-10-07,10.896663534700112,0.41,stop,-0.037,0,ORCAY
2025-10-24,15.318528488110791,0.468,hedef,0.043000000000000003,0,ORCAY
2025-10-28,39.040161404173745,0.547,stop,-0.037,0,ORCAY
2026-01-05,23.92768705262236,0.353,stop,-0.037,1,ORCAY
2026-03-02,9.903585381997528,0.15,hedef,0.043000000000000003,0,ORCAY
2024-09-16,19.123487849266674,0.746,hedef,0.043000000000000003,2,ORGE
2024-10-15,9.257228998218446,0.242,stop,-0.037,7,ORGE
2024-11-12,39.690523371022266,0.656,hedef,0.043000000000000003,1,ORGE
2025-02-10,11.071093383388082,0.804,stop,-0.037,0,ORGE
2025-03-12,30.67744248910465,0.93,stop,-0.037,0,ORGE
2025-03-19,9.758228758887304,0.733,hedef,0.043000000000000003,0,ORGE
2025-05-13,69.94295286820302,0.722,stop,-0.037,1,ORGE
2025-06-05,46.93592504219286,0.342,stop,-0.037,3,ORGE
2025-10-28,19.62428258682918,0.157,hedef,0.04336496350364961,4,ORGE
2025-12-02,70.15485203028217,0.086,hedef,0.043000000000000003,6,ORGE
2026-03-19,12.842301997621302,0.134,stop,-0.037,2,ORGE
2026-05-12,48.9953184216393,0.695,stop,-0.037,0,ORGE
2026-05-26,9.51760113619108,0.829,stop,-0.037,0,ORGE
2024-07-12,11.983652312601142,0.392,stop,-0.037,0,OSMEN
2024-08-02,25.83928867387829,0.386,stop,-0.037,0,OSMEN
2024-08-05,8.711313318548644,0.714,stop,-0.037,0,OSMEN
2024-12-06,12.277822645776126,0.205,hedef,0.043000000000000003,0,OSMEN
2025-01-21,34.87765284850142,0.389,stop,-0.037,0,OSMEN
2025-03-06,9.459685143797431,0.128,hedef,0.043000000000000003,0,OSMEN
2025-03-28,9.743590836077937,0.233,stop,-0.037,0,OSMEN
2025-05-09,29.265709843859135,0.186,stop,-0.037,0,OSMEN
2025-06-04,8.257066349300803,0.021,hedef,0.043000000000000003,2,OSMEN
2025-06-05,25.545807984045357,0.032,hedef,0.043000000000000003,1,OSMEN
2025-06-26,12.947418441767732,0.303,stop,-0.037,0,OSMEN
2025-07-16,17.731984480755216,0.264,stop,-0.037,0,OSMEN
2025-08-18,13.643894266567386,0.249,hedef,0.043000000000000003,0,OSMEN
2025-10-15,11.431878094258343,0.283,stop,-0.037,0,OSMEN
2025-10-28,100.69538304276223,0.357,hedef,0.043000000000000003,3,OSMEN
2026-03-19,38.722032141005705,0.048,stop,-0.037,1,OSMEN
2026-05-26,8.815436673808938,0.061,acik,,6,OSMEN
2024-08-05,9.051130132756503,0.331,hedef,0.043000000000000003,0,OSTIM
2024-08-29,10.497305156902272,1.0,hedef,0.043000000000000003,2,OSTIM
2024-11-28,30.484095788604762,0.725,hedef,0.043000000000000003,0,OSTIM
2025-01-16,20.105422293892545,1.077,stop,-0.037,4,OSTIM
2025-06-05,17.595199400728834,0.871,stop,-0.037,1,OSTIM
2025-09-08,9.521026880335954,0.684,stop,-0.037,0,OSTIM
2025-09-12,18.05629723337425,0.647,stop,-0.037,0,OSTIM
2026-03-19,12.047372055847738,0.399,stop,-0.037,4,OSTIM
2026-05-26,18.32054761159239,0.362,hedef,0.043000000000000003,1,OSTIM
2024-02-12,9.52240067624683,0.108,hedef,0.043000000000000003,0,OTTO
2024-08-29,18.718602111394247,0.249,hedef,0.043000000000000003,10,OTTO
2024-09-17,11.27127017235701,0.781,hedef,0.05625706594885605,1,OTTO
2025-01-21,11.381716678297277,0.198,hedef,0.043000000000000003,0,OTTO
2025-04-07,11.023622047244094,0.195,hedef,0.043000000000000003,2,OTTO
2025-05-30,9.167297501892506,0.343,hedef,0.043000000000000003,5,OTTO
2025-06-05,14.827768945416006,0.357,hedef,0.043000000000000003,2,OTTO
2025-08-20,19.282083862770012,0.643,stop,-0.037,0,OTTO
2025-10-28,49.17674150834773,0.626,stop,-0.037,2,OTTO
2025-11-05,15.821266032271412,0.577,stop,-0.037,1,OTTO
2025-11-28,22.191943127962084,0.454,stop,-0.037,0,OTTO
2026-01-09,28.81737107405971,0.698,stop,-0.037,0,OTTO
2026-01-13,16.009822184589332,0.844,stop,-0.037,0,OTTO
2026-03-02,12.371941896024463,0.051,hedef,0.043000000000000003,0,OTTO
2026-03-19,10.819744380784487,0.109,hedef,0.04563157894736836,3,OTTO
2026-05-26,27.46828946403695,0.025,stop,-0.037,1,OTTO
2024-12-16,8.873721434275067,0.113,stop,-0.037,2,OYAYO
2025-01-03,13.334755525215462,0.012,stop,-0.037,7,OYAYO
2025-05-22,8.666718676860665,0.301,hedef,0.043000000000000003,0,OYAYO
2025-05-23,8.232651458978498,0.407,stop,-0.037,0,OYAYO
2025-09-05,11.054742627943252,0.879,stop,-0.037,0,OYAYO
2025-10-23,10.397827363476217,0.726,stop,-0.037,0,OYAYO
2025-10-28,12.100922560805145,0.827,hedef,0.043000000000000003,3,OYAYO
2025-11-04,21.563165457661743,1.18,stop,-0.037,1,OYAYO
2026-01-15,14.21243378868135,0.708,hedef,0.043000000000000003,1,OYAYO
2026-02-13,13.994464944649447,0.898,hedef,0.043000000000000003,0,OYAYO
2026-03-19,11.204718779790277,0.747,stop,-0.037,1,OYAYO
2026-05-26,16.033086534012032,0.625,hedef,0.043000000000000003,0,OYAYO
2024-06-13,44.96935537906706,-0.285,stop,-0.037,0,OYLUM
2024-07-22,13.361665738089377,0.196,stop,-0.037,4,OYLUM
2024-09-23,9.518512610038721,0.033,stop,-0.037,2,OYLUM
2024-11-11,8.429627485739783,0.264,stop,-0.037,0,OYLUM
2024-12-16,20.491123787184137,0.279,hedef,0.043000000000000003,3,OYLUM
2025-01-27,10.847095252138013,0.285,stop,-0.037,0,OYLUM
2025-04-18,17.950852890247944,0.18,stop,-0.037,0,OYLUM
2025-10-24,16.349473615379587,0.568,stop,-0.037,0,OYLUM
2025-12-22,25.713336732014024,0.546,stop,-0.037,0,OYLUM
2026-03-19,14.218564922173469,0.186,stop,-0.037,1,OYLUM
2026-05-26,9.252386799308393,0.288,hedef,0.043000000000000003,1,OYLUM
2024-08-05,25.985435752877613,0.253,hedef,0.043000000000000003,0,OYYAT
2024-11-26,101.14138661822585,0.0,hedef,0.043000000000000003,5,OYYAT
2024-12-18,11.993628514705202,0.074,stop,-0.045976148923792974,1,OYYAT
2025-03-19,13.711659609625118,0.072,stop,-0.037,0,OYYAT
2025-06-13,11.639779456810292,0.077,stop,-0.037,0,OYYAT
2025-06-17,13.954742922614217,0.197,stop,-0.037,0,OYYAT
2025-07-10,10.398138143130248,0.485,hedef,0.043000000000000003,0,OYYAT
2025-08-12,8.798519301956636,0.69,stop,-0.037,0,OYYAT
2025-09-22,13.022803114571746,0.977,stop,-0.037,2,OYYAT
2025-10-16,25.884170495959435,0.988,stop,-0.037,0,OYYAT
2025-10-28,11.238963898187047,0.923,hedef,0.043000000000000003,2,OYYAT
2025-11-05,8.685520584285854,1.069,stop,-0.037,0,OYYAT
2025-12-30,8.269623180519657,0.41,stop,-0.037,4,OYYAT
2026-01-22,43.84009337613073,0.627,stop,-0.037,0,OYYAT
2026-02-17,36.631044616617686,0.991,stop,-0.037,0,OYYAT
2026-02-18,9.376259494651991,1.039,stop,-0.037,0,OYYAT
2026-03-19,21.50789766407119,0.747,stop,-0.037,1,OYYAT
2026-05-04,49.89657401422107,0.604,stop,-0.037,0,OYYAT
2026-05-26,17.29604058052698,0.484,stop,-0.037,0,OYYAT
2024-11-15,19.426842936164572,0.113,stop,-0.037,0,OZATD
2024-12-13,16.85297709923664,0.168,stop,-0.037,6,OZATD
2025-02-14,53.83933104684537,0.237,hedef,0.043000000000000003,5,OZATD
2025-03-25,17.68758966077089,0.434,hedef,0.043000000000000003,0,OZATD
2025-04-02,19.83660519787246,0.498,stop,-0.037,0,OZATD
2025-04-29,20.674495248456147,0.55,stop,-0.037,0,OZATD
2025-04-30,8.302559263630176,0.442,stop,-0.037,0,OZATD
2025-05-21,14.751275127512752,0.52,stop,-0.037,0,OZATD
2025-06-05,48.34142282623769,0.559,hedef,0.043000000000000003,0,OZATD
2025-07-04,19.37538861568029,0.852,hedef,0.043000000000000003,4,OZATD
2025-08-14,17.004989855787684,1.006,stop,-0.037,0,OZATD
2025-09-12,11.795801603610137,0.829,stop,-0.037,0,OZATD
2025-10-08,21.740313212263807,0.996,stop,-0.037,0,OZATD
2025-10-28,8.588973434788413,0.826,stop,-0.037,2,OZATD
2025-11-07,63.40054253208632,0.754,stop,-0.037,1,OZATD
2025-12-03,23.245817843866174,0.508,stop,-0.037,9,OZATD
2026-03-02,9.064982684864535,0.682,stop,-0.037,0,OZATD
2026-03-19,28.11860498630927,0.784,stop,-0.06045622119815663,1,OZATD
2026-04-13,93.72458925090504,1.013,stop,-0.037,0,OZATD
2026-04-27,460.0164448188711,0.845,hedef,0.043000000000000003,0,OZATD
2024-08-21,10.766146585103835,0.577,hedef,0.043000000000000003,1,OZGYO
2024-10-21,10.294472828612212,0.09,stop,-0.037,3,OZGYO
2024-10-31,10.324343246781257,0.215,stop,-0.037,0,OZGYO
2024-12-25,10.863729287711807,0.472,hedef,0.04563158123985301,6,OZGYO
2025-01-03,10.223593619917445,0.654,hedef,0.043000000000000003,0,OZGYO
2025-03-19,12.504532466967738,-0.025,stop,-0.043016946692758566,1,OZGYO
2025-06-05,406.30812300893757,0.802,hedef,0.043000000000000003,0,OZGYO
2025-08-04,10.092216081929418,0.969,stop,-0.037,0,OZGYO
2025-10-17,90.7458238483332,0.73,stop,-0.037,0,OZGYO
2025-12-05,9.867036074638905,0.739,hedef,0.043000000000000003,0,OZGYO
2025-12-19,16.960628702803,1.0,stop,-0.037,0,OZGYO
2026-03-02,9.438683614392012,0.528,hedef,0.043000000000000003,0,OZGYO
2026-03-19,32.43201338025492,0.673,stop,-0.037,1,OZGYO
2024-06-21,83.21789039197373,1.907,stop,-0.037,0,OZKGY
2024-10-01,12.843674510154782,0.67,stop,-0.037,0,OZKGY
2024-11-12,10.642854856520973,0.508,hedef,0.043000000000000003,0,OZKGY
2025-03-11,12.594617422796116,0.612,hedef,0.043000000000000003,2,OZKGY
2025-05-23,14.351255915821065,0.39,stop,-0.037,2,OZKGY
2025-09-22,24.543163397065918,0.844,stop,-0.037,4,OZKGY
2025-10-28,14.594977504068414,0.826,hedef,0.043000000000000003,3,OZKGY
2026-01-08,8.682181701855406,0.769,hedef,0.04563157894736836,2,OZKGY
2026-02-02,9.702819997019818,0.898,stop,-0.037,3,OZKGY
2026-02-16,9.675432006010519,1.013,stop,-0.037,3,OZKGY
2026-03-09,9.353552362536199,0.493,hedef,0.043000000000000003,0,OZKGY
2026-03-19,65.44004247465426,0.641,hedef,0.043000000000000003,0,OZKGY
2026-05-26,8.356755532976985,0.491,hedef,0.043000000000000003,1,OZKGY
2024-07-04,28.545822102422747,1.013,stop,-0.037,0,OZRDN
2024-07-08,53.25044926101139,0.324,stop,-0.05676958569704226,1,OZRDN
2024-08-05,17.05857564264906,-0.106,hedef,0.043000000000000003,0,OZRDN
2024-09-24,9.011278000078107,0.005,stop,-0.037,0,OZRDN
2024-10-16,23.95115842204127,0.08,hedef,0.043000000000000003,0,OZRDN
2024-11-21,47.86793636311789,0.123,stop,-0.037,0,OZRDN
2025-01-30,15.91805947040371,0.199,stop,-0.037,0,OZRDN
2025-03-10,41.358820413208335,0.173,hedef,0.043000000000000003,0,OZRDN
2025-09-18,181.25909886667233,0.37,stop,-0.037,0,OZRDN
2025-11-26,10.034400995102219,0.531,hedef,0.043000000000000003,0,OZRDN
2026-02-12,29.73169278709555,0.927,stop,-0.037,0,OZRDN
2026-05-26,16.799067933321368,0.825,stop,-0.037,0,OZRDN
2024-07-16,12.020256138145527,0.202,stop,-0.037,0,OZYSR
2024-08-08,20.893959065777853,0.395,stop,-0.037,2,OZYSR
2024-10-24,13.610332950631989,0.251,hedef,0.043000000000000003,0,OZYSR
2024-10-25,102.62456031450722,0.488,stop,-0.037,0,OZYSR
2025-06-05,11.909365558912253,0.364,stop,-0.037,4,OZYSR
2025-10-07,11.425476176407276,0.685,stop,-0.037,0,OZYSR
2025-10-28,101.4228130966468,0.729,hedef,0.043000000000000003,3,OZYSR
2025-11-18,13.325677621625134,1.043,stop,-0.037,0,OZYSR
2026-03-02,11.835308416896511,0.678,hedef,0.043000000000000003,0,OZYSR
2026-03-19,44.32570168098831,0.737,stop,-0.03787986424480682,1,OZYSR
2026-04-08,15.768339768343083,0.676,hedef,0.043000000000000003,7,OZYSR
2026-05-26,21.44680223990569,0.766,hedef,0.043000000000000003,1,OZYSR
2024-06-24,16.167705228935247,1.514,stop,-0.037,0,PAGYO
2024-07-24,20.34525088230781,0.807,stop,-0.037,1,PAGYO
2024-11-08,19.830912638196402,1.317,stop,-0.037,0,PAGYO
2024-12-12,10.753571428571428,0.82,hedef,0.043000000000000003,3,PAGYO
2025-03-11,8.433149886694723,0.794,hedef,0.043000000000000003,2,PAGYO
2025-03-25,19.925611052072266,0.491,hedef,0.043000000000000003,0,PAGYO
2025-06-05,33.58522866226461,0.789,hedef,0.043000000000000003,1,PAGYO
2025-10-02,23.797276853252647,1.032,hedef,0.043000000000000003,0,PAGYO
2025-10-28,13.051630793608874,0.754,hedef,0.043000000000000003,4,PAGYO
2025-12-09,8.467574770506367,0.627,hedef,0.043000000000000003,4,PAGYO
2026-01-26,9.974133471288152,0.746,stop,-0.037,5,PAGYO
2026-03-11,9.6286701208981,0.905,stop,-0.037,0,PAGYO
2026-03-19,9.615716753022452,0.929,hedef,0.043000000000000003,0,PAGYO
2026-05-07,16.826612903225808,0.992,hedef,0.043000000000000003,1,PAGYO
2024-09-04,62.206456190138354,0.657,stop,-0.037,0,PAMEL
2025-03-19,9.906329832529094,0.159,hedef,0.043000000000000003,0,PAMEL
2025-04-24,8.423669816011936,0.392,hedef,0.043000000000000003,0,PAMEL
2025-05-08,11.217819360362013,0.343,stop,-0.037,0,PAMEL
2025-09-29,37.330187330187336,0.485,stop,-0.1130894386298762,1,PAMEL
2025-12-22,11.112618724559024,0.284,stop,-0.037,0,PAMEL
2026-03-19,49.10815939278937,0.121,stop,-0.037,4,PAMEL
2026-04-24,8.468586387434556,0.253,stop,-0.037,0,PAMEL
2026-06-02,9.891214608324026,0.311,stop,-0.037,0,PAMEL
2024-08-20,25.50077399380805,-0.033,stop,-0.037,1,PARSN
2024-09-30,8.826850690087829,0.184,stop,-0.037,0,PARSN
2024-10-30,10.9557945041816,0.172,stop,-0.037,0,PARSN
2024-11-25,27.559055118110237,0.149,hedef,0.043000000000000003,0,PARSN
2025-01-13,8.2281634008635,0.289,stop,-0.037,0,PARSN
2025-03-11,10.390488110137673,0.072,hedef,0.043000000000000003,3,PARSN
2025-04-21,49.20944173847884,0.209,hedef,0.043000000000000003,1,PARSN
2025-04-22,8.391823326611592,0.266,stop,-0.037,0,PARSN
2025-06-05,16.215999358099978,0.094,hedef,0.043000000000000003,2,PARSN
2025-08-19,16.585365853658537,0.417,stop,-0.037,1,PARSN
2025-10-23,9.8379970544919,0.32,hedef,0.043000000000000003,1,PARSN
2025-10-28,18.607628004179727,0.388,hedef,0.043000000000000003,3,PARSN
2025-12-10,9.22509225092251,0.267,hedef,0.043000000000000003,6,PARSN
2026-03-02,21.81883796463371,0.15,hedef,0.043000000000000003,0,PARSN
2026-03-19,35.2131281492578,0.163,hedef,0.043000000000000003,2,PARSN
2026-04-20,11.238646571514124,0.244,stop,-0.037,7,PARSN
2024-07-19,9.695561442716183,0.636,stop,-0.037,0,PATEK
2024-10-22,17.84354550862547,0.213,hedef,0.043000000000000003,0,PATEK
2024-10-23,9.946421460377286,0.367,hedef,0.043000000000000003,0,PATEK
2024-10-24,18.08759124087571,0.592,stop,-0.037,0,PATEK
2024-12-13,8.098737744912379,0.629,stop,-0.037,0,PATEK
2025-01-07,25.1366869483253,0.831,stop,-0.037,0,PATEK
2025-02-17,8.281801428519993,0.492,stop,-0.037,0,PATEK
2025-05-16,8.004390503754268,0.328,stop,-0.037,0,PATEK
2025-06-05,54.4514653069419,0.353,hedef,0.043000000000000003,0,PATEK
2025-10-28,40.469250862953636,0.627,stop,-0.037,0,PATEK
2025-12-24,79.14251329283205,0.591,hedef,0.043000000000000003,0,PATEK
2025-12-31,8.16228382790491,0.426,stop,-0.037,0,PATEK
2026-03-19,25.15483002697727,0.171,hedef,0.043000000000000003,2,PATEK
2026-04-13,12.769309508444781,0.293,stop,-0.037,0,PATEK
2026-05-05,11.647159235256673,0.398,hedef,0.0923031358885017,1,PATEK
2026-05-06,27.480853291382008,0.497,stop,-0.037,0,PATEK
2026-05-26,36.576373183833674,0.344,hedef,0.043000000000000003,0,PATEK
2024-07-03,23.422348124989202,0.931,stop,-0.037,0,PCILT
2024-08-27,9.545468667474447,0.365,hedef,0.043000000000000003,1,PCILT
2024-10-01,47.179762864737334,0.921,stop,-0.037,0,PCILT
2024-10-30,8.34064436866519,0.588,stop,-0.037,0,PCILT
2024-11-19,49.964366958128956,0.561,stop,-0.06813537117903934,1,PCILT
2025-03-19,13.8702131143706,0.195,stop,-0.037,0,PCILT
2025-03-21,75.35616374269006,-0.12,stop,-0.13289641434262944,1,PCILT
2025-04-21,14.781558134996237,0.236,hedef,0.043000000000000003,0,PCILT
2025-05-26,46.91798080114062,0.297,stop,-0.037,0,PCILT
2025-06-05,37.18850787231895,0.221,stop,-0.08346176911544223,4,PCILT
2025-09-04,19.793050587634134,1.001,hedef,0.043000000000000003,0,PCILT
2025-10-28,525.5474954993117,0.474,stop,-0.037,0,PCILT
2026-01-05,74.97276553602377,0.531,stop,-0.037,0,PCILT
2026-03-02,12.364752099006342,0.539,hedef,0.043000000000000003,0,PCILT
2026-03-12,8.501135116023745,0.635,stop,-0.037,0,PCILT
2026-04-30,11.228875042676682,0.695,stop,-0.037,0,PCILT
2026-05-20,42.27319255411912,0.939,stop,-0.037,0,PCILT
2026-05-26,12.062129409261034,0.962,hedef,0.043000000000000003,2,PCILT
2024-09-03,23.659313765747417,0.581,stop,-0.037,0,PENTA
2024-11-07,27.694712330806283,0.571,stop,-0.037,0,PENTA
2025-01-02,8.612752394268789,0.579,hedef,0.046212199870214195,2,PENTA
2025-03-06,10.749906136581703,0.376,hedef,0.06146473029045641,1,PENTA
2025-03-07,17.086099248219195,0.588,hedef,0.043000000000000003,0,PENTA
2025-06-05,55.565758145048676,0.176,stop,-0.06649656750572075,4,PENTA
2025-07-25,12.10900335334945,0.615,stop,-0.037,0,PENTA
2025-09-08,20.38048153279186,0.934,stop,-0.037,0,PENTA
2025-10-28,41.78751973463888,0.345,hedef,0.043000000000000003,2,PENTA
2026-02-18,31.024694750893172,0.493,hedef,0.043000000000000003,0,PENTA
2026-03-19,10.829199149539333,0.162,stop,-0.037,1,PENTA
2026-05-06,11.415860213478075,0.419,hedef,0.050856673241288626,3,PENTA
2026-05-26,31.634703873211162,0.451,hedef,0.043000000000000003,1,PENTA
2024-08-09,12.228102386871974,0.347,stop,-0.037,1,PETUN
2024-08-26,8.296783625732239,0.374,stop,-0.037,2,PETUN
2024-09-20,14.432659401470836,0.084,stop,-0.037,0,PETUN
2024-10-31,91.86516806986025,0.316,stop,-0.037,0,PETUN
2025-03-04,31.446272128821498,0.093,stop,-0.037,0,PETUN
2025-03-20,11.197977339994994,-0.068,hedef,0.043000000000000003,0,PETUN
2025-05-02,34.18467460528581,0.368,stop,-0.037,1,PETUN
2025-06-05,18.455810476683343,0.219,stop,-0.037,4,PETUN
2025-08-11,35.92351484731603,0.913,stop,-0.037,0,PETUN
2025-10-13,10.47100022793676,0.789,hedef,0.043000000000000003,1,PETUN
2025-10-28,286.0397776696596,0.764,hedef,0.043000000000000003,2,PETUN
2026-02-02,10.400135685210312,0.797,hedef,0.043000000000000003,0,PETUN
2026-03-19,21.032671272308576,0.561,hedef,0.043000000000000003,12,PETUN
2026-05-26,14.792017623428794,0.698,stop,-0.037,1,PETUN
2024-07-08,11.008540257691328,0.235,hedef,0.043000000000000003,0,PINSU
2024-08-28,22.863930606479407,0.099,hedef,0.043000000000000003,0,PINSU
2024-09-05,9.10917809526947,0.673,stop,-0.037,0,PINSU
2025-03-04,11.88107184797694,0.172,stop,-0.037,0,PINSU
2025-03-19,10.29481952430852,-0.009,hedef,0.043000000000000003,0,PINSU
2025-05-23,20.54296034429757,0.277,stop,-0.037,0,PINSU
2025-06-05,53.663362711988505,0.164,hedef,0.043000000000000003,0,PINSU
2025-06-30,11.163107678328034,0.219,hedef,0.043000000000000003,0,PINSU
2025-07-21,8.186419605046419,0.554,stop,-0.037,0,PINSU
2025-07-30,26.910151367865577,0.708,hedef,0.043000000000000003,0,PINSU
2025-09-18,13.967457808760527,0.848,stop,-0.037,0,PINSU
2025-10-14,24.357743845434715,0.821,hedef,0.043000000000000003,0,PINSU
2025-11-27,8.284474370926441,0.834,hedef,0.043000000000000003,0,PINSU
2026-03-10,54.900495312223605,0.582,stop,-0.037,0,PINSU
2026-03-19,18.03534848884908,0.518,hedef,0.043000000000000003,0,PINSU
2026-05-14,20.681837056722863,0.674,stop,-0.037,0,PINSU
2026-05-26,10.205936259036758,0.593,hedef,0.043000000000000003,4,PINSU
2024-09-02,46.908749145591244,0.376,stop,-0.037,0,PKENT
2024-11-01,9.477206189878713,0.394,stop,-0.037,0,PKENT
2025-03-19,8.325635103926096,0.057,hedef,0.043000000000000003,0,PKENT
2025-05-15,41.720493247210804,0.26,hedef,0.043000000000000003,0,PKENT
2025-06-05,73.08400068154711,0.237,stop,-0.037,2,PKENT
2025-06-27,28.12360491071429,0.281,stop,-0.037,0,PKENT
2025-09-08,16.23017902813299,0.312,stop,-0.037,0,PKENT
2025-10-28,33.688688688688686,0.192,hedef,0.043000000000000003,2,PKENT
2025-11-04,8.484517457249696,0.45,stop,-0.037,0,PKENT
2025-12-04,14.501783092091463,0.212,stop,-0.037,0,PKENT
2026-02-11,28.415212347422578,0.135,stop,-0.037,0,PKENT
2026-03-05,19.294039046841363,0.11,stop,-0.037,0,PKENT
2026-03-19,9.549655317739848,0.074,stop,-0.042989717223650296,1,PKENT
2026-05-26,71.3531669865643,0.057,acik,,6,PKENT
2024-07-11,8.319321428327912,1.0,hedef,0.043000000000000003,0,PLTUR
2024-09-23,13.669520505818388,0.994,stop,-0.037,0,PLTUR
2024-10-23,28.100093109869647,0.554,hedef,0.043000000000000003,0,PLTUR
2024-11-28,8.72265990118841,0.847,hedef,0.043000000000000003,1,PLTUR
2024-12-25,15.687038067233567,0.731,hedef,0.043000000000000003,0,PLTUR
2025-03-11,8.153182232825767,0.575,hedef,0.043000000000000003,0,PLTUR
2025-03-12,14.640711003383325,0.756,stop,-0.037,1,PLTUR
2025-05-13,36.15165107845009,0.771,stop,-0.037,0,PLTUR
2025-06-05,62.07761339570033,0.532,hedef,0.043000000000000003,0,PLTUR
2025-08-19,11.031855433254467,0.769,stop,-0.037,0,PLTUR
2025-10-28,10.128219668330056,0.537,hedef,0.043000000000000003,2,PLTUR
2025-12-09,23.74563210145095,0.434,stop,-0.037,0,PLTUR
2026-02-12,14.733800580277723,0.537,stop,-0.037,1,PLTUR
2026-03-02,10.062031660959754,0.304,hedef,0.043000000000000003,0,PLTUR
2026-03-12,27.09191477603545,0.541,hedef,0.043000000000000003,1,PLTUR
2026-04-24,15.16562572143432,0.655,stop,-0.037,0,PLTUR
2026-05-26,9.858180635368102,0.457,acik,,6,PLTUR
2024-09-16,58.807295796986516,0.209,stop,-0.037,0,PNLSN
2024-10-07,28.572456813819574,0.012,stop,-0.037,1,PNLSN
2024-10-31,11.49217615744475,0.088,stop,-0.037,1,PNLSN
2024-12-09,18.252975590074644,0.153,stop,-0.037,0,PNLSN
2024-12-25,8.882022683597723,0.304,stop,-0.037,0,PNLSN
2025-03-19,8.541845236054446,0.05,hedef,0.043000000000000003,0,PNLSN
2025-06-05,487.6365780978396,0.138,stop,-0.037,0,PNLSN
2025-08-11,8.200586842012232,0.195,stop,-0.037,2,PNLSN
2025-10-28,14.54830459533042,0.18,hedef,0.043000000000000003,2,PNLSN
2026-02-05,16.991584365002087,0.303,stop,-0.037,0,PNLSN
2026-02-25,14.382570750873636,0.39,hedef,0.06236416184971095,1,PNLSN
2026-03-19,20.63160222080283,0.368,stop,-0.037,1,PNLSN
2026-05-26,12.646884324026862,0.311,hedef,0.043000000000000003,1,PNLSN
2024-08-28,10.306592954858836,0.16,stop,-0.037,0,PNSUT
2025-05-02,28.460899781666104,0.297,stop,-0.037,0,PNSUT
2025-06-05,8.689289501590668,0.186,stop,-0.037,4,PNSUT
2025-08-11,9.075078757467338,0.823,hedef,0.043000000000000003,0,PNSUT
2025-09-08,24.445183631749615,1.008,stop,-0.037,0,PNSUT
2025-10-10,32.68046625895144,0.865,stop,-0.037,1,PNSUT
2025-10-28,12.932145770630376,0.626,stop,-0.037,4,PNSUT
2025-12-09,10.94979262169832,0.555,stop,-0.037,0,PNSUT
2026-01-30,9.05503294435183,0.572,hedef,0.043000000000000003,0,PNSUT
2026-02-02,37.09355971709158,0.792,stop,-0.037,0,PNSUT
2026-04-08,8.14501649658559,0.647,hedef,0.043000000000000003,1,PNSUT
2024-06-14,16.774193548387096,-0.102,stop,-0.037,0,POLTK
2024-07-04,15.28052805280528,0.028,hedef,0.043000000000000003,1,POLTK
2024-08-29,36.92307692307693,0.171,stop,-0.037,0,POLTK
2024-11-07,61.28,0.032,stop,-0.037,0,POLTK
2024-11-26,51.26984126984127,0.123,hedef,0.043000000000000003,0,POLTK
2024-11-27,13.43915343915344,0.191,stop,-0.037,0,POLTK
2024-12-12,12.979274611398964,0.1,stop,-0.037,5,POLTK
2024-12-27,65.0,0.077,hedef,0.043000000000000003,2,POLTK
2025-01-15,463.03030303030306,0.064,hedef,0.043000000000000003,0,POLTK
2025-01-31,36.583333333333336,0.15,stop,-0.037,0,POLTK
2025-03-19,8.709677419354838,0.029,hedef,0.043000000000000003,0,POLTK
2025-04-15,10.588235294117647,0.063,hedef,0.043000000000000003,0,POLTK
2025-04-16,19.77578475336323,0.106,hedef,0.043000000000000003,0,POLTK
2025-05-08,55.6,0.03,hedef,0.043000000000000003,0,POLTK
2025-06-05,13.977272727272727,0.025,stop,-0.037,4,POLTK
2025-06-17,15.182724252491694,0.032,stop,-0.04277302631578949,1,POLTK
2025-07-25,33.07692307692308,0.15,stop,-0.037,0,POLTK
2025-09-01,11.497797356828194,0.298,stop,-0.037,0,POLTK
2025-10-27,39.70588235294118,0.167,stop,-0.037,0,POLTK
2025-10-28,61.744680851063826,0.149,hedef,0.043000000000000003,1,POLTK
2026-01-14,17.46760895170789,0.056,hedef,0.043000000000000003,2,POLTK
2026-02-25,69.44,0.042,hedef,0.043000000000000003,0,POLTK
2026-03-19,19.603524229074893,0.006,stop,-0.037,1,POLTK
2026-05-26,32.840909090909086,0.032,acik,,6,POLTK
2024-08-22,8.551571408377704,0.121,stop,-0.037,1,PRDGS
2024-08-29,10.742426066369728,0.492,stop,-0.037,0,PRDGS
2024-11-15,17.302036313926653,0.368,stop,-0.037,2,PRDGS
2025-05-05,59.35793644346971,0.383,hedef,0.043000000000000003,0,PRDGS
2025-05-06,26.3311151276515,0.542,stop,-0.037,0,PRDGS
2025-06-05,12.356956834392552,0.411,hedef,0.043000000000000003,2,PRDGS
2025-07-30,11.915986153026806,0.862,hedef,0.043000000000000003,0,PRDGS
2025-07-31,61.70127095374375,1.031,stop,-0.037,0,PRDGS
2025-08-25,8.041024381743002,0.938,stop,-0.037,0,PRDGS
2025-10-28,11.15706091650819,0.501,hedef,0.043000000000000003,1,PRDGS
2025-10-31,16.151311339505295,0.713,hedef,0.043000000000000003,0,PRDGS
2025-12-08,8.4024118121825,0.486,stop,-0.037,9,PRDGS
2026-01-12,8.053269265545481,0.621,stop,-0.037,0,PRDGS
2026-03-19,14.893433714795274,0.581,stop,-0.037,1,PRDGS
2026-04-13,8.46158859352484,0.691,hedef,0.043000000000000003,3,PRDGS
2026-04-20,20.041202547066547,0.978,hedef,0.043000000000000003,1,PRDGS
2026-04-21,9.598653994373814,1.062,hedef,0.043000000000000003,0,PRDGS
2026-05-26,32.38075579229305,0.664,hedef,0.043000000000000003,1,PRDGS
2024-08-05,9.53571608610173,-0.119,hedef,0.043000000000000003,0,PRKAB
2024-10-30,11.850621699880769,0.061,stop,-0.037,3,PRKAB
2024-12-09,8.773344400308295,0.084,hedef,0.043000000000000003,5,PRKAB
2024-12-17,22.150352846539178,0.241,stop,-0.037,0,PRKAB
2025-01-16,12.186515437933206,0.089,hedef,0.043000000000000003,7,PRKAB
2025-06-05,17.680335228973362,0.072,hedef,0.043000000000000003,1,PRKAB
2025-07-11,31.702199661590523,0.25,hedef,0.043000000000000003,0,PRKAB
2025-08-05,19.0415964024733,0.492,stop,-0.037,0,PRKAB
2025-10-28,26.830708661417322,0.289,hedef,0.043000000000000003,1,PRKAB
2025-10-31,38.86570258918603,0.522,hedef,0.09289909182643796,1,PRKAB
2025-12-17,8.308259730175678,0.238,stop,-0.037,4,PRKAB
2025-12-31,8.410819949281487,0.234,stop,-0.037,2,PRKAB
2026-01-14,20.59863133090158,0.369,stop,-0.037,0,PRKAB
2026-01-20,8.595139174075594,0.497,stop,-0.037,0,PRKAB
2026-01-29,9.778199841996473,0.997,stop,-0.037,0,PRKAB
2026-03-19,34.10187452334122,0.349,stop,-0.037,1,PRKAB
2026-05-12,44.56376227869375,0.431,stop,-0.037,0,PRKAB
2026-05-26,10.121705756497228,0.377,stop,-0.037,0,PRKAB
2024-07-29,32.05957053797961,0.158,hedef,0.043000000000000003,0,PRZMA
2025-02-13,12.271366561891933,0.089,hedef,0.043000000000000003,10,PRZMA
2025-06-05,20.54587636915252,0.631,hedef,0.043000000000000003,3,PRZMA
2025-09-17,8.991530893656972,0.784,stop,-0.037,1,PRZMA
2025-11-14,14.601021566401815,0.723,stop,-0.037,1,PRZMA
2026-02-04,8.822981930445836,0.569,stop,-0.037,1,PRZMA
2026-02-06,13.222348891273246,0.405,hedef,0.043000000000000003,0,PRZMA
2026-03-19,24.806236414061914,0.876,stop,-0.037,0,PRZMA
2026-04-17,9.702215352910871,0.928,hedef,0.043000000000000003,0,PRZMA
2026-05-06,9.070804979253111,1.123,hedef,0.09284639016897078,1,PRZMA
2026-05-07,8.218114667811502,1.121,hedef,0.08424767225325891,1,PRZMA
2024-07-16,14.21768707482993,0.395,stop,-0.037,4,PSDTC
2024-08-22,9.17554540842212,0.078,stop,-0.037,2,PSDTC
2024-09-11,57.76190476190476,0.291,stop,-0.037,0,PSDTC
2024-09-12,9.595372901210464,0.352,stop,-0.037,0,PSDTC
2024-10-31,11.483175764968996,0.546,hedef,0.043000000000000003,0,PSDTC
2024-12-05,28.014730130812353,0.36,stop,-0.037,0,PSDTC
2025-03-06,18.863925392115302,0.279,stop,-0.037,0,PSDTC
2025-05-13,59.80914336440301,0.291,hedef,0.09252324195470785,1,PSDTC
2025-05-14,12.370750481077614,0.432,hedef,0.09218699186991886,1,PSDTC
2025-05-15,21.25172097292336,0.586,stop,-0.037,0,PSDTC
2025-06-05,11.555039990231393,0.529,stop,-0.037,0,PSDTC
2025-07-01,63.68802665098961,0.731,stop,-0.037,0,PSDTC
2025-08-12,8.593571428571428,1.067,stop,-0.037,0,PSDTC
2025-10-22,11.245901639344263,0.892,stop,-0.037,0,PSDTC
2025-12-23,13.609929078014185,0.644,stop,-0.037,0,PSDTC
2025-12-26,8.04093567251462,0.509,hedef,0.043000000000000003,0,PSDTC
2026-05-22,11.740595171252107,0.395,stop,-0.037,0,PSDTC
2026-05-26,13.249162586962122,0.449,stop,-0.037,5,PSDTC
2022-08-26,14.980406127532689,1.369,stop,-0.037,0,QNBFK
2022-12-27,12.930851063834373,1.01,stop,-0.037,1,QNBFK
2023-04-18,16.111929307812385,0.432,stop,-0.037,0,QNBFK
2023-07-10,17.17408906883184,0.73,hedef,0.043000000000000003,0,QNBFK
2023-07-31,16.017651778558722,0.872,hedef,0.043000000000000003,2,QNBFK
2024-02-29,18.528499880755174,0.683,hedef,0.09208998986293648,1,QNBFK
2024-08-26,9.706544608909256,0.671,stop,-0.037,1,QNBFK
2025-03-21,9.073633402529914,0.447,stop,-0.037,0,QNBFK
2025-07-21,17.202072538861437,0.433,hedef,0.09277011494252874,1,QNBFK
2025-07-22,9.419457814181346,0.481,stop,-0.037,2,QNBFK
2026-01-12,10.526564397859062,0.553,stop,-0.037,0,QNBFK
2026-04-07,15.604242492794855,0.591,stop,-0.037,0,QNBFK
2022-06-21,12.612695492164878,0.189,hedef,0.04547465712581989,9,QNBTR
2022-07-27,20.771670190271934,1.118,stop,-0.037,4,QNBTR
2022-08-26,11.51950531963082,1.056,stop,-0.037,1,QNBTR
2023-06-19,11.993305632504027,0.437,stop,-0.06700000000000006,1,QNBTR
2023-08-07,9.879841112210105,1.213,hedef,0.09255752212389379,1,QNBTR
2024-08-26,8.457797066750079,0.703,hedef,0.09190109890109877,1,QNBTR
2024-08-27,12.379914459617403,0.781,stop,-0.037,0,QNBTR
2025-03-18,9.80796202395881,0.764,hedef,0.043000000000000003,1,QNBTR
2025-07-21,13.325609156663367,0.876,hedef,0.0925616781465245,1,QNBTR
2026-04-07,14.665435888628899,0.54,stop,-0.037,0,QNBTR
2024-06-27,35.634387351778656,-0.363,stop,-0.09467123287671231,1,RAYSG
2024-07-23,18.52029312288613,0.445,hedef,0.043000000000000003,2,RAYSG
2024-09-10,13.69928400954654,0.341,stop,-0.09465652951699466,1,RAYSG
2024-09-11,12.130764740221831,0.227,stop,-0.037,0,RAYSG
2024-11-25,88.9799331103679,0.438,stop,-0.037,0,RAYSG
2024-12-31,11.763134461264471,0.647,hedef,0.043000000000000003,0,RAYSG
2025-01-06,9.798018292682928,0.758,stop,-0.037,3,RAYSG
2025-01-24,14.648085021054742,1.002,stop,-0.037,0,RAYSG
2025-02-04,13.703267589049162,0.187,stop,-0.037,0,RAYSG
2025-02-05,14.846406860297789,0.105,stop,-0.037,0,RAYSG
2025-03-17,10.452191009111875,0.046,stop,-0.037,0,RAYSG
2025-06-05,76.6971736204576,0.024,hedef,0.043000000000000003,2,RAYSG
2025-07-30,45.91933376877858,0.095,stop,-0.037,0,RAYSG
2025-07-31,18.114065257050573,0.12,hedef,0.043000000000000003,0,RAYSG
2025-08-28,13.282417399966794,0.1,hedef,0.043000000000000003,1,RAYSG
2025-10-15,8.774099672608221,0.037,hedef,0.043000000000000003,0,RAYSG
2025-10-28,71.0267716535433,0.09,stop,-0.037,0,RAYSG
2026-02-04,10.40457343887423,0.041,stop,-0.037,0,RAYSG
2026-03-19,23.997406577861607,0.019,stop,-0.037,4,RAYSG
2026-05-26,12.987473903966597,0.018,hedef,0.043000000000000003,1,RAYSG
2024-07-04,8.248702900399762,0.496,hedef,0.043000000000000003,0,RODRG
2024-09-09,110.39919288869498,0.233,stop,-0.037,0,RODRG
2024-10-25,23.358112475759537,0.183,hedef,0.043000000000000003,0,RODRG
2024-10-28,10.196280484812798,0.22,stop,-0.037,0,RODRG
2025-01-31,56.91606847045831,0.029,stop,-0.037,1,RODRG
2025-04-17,8.177656051996893,0.081,stop,-0.037,3,RODRG
2025-06-13,33.861913696060036,0.013,hedef,0.043000000000000003,4,RODRG
2025-08-18,26.328300674590427,0.281,stop,-0.037,0,RODRG
2025-08-19,10.25711055413284,0.364,stop,-0.037,0,RODRG
2025-10-28,8.712102689486553,0.28,stop,-0.037,1,RODRG
2025-12-01,32.44468904788112,0.223,hedef,0.043000000000000003,0,RODRG
2026-03-19,9.281194820482636,0.228,stop,-0.037,1,RODRG
2026-04-30,22.292091613730403,0.533,stop,-0.037,0,RODRG
2026-05-20,13.185369505393124,0.655,stop,-0.037,0,RODRG
2024-08-15,21.550210773719133,1.084,hedef,0.0829780541331383,1,RTALB
2024-08-16,69.69210421211714,1.382,stop,-0.037,0,RTALB
2024-10-04,16.325082567063465,0.233,hedef,0.043000000000000003,0,RTALB
2024-10-07,17.278299889521048,0.341,stop,-0.037,0,RTALB
2025-01-06,11.335184939380355,0.228,hedef,0.10920400258231122,1,RTALB
2025-01-07,34.049578653865055,0.309,stop,-0.037,0,RTALB
2025-02-12,16.68569815448675,0.296,stop,-0.037,4,RTALB
2025-02-24,9.681264845832766,0.33,stop,-0.037,0,RTALB
2025-04-10,29.111435161682685,0.24,stop,-0.037,0,RTALB
2025-05-02,9.133413010960622,0.194,hedef,0.0675762711864406,1,RTALB
2025-05-05,8.32627609192236,0.244,stop,-0.037,0,RTALB
2025-06-05,17.955184939872275,0.185,stop,-0.037,4,RTALB
2025-08-11,9.068749986402727,0.353,hedef,0.043000000000000003,0,RTALB
2025-09-30,35.416488140882215,0.486,stop,-0.037,0,RTALB
2025-10-28,121.93342269683751,0.461,stop,-0.037,0,RTALB
2026-01-26,9.884675010763152,0.398,stop,-0.037,2,RTALB
2026-02-18,10.751862467953709,0.543,stop,-0.037,0,RTALB
2026-02-23,12.2561314970863,0.491,stop,-0.037,1,RTALB
2026-03-19,11.351214115559756,0.378,stop,-0.037,1,RTALB
2026-04-30,13.62576654279641,0.317,stop,-0.037,0,RTALB
2026-05-08,36.99245577070157,0.396,hedef,0.10497916666666651,1,RTALB
2026-05-11,13.278745793618798,0.493,hedef,0.11243793911007038,1,RTALB
2024-07-12,14.865556000839678,0.149,stop,-0.037,0,RUBNS
2024-08-21,25.96646990129737,0.463,hedef,0.09300000000000008,1,RUBNS
2024-08-26,34.6601176058462,1.162,stop,-0.037,0,RUBNS
2025-03-05,8.935064935064934,0.023,stop,-0.037,0,RUBNS
2025-03-21,8.877906341250137,0.111,stop,-0.037,0,RUBNS
2025-03-24,8.923461176532667,0.205,stop,-0.037,0,RUBNS
2025-06-05,57.87151257903348,0.034,stop,-0.067745278203165,4,RUBNS
2025-08-12,8.515147205233964,0.183,hedef,0.043000000000000003,5,RUBNS
2025-10-28,23.71410408778088,0.081,stop,-0.037,2,RUBNS
2025-12-31,128.4759553335952,0.171,stop,-0.037,0,RUBNS
2026-01-20,16.768648665192476,0.607,hedef,0.043000000000000003,0,RUBNS
2026-03-26,10.15334871897002,0.851,hedef,0.043000000000000003,0,RUBNS
2026-05-05,22.156325049820303,0.635,stop,-0.037,0,RUBNS
2026-05-26,43.53137910682668,0.412,hedef,0.043000000000000003,1,RUBNS
2024-07-12,21.5046585142667,1.008,hedef,0.043000000000000003,0,RUZYE
2024-08-09,9.555806002757716,0.559,hedef,0.043000000000000003,0,RUZYE
2024-10-15,17.883199557154718,0.337,stop,-0.037,0,RUZYE
2025-04-03,23.14606073886448,0.842,hedef,0.118,1,RUZYE
2025-04-04,17.717145613828468,1.124,stop,-0.037,0,RUZYE
2025-05-30,11.646898185988455,0.494,stop,-0.037,0,RUZYE
2025-07-23,22.18796537885643,0.509,stop,-0.037,0,RUZYE
2025-09-22,8.653773279818108,0.797,stop,-0.037,0,RUZYE
2025-10-28,146.5501730666859,0.897,stop,-0.037,0,RUZYE
2026-01-29,14.979220463590242,0.711,hedef,0.043000000000000003,0,RUZYE
2026-03-02,10.991503329776169,0.417,hedef,0.043000000000000003,0,RUZYE
2026-03-17,9.156437469753737,0.663,stop,-0.037,0,RUZYE
2026-03-19,18.321343186342613,0.579,stop,-0.037,0,RUZYE
2026-04-21,9.450133932349868,0.698,stop,-0.037,0,RUZYE
2026-05-26,14.394748719993576,0.586,stop,-0.037,5,RUZYE
2024-06-04,17.905265339966835,-0.057,stop,-0.037,0,SANEL
2024-07-01,31.29292072912251,-0.153,hedef,0.043000000000000003,0,SANEL
2024-07-31,21.09109984262983,0.246,stop,-0.037,0,SANEL
2024-10-31,64.75377544320419,0.012,hedef,0.043000000000000003,0,SANEL
2025-01-22,77.79011872845652,0.298,stop,-0.037,0,SANEL
2025-03-28,21.484368721369446,0.249,stop,-0.037,0,SANEL
2025-06-13,8.780358092536785,0.172,hedef,0.043000000000000003,0,SANEL
2025-08-20,97.84262204397731,0.416,hedef,0.043000000000000003,0,SANEL
2025-10-28,96.40714526457701,0.479,stop,-0.037,5,SANEL
2025-11-13,10.098684998443078,0.83,stop,-0.037,0,SANEL
2026-02-03,40.44298846078623,0.648,stop,-0.037,0,SANEL
2026-03-19,9.34204872244075,0.54,stop,-0.037,4,SANEL
2026-05-07,31.64117258100066,0.706,stop,-0.037,0,SANEL
2024-11-11,8.141806618304681,0.953,stop,-0.037,1,SANFM
2025-04-28,25.136842852578894,0.703,stop,-0.037,0,SANFM
2025-04-30,18.92751430327675,0.494,stop,-0.12817647058823523,1,SANFM
2025-05-23,10.073139576408538,0.185,hedef,0.043000000000000003,0,SANFM
2025-05-28,11.088212034040891,0.17,stop,-0.037,0,SANFM
2025-06-03,25.853469165631143,0.02,hedef,0.043000000000000003,0,SANFM
2025-06-05,12.490531978035369,0.082,hedef,0.10209090909090912,1,SANFM
2025-07-24,14.855215068878268,0.146,stop,-0.037,0,SANFM
2025-08-14,25.91995582668627,0.202,stop,-0.037,0,SANFM
2025-09-19,16.734957522993753,0.186,stop,-0.037,0,SANFM
2025-10-28,58.99365762038272,0.145,hedef,0.043000000000000003,3,SANFM
2025-12-12,34.06178477051845,0.14,stop,-0.037,0,SANFM
2026-01-27,33.763399079275246,0.183,stop,-0.037,0,SANFM
2026-02-16,9.331298388890012,0.15,stop,-0.037,3,SANFM
2026-03-19,20.575263534334663,0.131,stop,-0.037,1,SANFM
2026-04-13,8.403165854908998,0.234,stop,-0.037,1,SANFM
2026-05-20,16.591825289062434,0.204,stop,-0.037,0,SANFM
2026-05-26,33.79025152194809,0.236,stop,-0.037,1,SANFM
2024-07-29,8.430251551780463,0.405,hedef,0.043000000000000003,0,SANKO
2024-07-30,10.463413503869502,0.572,stop,-0.037,0,SANKO
2024-09-18,8.640087929656275,0.246,hedef,0.043000000000000003,0,SANKO
2024-09-19,16.688188873671166,0.422,stop,-0.037,0,SANKO
2024-10-23,30.494083201171158,0.208,stop,-0.037,0,SANKO
2024-10-24,9.832663989290495,0.436,stop,-0.037,0,SANKO
2024-12-09,59.75100257377147,0.599,hedef,0.10967913238593863,1,SANKO
2024-12-10,24.610422185649035,0.869,stop,-0.037,0,SANKO
2025-03-04,8.045175220063111,0.11,stop,-0.037,0,SANKO
2025-03-11,13.338126737609052,0.14,hedef,0.043000000000000003,4,SANKO
2025-04-17,12.038758821552593,0.213,hedef,0.06900732600732595,1,SANKO
2025-04-18,38.43572134783422,0.327,stop,-0.037,0,SANKO
2025-05-27,14.125235151840903,0.098,stop,-0.037,3,SANKO
2025-06-05,83.8430598487952,0.1,stop,-0.037,0,SANKO
2025-08-07,63.21681969949917,0.458,stop,-0.037,0,SANKO
2025-10-28,27.490935460478607,0.321,hedef,0.0515152838427947,3,SANKO
2025-11-19,11.307597788244932,0.235,stop,-0.037,4,SANKO
2025-12-05,37.809686432784844,0.262,stop,-0.037,0,SANKO
2026-02-02,13.231796560556164,0.288,stop,-0.037,13,SANKO
2026-03-19,23.72231012658228,0.139,stop,-0.037,1,SANKO
2026-04-06,10.354415362942092,0.205,stop,-0.037,0,SANKO
2026-05-04,65.0047273873306,0.479,stop,-0.037,0,SANKO
2026-05-22,8.527726522288045,0.184,hedef,0.043000000000000003,0,SANKO
2026-05-26,8.170727597479189,0.277,hedef,0.043000000000000003,1,SANKO
2024-07-10,8.216057036577805,0.888,stop,-0.037,0,SDTTR
2024-10-03,41.967437673672265,0.386,stop,-0.037,0,SDTTR
2024-10-24,23.196367223374946,0.386,stop,-0.037,0,SDTTR
2025-06-05,139.19601765755613,0.052,hedef,0.043000000000000003,1,SDTTR
2025-10-28,92.8827347083926,0.14,stop,-0.037,9,SDTTR
2026-02-20,22.291165696563816,0.473,stop,-0.037,0,SDTTR
2026-03-19,25.822189828794123,0.377,hedef,0.043000000000000003,1,SDTTR
2026-04-08,18.189912261745256,0.253,hedef,0.043000000000000003,0,SDTTR
2026-04-16,9.253420005821287,0.424,hedef,0.04334423407917377,1,SDTTR
2026-04-17,8.143865975899358,0.499,stop,-0.037,0,SDTTR
2026-05-26,27.158907898974974,0.632,stop,-0.037,0,SDTTR
2024-08-01,40.22632975253338,0.861,stop,-0.037,0,SEGYO
2025-01-13,25.159816513761466,0.634,hedef,0.043000000000000003,0,SEGYO
2025-02-28,247.71883233328248,0.84,hedef,0.053000000000000054,1,SEGYO
2025-04-15,12.099482472971756,0.912,stop,-0.037,0,SEGYO
2025-04-17,13.395088226507337,0.279,stop,-0.037,0,SEGYO
2025-06-05,25.874618139878255,0.048,stop,-0.043082474226803995,4,SEGYO
2025-10-23,8.609402689461065,0.445,stop,-0.037,0,SEGYO
2025-10-28,20.282095535121357,0.608,stop,-0.037,1,SEGYO
2026-01-02,10.21752038375593,0.4,stop,-0.037,1,SEGYO
2026-01-26,8.758324150816845,0.278,stop,-0.037,0,SEGYO
2026-02-12,10.54023250512879,0.615,stop,-0.037,0,SEGYO
2026-02-16,8.130493659327591,0.797,stop,-0.037,0,SEGYO
2026-03-19,22.384477263051732,0.289,stop,-0.037,1,SEGYO
2026-05-26,9.134763882290866,0.313,hedef,0.043000000000000003,1,SEGYO
2024-07-29,8.370615741756962,0.974,stop,-0.037,0,SEKFK
2024-12-02,9.367337698523267,0.082,hedef,0.043000000000000003,0,SEKFK
2024-12-03,34.279966759901086,0.196,stop,-0.037,1,SEKFK
2025-02-14,29.22042636198969,0.147,stop,-0.037,0,SEKFK
2025-05-12,15.401109989909182,0.137,stop,-0.037,3,SEKFK
2025-07-18,53.05203145067819,0.333,stop,-0.037,0,SEKFK
2025-10-01,11.497527413459471,0.341,stop,-0.037,0,SEKFK
2025-10-28,20.427457398671415,0.302,hedef,0.043000000000000003,1,SEKFK
2026-03-02,10.019263007736441,0.409,hedef,0.043000000000000003,0,SEKFK
2026-03-19,17.81929197380493,0.551,stop,-0.037,4,SEKFK
2026-04-30,21.314266760033906,0.705,hedef,0.043000000000000003,2,SEKFK
2026-05-26,8.276579968058407,0.582,acik,,6,SEKFK
2024-09-11,9.089990910010272,0.24,stop,-0.037,0,SEKUR
2024-10-30,15.242525930444614,0.379,hedef,0.043000000000000003,5,SEKUR
2025-03-17,11.13789954337845,0.524,hedef,0.043000000000000003,0,SEKUR
2025-04-30,40.84886242006814,1.211,stop,-0.037,0,SEKUR
2025-06-05,28.025724094575935,0.495,stop,-0.037,2,SEKUR
2025-10-28,22.72590480715886,0.382,stop,-0.037,1,SEKUR
2025-11-14,9.923576356012543,0.562,stop,-0.037,0,SEKUR
2024-06-14,16.628993236441957,0.283,stop,-0.037,0,SELVA
2024-06-21,10.636502711974433,0.515,stop,-0.037,0,SELVA
2024-07-10,12.541046370823967,0.496,stop,-0.037,0,SELVA
2024-08-05,8.121101923897186,0.124,hedef,0.043000000000000003,0,SELVA
2024-09-20,24.92155315978633,0.267,hedef,0.043000000000000003,0,SELVA
2024-10-08,22.171294860210295,0.153,hedef,0.043000000000000003,0,SELVA
2025-01-13,39.039585102823246,0.38,stop,-0.037,0,SELVA
2025-01-22,13.390530484355294,0.435,stop,-0.037,0,SELVA
2025-02-18,17.39568623068395,0.421,stop,-0.037,0,SELVA
2025-05-12,14.10108861930347,0.281,stop,-0.037,0,SELVA
2025-06-05,9.149402588308599,0.157,hedef,0.043000000000000003,2,SELVA
2025-07-10,10.302936099207505,0.636,stop,-0.037,0,SELVA
2025-09-18,11.925816874419226,0.854,stop,-0.037,0,SELVA
2025-10-24,8.197247413905332,0.593,hedef,0.043000000000000003,0,SELVA
2025-10-27,10.17756675497871,0.726,hedef,0.049338028034934374,1,SELVA
2025-10-28,17.297506588837525,0.8,hedef,0.043000000000000003,0,SELVA
2025-12-10,18.52024605921685,1.019,hedef,0.09027626459143978,1,SELVA
2025-12-11,21.570327521709387,1.153,stop,-0.037,0,SELVA
2025-12-29,8.902418193657258,0.74,stop,-0.06822448979591855,1,SELVA
2026-02-13,18.944231733861308,0.472,hedef,0.043000000000000003,3,SELVA
2026-03-02,8.486496728512943,0.349,hedef,0.043000000000000003,0,SELVA
2026-03-19,24.413971618847857,0.377,stop,-0.037,1,SELVA
2026-04-06,19.532978224478548,0.426,stop,-0.037,1,SELVA
2026-04-21,13.87593595909174,0.531,stop,-0.037,0,SELVA
2026-05-26,35.066467741900844,0.402,stop,-0.037,0,SELVA
2025-04-29,9.309963520834026,0.374,stop,-0.037,0,SERNT
2025-06-05,32.44033464402732,0.334,hedef,0.043000000000000003,1,SERNT
2025-07-25,8.98245663877722,0.273,stop,-0.037,0,SERNT
2025-10-28,27.54184882113365,0.222,hedef,0.043000000000000003,3,SERNT
2026-03-16,16.050180515022223,0.14,stop,-0.037,0,SERNT
2026-03-19,20.57725690923692,0.097,stop,-0.037,0,SERNT
2026-04-08,16.17729071387187,0.215,stop,-0.037,0,SERNT
2026-04-15,20.49774110093859,0.362,stop,-0.037,0,SERNT
2026-05-20,11.910722168843646,0.33,stop,-0.037,0,SERNT
2026-05-26,13.727129393396758,0.265,hedef,0.043000000000000003,1,SERNT
2024-09-11,12.582462778645523,0.409,stop,-0.037,0,SILVR
2024-09-18,11.907108775744254,0.573,stop,-0.037,0,SILVR
2024-09-19,12.26927807952191,0.722,stop,-0.037,0,SILVR
2024-10-31,27.165275295615796,0.431,hedef,0.043000000000000003,0,SILVR
2024-11-01,14.160431090344854,0.683,stop,-0.037,0,SILVR
2024-12-05,9.279991499309078,0.746,stop,-0.037,0,SILVR
2025-04-10,10.608217633376896,0.319,stop,-0.037,0,SILVR
2025-04-29,90.47359025518779,0.237,stop,-0.037,1,SILVR
2025-04-30,16.470482170510017,0.237,stop,-0.037,0,SILVR
2025-06-05,12.966330935252273,0.061,stop,-0.05966538214515082,4,SILVR
2025-08-04,28.747157346799202,0.856,stop,-0.037,0,SILVR
2025-09-19,34.41168365941226,0.966,stop,-0.037,0,SILVR
2025-10-28,14.937756541308104,0.657,stop,-0.037100334448160625,2,SILVR
2026-01-14,12.523558280284737,0.429,hedef,0.043000000000000003,0,SILVR
2026-02-19,11.730392067012483,0.583,stop,-0.037,0,SILVR
2026-05-26,13.529464986916917,0.434,hedef,0.043000000000000003,2,SILVR
2024-10-09,12.13803884785198,0.132,hedef,0.09227361147000723,1,SKTAS
2024-10-10,48.78769099262739,0.313,hedef,0.08991629806560175,1,SKTAS
2024-12-09,54.924146462636465,0.553,stop,-0.037,0,SKTAS
2025-03-11,32.90423905490357,0.187,hedef,0.043000000000000003,1,SKTAS
2025-04-02,15.104859420152842,0.341,hedef,0.043000000000000003,0,SKTAS
2025-05-06,12.673498671734185,0.423,stop,-0.037,0,SKTAS
2025-06-05,20.045450440959293,0.484,hedef,0.043000000000000003,2,SKTAS
2025-07-04,11.866747741487433,0.559,stop,-0.037,0,SKTAS
2025-08-14,15.875091899034453,0.907,hedef,0.08030158833118295,1,SKTAS
2025-08-15,61.61329371868202,1.104,stop,-0.037,0,SKTAS
2025-09-24,8.958388328669741,0.875,hedef,0.043000000000000003,0,SKTAS
2025-10-28,33.947073252654036,0.712,hedef,0.043000000000000003,1,SKTAS
2026-01-14,17.15792318767518,0.566,stop,-0.037,0,SKTAS
2026-03-19,26.777790072132802,0.363,stop,-0.037,1,SKTAS
2026-05-26,8.13208750570512,0.433,hedef,0.043000000000000003,1,SKTAS
2024-07-31,49.372280522139754,1.11,stop,-0.037,0,SMART
2024-09-10,115.04438062916068,0.307,stop,-0.037,0,SMART
2024-09-17,18.270754950773874,0.541,stop,-0.037,0,SMART
2024-10-04,34.10193212080004,0.224,stop,-0.037,0,SMART
2025-03-05,20.75582661729471,0.044,hedef,0.043000000000000003,0,SMART
2025-06-05,56.83834048640916,0.073,stop,-0.06139330543933041,4,SMART
2025-07-09,45.2959295929593,0.238,stop,-0.037,0,SMART
2025-08-08,29.921696574225123,0.398,stop,-0.037,0,SMART
2025-08-29,8.368604131444451,0.366,stop,-0.037,0,SMART
2025-09-22,18.01753936755857,0.388,stop,-0.037,0,SMART
2025-10-10,20.229319246007925,0.219,stop,-0.037,0,SMART
2025-10-13,8.868540107882373,0.213,stop,-0.037,1,SMART
2025-10-28,29.597418912745546,0.182,hedef,0.043000000000000003,3,SMART
2025-12-04,20.21915433665573,0.092,hedef,0.043000000000000003,3,SMART
2025-12-17,12.707430496566221,0.235,stop,-0.037,0,SMART
2026-02-11,40.4702933805101,0.247,hedef,0.0927715156130996,1,SMART
2026-02-12,31.408257706592696,0.382,stop,-0.037,0,SMART
2026-03-19,14.05976042488056,0.588,hedef,0.043000000000000003,0,SMART
2026-05-20,12.80569052747583,0.726,stop,-0.037,0,SMART
2026-05-26,47.73920188369184,0.685,stop,-0.037,0,SMART
2025-03-25,10.401772214535168,1.272,stop,-0.037,0,SMRVA
2025-07-09,16.632693917664316,0.765,stop,-0.037,0,SMRVA
2025-08-28,17.904354041196658,0.695,hedef,0.043000000000000003,0,SMRVA
2025-10-09,52.88101999763498,0.887,hedef,0.043000000000000003,0,SMRVA
2025-12-05,12.421389234322488,0.895,hedef,0.043000000000000003,0,SMRVA
2025-12-08,225.0460246813703,0.976,stop,-0.037,0,SMRVA
2026-03-02,9.875078366266791,0.062,hedef,0.043000000000000003,0,SMRVA
2026-03-19,65.91008206795395,0.078,stop,-0.037,1,SMRVA
2026-05-26,32.30228333500403,0.125,hedef,0.043000000000000003,2,SMRVA
2023-05-18,21.754872239060568,0.31,hedef,0.043000000000000003,0,SNPAM
2023-06-08,15.05298213745138,0.438,stop,-0.037,1,SNPAM
2023-07-13,17.407294182385872,0.836,hedef,0.07595625942684758,1,SNPAM
2023-07-14,11.412595711661009,0.944,stop,-0.037,2,SNPAM
2024-05-06,8.137994008135063,0.585,stop,-0.03952710592160135,1,SNPAM
2024-12-17,10.203320276067185,0.341,stop,-0.037,0,SNPAM
2025-07-21,9.090607468179066,0.333,hedef,0.09250946040644703,1,SNPAM
2025-07-23,9.525790036990783,0.369,hedef,0.043000000000000003,0,SNPAM
2023-02-27,11.607834206331132,0.509,stop,-0.037,0,SODSN
2023-06-08,32.426039783001805,0.496,stop,-0.0947742946708463,2,SODSN
2023-11-23,13.69842031867956,1.033,stop,-0.037,0,SODSN
2024-02-20,26.970443349753694,0.809,hedef,0.0922578849721708,1,SODSN
2024-02-21,8.407971128197081,0.908,hedef,0.043000000000000003,1,SODSN
2025-04-30,13.702736237184093,0.293,stop,-0.050750000000000066,2,SODSN
2025-06-23,11.73648931713448,0.231,hedef,0.043000000000000003,0,SODSN
2025-06-25,8.895304080061585,0.323,hedef,0.043000000000000003,1,SODSN
2025-07-16,9.331089608750526,0.348,stop,-0.037,1,SODSN
2025-11-04,9.7302046344767,0.409,hedef,0.043000000000000003,1,SODSN
2026-01-16,10.866044128584415,0.348,stop,-0.06694550408719346,1,SODSN
2024-10-10,40.8659617532105,0.443,hedef,0.043000000000000003,0,SOKE
2024-10-11,21.546809474255568,0.669,stop,-0.037,0,SOKE
2024-11-04,9.166593745403633,0.923,stop,-0.037,0,SOKE
2025-02-14,78.81739792036521,0.452,stop,-0.037,0,SOKE
2025-04-28,67.53752207180695,0.347,stop,-0.037,0,SOKE
2025-06-05,15.156529516994635,0.11,stop,-0.04636269915651358,4,SOKE
2025-06-24,8.013817403019102,0.147,hedef,0.043000000000000003,16,SOKE
2025-07-30,28.783261441936027,0.57,stop,-0.037,0,SOKE
2025-08-18,8.768626199357682,0.427,hedef,0.043000000000000003,5,SOKE
2025-10-28,23.952944614934967,0.273,stop,-0.037,9,SOKE
2026-03-02,8.301713976831659,0.486,stop,-0.037,0,SOKE
2026-05-26,9.83389169323015,0.78,stop,-0.037,3,SOKE
2024-07-22,50.737414965986396,1.489,hedef,0.09259893048128343,1,SRVGY
2024-07-24,75.9392880541603,1.291,stop,-0.037,0,SRVGY
2024-10-03,9.97237145049885,-0.003,hedef,0.043000000000000003,0,SRVGY
2024-11-11,9.339035769828927,0.024,stop,-0.037,2,SRVGY
2025-02-03,8.373854125149462,-0.006,stop,-0.037,0,SRVGY
2025-03-07,14.06005138086063,0.11,stop,-0.037,0,SRVGY
2025-06-05,30.91697979954749,0.072,stop,-0.037,0,SRVGY
2025-07-01,39.117380629009865,0.09,stop,-0.037,0,SRVGY
2025-10-28,21.573899312379602,0.141,hedef,0.043000000000000003,3,SRVGY
2026-03-11,98.54937256047153,0.188,stop,-0.037,1,SRVGY
2026-05-26,10.029906903296121,0.139,acik,,6,SRVGY
2022-10-25,9.426487977926685,1.019,hedef,0.043000000000000003,1,SUMAS
2023-03-17,27.1886249100072,0.619,stop,-0.037,1,SUMAS
2023-05-03,8.676620985886684,0.347,stop,-0.037,0,SUMAS
2023-09-12,8.391880521665966,1.154,hedef,0.09283896940418679,1,SUMAS
2023-10-23,12.529534398888115,1.056,hedef,0.043000000000000003,1,SUMAS
2025-02-25,22.021206096752817,0.445,stop,-0.037,0,SUMAS
2025-12-03,12.326732673267326,0.34,hedef,0.043000000000000003,1,SUMAS
2024-08-06,9.55278776226699,0.372,stop,-0.037,0,SUNTK
2024-09-09,119.24873280231716,0.254,hedef,0.043000000000000003,0,SUNTK
2024-09-10,35.0821327871842,0.175,hedef,0.043000000000000003,0,SUNTK
2024-11-06,9.500520929092357,0.727,hedef,0.043000000000000003,0,SUNTK
2024-11-11,9.60043003046049,1.017,stop,-0.037,0,SUNTK
2025-03-06,10.15183191344797,0.975,stop,-0.037,0,SUNTK
2025-03-24,17.55131412279069,0.369,hedef,0.043000000000000003,0,SUNTK
2025-05-26,167.620130776043,1.154,stop,-0.037,0,SUNTK
2025-09-24,14.509831232444228,1.027,stop,-0.037,0,SUNTK
2025-10-09,18.198754766156668,0.741,stop,-0.037,0,SUNTK
2025-10-28,68.5859191192791,0.676,stop,-0.037,0,SUNTK
2025-12-17,8.182113654247493,0.718,hedef,0.043000000000000003,1,SUNTK
2026-01-07,9.89002449994515,0.721,stop,-0.10683633387888714,1,SUNTK
2026-01-22,15.02599263776098,0.653,stop,-0.037,0,SUNTK
2026-03-02,9.899570340301025,0.373,hedef,0.043000000000000003,0,SUNTK
2026-03-19,22.471862967716458,0.425,stop,-0.037,1,SUNTK
2026-04-17,33.131513888215615,0.512,stop,-0.037,1,SUNTK
2026-05-26,22.854211754124623,0.354,hedef,0.043000000000000003,0,SUNTK
2024-08-22,9.722140492828245,0.809,hedef,0.043000000000000003,8,SURGY
2024-10-16,12.119632016089986,0.702,stop,-0.037,7,SURGY
2024-11-21,9.222205117989025,-0.088,hedef,0.043000000000000003,0,SURGY
2025-02-14,8.111540921689867,0.073,hedef,0.043000000000000003,1,SURGY
2025-04-28,8.848030393921215,0.155,stop,-0.037,0,SURGY
2025-06-05,33.49791192103265,0.326,hedef,0.043000000000000003,1,SURGY
2025-07-30,17.97869620792501,0.424,hedef,0.043000000000000003,2,SURGY
2025-10-28,29.365949345179715,0.264,hedef,0.043000000000000003,3,SURGY
2026-01-28,27.902528133455117,0.274,hedef,0.043000000000000003,0,SURGY
2026-02-04,8.661328877625257,0.385,stop,-0.037,2,SURGY
2026-02-16,24.34237467781177,0.609,hedef,0.043000000000000003,1,SURGY
2026-03-19,21.48791089989752,0.469,stop,-0.037,1,SURGY
2026-05-07,18.608884388376307,0.819,stop,-0.037,1,SURGY
2024-06-24,80.71127336816265,0.974,stop,-0.037,2,SUWEN
2024-11-11,17.15999392620337,0.134,stop,-0.037,0,SUWEN
2024-12-24,28.20377358490566,0.334,stop,-0.037,0,SUWEN
2025-06-05,20.10975677017263,0.923,stop,-0.037,2,SUWEN
2025-07-30,16.35142653669827,0.387,stop,-0.037,0,SUWEN
2025-08-26,17.286114672267534,0.375,stop,-0.037,1,SUWEN
2025-10-28,86.6388481163067,0.362,hedef,0.043000000000000003,2,SUWEN
2025-10-31,21.779577333744434,0.356,hedef,0.043000000000000003,0,SUWEN
2026-02-09,15.738328744237847,0.111,hedef,0.043000000000000003,2,SUWEN
2026-03-19,21.78494698177282,0.155,stop,-0.037,1,SUWEN
2026-04-16,11.062969004893963,0.191,hedef,0.043000000000000003,1,SUWEN
2026-05-26,23.030966329749564,0.064,hedef,0.043000000000000003,2,SUWEN
2026-05-26,19.274635204251325,0.826,stop,-0.037,0,SVGYO
2024-06-13,12.762600356824265,1.527,stop,-0.037,0,TARKM
2024-07-10,11.329373379068016,0.949,stop,-0.037,0,TARKM
2025-04-14,8.052246304004592,0.25,stop,-0.037,1,TARKM
2025-06-05,26.90187069248441,0.062,stop,-0.037,3,TARKM
2025-07-02,105.40531880807433,0.312,hedef,0.08559259259259255,1,TARKM
2025-07-03,17.707200044634142,0.434,stop,-0.037,0,TARKM
2025-08-26,27.90378503322739,0.443,hedef,0.043000000000000003,0,TARKM
2025-10-01,16.237714054108825,0.632,stop,-0.037,0,TARKM
2025-10-28,55.13322884012539,0.364,stop,-0.037,6,TARKM
2026-01-30,24.186795491143318,0.431,hedef,0.043000000000000003,0,TARKM
2026-02-02,9.811795442450045,0.531,stop,-0.037,0,TARKM
2026-03-19,17.896183699870633,0.317,stop,-0.037,1,TARKM
2026-04-09,8.948850305021118,0.37,stop,-0.037,0,TARKM
2026-05-05,10.483870967741934,0.63,stop,-0.037,0,TARKM
2026-05-26,38.87730005465477,0.892,hedef,0.043000000000000003,0,TARKM
2024-06-05,17.334371665080326,0.943,hedef,0.0921268618387262,1,TBORG
2024-06-07,13.368707009608435,1.0,hedef,0.043000000000000003,0,TBORG
2024-09-17,14.853435317004156,1.037,hedef,0.06096116504854366,2,TBORG
2024-11-08,25.345163806552264,0.814,stop,-0.037,0,TBORG
2024-12-12,9.022254651587012,1.051,stop,-0.037,0,TBORG
2025-01-17,13.581670822942643,0.598,stop,-0.037,3,TBORG
2025-03-07,13.4687580354847,0.791,stop,-0.037,0,TBORG
2025-06-05,17.537456168313675,0.875,stop,-0.037,3,TBORG
2025-08-19,56.075869438507866,0.858,stop,-0.037,0,TBORG
2025-10-28,38.73147599288678,0.934,hedef,0.043000000000000003,4,TBORG
2025-11-10,10.094317162060692,0.827,stop,-0.037,1,TBORG
2026-02-03,9.628023055440014,0.741,stop,-0.037,12,TBORG
2026-03-12,28.74475065616798,0.549,stop,-0.037,6,TBORG
2026-04-08,10.181132075471698,0.514,stop,-0.037,5,TBORG
2026-05-11,8.505747126436782,0.55,stop,-0.07181481481481466,1,TBORG
2026-05-12,12.9071661237785,0.474,stop,-0.037,6,TBORG
2024-09-19,8.21462105796613,0.377,stop,-0.037,0,TCKRC
2025-03-03,8.270131731246211,0.915,stop,-0.037,0,TCKRC
2025-05-05,12.595980595980595,0.826,stop,-0.037,1,TCKRC
2025-06-05,41.590868493444326,0.797,stop,-0.037,3,TCKRC
2025-10-28,53.25196081519514,0.623,hedef,0.043000000000000003,1,TCKRC
2025-12-08,12.431569958200368,0.868,stop,-0.037,2,TCKRC
2025-12-17,73.8931449026947,0.822,stop,-0.037,0,TCKRC
2026-03-09,11.750883492932056,0.803,stop,-0.037,0,TCKRC
2026-03-11,8.979750564396234,0.956,stop,-0.037,0,TCKRC
2026-03-19,10.836505540625115,0.828,stop,-0.037,1,TCKRC
2026-05-26,84.81021059922018,1.046,stop,-0.037,0,TCKRC
2024-05-31,31.886652699299514,1.106,stop,-0.037,0,TDGYO
2024-09-13,55.181017386892954,0.404,stop,-0.037,0,TDGYO
2024-10-22,13.93337020042746,0.711,hedef,0.043000000000000003,1,TDGYO
2025-01-10,117.48612617209925,0.649,hedef,0.06992307692307709,3,TDGYO
2025-02-27,18.454911643103056,0.44,stop,-0.10673753280839893,1,TDGYO
2025-02-28,9.009243070633818,0.329,stop,-0.10320991253644318,1,TDGYO
2025-05-16,8.503454928440656,0.211,hedef,0.043000000000000003,0,TDGYO
2025-10-08,50.43651177593889,0.787,stop,-0.037,0,TDGYO
2025-10-28,13.28688903097471,0.925,hedef,0.043000000000000003,1,TDGYO
2026-01-20,8.91572599350549,0.901,stop,-0.037,0,TDGYO
2026-02-05,17.403848263454663,0.495,stop,-0.10661089494163423,1,TDGYO
2026-02-06,21.531461619519845,0.418,hedef,0.043000000000000003,0,TDGYO
2026-03-13,8.183388184691584,0.285,stop,-0.037,0,TDGYO
2026-03-26,8.495233169313352,0.319,hedef,0.043000000000000003,0,TDGYO
2026-05-26,8.896390031504799,0.152,stop,-0.037,0,TDGYO
2024-08-23,37.25059522252189,0.589,hedef,0.043000000000000003,0,TEHOL
2024-10-24,16.425897590421524,0.076,hedef,0.043000000000000003,0,TEHOL
2024-11-26,12.321807399343372,0.051,stop,-0.037,2,TEHOL
2025-04-04,50.456965585994865,0.791,stop,-0.043363636363636486,1,TEHOL
2025-04-24,11.378062227631746,0.574,hedef,0.043000000000000003,0,TEHOL
2025-05-30,14.148314180607006,0.612,hedef,0.043000000000000003,3,TEHOL
2025-06-05,24.897321961141827,0.645,hedef,0.043000000000000003,3,TEHOL
2025-06-30,8.23562719441826,0.688,hedef,0.043000000000000003,0,TEHOL
2025-07-02,8.954577656361096,0.76,stop,-0.037,0,TEHOL
2025-08-15,11.419334851653732,1.106,hedef,0.043000000000000003,1,TEHOL
2025-09-23,25.540826955619075,1.004,stop,-0.037,0,TEHOL
2025-10-28,10.438522737806792,0.929,hedef,0.043000000000000003,4,TEHOL
2025-11-06,37.54868245165345,0.929,stop,-0.037,0,TEHOL
2025-12-04,11.073064353620808,0.708,hedef,0.043000000000000003,0,TEHOL
2026-01-05,50.002120123142674,0.588,hedef,0.043000000000000003,0,TEHOL
2026-01-06,9.537603529109129,0.527,stop,-0.10699999999999998,1,TEHOL
2026-01-07,11.588771275396034,0.472,hedef,0.043000000000000003,0,TEHOL
2026-03-19,35.53231037328585,0.387,stop,-0.037,0,TEHOL
2026-05-26,12.812946429392198,0.635,hedef,0.043000000000000003,1,TEHOL
2024-06-06,11.532345335469545,1.279,stop,-0.037,0,TEKTU
2024-08-01,11.40562596172133,0.756,stop,-0.037,0,TEKTU
2024-09-05,9.723181402938252,0.705,stop,-0.037,1,TEKTU
2025-05-08,21.485831174976976,0.149,stop,-0.037,0,TEKTU
2025-05-12,17.7243228712272,0.552,stop,-0.037,0,TEKTU
2025-05-21,14.501290136533951,0.667,stop,-0.037,1,TEKTU
2025-06-05,40.463051296192695,1.034,stop,-0.037,0,TEKTU
2025-08-06,8.021098165383828,1.07,stop,-0.037,0,TEKTU
2025-10-15,8.785242295471404,0.814,stop,-0.037,0,TEKTU
2025-10-28,43.61683839566792,0.686,stop,-0.037,0,TEKTU
2025-12-08,8.440068442568005,0.35,hedef,0.043000000000000003,0,TEKTU
2026-01-30,18.94215028901734,0.229,stop,-0.037,0,TEKTU
2026-02-09,9.74776855615186,0.195,hedef,0.043000000000000003,0,TEKTU
2026-03-02,12.71910021949137,0.155,hedef,0.043000000000000003,0,TEKTU
2026-03-19,16.291942468602283,0.18,stop,-0.037,1,TEKTU
2026-04-07,15.843382319962924,0.227,stop,-0.037,0,TEKTU
2026-05-12,10.183279157712528,0.321,stop,-0.037,0,TEKTU
2026-05-26,14.112677691572852,0.257,hedef,0.043000000000000003,0,TEKTU
2024-07-24,10.95635028942805,0.041,hedef,0.1012474226804122,1,TERA
2024-07-25,13.00618451469743,0.409,stop,-0.037,0,TERA
2024-09-04,13.58431892332812,1.027,hedef,0.043000000000000003,0,TERA
2024-09-05,10.026717144402681,1.02,hedef,0.043000000000000003,0,TERA
2024-09-26,67.77863725029145,0.598,stop,-0.0946190476190476,1,TERA
2024-09-27,18.97074074556228,0.485,stop,-0.08059081419624214,1,TERA
2024-10-28,11.060592378544316,0.865,hedef,0.043000000000000003,1,TERA
2024-12-16,38.73083726415341,0.984,hedef,0.043000000000000003,0,TERA
2025-03-12,15.118981009117588,1.009,hedef,0.043000000000000003,0,TERA
2025-03-13,42.710805335579494,1.078,stop,-0.037,0,TERA
2025-08-01,9.136253998954201,0.788,hedef,0.043000000000000003,0,TERA
2025-09-18,11.115780026109096,0.908,hedef,0.043000000000000003,0,TERA
2025-09-29,25.651501274196622,0.943,hedef,0.043000000000000003,1,TERA
2025-10-28,23.57538420967812,0.989,stop,-0.037,0,TERA
2025-11-19,13.222461984739056,0.986,stop,-0.037,0,TERA
2025-12-22,333.051123494271,0.945,stop,-0.037,0,TERA
2026-01-19,10.806675205164558,0.459,hedef,0.043000000000000003,0,TERA
2026-03-19,70.25684489722104,0.924,hedef,0.043000000000000003,3,TERA
2026-04-20,20.024428099062014,0.987,stop,-0.037,0,TERA
2026-05-26,37.261578924187226,0.538,stop,-0.037,0,TERA
2024-10-21,25.846873242771444,0.392,stop,-0.037,0,TEZOL
2025-01-30,14.04730742237144,0.572,hedef,0.043000000000000003,0,TEZOL
2025-03-04,8.199878561515225,0.801,stop,-0.037,0,TEZOL
2025-05-12,17.772243844167857,0.557,stop,-0.037,0,TEZOL
2025-06-05,36.918328165859364,0.697,stop,-0.09521917808219171,4,TEZOL
2025-07-09,12.054369731052892,0.321,hedef,0.043000000000000003,0,TEZOL
2025-10-28,28.28559443911793,0.104,stop,-0.037,9,TEZOL
2024-10-16,18.367868294067556,0.249,stop,-0.037,0,TGSAS
2025-02-13,50.77537969624301,0.151,stop,-0.037,4,TGSAS
2025-03-04,44.05353728489484,0.538,stop,-0.037,0,TGSAS
2025-04-16,27.174710697149308,0.438,stop,-0.037,0,TGSAS
2025-05-12,8.398601673278604,0.807,stop,-0.037,0,TGSAS
2025-07-02,9.420426065162907,0.991,stop,-0.037,0,TGSAS
2025-08-04,8.950767730928588,1.084,stop,-0.037,0,TGSAS
2025-08-05,29.618107423524062,1.147,hedef,0.09260384833050372,1,TGSAS
2025-09-02,8.621681117750123,1.128,stop,-0.037,0,TGSAS
2025-10-28,52.58079847908745,0.654,hedef,0.043000000000000003,0,TGSAS
2025-12-18,9.40533449934412,0.536,hedef,0.043000000000000003,2,TGSAS
2026-01-12,18.828557063851182,0.554,stop,-0.037,0,TGSAS
2026-02-17,40.25594149908592,0.641,hedef,0.043000000000000003,0,TGSAS
2026-04-27,16.437246963562753,0.568,stop,-0.037,4,TGSAS
2026-05-18,75.14599185984781,0.666,hedef,0.043000000000000003,0,TGSAS
2024-08-21,23.54133018928871,-0.056,hedef,0.043000000000000003,0,TKNSA
2024-10-31,18.59871426154627,0.32,stop,-0.037,0,TKNSA
2025-03-13,8.74735495146843,0.572,hedef,0.043000000000000003,0,TKNSA
2025-04-30,10.128702104522484,0.052,stop,-0.037,4,TKNSA
2025-06-05,30.65296923636658,0.061,hedef,0.043000000000000003,2,TKNSA
2025-06-12,10.283384642781018,0.201,hedef,0.043000000000000003,0,TKNSA
2025-10-07,24.510914822745658,0.366,hedef,0.043000000000000003,0,TKNSA
2025-10-08,8.144395073242253,0.397,stop,-0.037,0,TKNSA
2025-10-28,40.85160299885388,0.256,hedef,0.043000000000000003,3,TKNSA
2026-02-25,46.1585893420748,0.137,stop,-0.037,0,TKNSA
2026-04-20,13.333828149377894,0.322,stop,-0.037,0,TKNSA
2026-05-26,11.250968880386562,0.085,acik,,6,TKNSA
2024-12-16,31.991051454138706,0.548,stop,-0.037,0,TMPOL
2025-02-12,10.63500127000254,0.779,stop,-0.037,0,TMPOL
2025-03-19,12.640047675804528,0.436,hedef,0.043000000000000003,0,TMPOL
2025-05-06,10.434010152284264,0.894,stop,-0.037,0,TMPOL
2025-05-07,60.049751243781095,1.07,stop,-0.037,0,TMPOL
2025-06-05,63.07476481267536,0.291,stop,-0.06482312925170064,4,TMPOL
2025-06-19,8.839920855514205,0.205,stop,-0.037,0,TMPOL
2025-07-14,9.16448866031532,0.554,hedef,0.043000000000000003,3,TMPOL
2025-08-14,11.088037039558793,1.01,stop,-0.037,0,TMPOL
2025-10-28,26.933803763440856,0.855,hedef,0.043000000000000003,3,TMPOL
2025-11-04,8.883433983577357,1.11,hedef,0.043000000000000003,1,TMPOL
2026-03-02,9.035233160621761,0.945,stop,-0.037,0,TMPOL
2026-03-10,8.120737891239727,1.038,stop,-0.037,0,TMPOL
2026-04-13,30.921278789962187,0.96,hedef,0.043000000000000003,0,TMPOL
2026-05-26,20.042433625781293,0.378,hedef,0.043000000000000003,1,TMPOL
2024-09-19,101.44976816073562,0.934,stop,-0.037,0,TNZTP
2024-10-09,13.99570058427961,0.438,stop,-0.037,0,TNZTP
2025-02-14,12.223987291497139,0.268,stop,-0.037,7,TNZTP
2025-03-12,8.504861404494838,0.637,hedef,0.043000000000000003,4,TNZTP
2025-06-05,32.820272800223194,0.599,stop,-0.037,2,TNZTP
2025-07-10,17.377241987646048,0.921,hedef,0.043000000000000003,0,TNZTP
2025-08-05,19.167473055492056,0.984,hedef,0.043000000000000003,4,TNZTP
2025-10-28,51.54716040429678,0.41,stop,-0.037,9,TNZTP
2026-01-05,35.60989245897326,0.45,hedef,0.043000000000000003,1,TNZTP
2026-03-19,11.271448597764882,0.418,stop,-0.037,1,TNZTP
2026-05-08,9.075102741272635,0.707,stop,-0.037,0,TNZTP
2026-05-26,90.09831448831778,0.58,stop,-0.037,4,TNZTP
2025-06-05,8.597466933659769,0.518,hedef,0.043000000000000003,2,TRALT
2025-10-28,10.222533608476269,0.612,hedef,0.043000000000000003,1,TRALT
2026-03-19,20.35717546774818,0.649,stop,-0.037,0,TRALT
2026-05-26,8.927146794216878,0.59,stop,-0.037,0,TRALT
2024-09-23,13.421667965705378,0.283,hedef,0.043000000000000003,0,TRCAS
2025-01-17,27.05538684020246,0.622,stop,-0.037,0,TRCAS
2025-03-13,20.91108857336038,1.062,hedef,0.043000000000000003,0,TRCAS
2025-06-23,19.844334499818995,0.723,stop,-0.08509523809523811,1,TRCAS
2025-06-24,30.90588622673304,0.554,hedef,0.043000000000000003,0,TRCAS
2025-10-28,21.558232400114722,0.876,hedef,0.0534453870625663,5,TRCAS
2026-03-02,24.231216457960645,0.779,stop,-0.037,0,TRCAS
2026-03-09,8.71481137467848,0.773,stop,-0.037,0,TRCAS
2026-03-19,15.785949163526391,0.601,stop,-0.037,0,TRCAS
2026-05-12,9.52361870639261,0.916,stop,-0.037,0,TRCAS
2024-11-21,82.56540843487915,0.575,hedef,0.07060532150776055,1,TRENJ
2025-06-05,25.56450207575214,0.815,hedef,0.043000000000000003,2,TRENJ
2025-07-28,34.10997050435717,0.654,stop,-0.037,0,TRENJ
2025-10-28,13.735493072001466,0.775,hedef,0.043000000000000003,1,TRENJ
2026-03-19,35.93466089161208,0.733,stop,-0.037,1,TRENJ
2026-05-26,19.92376474425178,0.595,stop,-0.037,0,TRENJ
2024-07-23,11.686596191246414,0.806,stop,-0.037,1,TRGYO
2025-02-07,22.511239156588363,0.667,stop,-0.037,2,TRGYO
2025-03-05,8.12253829321663,0.562,stop,-0.037,0,TRGYO
2025-03-12,20.413204325554922,0.684,hedef,0.043000000000000003,1,TRGYO
2025-06-05,11.02861542733802,0.746,hedef,0.043000000000000003,1,TRGYO
2025-07-01,8.08148072756881,1.037,hedef,0.04311053795136333,2,TRGYO
2025-08-18,16.16279525245799,0.974,stop,-0.037,0,TRGYO
2025-10-28,23.775466345740565,0.966,hedef,0.043000000000000003,6,TRGYO
2026-01-14,18.072216276580896,0.923,hedef,0.043000000000000003,3,TRGYO
2026-02-02,28.30556150878697,1.023,stop,-0.037,4,TRGYO
2026-03-19,13.267940307476588,0.904,stop,-0.037,1,TRGYO
2026-05-26,29.252310486671295,0.784,stop,-0.037,0,TRGYO
2024-06-06,17.016776973987994,0.945,stop,-0.037,0,TRHOL
2024-09-17,9.160822536550578,0.164,hedef,0.043000000000000003,0,TRHOL
2024-12-16,16.371393492940456,0.293,stop,-0.037,2,TRHOL
2025-01-10,33.016146393972015,0.365,stop,-0.07450572082379858,1,TRHOL
2025-02-24,243.9218009478673,0.475,hedef,0.09257173447537459,1,TRHOL
2025-06-05,13.646884737076382,0.762,stop,-0.037,0,TRHOL
2025-07-02,13.820695695695695,0.871,stop,-0.037,0,TRHOL
2025-10-10,9.6782267199338,0.769,stop,-0.037,0,TRHOL
2025-11-27,9.659944183234456,0.796,hedef,0.043000000000000003,0,TRHOL
2024-08-15,12.983910460964905,0.408,hedef,0.073031079829878,1,TRILC
2024-09-20,9.588510857246654,0.337,stop,-0.037,0,TRILC
2025-03-25,16.3520874568577,0.645,stop,-0.037,0,TRILC
2025-06-05,8.368222843501401,0.321,stop,-0.037,2,TRILC
2025-07-03,8.035190840278805,0.295,hedef,0.043000000000000003,4,TRILC
2025-09-30,16.830586478565692,0.473,stop,-0.037,0,TRILC
2025-10-28,162.1232836919286,0.34,stop,-0.037,8,TRILC
2026-03-19,9.785539262753035,0.084,stop,-0.037,5,TRILC
2026-04-08,10.33857168861099,0.075,hedef,0.043000000000000003,5,TRILC
2026-04-17,38.21461782953303,0.247,stop,-0.037,0,TRILC
2026-04-28,9.655290253488415,0.426,hedef,0.09005882352941186,1,TRILC
2026-04-29,8.036278604704565,0.549,stop,-0.037,0,TRILC
2024-08-20,16.38532688025237,1.039,hedef,0.043000000000000003,0,TRMET
2024-11-21,14.431189605520371,0.765,hedef,0.043000000000000003,0,TRMET
2024-11-22,8.922793951363658,1.028,stop,-0.037,0,TRMET
2025-06-05,31.259467945547215,0.855,hedef,0.043000000000000003,2,TRMET
2025-10-28,17.418185094258877,0.809,hedef,0.043000000000000003,2,TRMET
2026-03-19,30.027669010352763,0.74,stop,-0.037,1,TRMET
2026-05-26,23.323700962250186,0.51,stop,-0.037,0,TRMET
2024-06-28,9.752107994162477,0.379,stop,-0.037,0,TSGYO
2024-07-18,11.619091936448847,0.37,stop,-0.07572586872586862,12,TSGYO
2024-08-19,9.558831264464548,0.564,hedef,0.043000000000000003,0,TSGYO
2024-08-22,16.452986879561653,0.893,stop,-0.037,0,TSGYO
2024-09-09,8.297126400801352,0.984,stop,-0.037,0,TSGYO
2024-11-01,10.16429049989554,0.483,stop,-0.10699999999999987,1,TSGYO
2024-11-06,27.75276827690958,-0.019,hedef,0.043000000000000003,0,TSGYO
2024-12-13,11.226080521302872,0.036,stop,-0.037,5,TSGYO
2024-12-24,16.75097022527556,-0.068,stop,-0.037,1,TSGYO
2025-03-18,9.079750434217294,0.076,hedef,0.043000000000000003,0,TSGYO
2025-03-19,63.01094939173009,0.109,stop,-0.037,0,TSGYO
2025-03-20,8.732208073644774,0.212,hedef,0.1115682326621924,1,TSGYO
2025-03-21,10.913069616543472,0.287,stop,-0.037,0,TSGYO
2025-04-14,8.297183088186404,0.099,stop,-0.037,1,TSGYO
2025-06-05,34.27561879424201,0.021,hedef,0.043000000000000003,2,TSGYO
2025-07-08,29.714344703505432,0.126,stop,-0.037,0,TSGYO
2025-08-08,8.595172173009313,0.167,stop,-0.037,0,TSGYO
2025-09-16,12.659293744100232,0.23,stop,-0.037,0,TSGYO
2025-10-28,99.57737956713987,0.124,hedef,0.043000000000000003,3,TSGYO
2025-12-09,12.587022577791453,0.11,stop,-0.037,10,TSGYO
2026-01-27,10.51254497033126,0.111,hedef,0.043000000000000003,2,TSGYO
2026-03-19,33.86372033287004,0.083,stop,-0.037,0,TSGYO
2026-04-02,16.41092671817551,0.042,hedef,0.043000000000000003,2,TSGYO
2024-08-27,12.065959608992351,-0.048,stop,-0.037,1,TSPOR
2025-01-03,10.579955155147836,0.225,hedef,0.043000000000000003,0,TSPOR
2025-03-06,25.97989536996446,0.061,hedef,0.043000000000000003,3,TSPOR
2025-04-10,9.957502690229363,0.13,stop,-0.037,0,TSPOR
2025-06-05,16.16986024867864,0.015,hedef,0.043000000000000003,1,TSPOR
2025-10-28,81.60769094151628,0.487,stop,-0.037,0,TSPOR
2025-12-03,11.810069163714264,0.365,stop,-0.037,2,TSPOR
2026-01-08,16.612735975679332,0.289,stop,-0.037,3,TSPOR
2026-02-05,11.821135128282894,0.274,hedef,0.043000000000000003,7,TSPOR
2026-04-06,9.8978145601017,0.205,stop,-0.037,0,TSPOR
2026-05-14,31.812518417361186,0.236,stop,-0.037,2,TSPOR
2024-07-04,17.61254244899074,0.182,stop,-0.037,0,TUCLK
2024-09-23,123.74154347281706,0.206,stop,-0.037,0,TUCLK
2024-10-28,14.116963300018979,0.199,hedef,0.043000000000000003,0,TUCLK
2024-12-30,10.81498446372986,0.239,hedef,0.043000000000000003,7,TUCLK
2025-06-05,40.21081220899627,0.201,stop,-0.05301571219182943,4,TUCLK
2025-08-22,8.323797691830057,0.322,hedef,0.043000000000000003,0,TUCLK
2025-08-25,22.41089180756097,0.477,stop,-0.037,1,TUCLK
2025-08-27,8.264241269801204,0.641,stop,-0.037,0,TUCLK
2025-10-28,22.297541675344394,0.25,hedef,0.0582406420453302,2,TUCLK
2025-12-05,9.695629733990108,0.261,stop,-0.037,0,TUCLK
2025-12-26,33.35027176871602,0.267,stop,-0.037,0,TUCLK
2026-01-29,88.71124912122603,0.273,hedef,0.043000000000000003,0,TUCLK
2026-01-30,11.181017223010919,0.335,stop,-0.037,0,TUCLK
2026-03-19,40.619914102593526,0.111,stop,-0.037,1,TUCLK
2026-05-26,54.82970020637499,0.114,hedef,0.043000000000000003,2,TUCLK
2025-08-06,29.358615852157122,0.995,stop,-0.037,0,TUKAS
2025-10-28,15.870933260581609,0.341,hedef,0.06762686567164178,2,TUKAS
2026-03-19,11.66378352252918,0.199,stop,-0.037,1,TUKAS
2026-05-26,12.402463015538752,0.244,stop,-0.037,5,TUKAS
2024-06-25,10.084487042953496,0.0,stop,-0.037,0,TUREX
2024-10-01,55.36471742062032,0.888,stop,-0.037,0,TUREX
2025-01-07,40.837217975013985,0.829,hedef,0.043000000000000003,0,TUREX
2025-03-20,8.659414053086378,0.896,hedef,0.043000000000000003,0,TUREX
2025-05-22,33.082599578401826,0.287,hedef,0.043000000000000003,0,TUREX
2025-08-05,8.062554969217238,0.152,hedef,0.043000000000000003,0,TUREX
2025-10-28,40.30135481259503,0.048,hedef,0.043000000000000003,1,TUREX
2025-10-31,9.33357438075488,0.074,stop,-0.037,0,TUREX
2026-01-26,11.617805673388657,0.048,hedef,0.043000000000000003,1,TUREX
2026-03-19,42.5641795116628,0.046,stop,-0.037,0,TUREX
2026-05-26,12.727474568166656,0.059,hedef,0.043000000000000003,3,TUREX
2024-07-17,11.948717948714773,1.063,stop,-0.037,0,TURGG
2024-10-18,171.11111111202501,0.241,stop,-0.037,0,TURGG
2024-12-17,97.50551876370514,0.521,hedef,0.09248542037690488,1,TURGG
2024-12-18,8.540880503144047,0.678,stop,-0.037,0,TURGG
2025-02-24,13.181818181827875,0.146,hedef,0.04917977507775218,9,TURGG
2025-03-12,12.594458438276739,0.205,hedef,0.043000000000000003,0,TURGG
2025-04-24,41.82965299685251,0.27,stop,-0.037,0,TURGG
2025-06-05,32.62002743485665,0.154,hedef,0.043000000000000003,1,TURGG
2025-07-09,11.548703573939518,0.458,stop,-0.037,0,TURGG
2025-07-30,18.458998348924286,0.684,hedef,0.043000000000000003,0,TURGG
2025-07-31,12.199952278693658,0.891,stop,-0.037,0,TURGG
2025-08-25,14.035054655108738,1.019,hedef,0.043000000000000003,0,TURGG
2025-10-28,470.40582267313715,0.214,hedef,0.043000000000000003,1,TURGG
2025-12-09,11.388930779671242,0.263,hedef,0.043000000000000003,2,TURGG
2026-01-21,14.905810033710093,0.169,hedef,0.043000000000000003,0,TURGG
2026-01-22,11.228254713164494,0.229,stop,-0.037,0,TURGG
2026-02-13,83.62403654010848,0.31,stop,-0.037,0,TURGG
2026-03-19,35.21215106732348,0.189,hedef,0.043000000000000003,1,TURGG
2026-04-24,38.26065195630413,0.485,hedef,0.08327027027027045,1,TURGG
2026-05-26,11.159082193531894,0.279,stop,-0.037,4,TURGG
2026-03-19,55.04362096021497,0.294,hedef,0.043000000000000003,0,UCAYM
2026-05-15,10.223415346561818,0.628,stop,-0.037,0,UCAYM
2026-05-26,118.35821500911356,0.85,stop,-0.037,0,UCAYM
2024-06-20,9.054487179487179,1.0,hedef,0.09217355371900815,1,UFUK
2024-06-21,17.53551912568306,1.425,stop,-0.037,0,UFUK
2024-09-17,9.884393063583815,0.536,stop,-0.037,0,UFUK
2024-12-09,23.251417769376182,0.671,stop,-0.037,0,UFUK
2025-01-08,12.647058823529411,0.445,hedef,0.043000000000000003,0,UFUK
2025-02-28,10.937880633373934,0.645,stop,-0.037,0,UFUK
2025-04-02,20.236966824644547,0.699,stop,-0.037,1,UFUK
2025-06-05,49.493506493506494,0.966,stop,-0.03723983315954115,1,UFUK
2026-02-20,16.097560975609756,0.639,stop,-0.037,0,UFUK
2026-03-04,20.54597701149425,0.596,stop,-0.037,0,UFUK
2026-03-09,9.182573545924097,0.689,stop,-0.037,0,UFUK
2026-05-07,160.0763358778626,0.576,stop,-0.037,1,UFUK
2026-06-04,27.50918918918919,0.527,stop,-0.037,0,UFUK
2024-08-16,122.19707015709864,0.846,stop,-0.037,0,ULUFA
2024-11-08,22.75588932423815,0.907,stop,-0.037,0,ULUFA
2024-12-06,19.913305052063283,1.053,hedef,0.043000000000000003,1,ULUFA
2025-01-13,8.494992361229738,0.922,stop,-0.037,0,ULUFA
2025-02-17,12.227039695327553,0.738,stop,-0.037,0,ULUFA
2025-03-19,14.169314637204124,0.44,stop,-0.039212884967602106,1,ULUFA
2025-05-12,13.732413961978343,0.57,stop,-0.07519672143322609,1,ULUFA
2025-06-05,21.10828640117837,0.37,hedef,0.043000000000000003,2,ULUFA
2025-07-16,11.459672102186511,0.614,stop,-0.037,0,ULUFA
2025-08-18,12.908132186807478,0.424,hedef,0.043000000000000003,0,ULUFA
2025-10-28,26.54744286476782,0.658,hedef,0.043000000000000003,3,ULUFA
2026-02-02,33.513876145064,0.715,stop,-0.037,0,ULUFA
2026-03-02,13.30970603952082,0.461,hedef,0.043000000000000003,0,ULUFA
2026-03-19,52.24145995722391,0.788,stop,-0.037,1,ULUFA
2026-04-24,9.278475153108513,0.759,stop,-0.06813537117903934,1,ULUFA
2026-05-26,18.55111105850184,0.482,hedef,0.043000000000000003,5,ULUFA
2024-09-10,679.7992861802971,0.098,stop,-0.037,1,UNLU
2024-09-11,9.808531128800205,0.063,stop,-0.037,0,UNLU
2024-12-12,161.6079981997621,0.574,stop,-0.037,5,UNLU
2025-01-23,11.928090653488965,0.425,hedef,0.043000000000000003,0,UNLU
2025-03-10,16.023254250957724,0.616,stop,-0.037,0,UNLU
2025-05-22,9.62759578362684,0.698,stop,-0.037,0,UNLU
2025-06-05,10.258198422581984,0.611,stop,-0.037,4,UNLU
2025-07-01,879.0577354516735,0.698,stop,-0.037,0,UNLU
2025-07-02,10.310385636257081,0.602,stop,-0.037,1,UNLU
2025-09-11,53.96083333333333,0.286,hedef,0.043000000000000003,0,UNLU
2025-10-28,37.84064185917831,0.425,hedef,0.043000000000000003,2,UNLU
2025-11-25,498.0832345072947,0.37,stop,-0.037,0,UNLU
2025-11-26,9.710911961452757,0.315,stop,-0.037,0,UNLU
2026-01-21,149.6365633268434,0.521,hedef,0.043000000000000003,6,UNLU
2026-03-19,13.670498974180312,0.214,stop,-0.037,1,UNLU
2026-05-11,14.427083333333332,0.251,hedef,0.043000000000000003,1,UNLU
2026-03-19,19.438733847902533,0.139,hedef,0.043000000000000003,0,VAKFA
2026-05-26,9.147431815604621,0.162,stop,-0.037,5,VAKFA
2024-10-28,11.397086034773587,0.33,hedef,0.043000000000000003,0,VAKFN
2024-12-06,12.125619810853955,0.546,stop,-0.037,0,VAKFN
2025-02-10,8.933050785510874,0.6,hedef,0.043000000000000003,6,VAKFN
2025-02-27,23.230712355913546,0.588,hedef,0.043000000000000003,5,VAKFN
2025-06-05,44.394257593329726,0.589,hedef,0.043000000000000003,0,VAKFN
2025-10-28,20.54960302032847,0.608,hedef,0.043000000000000003,1,VAKFN
2026-01-13,10.007543299849221,0.611,hedef,0.043000000000000003,1,VAKFN
2026-05-26,15.518120139672394,0.47,acik,,6,VAKFN
2024-06-20,14.697590835064862,1.327,hedef,0.043000000000000003,1,VAKKO
2024-06-21,10.382280136378498,1.106,hedef,0.043000000000000003,0,VAKKO
2024-09-13,11.42217083393554,0.122,stop,-0.037,1,VAKKO
2024-11-12,22.928538602941178,0.065,stop,-0.037,0,VAKKO
2024-11-26,12.768141521108474,0.324,stop,-0.037,0,VAKKO
2025-03-19,9.003326912974961,0.051,stop,-0.037,1,VAKKO
2025-05-05,30.9165856503986,0.022,stop,-0.037,10,VAKKO
2025-06-05,485.51197000288437,0.041,stop,-0.04136123348017628,4,VAKKO
2025-07-03,93.96463154066464,0.098,stop,-0.037,1,VAKKO
2025-10-28,87.78171020665248,0.202,stop,-0.037,0,VAKKO
2026-02-10,31.14082866909583,0.189,stop,-0.037,1,VAKKO
2026-03-19,11.478039663586335,0.243,hedef,0.043000000000000003,1,VAKKO
2026-05-26,13.263565891472869,0.274,acik,,6,VAKKO
2024-06-12,8.978982565082399,0.051,hedef,0.043000000000000003,2,VANGD
2024-07-31,107.8586785151211,0.257,hedef,0.043000000000000003,0,VANGD
2024-09-17,12.526127963293398,0.482,stop,-0.037,0,VANGD
2024-11-27,19.825118409410294,0.331,stop,-0.037,0,VANGD
2024-12-27,12.680735056542812,0.536,stop,-0.040488372093023244,3,VANGD
2025-04-24,10.270908179463614,0.851,stop,-0.037,0,VANGD
2025-04-25,9.04460312026214,0.946,stop,-0.037,0,VANGD
2025-05-15,9.357743741560784,0.659,hedef,0.043000000000000003,1,VANGD
2025-07-02,10.024890597142791,1.158,stop,-0.037,0,VANGD
2025-09-22,8.76294341154973,0.824,stop,-0.037,0,VANGD
2025-10-28,13.145287548272623,0.679,stop,-0.037,3,VANGD
2025-12-05,13.441797858020717,0.883,stop,-0.037,0,VANGD
2026-01-09,8.930931270119162,0.664,hedef,0.1078648648648649,1,VANGD
2026-01-12,11.612492805428493,0.785,hedef,0.09300000000000008,1,VANGD
2026-01-13,22.35856899296896,0.903,hedef,0.09217355371900815,1,VANGD
2026-01-14,12.957696205878465,1.032,stop,-0.037,0,VANGD
2026-02-06,15.389051907315594,1.02,stop,-0.037,0,VANGD
2026-03-19,11.219412054524552,0.815,hedef,0.043000000000000003,0,VANGD
2026-05-26,9.013076958126396,0.853,hedef,0.043000000000000003,0,VANGD
2024-08-02,11.949748427177738,1.091,stop,-0.037,0,VBTYZ
2024-10-16,12.343718619877091,0.25,hedef,0.043000000000000003,0,VBTYZ
2024-11-28,246.30957871035997,0.482,stop,-0.037,0,VBTYZ
2025-05-12,15.758710192672456,0.102,hedef,0.043000000000000003,0,VBTYZ
2025-06-05,39.324474811724954,0.177,hedef,0.043000000000000003,2,VBTYZ
2025-07-21,35.23692385868875,0.485,stop,-0.037,0,VBTYZ
2025-09-08,13.225298319055737,0.186,hedef,0.043000000000000003,5,VBTYZ
2025-09-23,11.315383678935193,0.286,stop,-0.037,2,VBTYZ
2025-10-28,31.911694209663178,0.062,hedef,0.043000000000000003,2,VBTYZ
2025-12-26,13.836388443969863,0.154,stop,-0.037,0,VBTYZ
2026-01-27,23.349584359351503,0.215,stop,-0.037,0,VBTYZ
2026-02-09,14.1252244395424,0.425,stop,-0.037,0,VBTYZ
2026-03-19,29.896242825505567,0.355,hedef,0.043000000000000003,1,VBTYZ
2026-05-07,21.568461668536994,0.486,hedef,0.06799999999999995,1,VBTYZ
2026-05-08,19.854879247090427,0.583,stop,-0.037,0,VBTYZ
2026-05-26,26.530352595551253,0.652,stop,-0.037,0,VBTYZ
2024-10-25,13.036085395805783,0.103,stop,-0.037,0,VERTU
2024-11-28,18.398692810457515,0.24,stop,-0.04321730382293753,1,VERTU
2025-01-31,18.090237899917966,0.136,stop,-0.037,1,VERTU
2025-03-19,8.009012392039054,0.12,stop,-0.037,0,VERTU
2025-04-11,23.29147157922373,0.286,hedef,0.043000000000000003,0,VERTU
2025-04-14,13.748588883724018,0.457,stop,-0.037,0,VERTU
2025-05-08,47.726479146459745,0.339,stop,-0.037,0,VERTU
2025-06-05,45.63639035861258,0.107,stop,-0.05677375565610864,4,VERTU
2025-07-10,30.93590247738891,0.374,stop,-0.037,0,VERTU
2025-07-14,18.819365669948727,0.46,hedef,0.043000000000000003,0,VERTU
2025-08-11,14.01195049082373,0.683,stop,-0.037,0,VERTU
2025-09-16,28.816727238400908,0.593,stop,-0.10699999999999998,1,VERTU
2025-09-18,9.26473777215914,0.406,hedef,0.043000000000000003,0,VERTU
2025-10-27,8.23620615911035,0.287,hedef,0.043000000000000003,0,VERTU
2025-10-28,38.58875588946899,0.29,hedef,0.062036579082947026,2,VERTU
2025-12-02,49.75212726600074,0.346,hedef,0.043000000000000003,0,VERTU
2025-12-03,12.229593856385085,0.45,stop,-0.037,0,VERTU
2025-12-22,8.693088578999339,0.408,stop,-0.037,0,VERTU
2026-03-02,9.010282776349614,0.19,hedef,0.043000000000000003,0,VERTU
2026-03-19,119.7570987549615,0.286,hedef,0.043000000000000003,0,VERTU
2026-05-21,51.028514916762816,0.397,stop,-0.037,0,VERTU
2024-08-19,17.524213075060533,0.873,stop,-0.037,1,VERUS
2024-09-18,25.801217038539555,0.38,stop,-0.037,9,VERUS
2024-11-27,21.633122484186313,0.157,hedef,0.043000000000000003,0,VERUS
2024-11-28,72.13502269288956,0.317,stop,-0.037,0,VERUS
2025-02-06,24.579234972677597,0.224,stop,-0.037,0,VERUS
2025-03-21,283.92136752136753,0.047,stop,-0.037,0,VERUS
2025-04-28,85.00373692077727,0.401,stop,-0.037,0,VERUS
2025-04-29,32.70111944789953,0.412,stop,-0.037,0,VERUS
2025-06-13,9.184241941902108,0.127,hedef,0.043000000000000003,1,VERUS
2025-07-11,8.415132924335378,0.584,hedef,0.043000000000000003,0,VERUS
2025-07-14,34.68531468531469,0.671,stop,-0.037,1,VERUS
2025-09-16,12.97550432276657,0.786,stop,-0.1069459751485683,1,VERUS
2025-09-18,17.968648881858055,0.523,hedef,0.043000000000000003,0,VERUS
2025-10-27,8.243392070484582,0.182,stop,-0.037,0,VERUS
2025-10-28,58.99764791025873,0.205,stop,-0.037,0,VERUS
2025-11-07,13.864394554142999,0.125,hedef,0.043000000000000003,0,VERUS
2025-11-25,18.836416747809153,0.021,stop,-0.037,0,VERUS
2025-12-02,13.958444326052211,0.152,hedef,0.043000000000000003,0,VERUS
2026-03-03,40.66577301161751,0.277,stop,-0.037,0,VERUS
2026-03-04,10.334750265674813,0.362,hedef,0.043000000000000003,0,VERUS
2026-03-19,35.55194805194805,0.517,hedef,0.043000000000000003,0,VERUS
2026-05-22,8.337994406711946,0.967,hedef,0.043000000000000003,4,VERUS
2026-05-26,19.89252336448598,0.949,hedef,0.043000000000000003,2,VERUS
2025-06-05,12.045170394476774,0.04,stop,-0.05005705059203435,4,VESBE
2025-08-29,14.348182277094722,0.318,stop,-0.037,0,VESBE
2025-10-28,29.74123155612507,0.01,hedef,0.043000000000000003,3,VESBE
2026-03-19,15.941430548110842,0.017,stop,-0.037,1,VESBE
2026-05-26,9.815714389845159,0.014,acik,,6,VESBE
2024-06-13,75.82835126876577,0.538,hedef,0.043000000000000003,0,VKFYO
2024-09-10,102.40486755412128,0.322,stop,-0.037,0,VKFYO
2024-11-06,26.432536535629318,0.177,hedef,0.043000000000000003,2,VKFYO
2024-11-15,9.17896588798749,0.349,hedef,0.043000000000000003,0,VKFYO
2025-01-24,79.30842028633826,0.242,hedef,0.043000000000000003,0,VKFYO
2025-01-27,11.463255485168974,0.333,stop,-0.037,0,VKFYO
2025-04-24,30.388906104741245,0.2,stop,-0.037,0,VKFYO
2025-04-25,16.760705289672543,0.333,stop,-0.037,0,VKFYO
2025-09-05,15.542289507617363,0.472,hedef,0.043000000000000003,0,VKFYO
2025-11-27,13.97930614729154,0.549,stop,-0.037,0,VKFYO
2025-12-04,32.89169753758989,0.689,hedef,0.14347021943573657,1,VKFYO
2025-12-05,18.665709890246045,0.957,hedef,0.09313623978201624,1,VKFYO
2026-03-05,11.720395294698056,0.451,hedef,0.07522222222222219,1,VKFYO
2026-05-18,13.292776836593253,0.351,stop,-0.037,1,VKFYO
2024-09-19,10.067047991389016,0.38,hedef,0.043000000000000003,1,VKGYO
2024-09-20,10.443229132187808,0.415,hedef,0.043000000000000003,0,VKGYO
2024-10-28,9.325492783598978,0.52,hedef,0.043000000000000003,1,VKGYO
2025-01-24,9.605941821232058,0.762,hedef,0.043000000000000003,0,VKGYO
2025-07-03,8.782695328315214,0.921,hedef,0.043000000000000003,2,VKGYO
2025-10-23,8.31043428811774,0.69,stop,-0.037,1,VKGYO
2026-02-16,11.06039522868908,0.926,stop,-0.037,2,VKGYO
2026-05-26,12.977002642688772,0.716,hedef,0.043000000000000003,1,VKGYO
2024-06-24,12.577972709551656,0.638,stop,-0.037,0,VKING
2024-07-12,14.778269178269179,0.475,stop,-0.037,1,VKING
2024-09-20,11.894372554920253,0.259,stop,-0.037,4,VKING
2024-10-02,12.056116224908505,-0.063,stop,-0.037,0,VKING
2024-11-19,13.621341548802688,0.036,stop,-0.037,1,VKING
2024-12-05,24.140770665009324,0.113,hedef,0.043000000000000003,0,VKING
2025-04-07,34.46903935185185,0.132,stop,-0.037,0,VKING
2025-04-09,8.385877335401169,0.217,stop,-0.037,0,VKING
2025-05-06,8.99277425005474,0.128,stop,-0.037,0,VKING
2025-05-22,19.612646566164152,0.138,stop,-0.037,0,VKING
2025-06-23,12.700217354957365,0.069,hedef,0.043000000000000003,0,VKING
2025-06-24,36.22834105335392,0.17,stop,-0.037,0,VKING
2025-07-21,20.544608223429016,0.276,hedef,0.043000000000000003,0,VKING
2025-07-22,14.957918898240244,0.381,stop,-0.037,0,VKING
2025-07-23,8.194508296067205,0.449,stop,-0.037,0,VKING
2025-08-26,11.564804810447692,0.235,stop,-0.037,2,VKING
2025-09-18,8.618273542600896,0.198,stop,-0.037,0,VKING
2025-10-28,74.16073041035416,0.203,stop,-0.037,0,VKING
2025-11-17,26.70029298175523,0.378,hedef,0.10421951219512204,1,VKING
2025-11-18,15.0238626519308,0.476,stop,-0.037,0,VKING
2026-01-09,15.383837222669273,0.217,stop,-0.037,0,VKING
2026-02-03,13.286201022146507,0.244,stop,-0.037,0,VKING
2026-02-27,10.10252222827073,0.17,stop,-0.037,0,VKING
2026-03-19,138.847178493582,0.062,stop,-0.037,1,VKING
2026-05-26,22.40064935064935,0.065,hedef,0.043000000000000003,4,VKING
2024-07-01,17.311466594972444,0.328,stop,-0.037,0,VRGYO
2024-08-05,10.884254121634623,-0.1,hedef,0.043000000000000003,0,VRGYO
2024-08-22,21.279441122909397,0.057,stop,-0.037,0,VRGYO
2024-09-24,21.01191659408781,0.123,stop,-0.037,0,VRGYO
2024-11-11,8.725304092032014,0.006,stop,-0.037,0,VRGYO
2025-01-06,12.542367478023698,0.176,stop,-0.037,0,VRGYO
2025-03-19,10.430806015077692,-0.008,hedef,0.043000000000000003,0,VRGYO
2025-06-05,20.559140234984458,0.044,hedef,0.043000000000000003,1,VRGYO
2025-08-08,10.070767543694808,0.427,stop,-0.037,0,VRGYO
2025-10-28,25.363313944249544,0.197,hedef,0.043000000000000003,1,VRGYO
2025-12-18,11.883578379905545,0.091,stop,-0.037,0,VRGYO
2026-01-16,10.753972719573083,0.061,hedef,0.043000000000000003,4,VRGYO
2026-04-10,19.42067995567379,0.089,stop,-0.037,0,VRGYO
2025-06-05,32.736648022012716,0.995,stop,-0.037,0,VSNMD
2025-08-06,10.192885865684543,0.622,hedef,0.043000000000000003,0,VSNMD
2025-10-09,12.669549144620596,0.129,hedef,0.043000000000000003,0,VSNMD
2025-10-28,80.17981863242086,0.109,hedef,0.043000000000000003,1,VSNMD
2025-11-21,82.45039355234012,0.098,stop,-0.037,0,VSNMD
2026-01-21,22.455844001896633,0.077,stop,-0.037,0,VSNMD
2026-02-12,17.901339292996852,0.065,hedef,0.043000000000000003,4,VSNMD
2026-03-19,36.17442502299908,0.044,stop,-0.037,1,VSNMD
2026-04-15,25.082851204853114,0.062,hedef,0.043000000000000003,0,VSNMD
2026-04-16,30.29514572666404,0.074,stop,-0.037,0,VSNMD
2026-05-26,115.53941705790298,0.051,stop,-0.037,0,VSNMD
2024-06-26,13.94937981897427,0.9,stop,-0.037,0,YAPRK
2024-07-16,21.917401856917326,0.577,stop,-0.037,1,YAPRK
2024-08-09,16.588152640141896,0.455,stop,-0.037,0,YAPRK
2024-08-15,10.49295774647887,0.277,hedef,0.043000000000000003,3,YAPRK
2024-10-01,8.227848101268886,0.313,stop,-0.037,0,YAPRK
2024-10-18,17.493827160501418,0.318,stop,-0.037,0,YAPRK
2024-11-20,69.89932885906772,0.573,hedef,0.043000000000000003,0,YAPRK
2025-01-27,12.31360366252501,0.7,hedef,0.043000000000000003,0,YAPRK
2025-04-04,30.152960526316452,0.302,hedef,0.043000000000000003,0,YAPRK
2025-05-06,17.950178845171223,0.179,stop,-0.037,0,YAPRK
2025-06-05,71.11317090395708,0.033,hedef,0.043000000000000003,1,YAPRK
2025-07-07,9.22033898305015,0.048,stop,-0.037,0,YAPRK
2025-07-30,12.971137521223133,0.063,hedef,0.043000000000000003,0,YAPRK
2025-07-31,66.13575865128975,0.109,hedef,0.043000000000000003,0,YAPRK
2025-08-19,10.48835009887318,0.153,stop,-0.037,0,YAPRK
2025-09-19,32.42713690913784,0.122,stop,-0.037,0,YAPRK
2025-10-28,24.152542372885137,0.039,hedef,0.043000000000000003,3,YAPRK
2025-12-09,88.4697986577353,0.062,hedef,0.043000000000000003,0,YAPRK
2026-02-13,27.195611866503064,0.089,hedef,0.043000000000000003,0,YAPRK
2026-02-16,13.701098718162243,0.131,stop,-0.037,0,YAPRK
2026-05-06,25.196104252105627,0.163,stop,-0.037,0,YAPRK
2026-05-26,24.544250014332764,0.089,hedef,0.043000000000000003,3,YAPRK
2024-06-24,25.307613072385056,0.108,stop,-0.037,0,YATAS
2024-10-16,20.72272124230627,0.114,stop,-0.037,2,YATAS
2025-01-15,12.27998823990592,0.191,stop,-0.037,5,YATAS
2025-03-19,14.64202739872353,0.305,stop,-0.037,0,YATAS
2025-06-05,21.19153518423147,0.134,stop,-0.043918138041733605,4,YATAS
2025-10-28,55.40434212443538,0.852,stop,-0.037,8,YATAS
2025-11-13,10.847740615069748,0.769,stop,-0.037,1,YATAS
2025-12-24,8.478009866694658,0.943,stop,-0.037,3,YATAS
2026-02-18,11.604696673189824,0.93,stop,-0.037,1,YATAS
2026-03-02,8.01493248610008,0.707,hedef,0.043000000000000003,0,YATAS
2026-03-12,14.355861678920578,1.004,stop,-0.037,0,YATAS
2026-05-11,188.69467883588771,0.813,stop,-0.037,1,YATAS
2024-07-30,23.389750884106952,1.011,hedef,0.08744444444444432,1,YAYLA
2024-07-31,9.264619605542421,1.2,stop,-0.037,0,YAYLA
2024-10-11,99.37867250791003,0.247,hedef,0.043000000000000003,0,YAYLA
2024-10-14,10.406669221924108,0.412,stop,-0.037,0,YAYLA
2024-11-27,28.098541714054644,0.403,hedef,0.043000000000000003,0,YAYLA
2025-02-12,10.65469312291591,0.847,stop,-0.037,0,YAYLA
2025-05-13,8.011810012836971,0.767,hedef,0.043000000000000003,0,YAYLA
2025-06-05,11.040839556900524,0.765,stop,-0.037,2,YAYLA
2025-08-04,19.43796959119683,1.09,hedef,0.11470499158721259,1,YAYLA
2025-08-05,10.781308933435776,1.117,stop,-0.037,0,YAYLA
2025-10-28,51.403293122177125,0.546,stop,-0.037,1,YAYLA
2025-11-26,26.266585725435785,0.603,stop,-0.037,0,YAYLA
2026-01-22,10.350664372161255,0.633,stop,-0.037,0,YAYLA
2026-03-02,9.96088258663896,0.322,hedef,0.043000000000000003,0,YAYLA
2026-03-19,108.08575357306555,0.347,stop,-0.037,1,YAYLA
2026-04-01,9.56175704949666,0.399,stop,-0.037,0,YAYLA
2026-04-27,19.68643216080402,0.495,stop,-0.037,0,YAYLA
2022-01-26,19.41176470588293,1.436,hedef,0.09299637956627216,1,YBTAS
2022-01-27,18.95833333333365,1.334,stop,-0.037,0,YBTAS
2022-05-10,12.85714285714331,0.665,stop,-0.037,0,YBTAS
2022-08-02,15.581395348835803,1.037,stop,-0.037,0,YBTAS
2022-09-05,25.416666666666952,0.947,hedef,0.04800634920634928,1,YBTAS
2024-03-28,11.111111111111933,0.874,stop,-0.05089848812095032,2,YBTAS
2025-03-20,8.571428571427722,0.6,hedef,0.09299999999999986,1,YBTAS
2025-03-25,15.999999999999222,0.819,stop,-0.037,0,YBTAS
2025-09-08,21.16276953488358,0.606,stop,-0.037,0,YBTAS
2025-12-03,9.573080764150639,0.294,stop,-0.037,0,YBTAS
2026-03-11,9.9974452225662,0.215,hedef,0.043000000000000003,0,YBTAS
2026-03-12,17.98454255310421,0.26,stop,-0.10132314410480348,1,YBTAS
