tarih,kat,aralik_pos,sonuc,getiri_net,gun,hisse
2024-06-14,12.656466359609926,0.145,stop,-0.037,0,ARASE
2024-07-19,9.741189059051695,0.314,stop,-0.037,0,ARASE
2024-09-20,113.2702583594998,0.423,stop,-0.037,3,ARASE
2024-11-12,32.0082676408383,0.387,stop,-0.05249509366636928,1,ARASE
2025-03-04,27.409914992853384,0.04,stop,-0.037,0,ARASE
2025-04-08,32.17018736400223,0.117,hedef,0.093,4,ARASE
2025-05-12,19.47262584327971,0.279,stop,-0.037,1,ARASE
2025-07-25,12.684932545096254,0.506,stop,-0.037,2,ARASE
2025-07-28,14.694236073291991,0.505,stop,-0.037,1,ARASE
2025-08-14,11.63165433277632,0.696,stop,-0.037,1,ARASE
2025-10-28,20.542346236981725,0.594,hedef,0.093,7,ARASE
2025-11-07,14.888375372082095,0.718,stop,-0.037,2,ARASE
2026-03-19,13.332123148417077,0.914,stop,-0.037,1,ARASE
2026-04-29,11.007045966543641,1.005,stop,-0.037,0,ARASE
2026-05-12,16.211414771776294,1.033,stop,-0.037,1,ARASE
2025-06-05,16.250374531835206,0.514,stop,-0.037,3,ARMGD
2025-06-24,21.797122094748715,0.427,stop,-0.037,9,ARMGD
2025-10-28,42.569160667704125,0.587,stop,-0.037,8,ARMGD
2025-12-11,16.821019432027004,1.002,hedef,0.11823900573613766,1,ARMGD
2025-12-12,9.813236763236763,1.049,stop,-0.037,0,ARMGD
2026-02-23,9.202593849739095,0.811,stop,-0.037,2,ARMGD
2026-03-19,29.037355503672913,0.799,stop,-0.037,4,ARMGD
2026-04-13,10.426131250224989,0.937,stop,-0.037,6,ARMGD
2026-05-18,189.2247068139824,0.686,hedef,0.093,0,ARMGD
2024-07-05,9.096739350570445,0.778,stop,-0.037,0,ARTMS
2024-11-08,17.3230122259339,0.281,hedef,0.093,2,ARTMS
2025-01-20,13.571973744466494,0.073,stop,-0.037,2,ARTMS
2025-02-17,20.080601241694804,0.008,hedef,0.093,5,ARTMS
2025-03-04,75.37596321153367,0.221,stop,-0.037,0,ARTMS
2025-05-02,19.357878277115528,0.073,hedef,0.093,1,ARTMS
2025-06-04,14.956659380417577,0.18,stop,-0.037,0,ARTMS
2025-06-05,57.17965653896962,0.136,stop,-0.037,3,ARTMS
2025-07-02,8.184989174885736,0.103,stop,-0.037,4,ARTMS
2025-09-02,8.955241679033284,0.36,stop,-0.037,0,ARTMS
2025-10-07,53.21242762183403,0.503,stop,-0.037,2,ARTMS
2025-10-28,13.375499885083888,0.793,stop,-0.037,0,ARTMS
2025-12-01,14.328401847845155,0.395,hedef,0.093,3,ARTMS
2026-01-19,28.77099623515783,0.402,stop,-0.037,2,ARTMS
2026-02-06,14.712411207576952,0.439,stop,-0.037,0,ARTMS
2026-03-02,9.368506244941708,0.341,stop,-0.037,4,ARTMS
2026-03-19,34.80183254514188,0.383,hedef,0.093,1,ARTMS
2026-05-15,22.935324761693636,0.52,stop,-0.037,3,ARTMS
2026-05-26,12.23623655187429,0.523,stop,-0.037,1,ARTMS
2024-07-25,24.39654456350175,0.375,stop,-0.037,0,ARZUM
2024-07-26,9.432652104737329,0.665,stop,-0.037,0,ARZUM
2024-08-26,12.683020021396652,0.203,stop,-0.037,0,ARZUM
2024-09-05,9.922328639906864,0.089,hedef,0.10156268867394525,1,ARZUM
2024-10-09,15.229428799680697,0.039,stop,-0.037,3,ARZUM
2024-10-10,9.338575558225662,0.062,stop,-0.037,1,ARZUM
2024-10-16,17.92626755712626,0.268,stop,-0.037,0,ARZUM
2024-11-05,47.32690278824242,0.13,stop,-0.037,0,ARZUM
2025-01-03,9.477683345527923,0.061,stop,-0.037,8,ARZUM
2025-01-06,9.477700077699874,0.11,stop,-0.037,4,ARZUM
2025-01-29,17.84584275008918,0.042,stop,-0.037,2,ARZUM
2025-02-21,15.954505313803756,0.072,stop,-0.037,0,ARZUM
2025-03-13,11.547960348024557,0.135,hedef,0.093,3,ARZUM
2025-08-22,43.01215821993644,0.526,stop,-0.037,0,ARZUM
2025-09-12,9.573791046278261,0.466,stop,-0.037,0,ARZUM
2025-10-10,8.38323457924818,0.559,stop,-0.037,0,ARZUM
2025-10-13,17.38232477987446,0.669,stop,-0.037,0,ARZUM
2025-10-28,91.676647051165,0.486,stop,-0.037,9,ARZUM
2026-01-29,8.400116521294477,0.234,hedef,0.093,1,ARZUM
2026-03-19,12.461870610070239,0.333,stop,-0.037,1,ARZUM
2026-04-06,12.828113178011426,0.596,stop,-0.037,0,ARZUM
2026-05-26,17.36290258763947,0.274,stop,-0.037,3,ARZUM
2024-10-28,10.061306319499852,0.055,stop,-0.037,4,ASGYO
2025-06-05,32.084727366312705,0.157,stop,-0.037,15,ASGYO
2025-07-10,10.120129423103402,0.231,hedef,0.093,5,ASGYO
2025-09-17,8.355817714774998,0.795,stop,-0.037,9,ASGYO
2025-10-28,17.279825522611656,0.369,stop,-0.037,9,ASGYO
2025-12-31,9.17074168797954,0.207,hedef,0.093,15,ASGYO
2026-03-19,11.150159921508196,0.274,stop,-0.037,1,ASGYO
2026-04-30,46.676355762606214,0.591,stop,-0.037,8,ASGYO
2026-05-04,10.927036360472178,0.694,stop,-0.037,1,ASGYO
2026-05-26,33.00597844392051,0.459,acik,,6,ASGYO
2024-07-08,11.83639898310154,0.987,stop,-0.037,0,ATAKP
2024-10-31,32.7930886762816,0.127,hedef,0.093,5,ATAKP
2025-03-19,12.077159477554604,0.054,stop,-0.037,0,ATAKP
2025-04-08,8.034296028880867,0.177,hedef,0.093,10,ATAKP
2025-05-07,10.540908459508264,0.6,stop,-0.037,0,ATAKP
2025-10-28,21.96906887755102,0.879,stop,-0.037,7,ATAKP
2025-12-01,11.331599157686115,0.864,stop,-0.037,0,ATAKP
2026-01-15,26.90510498147386,0.996,stop,-0.037,0,ATAKP
2026-03-19,18.490086426029485,0.594,stop,-0.037,5,ATAKP
2026-04-22,12.122571001494768,0.615,stop,-0.037,0,ATAKP
2026-05-11,8.384111469273162,0.66,hedef,0.093,1,ATAKP
2024-07-16,13.64949875046678,1.093,stop,-0.037,0,ATATP
2024-11-01,30.242416859544402,0.212,stop,-0.047760869565217405,1,ATATP
2024-11-08,11.518095085811748,0.219,stop,-0.037,0,ATATP
2024-12-31,17.814551607445008,0.445,stop,-0.037,0,ATATP
2025-03-05,8.716874410809679,0.328,stop,-0.037,0,ATATP
2025-06-05,51.98375771931309,0.168,stop,-0.04090804597701158,3,ATATP
2025-07-21,11.810640504107841,0.189,hedef,0.10771610660486675,10,ATATP
2025-08-19,126.10532910995857,0.602,stop,-0.037,0,ATATP
2025-10-02,11.98079365433034,0.893,stop,-0.037,0,ATATP
2025-10-28,38.35380367514044,0.55,hedef,0.093,3,ATATP
2025-11-10,8.94819255547602,0.7,hedef,0.09644827586206894,2,ATATP
2026-02-18,9.230378847471389,1.032,stop,-0.037,0,ATATP
2026-03-02,18.23395948994854,0.509,hedef,0.093,0,ATATP
2026-05-04,9.73869702421329,0.674,stop,-0.037,0,ATATP
2026-05-12,11.682577934315816,0.976,hedef,0.093,4,ATATP
2026-05-26,37.499555274147106,1.034,stop,-0.037,0,ATATP
2026-03-19,30.694607161466546,0.007,stop,-0.037,1,ATATR
2026-05-26,21.071428304160552,0.719,hedef,0.12139059674502717,2,ATATR
2023-12-06,15.19147971901201,1.049,stop,-0.037,0,ATEKS
2024-01-15,9.178488947542064,0.745,stop,-0.037,1,ATEKS
2024-03-04,10.352397458116696,1.048,hedef,0.093,1,ATEKS
2024-03-29,38.50536746490504,0.497,stop,-0.037,0,ATEKS
2024-10-24,19.144759901857693,0.618,stop,-0.037,0,ATEKS
2024-12-23,8.898339408667477,0.756,stop,-0.037,0,ATEKS
2025-03-25,10.497329158224352,0.103,stop,-0.10677827050997779,1,ATEKS
2025-03-26,14.634734985612178,0.04,stop,-0.10675369458128092,1,ATEKS
2025-03-27,10.357723577235772,-0.017,hedef,0.093,0,ATEKS
2025-10-24,8.86721059477356,-0.01,hedef,0.093,3,ATEKS
2025-12-17,26.106099656357387,0.081,hedef,0.174208053691275,2,ATEKS
2025-12-18,12.367418516054906,0.137,hedef,0.19166814650388464,2,ATEKS
2022-06-08,9.513691089870166,0.825,hedef,0.11121086261980817,3,ATSYH
2022-06-24,13.898486003703301,0.906,hedef,0.11943678160919535,1,ATSYH
2024-07-24,14.742465965946552,0.197,hedef,0.09300000000000008,1,ATSYH
2024-10-09,9.17442531103238,0.127,hedef,0.093,0,ATSYH
2025-02-03,8.957139397852933,0.133,stop,-0.037,0,ATSYH
2025-04-04,9.935995456332735,0.161,stop,-0.05104873477038429,3,ATSYH
2024-06-21,33.04775004912557,1.271,stop,-0.037,0,AVGYO
2024-07-18,39.511165245635404,1.021,stop,-0.037,0,AVGYO
2024-09-16,11.065054292806725,0.907,stop,-0.037,0,AVGYO
2024-09-30,8.452282559325694,0.754,stop,-0.037,0,AVGYO
2024-10-25,12.342711909751639,0.564,stop,-0.037,2,AVGYO
2024-11-07,11.015459972447573,0.598,hedef,0.093,0,AVGYO
2024-11-12,8.517728308741624,0.972,hedef,0.093,8,AVGYO
2025-03-24,10.880105087174588,0.308,stop,-0.037,0,AVGYO
2025-06-05,20.979879871791418,0.29,hedef,0.093,3,AVGYO
2025-08-07,44.28940707630998,1.031,stop,-0.037,0,AVGYO
2025-10-03,20.42961548590993,0.959,hedef,0.093,1,AVGYO
2025-10-06,12.364354530094328,1.084,hedef,0.10629479768786132,1,AVGYO
2025-10-07,13.710662788729358,1.105,stop,-0.037,0,AVGYO
2025-10-28,108.46864614715658,0.958,stop,-0.037,0,AVGYO
2025-11-27,12.294798010839806,0.236,hedef,0.093,9,AVGYO
2025-12-12,9.815501710101643,0.308,hedef,0.093,3,AVGYO
2025-12-18,35.73019539693977,0.444,stop,-0.037,0,AVGYO
2026-02-06,22.784155561736668,0.481,stop,-0.037,0,AVGYO
2026-04-27,19.80006731740155,0.68,stop,-0.037,0,AVGYO
2026-05-26,8.060159865376525,0.396,hedef,0.093,4,AVGYO
2024-09-09,33.89984278789467,0.712,stop,-0.037,0,AVOD
2025-04-15,61.884914927392636,0.487,hedef,0.11340133779264205,1,AVOD
2025-04-16,19.113136809837307,0.718,stop,-0.037,0,AVOD
2025-06-05,11.435300594125223,0.314,stop,-0.04008823529411775,4,AVOD
2025-07-22,61.13947156357598,0.718,stop,-0.037,0,AVOD
2025-09-04,26.991531269757672,0.9,stop,-0.037,0,AVOD
2025-10-28,18.44343930761536,0.481,stop,-0.037,1,AVOD
2025-12-22,9.897159742607748,0.368,hedef,0.093,1,AVOD
2025-12-23,12.210005256702296,0.446,stop,-0.037,0,AVOD
2026-03-05,9.999346980299427,0.574,hedef,0.093,1,AVOD
2026-03-19,37.64945748996403,0.619,stop,-0.037,2,AVOD
2026-05-07,18.968836588715938,0.744,stop,-0.037,0,AVOD
2026-05-08,9.605752384045616,0.659,stop,-0.037,0,AVOD
2026-05-26,15.680373779166315,0.564,stop,-0.037,4,AVOD
2024-08-26,13.123888559573208,0.004,hedef,0.093,3,AYCES
2024-09-02,10.103406326034063,0.201,stop,-0.037,0,AYCES
2024-10-18,23.335787923416788,0.167,hedef,0.093,1,AYCES
2024-11-05,16.902071563088512,0.287,stop,-0.037,1,AYCES
2024-12-17,52.75805119735756,0.44,stop,-0.037,0,AYCES
2025-02-03,22.74701411509229,0.225,stop,-0.037,0,AYCES
2025-02-19,21.75799086757991,0.19,stop,-0.037,0,AYCES
2025-03-13,9.676063303659744,0.295,stop,-0.037,0,AYCES
2025-06-05,121.26106194690264,0.045,stop,-0.05554368932038833,4,AYCES
2025-06-27,28.139614855570837,0.188,hedef,0.093,1,AYCES
2025-09-22,14.399260628465804,0.223,stop,-0.037,3,AYCES
2025-10-28,111.60855784469096,0.091,hedef,0.093,3,AYCES
2025-12-04,11.083743842364532,0.093,stop,-0.037,0,AYCES
2025-12-05,32.08126036484246,0.16,stop,-0.037,0,AYCES
2026-01-13,8.258283772302464,0.17,hedef,0.093,1,AYCES
2026-01-15,8.876025084418716,0.219,stop,-0.037,0,AYCES
2026-03-09,8.550069541029206,0.453,hedef,0.093,2,AYCES
2026-03-11,21.071695294996264,0.531,stop,-0.037,0,AYCES
2026-03-19,18.518253793710137,0.612,stop,-0.037,0,AYCES
2026-05-08,14.729544495993252,0.3,hedef,0.093,0,AYCES
2026-05-26,50.31344547984994,0.16,hedef,0.11059082217973237,4,AYCES
2024-06-28,8.805624881416291,0.94,stop,-0.037,0,AYDEM
2024-07-18,11.453074176913923,0.636,stop,-0.037,6,AYDEM
2024-08-23,67.43170259333323,0.118,stop,-0.037,2,AYDEM
2025-03-12,35.71088135165805,0.001,stop,-0.037,5,AYDEM
2025-06-05,15.327260994213292,0.042,stop,-0.037,4,AYDEM
2025-09-05,11.105761853613625,0.13,stop,-0.037,1,AYDEM
2025-10-28,27.897340357188746,0.146,stop,-0.037,9,AYDEM
2026-03-10,9.24237466826626,0.544,stop,-0.037,0,AYDEM
2026-03-19,8.08593169317675,0.472,hedef,0.093,6,AYDEM
2026-03-31,12.750799843674445,0.661,stop,-0.037,10,AYDEM
2026-05-26,17.693987786240648,0.415,acik,,6,AYDEM
2024-10-21,14.09583770549143,0.143,hedef,0.093,3,AYEN
2025-03-12,8.332678220475255,0.2,stop,-0.037,5,AYEN
2025-05-13,10.464142091152814,0.289,stop,-0.037,3,AYEN
2025-06-05,37.58231870202176,0.172,stop,-0.0654890333062551,4,AYEN
2025-07-07,13.092165060898019,0.184,hedef,0.093,19,AYEN
2025-09-26,20.603047942965528,0.6,stop,-0.037,1,AYEN
2025-10-28,19.425820935276437,0.422,stop,-0.037,8,AYEN
2026-03-02,14.995477386934674,0.239,hedef,0.093,0,AYEN
2026-03-19,43.970598275038114,0.489,hedef,0.093,2,AYEN
2026-03-31,9.450364782147133,0.836,stop,-0.037,0,AYEN
2026-05-26,14.63244410243256,0.621,stop,-0.037,2,AYEN
2022-07-28,11.886878768975848,1.698,stop,-0.037,1,AYES
2022-09-12,10.920354939942055,0.711,stop,-0.037,1,AYES
2023-09-25,10.238168717377443,0.939,stop,-0.037,2,AYES
2024-05-06,12.287613975062527,1.123,hedef,0.1335693949040272,3,AYES
2024-05-07,19.636917385550415,1.12,stop,-0.037,0,AYES
2025-06-02,12.056960311873889,0.819,hedef,0.093,2,AYES
2025-06-03,12.118904908472352,0.918,stop,-0.037,6,AYES
2025-07-22,17.966861805240693,1.081,stop,-0.037,1,AYES
2026-02-05,10.986619799349244,0.901,hedef,0.093,0,AYES
2026-05-05,8.85842077206116,0.909,hedef,0.093,14,AYES
2024-07-23,31.213054699858464,0.295,hedef,0.093,1,AZTEK
2024-07-24,12.851636974927736,0.452,hedef,0.12120512820512819,1,AZTEK
2024-09-02,9.807947371213327,0.095,hedef,0.13358106841611994,1,AZTEK
2024-09-03,26.06232455269799,0.302,stop,-0.037,0,AZTEK
2024-09-18,9.588691678180465,0.469,stop,-0.037,0,AZTEK
2024-10-24,67.59427774191533,0.183,stop,-0.037,0,AZTEK
2025-01-06,17.68932665913128,0.05,hedef,0.093,4,AZTEK
2025-03-07,11.26947734895767,0.139,stop,-0.037,0,AZTEK
2025-03-11,9.515155834283542,0.14,stop,-0.037,0,AZTEK
2025-04-28,39.7017322473328,0.169,stop,-0.037,0,AZTEK
2025-06-05,68.94973650959967,0.023,stop,-0.09767357512953367,4,AZTEK
2025-06-25,9.309575780582708,0.122,stop,-0.037,0,AZTEK
2025-08-05,47.73523091026585,0.288,stop,-0.037,0,AZTEK
2025-09-12,47.60690789473684,0.246,stop,-0.037,0,AZTEK
2025-10-16,10.990241201508807,0.416,stop,-0.037,0,AZTEK
2025-10-28,18.45750572875709,0.316,stop,-0.037,8,AZTEK
2025-11-26,18.58425453117109,0.282,stop,-0.037,0,AZTEK
2025-11-27,8.795054463377031,0.291,stop,-0.037,0,AZTEK
2026-02-03,19.100706151790828,0.313,stop,-0.037,0,AZTEK
2026-03-02,9.26150197963202,0.08,hedef,0.093,3,AZTEK
2026-03-19,11.618301138097937,0.11,stop,-0.037,1,AZTEK
2026-04-08,8.934933188985456,0.084,hedef,0.093,5,AZTEK
2026-04-16,20.435179130674193,0.243,stop,-0.037,0,AZTEK
2026-05-26,211.08089451616678,0.311,hedef,0.093,1,AZTEK
2024-08-23,9.962306573204602,0.731,stop,-0.037,0,BAGFS
2024-10-01,11.67218992774488,0.156,stop,-0.037,0,BAGFS
2025-01-10,52.67332485927002,0.837,stop,-0.037,0,BAGFS
2025-03-17,8.184148640918623,0.302,stop,-0.037,0,BAGFS
2025-04-09,42.12089601405512,0.6,hedef,0.11386956521739144,1,BAGFS
2025-04-10,44.4772101893475,0.878,hedef,0.093,1,BAGFS
2025-05-07,12.077231297609089,0.717,hedef,0.13508909370199695,2,BAGFS
2025-05-08,36.680605948793634,0.917,stop,-0.037,1,BAGFS
2025-06-05,19.223727625777443,0.612,hedef,0.11170773854244931,2,BAGFS
2025-07-03,31.585247259673686,0.811,stop,-0.037,0,BAGFS
2025-10-08,20.52053687824762,0.764,stop,-0.037,0,BAGFS
2025-10-28,52.6867536101534,0.737,stop,-0.037,1,BAGFS
2025-11-27,18.426719269978467,0.393,stop,-0.037,18,BAGFS
2026-02-27,20.500599709614292,0.655,stop,-0.0685103532277711,1,BAGFS
2026-03-19,53.537745278956756,0.907,stop,-0.037,1,BAGFS
2026-04-27,22.565702834239907,0.807,stop,-0.037,0,BAGFS
2026-05-12,51.876449090266036,0.702,stop,-0.037,1,BAGFS
2025-03-19,8.27388549813186,0.087,stop,-0.037,0,BAHKM
2025-06-05,26.954230808967868,0.063,stop,-0.0689136960600375,4,BAHKM
2025-07-16,23.602008456659618,0.208,stop,-0.037,0,BAHKM
2025-08-18,11.763828023214497,0.531,stop,-0.037,0,BAHKM
2025-10-16,38.619724261792825,0.365,stop,-0.037,0,BAHKM
2025-10-28,16.386122553308624,0.342,stop,-0.037,2,BAHKM
2025-11-20,19.129182362065144,0.269,hedef,0.093,1,BAHKM
2025-12-11,22.57310802976592,0.252,stop,-0.09676076555023916,1,BAHKM
2026-03-19,69.07898556912305,1.008,stop,-0.037,1,BAHKM
2026-04-30,49.66891633770534,0.805,stop,-0.037,0,BAHKM
2026-05-26,38.48059381148274,0.627,hedef,0.093,3,BAHKM
2024-10-18,26.687697160883282,0.065,hedef,0.093,2,BAKAB
2024-10-23,13.267207053469852,0.339,hedef,0.093,1,BAKAB
2024-10-24,26.441410408968498,0.498,stop,-0.037,0,BAKAB
2025-01-27,22.05213764337852,0.411,stop,-0.037,0,BAKAB
2025-04-11,39.687393815834184,0.341,hedef,0.11912612612612616,1,BAKAB
2025-04-14,23.37147188334657,0.547,stop,-0.037,1,BAKAB
2025-04-15,10.80246643155981,0.695,stop,-0.037,0,BAKAB
2025-05-12,58.991150442477874,0.475,stop,-0.037,0,BAKAB
2025-07-09,44.822685703006776,0.522,stop,-0.037,0,BAKAB
2025-09-19,9.424616410940626,0.738,stop,-0.037,0,BAKAB
2025-10-28,15.103994110068104,0.523,hedef,0.093,3,BAKAB
2025-11-18,12.393110347527294,0.782,stop,-0.037,0,BAKAB
2026-01-27,14.741660201706749,0.937,stop,-0.037,0,BAKAB
2026-02-24,18.060215698022766,0.803,stop,-0.037,0,BAKAB
2026-03-02,11.362264606470305,0.403,hedef,0.093,8,BAKAB
2026-03-19,16.650226058364158,0.531,stop,-0.037,1,BAKAB
2026-05-12,20.21451802643416,0.929,stop,-0.037,0,BAKAB
2026-05-13,11.369741734753244,0.964,stop,-0.037,0,BAKAB
2024-07-04,36.43340147821984,0.593,stop,-0.037,0,BARMA
2024-09-03,16.80841346153846,0.783,stop,-0.037,4,BARMA
2025-03-18,18.388942869847334,0.641,stop,-0.037,0,BARMA
2025-06-05,17.86666284091072,0.323,stop,-0.053498277841561574,4,BARMA
2025-09-03,34.25570494634267,0.991,stop,-0.037,0,BARMA
2025-10-28,23.429013192348936,0.581,hedef,0.093,13,BARMA
2025-11-18,11.870365050485704,1.053,hedef,0.093,1,BARMA
2025-11-19,10.259777597519278,1.017,stop,-0.037,0,BARMA
2026-01-19,26.413546267032256,0.895,hedef,0.093,4,BARMA
2026-03-02,14.009074474495765,0.708,hedef,0.093,0,BARMA
2026-03-19,48.43532328519145,0.994,stop,-0.037,0,BARMA
2026-04-08,38.26575451912514,0.974,hedef,0.093,3,BARMA
2026-05-07,12.029187859446163,0.966,stop,-0.037,2,BARMA
2026-05-26,15.95232471826709,0.971,acik,,6,BARMA
2024-08-01,11.777084515031197,0.57,stop,-0.037,0,BASGZ
2024-09-23,58.647891627622734,0.483,stop,-0.037,0,BASGZ
2025-02-21,9.065052950075643,0.435,stop,-0.037,3,BASGZ
2025-05-02,26.665067370357043,0.938,stop,-0.037,0,BASGZ
2025-05-05,17.685248910300526,1.062,stop,-0.037,0,BASGZ
2025-06-05,64.00413025039643,0.874,stop,-0.037,4,BASGZ
2025-07-07,107.54588379398226,0.887,stop,-0.037,1,BASGZ
2025-07-16,22.55561842978352,0.971,stop,-0.037,2,BASGZ
2025-08-12,9.9551348419859,0.693,stop,-0.037,19,BASGZ
2025-10-28,55.26934119069205,0.946,hedef,0.093,5,BASGZ
2025-12-30,367.368573009648,0.878,stop,-0.037,8,BASGZ
2026-03-19,36.415255595320765,0.95,stop,-0.037,0,BASGZ
2026-05-04,22.036587642337132,0.924,stop,-0.037,0,BASGZ
2024-07-02,9.886050285523641,-0.106,stop,-0.10660159359035959,1,BAYRK
2024-08-07,10.185163434772756,0.103,stop,-0.037,0,BAYRK
2024-09-05,10.354572872298373,0.072,stop,-0.037,0,BAYRK
2024-10-18,10.368192085668818,0.041,hedef,0.13177118708160196,1,BAYRK
2024-10-21,15.165240306082287,0.085,stop,-0.037,0,BAYRK
2024-11-14,39.573453052654756,0.052,stop,-0.037,0,BAYRK
2025-01-08,70.8404494382002,0.057,stop,-0.037,0,BAYRK
2025-01-23,8.089576942708614,0.062,stop,-0.037,1,BAYRK
2025-03-19,10.611858255950336,0.027,stop,-0.037,0,BAYRK
2025-06-05,18.857319221601877,0.063,hedef,0.093,3,BAYRK
2025-07-01,21.306711347701537,0.117,stop,-0.037,0,BAYRK
2025-09-17,17.543736359169383,0.314,hedef,0.1091991987959472,1,BAYRK
2025-10-10,10.271626360120246,0.31,stop,-0.037,1,BAYRK
2025-10-28,11.20258242854021,0.317,hedef,0.093,3,BAYRK
2025-11-21,9.055283538005753,0.104,hedef,0.12312477689872192,1,BAYRK
2025-11-24,9.848490207869094,0.153,stop,-0.037,0,BAYRK
2026-01-05,21.791731854297133,0.175,stop,-0.037,0,BAYRK
2026-03-19,28.73864334549074,0.068,stop,-0.037,1,BAYRK
2026-05-25,16.667977943512373,0.162,stop,-0.037,0,BAYRK
2026-05-26,57.626950872556584,0.14,stop,-0.037,0,BAYRK
2024-06-20,13.32664504023927,0.94,stop,-0.037,0,BEGYO
2024-07-31,9.171570331933559,0.74,stop,-0.037,2,BEGYO
2024-08-22,11.323720001024512,0.504,stop,-0.037,0,BEGYO
2024-12-11,57.47782319955922,1.011,hedef,0.093,1,BEGYO
2025-01-16,19.82326794573001,0.75,stop,-0.037,0,BEGYO
2025-02-10,16.927612373206575,0.998,stop,-0.037,4,BEGYO
2025-03-05,10.085303230583316,0.989,hedef,0.09308271298593895,3,BEGYO
2025-03-27,16.28101270561614,0.959,hedef,0.093,3,BEGYO
2025-05-12,9.040462831247336,0.771,hedef,0.093,0,BEGYO
2025-05-20,89.02825694417764,0.383,hedef,0.093,0,BEGYO
2025-06-05,9.100949626283846,0.303,stop,-0.037,0,BEGYO
2025-08-28,15.858548227224182,0.35,stop,-0.037,0,BEGYO
2025-10-24,17.807633931081003,0.149,hedef,0.1381612903225805,1,BEGYO
2025-10-28,45.14806160482424,0.185,stop,-0.037,0,BEGYO
2026-03-02,8.080475406314886,0.055,hedef,0.093,21,BEGYO
2026-03-19,32.04754221791976,0.071,stop,-0.037,1,BEGYO
2026-05-26,11.895654945596268,0.071,acik,,6,BEGYO
2026-02-25,12.900918939888692,0.948,stop,-0.037,0,BESTE
2026-03-19,14.369220535009811,0.357,hedef,0.093,2,BESTE
2026-05-04,11.52702435052431,0.532,stop,-0.037,0,BESTE
2026-05-26,173.22538443696615,0.722,stop,-0.037,0,BESTE
2024-07-05,18.648494602025078,0.333,stop,-0.037,0,BEYAZ
2024-08-07,11.900767066728735,0.783,hedef,0.093,1,BEYAZ
2024-09-18,8.835411751488596,0.534,stop,-0.037,5,BEYAZ
2024-11-11,32.59733036707453,0.401,hedef,0.093,5,BEYAZ
2025-04-08,10.381680312503779,0.374,stop,-0.037,1,BEYAZ
2025-06-05,62.12391352796969,0.19,stop,-0.037,3,BEYAZ
2025-08-07,21.94702210224397,0.6,hedef,0.12724866514111366,1,BEYAZ
2025-08-08,17.622465218144864,0.895,stop,-0.037,0,BEYAZ
2025-09-02,15.290222998497097,1.025,hedef,0.093,1,BEYAZ
2025-10-28,42.02159758615214,0.412,hedef,0.093,3,BEYAZ
2025-11-03,9.397093257973355,0.525,stop,-0.037,4,BEYAZ
2025-12-05,72.1994065840908,0.434,stop,-0.037,0,BEYAZ
2026-01-09,12.174806066496727,0.555,stop,-0.037,0,BEYAZ
2026-03-19,30.906089926010246,0.399,stop,-0.037,1,BEYAZ
2026-04-30,16.70563018717444,0.699,stop,-0.037,0,BEYAZ
2026-05-26,13.554260742898762,0.376,acik,,6,BEYAZ
2024-07-08,12.775147928994082,0.919,stop,-0.037,0,BFREN
2024-07-16,17.027643203191793,1.008,stop,-0.037,0,BFREN
2024-10-18,8.218023255813954,0.25,hedef,0.13819572953736647,1,BFREN
2024-10-21,58.78112636723296,0.57,stop,-0.037,1,BFREN
2024-10-22,11.7570379177105,0.754,stop,-0.037,0,BFREN
2025-03-03,9.631076028250934,0.079,hedef,0.093,4,BFREN
2025-04-22,27.57275100878234,0.403,stop,-0.037,0,BFREN
2025-06-02,13.287389100126742,0.303,stop,-0.037,0,BFREN
2025-06-05,14.638245674442627,0.209,stop,-0.037,3,BFREN
2025-09-02,12.345913657344555,0.659,stop,-0.037,0,BFREN
2025-10-28,18.188167083937277,0.192,stop,-0.037,9,BFREN
2025-11-19,93.18109116758485,0.376,stop,-0.037,0,BFREN
2026-03-19,9.190283400809717,0.034,stop,-0.037,5,BFREN
2026-04-15,46.849392086583734,0.229,stop,-0.037,1,BFREN
2026-05-18,8.256684491978609,0.213,stop,-0.037,0,BFREN
2026-05-26,17.88899327888993,0.088,hedef,0.093,4,BFREN
2025-01-10,31.683907674403567,0.958,stop,-0.037,0,BIENY
2025-02-28,10.28620988725065,0.318,stop,-0.037,0,BIENY
2025-04-11,13.899268390634003,0.736,hedef,0.093,1,BIENY
2025-06-05,9.713489098310378,0.942,stop,-0.037,4,BIENY
2025-09-22,8.830335298736786,0.897,stop,-0.037,0,BIENY
2025-10-28,26.410374725137004,0.53,hedef,0.093,6,BIENY
2026-01-05,12.592906092816564,0.021,stop,-0.037,2,BIENY
2026-03-02,8.20891543475915,-0.065,hedef,0.093,2,BIENY
2026-04-29,16.62746662699325,0.048,hedef,0.093,1,BIENY
2026-05-26,120.34078545607693,0.111,hedef,0.093,3,BIENY
2024-07-22,16.379300572465,0.57,stop,-0.037,0,BIGCH
2024-08-22,17.184218574778264,0.72,stop,-0.037,0,BIGCH
2024-09-17,14.434342122353552,0.163,stop,-0.037,0,BIGCH
2024-12-10,18.284992784992784,0.669,stop,-0.037,0,BIGCH
2025-02-04,24.656242063636032,0.596,stop,-0.037,0,BIGCH
2025-02-24,855.9941305942773,0.901,stop,-0.037,0,BIGCH
2025-05-16,30.74413729857199,0.511,stop,-0.037,0,BIGCH
2025-06-05,9.80669849228602,0.857,hedef,0.093,2,BIGCH
2025-10-28,16.047437317903896,1.0,stop,-0.037,1,BIGCH
2025-11-03,20.536400165455298,0.995,stop,-0.037,1,BIGCH
2025-11-19,15.44107268877911,0.562,hedef,0.093,1,BIGCH
2026-01-07,9.75793327908869,0.498,stop,-0.051583333333333196,1,BIGCH
2026-03-19,38.07278302772389,0.237,stop,-0.037,1,BIGCH
2026-04-20,9.146153038417113,0.326,hedef,0.093,5,BIGCH
2026-05-26,12.272058432464057,0.197,hedef,0.093,3,BIGCH
2025-04-18,8.524667631414097,0.477,stop,-0.037,2,BIGEN
2025-05-26,10.939045333709743,0.302,stop,-0.037,0,BIGEN
2025-06-05,23.5867135438646,0.56,hedef,0.093,1,BIGEN
2025-10-28,50.446273937661594,0.137,stop,-0.037,8,BIGEN
2026-03-19,15.622697286194041,0.038,stop,-0.037,1,BIGEN
2026-04-17,10.186772886341986,0.277,hedef,0.093,1,BIGEN
2026-04-22,9.252549900022641,0.585,stop,-0.037,0,BIGEN
2024-06-20,25.004381352961794,0.232,hedef,0.093,0,BIGTK
2024-07-08,10.566786670359088,0.9,stop,-0.037,0,BIGTK
2024-08-05,8.34668773276154,0.482,hedef,0.093,3,BIGTK
2024-08-26,9.277515192437543,0.675,stop,-0.037,1,BIGTK
2024-10-30,19.18233082706767,0.131,stop,-0.037,3,BIGTK
2024-12-02,8.118515102605487,0.196,hedef,0.093,3,BIGTK
2024-12-06,9.396278540667913,0.488,hedef,0.12509302325581395,1,BIGTK
2024-12-09,14.829245242493233,0.723,stop,-0.037,0,BIGTK
2025-01-06,8.26783280327124,0.211,stop,-0.037,2,BIGTK
2025-02-07,29.34074261177065,0.363,stop,-0.037,0,BIGTK
2025-02-28,14.183978726940335,0.714,stop,-0.037,1,BIGTK
2025-04-11,15.274009766684753,0.749,stop,-0.037,0,BIGTK
2025-05-28,30.8604297394942,0.889,hedef,0.093,2,BIGTK
2025-08-19,12.987557135601827,0.934,hedef,0.093,1,BIGTK
2025-09-10,14.154688219346257,0.546,stop,-0.037,0,BIGTK
2025-10-20,26.0107935946209,0.484,stop,-0.037,0,BIGTK
2025-10-28,10.544164759725401,0.65,stop,-0.037,0,BIGTK
2025-10-30,11.766849831139448,0.597,hedef,0.093,0,BIGTK
2025-11-27,12.717075197341089,0.45,stop,-0.037,0,BIGTK
2025-12-25,11.302677084667605,0.456,hedef,0.093,1,BIGTK
2025-12-26,8.463209995774733,0.523,stop,-0.037,0,BIGTK
2026-01-22,16.285714285714285,0.317,stop,-0.037,2,BIGTK
2026-02-10,13.755203996669442,0.381,stop,-0.037,0,BIGTK
2026-03-19,147.49482401656314,0.195,hedef,0.093,1,BIGTK
2026-03-30,46.072695035460995,0.461,stop,-0.037,0,BIGTK
2026-05-12,13.808186788828136,0.163,hedef,0.093,1,BIGTK
2026-05-21,33.621863077778414,0.126,hedef,0.093,2,BIGTK
2024-12-04,8.577422264047366,0.912,stop,-0.037,1,BINBN
2025-01-27,8.660906443853653,0.316,stop,-0.037,0,BINBN
2025-05-08,17.050551669431023,0.524,stop,-0.037,0,BINBN
2025-06-05,52.920279206465835,0.814,hedef,0.093,1,BINBN
2025-06-20,19.075526089848925,0.769,stop,-0.037,0,BINBN
2025-07-07,18.264613778705638,0.563,stop,-0.037,1,BINBN
2025-08-22,16.194627564536997,0.6,stop,-0.037,3,BINBN
2025-09-09,9.060389546833708,0.334,stop,-0.037,1,BINBN
2025-10-09,23.05400669109447,0.393,stop,-0.037,0,BINBN
2025-10-23,22.180107953643436,0.37,hedef,0.12010280373831772,2,BINBN
2025-10-28,62.739461115149,0.511,stop,-0.037,0,BINBN
2026-02-10,21.010488855590935,0.604,stop,-0.037,0,BINBN
2026-03-19,23.459108610990913,0.369,stop,-0.037,10,BINBN
2026-04-20,11.810957169983824,0.41,hedef,0.1589751037344399,1,BINBN
2026-04-21,11.480888075074388,0.545,stop,-0.037,0,BINBN
2026-05-26,31.82774359992062,0.443,hedef,0.093,2,BINBN
2024-07-19,13.143720328010296,0.822,hedef,0.093,1,BINHO
2024-09-26,9.918990785974785,0.249,stop,-0.037,1,BINHO
2024-11-12,8.398855319947572,0.073,stop,-0.037,0,BINHO
2025-03-03,8.744107444632306,0.057,stop,-0.037,0,BINHO
2025-03-12,15.943106783165424,0.009,stop,-0.037,5,BINHO
2025-03-27,15.183758150563063,0.178,stop,-0.037,0,BINHO
2025-05-02,19.721811004194514,0.233,hedef,0.20258646616541365,2,BINHO
2025-05-05,13.422708271756106,0.315,stop,-0.037,0,BINHO
2025-06-05,34.94384584687282,0.033,hedef,0.093,1,BINHO
2025-07-23,9.826052795268295,0.182,hedef,0.093,3,BINHO
2025-10-23,8.407385191900735,0.324,stop,-0.037,0,BINHO
2025-10-28,131.54239256293485,0.408,hedef,0.093,2,BINHO
2026-02-09,13.482795868251333,0.306,hedef,0.093,1,BINHO
2026-03-19,30.21250494059408,0.162,stop,-0.037,1,BINHO
2026-05-26,16.093436917100938,0.229,acik,,6,BINHO
2024-08-15,13.798020973733522,0.518,stop,-0.037,9,BIOEN
2024-09-26,8.595966263292995,0.069,stop,-0.037,0,BIOEN
2024-10-07,10.855573616710467,0.09,hedef,0.093,3,BIOEN
2025-02-12,14.817702912590267,0.257,stop,-0.037,5,BIOEN
2025-03-05,12.369198995707459,0.332,hedef,0.093,4,BIOEN
2025-06-05,13.505987312704011,0.653,hedef,0.093,7,BIOEN
2025-07-03,8.728378340246621,0.883,stop,-0.037,0,BIOEN
2025-08-04,18.088704311314043,1.053,stop,-0.037,0,BIOEN
2025-08-08,13.309598346735417,0.987,stop,-0.037,0,BIOEN
2025-10-28,35.40960538390945,0.686,stop,-0.037,4,BIOEN
2025-12-05,10.305245841710839,0.56,stop,-0.037,0,BIOEN
2026-01-15,19.794579861160404,0.356,stop,-0.037,0,BIOEN
2026-03-02,10.02379499694936,0.057,hedef,0.093,2,BIOEN
2026-03-19,9.296457585249701,0.233,stop,-0.037,4,BIOEN
2026-04-17,10.694896304428843,0.485,stop,-0.037,0,BIOEN
2026-05-26,15.722945239950343,0.251,stop,-0.037,3,BIOEN
2024-08-01,8.27006507592191,1.013,stop,-0.037,1,BIZIM
2024-09-13,13.663606443790057,-0.132,stop,-0.037,12,BIZIM
2025-03-19,8.23329733065885,0.009,stop,-0.037,2,BIZIM
2025-05-15,10.883272537780094,0.187,stop,-0.037,7,BIZIM
2025-06-05,44.99193548387097,0.095,stop,-0.037,4,BIZIM
2025-07-23,30.7196256929258,0.303,stop,-0.037,0,BIZIM
2025-08-19,12.963540190800037,0.307,stop,-0.05489135096497499,14,BIZIM
2025-10-28,9.044925124792014,0.239,hedef,0.093,3,BIZIM
2025-11-03,8.351290271719137,0.332,stop,-0.037,6,BIZIM
2026-02-27,15.731614086947658,0.543,stop,-0.037,0,BIZIM
2026-03-19,11.674916254187291,0.264,stop,-0.037,1,BIZIM
2026-05-11,40.7069830844538,0.686,stop,-0.037,0,BIZIM
2024-08-07,8.809268448491984,0.522,stop,-0.037,0,BJKAS
2024-12-27,15.714097738716857,0.178,stop,-0.037,1,BJKAS
2025-03-06,43.82188046706482,0.049,stop,-0.06447126283351179,2,BJKAS
2025-03-10,8.070241925956608,0.0,stop,-0.037,0,BJKAS
2025-06-05,20.481273629999208,0.02,hedef,0.093,1,BJKAS
2025-10-28,28.16630772298819,0.049,stop,-0.037,7,BJKAS
2025-12-19,44.00743944182597,0.043,stop,-0.037,0,BJKAS
2024-06-24,10.683978600798785,0.239,stop,-0.07069426751592356,1,BLCYT
2025-01-07,9.04218653064038,0.108,stop,-0.037,1,BLCYT
2025-03-11,13.128398623904117,0.041,stop,-0.037,6,BLCYT
2025-04-10,9.887256143906765,0.154,stop,-0.037,8,BLCYT
2025-05-16,18.79406084017383,0.181,stop,-0.037,4,BLCYT
2025-05-20,9.541889329425961,0.222,stop,-0.037,1,BLCYT
2025-06-05,18.038192431095133,0.212,stop,-0.1085015015015014,4,BLCYT
2025-06-13,10.5334092634776,0.097,hedef,0.093,12,BLCYT
2025-08-21,11.154331983805667,0.495,stop,-0.037,3,BLCYT
2025-09-26,11.223904758692793,0.668,stop,-0.037,1,BLCYT
2025-10-01,15.139244103438477,0.797,hedef,0.093,1,BLCYT
2025-10-28,57.97909407665505,0.652,hedef,0.093,1,BLCYT
2025-12-03,24.378784339795533,1.004,hedef,0.11264873765093297,2,BLCYT
2025-12-08,28.208126866578144,0.663,stop,-0.037,13,BLCYT
2026-01-13,10.376544799176108,0.908,stop,-0.037,0,BLCYT
2026-02-04,18.716325576376647,1.015,stop,-0.037,0,BLCYT
2026-02-16,17.553580154981034,0.605,stop,-0.037,10,BLCYT
2026-03-10,10.096917164576846,0.77,stop,-0.037,0,BLCYT
2026-03-19,12.155616106569784,0.941,stop,-0.03805590062111796,1,BLCYT
2026-04-09,8.825984394846671,0.683,stop,-0.10669918349806617,1,BLCYT
2026-04-10,9.022076019272491,0.587,stop,-0.05473269689737469,1,BLCYT
2026-05-26,22.031172423576137,0.436,hedef,0.093,2,BLCYT
2026-06-03,43.514000611400334,0.633,stop,-0.037,0,BLCYT
2024-07-08,8.020728573025206,0.951,hedef,0.093,31,BMSTL
2024-09-02,34.19912814711684,0.784,stop,-0.037,6,BMSTL
2024-09-13,12.413001195135234,0.622,hedef,0.093,3,BMSTL
2024-11-25,8.879852769281774,1.004,stop,-0.037,1,BMSTL
2024-12-30,21.632227432932336,0.571,hedef,0.093,17,BMSTL
2025-06-05,17.39061275349285,0.904,stop,-0.037,1,BMSTL
2025-07-31,10.191110566248485,0.792,hedef,0.093,1,BMSTL
2025-10-28,479.5168999981107,0.829,hedef,0.093,2,BMSTL
2026-02-16,10.594920354283188,0.694,stop,-0.037,1,BMSTL
2026-03-19,62.21528173022197,0.594,stop,-0.037,0,BMSTL
2026-05-26,17.919014947316832,0.559,acik,,6,BMSTL
2024-10-18,8.344135496410297,0.347,stop,-0.037,0,BOBET
2025-04-16,24.748385329894788,0.296,stop,-0.037,0,BOBET
2025-05-13,8.60071862997021,0.541,hedef,0.093,3,BOBET
2025-06-05,27.851090627449437,0.363,stop,-0.037,3,BOBET
2025-08-19,8.156586922844994,0.173,stop,-0.037,17,BOBET
2025-10-28,59.09129339078124,0.196,stop,-0.037,5,BOBET
2025-12-09,39.58518168017192,0.117,stop,-0.037,13,BOBET
2026-02-16,62.424515141970026,0.451,stop,-0.037,0,BOBET
2026-03-19,84.89204838413352,0.145,stop,-0.037,1,BOBET
2026-05-26,19.742534569197346,0.084,acik,,6,BOBET
2024-06-20,8.406727858324137,0.032,hedef,0.093,2,BORLS
2024-11-12,25.30142010721461,0.889,hedef,0.093,6,BORLS
2025-02-19,126.76782857420991,0.983,stop,-0.037,5,BORLS
2025-03-19,15.406238665216204,0.855,stop,-0.037,2,BORLS
2025-06-05,9.056385665967793,0.774,stop,-0.037,4,BORLS
2025-07-11,182.18902055735327,0.33,hedef,0.093,0,BORLS
2025-09-16,8.862894946960191,0.968,stop,-0.037,0,BORLS
2025-09-22,84.9640388686271,0.802,stop,-0.037,1,BORLS
2025-10-28,13.355900636750308,0.897,hedef,0.093,2,BORLS
2025-11-04,16.557666718353893,0.686,stop,-0.12652191235059762,1,BORLS
2025-11-10,20.503968216115155,0.335,hedef,0.093,0,BORLS
2025-11-14,10.002043457124339,0.171,hedef,0.093,0,BORLS
2026-01-05,9.895861558021748,0.004,stop,-0.037,4,BORLS
2026-03-05,20.800850606986536,0.031,stop,-0.037,0,BORLS
2026-04-03,10.572234043749281,0.022,stop,-0.037,0,BORLS
2026-04-10,11.944414608074394,0.044,hedef,0.10750381679389298,1,BORLS
2026-04-13,8.672076232965667,0.059,hedef,0.20076255707762558,2,BORLS
2024-07-19,14.11549655348481,0.547,stop,-0.037,0,BOSSA
2024-10-31,11.56645423478341,0.108,stop,-0.037,0,BOSSA
2024-11-22,8.953964121198249,0.241,hedef,0.12764447806354007,1,BOSSA
2024-11-25,21.29714238925735,0.481,hedef,0.093,1,BOSSA
2024-11-26,8.742930213921776,0.559,stop,-0.037,0,BOSSA
2024-12-13,29.405822725129656,0.407,hedef,0.093,0,BOSSA
2025-03-04,13.61832946635731,0.115,hedef,0.093,6,BOSSA
2025-05-02,9.292794549223224,0.115,stop,-0.037,16,BOSSA
2025-06-05,12.885403662600387,0.091,stop,-0.07866123778501621,4,BOSSA
2025-07-30,31.25728699962603,0.362,stop,-0.037,0,BOSSA
2025-10-28,10.111270220650118,0.404,stop,-0.037,4,BOSSA
2025-12-30,16.908964864225087,0.186,stop,-0.037,6,BOSSA
2026-03-19,17.545921528652233,0.159,stop,-0.037,1,BOSSA
2026-04-24,14.40721582037213,0.205,stop,-0.037,15,BOSSA
2026-05-26,18.9663097015364,0.155,acik,,6,BOSSA
2024-07-08,22.305480849485303,0.907,stop,-0.037,1,BRISA
2024-08-22,19.097783302258133,-0.023,stop,-0.037,0,BRISA
2024-12-06,8.5297075505853,0.357,stop,-0.037,5,BRISA
2025-03-06,10.988852738812737,0.184,stop,-0.037,0,BRISA
2025-05-02,9.787376902417188,0.072,stop,-0.037,3,BRISA
2025-06-05,18.79679773958088,0.069,stop,-0.08293220338983043,4,BRISA
2025-07-02,14.783222423875783,0.131,stop,-0.037,3,BRISA
2025-07-18,43.27518289251548,0.135,hedef,0.093,13,BRISA
2025-08-07,12.733773377337734,0.279,stop,-0.037,0,BRISA
2025-10-28,18.067008366623952,0.377,stop,-0.037,14,BRISA
2025-11-20,15.845488924905458,0.402,stop,-0.037,0,BRISA
2025-12-15,8.696687594717472,0.315,stop,-0.037,2,BRISA
2026-03-02,20.44296631757713,0.264,hedef,0.093,5,BRISA
2026-03-19,25.329595979122367,0.331,stop,-0.037,1,BRISA
2026-05-06,14.976516234429242,0.408,stop,-0.037,10,BRISA
2022-06-13,8.692550437567098,1.379,hedef,0.093,2,BRKO
2022-07-27,9.394459116895238,1.167,stop,-0.10033333333333327,3,BRKO
2022-11-24,9.817082042492185,0.679,hedef,0.093,2,BRKO
2024-01-31,8.971530184536663,0.631,stop,-0.037,1,BRKO
2025-09-19,10.94132366796085,0.726,stop,-0.037,0,BRKO
2024-09-30,11.063829787235857,0.065,stop,-0.037,1,BRKSN
2024-10-30,15.763190184052549,0.146,stop,-0.037,2,BRKSN
2024-11-12,16.313298791019367,0.091,stop,-0.037,0,BRKSN
2025-01-21,18.953245296488102,0.13,stop,-0.037,1,BRKSN
2025-01-24,12.060020440397968,0.217,stop,-0.037,1,BRKSN
2025-03-13,10.231280893390856,0.069,stop,-0.037,6,BRKSN
2025-07-07,9.586957362093637,0.377,stop,-0.037,2,BRKSN
2025-10-28,20.157061997285776,0.515,stop,-0.037,5,BRKSN
2025-12-18,13.790837540837572,0.465,stop,-0.037,2,BRKSN
2024-08-09,12.007859314710434,0.244,stop,-0.037,0,BRKVY
2024-08-15,9.28573533963126,0.131,stop,-0.037,1,BRKVY
2024-10-25,44.05245901639344,0.151,stop,-0.037,0,BRKVY
2024-12-06,9.027215008135787,0.284,stop,-0.037,0,BRKVY
2024-12-12,8.282580287490594,0.353,hedef,0.11053731343283568,1,BRKVY
2025-01-16,13.071266726518747,0.411,hedef,0.093,1,BRKVY
2025-02-04,12.927226074138778,0.614,stop,-0.037,1,BRKVY
2025-05-02,11.532243824920052,0.755,stop,-0.037,2,BRKVY
2025-06-05,58.20097037793666,0.553,hedef,0.093,5,BRKVY
2025-07-09,8.54233060828599,0.594,hedef,0.093,8,BRKVY
2025-07-30,22.89388891922888,1.079,stop,-0.037,0,BRKVY
2025-09-17,23.21720938693833,0.726,stop,-0.037,0,BRKVY
2025-10-21,20.5421290407474,0.595,stop,-0.037,0,BRKVY
2025-10-28,8.779264635467856,0.553,hedef,0.093,3,BRKVY
2025-11-26,19.323409314105547,0.694,stop,-0.037,0,BRKVY
2025-12-11,15.053991749575346,0.906,hedef,0.093,1,BRKVY
2026-03-19,17.1121507701814,0.497,stop,-0.037,5,BRKVY
2026-05-04,8.854076394907008,0.633,stop,-0.037,7,BRKVY
2026-05-05,30.23697364162681,0.703,stop,-0.037,0,BRKVY
2026-05-26,26.979385780395454,0.567,stop,-0.037,4,BRKVY
2024-09-30,18.984067742194398,0.319,stop,-0.037,0,BRLSM
2024-10-23,35.00130118464376,0.395,stop,-0.037,0,BRLSM
2025-03-12,16.681213565654286,0.374,hedef,0.11153307138179425,2,BRLSM
2025-03-13,14.52216219056917,0.526,stop,-0.037,2,BRLSM
2025-05-06,8.524333657062694,0.805,stop,-0.037,0,BRLSM
2025-06-05,55.243230543318646,0.368,hedef,0.093,2,BRLSM
2025-09-03,8.763728759726854,0.568,stop,-0.037,0,BRLSM
2025-10-28,55.042808621202404,0.323,stop,-0.04403703703703698,9,BRLSM
2026-03-19,161.94726286274647,0.5,stop,-0.037,0,BRLSM
2026-05-14,44.5075146913516,0.72,hedef,0.09797237569060757,1,BRLSM
2026-05-18,8.049347930512837,1.117,stop,-0.037,1,BRLSM
2026-05-26,11.468845452042325,0.558,stop,-0.037,0,BRLSM
2024-06-24,11.098008395235215,1.261,stop,-0.037,0,BUCIM
2024-12-30,9.805579346629145,0.941,stop,-0.037,23,BUCIM
2025-04-14,9.427637104702871,0.584,stop,-0.037,2,BUCIM
2025-05-12,9.049190242792427,0.426,stop,-0.037,11,BUCIM
2025-10-02,10.469888606800001,0.056,stop,-0.037,8,BUCIM
2025-10-28,70.02035702131609,0.138,hedef,0.11411801242236008,4,BUCIM
2026-01-23,8.815967577363185,0.344,stop,-0.037,6,BUCIM
2026-03-19,8.05894164727252,0.057,stop,-0.037,12,BUCIM
2026-05-26,25.045390055790833,0.108,acik,,6,BUCIM
2025-04-10,19.025411559055918,1.157,stop,-0.037,0,BULGS
2025-06-05,22.756272035071156,0.705,stop,-0.037,1,BULGS
2025-10-27,10.144130083903585,0.916,hedef,0.09682513661202174,1,BULGS
2025-10-28,472.3192836863944,1.036,hedef,0.10686138613861396,1,BULGS
2026-02-18,16.458534768343135,1.041,stop,-0.037,0,BULGS
2026-03-18,9.813382378482991,0.693,stop,-0.0406405529953917,1,BULGS
2026-03-19,13.825592280550154,0.659,stop,-0.037,6,BULGS
2026-05-26,19.184159902406982,0.636,acik,,6,BULGS
2024-08-05,14.776035834266517,-0.11,hedef,0.093,19,BURCE
2024-09-09,35.252808988764045,0.24,stop,-0.037,1,BURCE
2024-09-10,11.36287842294438,0.279,stop,-0.037,0,BURCE
2024-10-01,9.639255639879405,0.323,stop,-0.037,0,BURCE
2024-10-16,8.381270903010034,0.575,stop,-0.037,0,BURCE
2024-12-25,16.89830880737975,0.177,stop,-0.037,0,BURCE
2025-02-20,10.063807160581353,0.04,stop,-0.037,2,BURCE
2025-05-13,13.72962007563425,0.02,hedef,0.093,4,BURCE
2025-05-26,11.955701619253022,0.128,stop,-0.037,0,BURCE
2025-06-05,22.555367951726765,0.153,stop,-0.037,1,BURCE
2025-07-11,24.398562866533478,0.233,stop,-0.037,0,BURCE
2025-10-16,9.806823536488777,0.583,hedef,0.11336336109008316,1,BURCE
2025-10-17,14.829919715307739,0.728,stop,-0.037,1,BURCE
2026-02-03,8.817796564938462,0.813,stop,-0.037,0,BURCE
2026-03-04,20.0545176346547,0.627,stop,-0.037,0,BURCE
2026-03-19,9.776813708208076,0.348,stop,-0.037,1,BURCE
2026-05-26,77.78401826982964,0.528,stop,-0.037,0,BURCE
2024-07-23,9.69961327457505,0.528,stop,-0.037,2,BVSAN
2024-10-01,10.360447846452645,0.36,stop,-0.037,0,BVSAN
2024-11-04,9.869095569388502,0.334,hedef,0.093,21,BVSAN
2025-01-23,36.673840016796134,0.848,stop,-0.037,0,BVSAN
2025-03-11,10.038809831824063,0.903,hedef,0.09308006405124092,1,BVSAN
2025-06-05,38.38656704162903,0.233,stop,-0.07606077348066298,4,BVSAN
2025-07-14,15.566902330452999,0.342,hedef,0.093,26,BVSAN
2025-09-26,12.228605865809563,0.61,stop,-0.037,0,BVSAN
2025-10-28,39.458902230756294,0.76,stop,-0.037,0,BVSAN
2026-03-12,15.904601235340536,0.396,stop,-0.037,6,BVSAN
2026-05-11,11.31119556160709,1.029,stop,-0.037,0,BVSAN
2026-05-12,8.44953909347089,0.694,stop,-0.037,0,BVSAN
2024-10-11,30.4924578527063,0.068,stop,-0.037,0,BYDNR
2024-10-28,18.11950913401199,0.085,stop,-0.037,4,BYDNR
2024-12-02,94.96056416442423,0.301,hedef,0.093,7,BYDNR
2025-02-25,78.04378531073446,0.418,stop,-0.037,0,BYDNR
2025-03-19,9.41071802386435,0.359,stop,-0.037,0,BYDNR
2025-06-05,35.98389163463298,0.187,stop,-0.037,3,BYDNR
2025-07-04,41.89341251855904,0.41,stop,-0.037,0,BYDNR
2025-09-22,29.379649309245487,0.688,stop,-0.037,1,BYDNR
2025-10-10,8.74613655521214,0.296,stop,-0.037,0,BYDNR
2025-12-03,8.181584362139917,0.591,stop,-0.037,0,BYDNR
2026-01-08,9.21800306665464,0.986,stop,-0.037,0,BYDNR
2026-04-30,36.443709503239745,0.856,hedef,0.093,2,BYDNR
2022-05-30,11.168544289816657,0.595,hedef,0.10499364575059567,2,CASA
2022-05-31,8.05169835505234,0.727,stop,-0.037,2,CASA
2022-08-05,49.424578709412245,0.169,hedef,0.10017449069973428,5,CASA
2022-12-16,10.965771907399517,1.0,stop,-0.037,1,CASA
2023-09-26,25.677001703577513,0.145,stop,-0.037,0,CASA
2024-11-25,12.610997267759563,0.078,stop,-0.03807019562715774,3,CASA
2024-11-26,18.893998128592433,0.138,stop,-0.037,0,CASA
2025-05-05,15.481672419065927,0.081,hedef,0.09300000000000008,1,CASA
2025-05-06,8.46144464963936,0.126,hedef,0.20279020979020979,2,CASA
2025-05-07,10.547162381505778,0.174,hedef,0.09300000000000008,1,CASA
2026-03-02,10.464603205502563,0.258,stop,-0.08754027013506749,8,CASA
2024-06-27,11.065895883593548,1.199,stop,-0.037,0,CATES
2025-03-04,20.64115681058591,-0.063,stop,-0.037,12,CATES
2025-05-13,29.8545427420558,0.2,stop,-0.037,0,CATES
2025-06-05,24.69236050989641,0.086,stop,-0.04208771929824561,4,CATES
2025-06-20,8.067534110748156,0.245,stop,-0.037,0,CATES
2025-07-28,11.444653491518045,0.285,stop,-0.037,0,CATES
2025-08-13,9.002774070293894,0.405,stop,-0.037,0,CATES
2025-10-28,18.063154339750085,0.227,stop,-0.037,12,CATES
2025-11-27,8.072122850405474,0.27,stop,-0.037,17,CATES
2026-01-26,8.30019189587563,0.47,stop,-0.037,9,CATES
2026-03-03,21.019810337123282,0.399,hedef,0.093,3,CATES
2026-03-04,18.225733074155258,0.442,stop,-0.037,0,CATES
2026-03-19,32.28444451044965,0.596,hedef,0.093,1,CATES
2026-05-26,37.59077554188148,0.394,hedef,0.093,3,CATES
2024-07-09,15.409885112491965,0.966,stop,-0.037,0,CELHA
2024-07-18,14.264559705871998,1.264,stop,-0.037,2,CELHA
2024-08-22,8.485024294728056,0.564,stop,-0.037,1,CELHA
2024-10-11,85.14563106793616,0.227,stop,-0.04403703703703698,1,CELHA
2024-12-19,12.633971956129901,0.126,stop,-0.037,0,CELHA
2025-01-10,20.593240257605707,0.06,stop,-0.037,2,CELHA
2025-01-16,28.719036331628427,0.166,stop,-0.037,0,CELHA
2025-03-17,41.15449218020418,0.178,stop,-0.037,0,CELHA
2025-04-10,26.735343293242998,0.167,stop,-0.037,0,CELHA
2025-05-09,8.553977141269405,0.067,stop,-0.037,14,CELHA
2025-07-21,26.447945751894075,0.198,hedef,0.09759183673469385,1,CELHA
2025-07-22,16.77851972916161,0.29,hedef,0.093,1,CELHA
2025-09-11,9.465790886727188,0.312,stop,-0.037,0,CELHA
2025-10-10,19.0488416467697,0.245,hedef,0.093,1,CELHA
2025-10-28,31.722893094817945,0.235,stop,-0.037,9,CELHA
2025-11-26,41.720316301703164,0.357,hedef,0.093,1,CELHA
2025-11-27,22.691702727409425,0.455,hedef,0.09547026532479419,1,CELHA
2026-02-13,9.812767946034906,0.442,stop,-0.037,6,CELHA
2026-03-02,12.375634242790849,0.269,hedef,0.093,0,CELHA
2026-03-19,20.163386121262633,0.334,stop,-0.037,1,CELHA
2026-04-17,12.2661386588855,0.36,stop,-0.037,1,CELHA
2026-04-30,35.29504327301338,0.607,stop,-0.037,0,CELHA
2026-05-26,39.47536168963008,0.95,hedef,0.093,1,CELHA
2024-07-25,8.19108337549896,0.951,stop,-0.037,0,CEMAS
2025-01-07,9.14315186806077,0.302,stop,-0.037,0,CEMAS
2025-04-02,14.815530094152727,0.353,hedef,0.093,1,CEMAS
2025-04-08,8.922274995355119,0.619,hedef,0.093,1,CEMAS
2025-07-03,13.717352934511574,0.812,stop,-0.037,0,CEMAS
2025-07-04,16.97861267734799,0.923,hedef,0.09398039215686282,1,CEMAS
2025-07-07,8.93821265063727,1.047,stop,-0.037,0,CEMAS
2025-08-12,9.780440057063718,0.64,stop,-0.037,0,CEMAS
2025-09-03,52.667129899711284,0.514,stop,-0.037,0,CEMAS
2025-10-28,20.27750818505968,0.321,stop,-0.037,4,CEMAS
2025-12-10,95.79988723785111,0.25,stop,-0.037,0,CEMAS
2026-01-23,15.574499911868251,0.178,stop,-0.037,0,CEMAS
2026-03-19,24.89414256141293,0.21,stop,-0.037,1,CEMAS
2026-03-27,8.517542785596076,0.263,stop,-0.053966731898238744,1,CEMAS
2026-05-26,13.731729963963685,0.239,acik,,6,CEMAS
2024-10-07,9.477745724294252,0.078,stop,-0.037,0,CEMTS
2025-03-28,13.363842741152949,0.487,stop,-0.037,0,CEMTS
2025-04-04,32.881346066350595,0.952,stop,-0.037,0,CEMTS
2025-06-05,42.80432751568253,0.328,stop,-0.037,3,CEMTS
2025-10-07,17.75814361558535,0.46,stop,-0.037,0,CEMTS
2025-10-28,48.44271397555084,0.302,stop,-0.037,9,CEMTS
2026-02-23,8.185151604710692,0.406,stop,-0.037,1,CEMTS
2026-03-19,21.97809482046523,0.247,stop,-0.037,1,CEMTS
2026-05-26,15.772117073410383,0.274,stop,-0.037,4,CEMTS
2025-02-17,9.946579258490011,0.212,hedef,0.093,11,CEMZY
2025-05-08,20.571910597282056,0.587,stop,-0.037,0,CEMZY
2025-06-05,14.49263817643849,0.617,stop,-0.037,4,CEMZY
2025-08-13,10.188878825127864,0.812,hedef,0.093,1,CEMZY
2025-09-18,690.8318888870152,0.854,stop,-0.037,0,CEMZY
2025-10-28,34.948010804004426,0.991,hedef,0.093,1,CEMZY
2026-01-05,14.798104317334923,0.8,hedef,0.0944131338320865,1,CEMZY
2026-01-06,17.780248762334793,0.901,stop,-0.037,0,CEMZY
2026-02-06,11.05497485799421,0.899,hedef,0.093,5,CEMZY
2026-03-19,44.37854905986473,0.913,hedef,0.093,2,CEMZY
2026-05-04,13.955191687077544,0.798,stop,-0.037,1,CEMZY
2026-05-22,24.218090419486412,0.781,hedef,0.093,0,CEMZY
2024-06-28,249.06552882573274,0.676,hedef,0.093,2,CEOEM
2024-07-26,45.98930270971801,0.952,stop,-0.037,1,CEOEM
2024-10-07,8.629473582255798,0.976,stop,-0.037,0,CEOEM
2024-10-23,25.797988412049463,0.873,stop,-0.037,0,CEOEM
2024-11-18,20.458673932788376,0.444,stop,-0.037,0,CEOEM
2024-12-20,20.760816227687247,0.157,hedef,0.093,0,CEOEM
2025-06-05,17.762848414393467,0.126,stop,-0.037,3,CEOEM
2025-06-26,9.691350237584626,0.271,stop,-0.037,3,CEOEM
2025-10-15,14.303470854257414,0.239,stop,-0.037,1,CEOEM
2025-10-20,23.982308943089432,0.099,hedef,0.093,1,CEOEM
2025-10-28,37.67767778536835,0.197,stop,-0.037,0,CEOEM
2026-03-19,34.228839177750906,0.058,hedef,0.13147583643122684,3,CEOEM
2026-04-08,9.946652104511466,0.124,stop,-0.037,0,CEOEM
2026-05-15,125.33294048320565,0.171,stop,-0.037,1,CEOEM
2026-05-26,9.83102748647385,0.184,stop,-0.037,4,CEOEM
2024-08-13,18.81307746979389,0.324,stop,-0.037,1,CMBTN
2024-09-27,12.605263157894736,0.058,stop,-0.038459731543624136,3,CMBTN
2024-10-16,16.920731707317074,0.168,hedef,0.093,1,CMBTN
2025-03-04,11.609403254972875,0.157,hedef,0.093,3,CMBTN
2025-04-15,23.91005291005291,0.503,stop,-0.037,0,CMBTN
2025-06-05,23.32840236686391,0.051,stop,-0.06813744075829387,4,CMBTN
2025-07-22,21.384217335058217,0.303,stop,-0.037,1,CMBTN
2025-09-09,8.073630136986301,0.384,stop,-0.037,2,CMBTN
2025-10-28,31.962025316455698,0.277,stop,-0.037,2,CMBTN
2026-03-19,31.244444444444444,0.027,stop,-0.037,1,CMBTN
2026-05-26,16.058823529411764,0.06,acik,,6,CMBTN
2022-07-07,14.552729351243213,1.507,stop,-0.055387096774193505,2,CMENT
2022-07-28,16.996192893401016,1.366,hedef,0.1130000000000001,3,CMENT
2022-07-29,8.31362094037809,1.221,stop,-0.037,0,CMENT
2022-11-22,8.16384889379421,0.864,hedef,0.20133333333333325,2,CMENT
2023-02-06,8.447079883642873,0.525,hedef,0.15910169491525428,1,CMENT
2023-02-07,9.7172748785652,0.676,hedef,0.2023023255813955,2,CMENT
2023-08-08,13.438188814585125,1.123,stop,-0.037,2,CMENT
2023-10-25,9.450916730328494,0.903,stop,-0.045831218762014674,2,CMENT
2024-08-09,8.389344722940317,0.53,hedef,0.1048598382749325,1,CMENT
2024-07-16,18.4659038479304,0.315,hedef,0.093,12,DAGI
2024-08-21,9.28550239437089,0.803,hedef,0.093,1,DAGI
2024-09-03,14.887481278318468,0.739,hedef,0.093,3,DAGI
2024-09-11,15.150065986753301,0.459,stop,-0.037,0,DAGI
2024-10-16,13.608577695682252,0.65,hedef,0.093,2,DAGI
2024-12-30,10.629195654827104,0.962,hedef,0.093,2,DAGI
2025-01-21,47.5022738297325,0.743,stop,-0.037,0,DAGI
2025-02-14,20.720105558305733,0.755,stop,-0.037,0,DAGI
2025-02-18,8.82199693619724,0.018,hedef,2.224246717324927,1,DAGI
2025-03-14,13.460550429806197,0.66,hedef,0.11229824561403501,1,DAGI
2025-06-02,21.540792115349518,0.494,stop,-0.037,0,DAGI
2025-06-05,32.8315384037533,0.47,hedef,0.093,5,DAGI
2025-07-08,8.51682372492784,0.458,hedef,0.093,2,DAGI
2025-07-11,25.744826808805296,0.587,hedef,0.095661596958175,1,DAGI
2025-07-14,19.006514702196032,0.676,stop,-0.037,0,DAGI
2025-08-25,14.006712774613506,0.909,hedef,0.09979611650485454,1,DAGI
2025-08-26,10.743157893204087,1.036,stop,-0.037,0,DAGI
2025-09-16,10.856686101184877,0.84,hedef,0.093,5,DAGI
2025-10-28,127.52057883732857,0.915,stop,-0.037,0,DAGI
2025-11-21,39.955742280516844,0.824,stop,-0.037,0,DAGI
2026-01-08,69.90588467614533,0.614,hedef,0.093,1,DAGI
2026-03-02,8.346096642511313,0.502,hedef,0.093,28,DAGI
2026-04-10,31.763983540165572,0.558,hedef,0.10147457627118628,1,DAGI
2026-04-13,14.648021932518647,0.643,stop,-0.037,0,DAGI
2026-05-26,10.886371577735757,0.69,stop,-0.037,1,DAGI
2024-08-19,15.905796560009636,0.143,hedef,0.093,2,DAPGM
2024-10-07,14.8130358733668,0.289,stop,-0.037,0,DAPGM
2024-10-18,11.602719819291835,0.109,stop,-0.037,0,DAPGM
2024-12-05,14.178878953853818,1.039,stop,-0.037,0,DAPGM
2025-01-14,27.843626390400594,0.875,hedef,0.093,6,DAPGM
2025-02-05,51.25966311185938,0.741,stop,-0.037,0,DAPGM
2025-03-11,8.900431454823075,0.96,stop,-0.037,6,DAPGM
2025-05-15,8.928728754938088,0.998,hedef,0.093,2,DAPGM
2025-06-05,25.752608145222805,0.767,stop,-0.037,4,DAPGM
2025-07-22,179.04205428509056,0.905,hedef,0.093,0,DAPGM
2025-09-11,16.387313639797647,0.935,stop,-0.037,1,DAPGM
2025-09-24,14.361343861504825,0.777,stop,-0.037,0,DAPGM
2025-10-28,43.0285872891691,0.597,stop,-0.037,0,DAPGM
2025-10-30,17.700179471625948,0.574,hedef,0.093,1,DAPGM
2025-12-16,20.833343403948486,0.548,stop,-0.037,2,DAPGM
2026-01-07,80.25524598981656,0.633,stop,-0.037,0,DAPGM
2026-02-06,23.9645152686524,0.487,stop,-0.037,0,DAPGM
2026-03-19,53.371985323639194,0.705,stop,-0.037,1,DAPGM
2026-04-08,11.774860325143273,0.626,stop,-0.037,0,DAPGM
2026-04-28,9.09409429534372,0.47,stop,-0.037,0,DAPGM
2026-05-18,8.304482229473063,0.418,stop,-0.037,0,DAPGM
2024-06-20,16.865363861947603,1.171,stop,-0.037,0,DARDL
2024-07-05,8.36620577996407,0.462,stop,-0.037,3,DARDL
2024-11-29,58.46958689676881,0.485,hedef,0.093,1,DARDL
2024-12-02,41.26998147755878,0.755,stop,-0.037,1,DARDL
2025-02-27,22.471635610766434,0.183,stop,-0.037,0,DARDL
2025-08-08,10.031466070030897,0.659,stop,-0.037,0,DARDL
2025-10-28,47.26167547213651,0.621,stop,-0.037,7,DARDL
2026-05-26,12.320763384385842,0.507,stop,-0.037,3,DARDL
2024-12-16,25.583490561779485,0.928,stop,-0.037,0,DCTTR
2025-06-05,26.690821372339848,0.778,stop,-0.037,1,DCTTR
2025-08-07,8.640289098759888,0.716,hedef,0.093,0,DCTTR
2025-08-13,18.68000247724028,0.563,hedef,0.093,5,DCTTR
2025-08-26,25.8792008547523,0.588,stop,-0.037,1,DCTTR
2025-10-28,37.745060278086214,0.494,stop,-0.037,8,DCTTR
2026-01-14,13.772228659446094,0.387,stop,-0.037,1,DCTTR
2026-03-19,35.01994713199146,0.303,stop,-0.037,1,DCTTR
2026-05-26,60.390745126092455,0.768,stop,-0.037,0,DCTTR
2024-10-10,12.656664115497612,-0.031,stop,-0.037,0,DENGE
2024-10-15,22.312693447457562,-0.012,hedef,0.093,4,DENGE
2025-03-12,18.840166082483986,0.067,stop,-0.037,4,DENGE
2025-04-10,8.878927411305584,0.058,hedef,0.093,1,DENGE
2025-04-16,18.9777833809945,0.184,stop,-0.05978592512728741,1,DENGE
2025-05-22,9.940815787083462,0.208,stop,-0.037,0,DENGE
2025-07-30,9.54495727841683,0.338,stop,-0.037,1,DENGE
2025-10-28,46.828407408731024,0.338,hedef,0.093,1,DENGE
2026-03-19,20.24213104632149,0.225,stop,-0.037,1,DENGE
2026-05-26,16.77996106847513,0.176,acik,,6,DENGE
2024-06-25,8.109139762016463,0.555,stop,-0.037,0,DERHL
2024-07-16,8.864825028527958,0.862,hedef,0.093,1,DERHL
2024-07-19,9.635601509012156,1.017,hedef,0.10749016100178899,1,DERHL
2024-08-26,16.172886092215435,0.904,stop,-0.037,0,DERHL
2024-10-07,16.428554493942485,0.334,hedef,0.093,1,DERHL
2024-10-22,8.851955747470608,0.497,stop,-0.037,0,DERHL
2024-12-11,32.174749250336056,1.026,hedef,0.12122402358142959,1,DERHL
2024-12-12,42.65285605407249,1.199,stop,-0.037,1,DERHL
2024-12-13,10.122940971354543,1.14,stop,-0.037,0,DERHL
2025-01-31,25.707058527200328,0.956,stop,-0.037,0,DERHL
2025-03-14,19.512004762881542,1.127,hedef,0.2021013824884793,2,DERHL
2025-03-18,20.387355234605387,1.122,stop,-0.037,0,DERHL
2025-05-14,16.3970483362315,0.571,hedef,0.10657074109720888,1,DERHL
2025-06-05,39.0576949262611,0.258,stop,-0.037,1,DERHL
2025-09-17,15.478786863972203,0.089,stop,-0.037,0,DERHL
2025-10-28,69.63273654256581,0.059,stop,-0.037,7,DERHL
2025-11-25,35.33229064670667,0.052,stop,-0.037,0,DERHL
2025-12-26,10.534206383283239,0.037,stop,-0.037,2,DERHL
2026-01-23,24.93419714086845,0.044,stop,-0.037,0,DERHL
2026-02-26,32.562603829675616,0.056,stop,-0.037,0,DERHL
2026-03-19,39.336335455431964,0.044,stop,-0.037,0,DERHL
2026-05-26,11.960271624093709,0.044,stop,-0.037,2,DERHL
2024-07-02,11.657348242811501,0.006,stop,-0.04279295154185014,7,DERIM
2024-07-26,10.30091550352694,0.362,hedef,0.093,1,DERIM
2024-07-29,14.89288401378054,0.607,stop,-0.037,1,DERIM
2024-09-23,8.000323659510196,0.205,stop,-0.037,0,DERIM
2024-10-14,37.22662199208041,-0.034,stop,-0.037,5,DERIM
2024-12-12,29.511190290613516,0.359,stop,-0.037,0,DERIM
2024-12-30,18.435067342147537,0.485,stop,-0.037,0,DERIM
2025-02-13,39.69417195614542,0.5,stop,-0.037,0,DERIM
2025-03-19,12.22344658708295,0.132,stop,-0.037,1,DERIM
2025-04-28,71.7441511197143,0.631,stop,-0.08403281027104137,1,DERIM
2025-06-05,15.965045844228923,0.48,stop,-0.037,3,DERIM
2025-10-28,110.11418578335562,0.564,stop,-0.037,7,DERIM
2025-12-19,57.84551306323362,0.276,hedef,0.14228909952606628,8,DERIM
2025-12-31,47.03671928620453,0.491,stop,-0.037,0,DERIM
2026-03-03,10.049258195038997,0.415,stop,-0.037,0,DERIM
2026-03-19,43.15029518457927,0.53,stop,-0.037,0,DERIM
2026-05-26,19.677802406586448,0.351,acik,,6,DERIM
2024-06-24,12.384932403805415,0.66,stop,-0.037,0,DESA
2024-09-12,84.94640967845807,0.24,stop,-0.037,0,DESA
2024-12-12,193.53888846064905,0.23,stop,-0.037,1,DESA
2025-01-10,12.870016047401554,0.187,stop,-0.037,0,DESA
2025-05-09,57.43322235986374,0.184,stop,-0.037,0,DESA
2025-06-05,22.548584218566813,0.228,stop,-0.04349635036496346,4,DESA
2025-09-03,17.789987548668893,0.726,hedef,0.093,4,DESA
2025-10-28,11.572831131738665,0.832,stop,-0.037,3,DESA
2026-03-11,38.39699206749507,0.556,stop,-0.037,0,DESA
2026-05-04,13.05482258944234,0.619,hedef,0.093,1,DESA
2026-05-08,21.32848597729145,0.709,stop,-0.037,0,DESA
2026-05-26,14.45938327286989,0.516,acik,,6,DESA
2024-07-31,12.385367889100097,0.746,stop,-0.037,2,DESPC
2024-09-23,8.020454321958894,0.661,hedef,0.093,4,DESPC
2024-09-24,33.2922936616507,0.851,stop,-0.037,0,DESPC
2025-05-02,9.10655737704918,0.504,stop,-0.037,2,DESPC
2025-05-05,11.354619949138174,0.701,stop,-0.037,0,DESPC
2025-06-05,94.24548515457606,0.473,stop,-0.09113967185527982,4,DESPC
2025-06-30,8.501503964998633,0.326,hedef,0.093,13,DESPC
2025-08-12,26.071130405743865,0.882,hedef,0.093,5,DESPC
2025-09-22,8.528138528138529,1.0,stop,-0.037,1,DESPC
2025-10-28,79.054441260745,0.597,hedef,0.093,2,DESPC
2025-12-30,8.645756153782827,0.244,stop,-0.037,6,DESPC
2026-03-03,49.948037986024005,0.147,stop,-0.037,1,DESPC
2026-03-19,19.158487001519568,0.015,hedef,0.093,19,DESPC
2026-04-24,13.836374223602483,0.259,stop,-0.037,0,DESPC
2026-05-04,9.329108524769971,0.111,hedef,0.093,1,DESPC
2026-05-26,48.95842263180454,0.219,hedef,0.093,2,DESPC
2024-06-24,11.419369134102528,0.056,stop,-0.037,0,DEVA
2024-08-15,9.874945276662162,0.262,stop,-0.037,3,DEVA
2025-03-10,14.352555919409447,0.197,stop,-0.037,0,DEVA
2025-05-12,12.833688432134354,0.157,stop,-0.037,3,DEVA
2025-05-29,9.462971661186785,0.028,stop,-0.03984671532846706,9,DEVA
2025-06-05,23.85718341851221,0.073,stop,-0.07472207563764299,4,DEVA
2025-09-22,21.667622598221968,0.385,stop,-0.037,1,DEVA
2025-10-28,44.250622691746116,0.387,stop,-0.037,8,DEVA
2026-03-02,23.151869443429543,0.336,stop,-0.037,1,DEVA
2026-05-11,8.924482236066678,0.44,stop,-0.037,1,DEVA
2024-07-01,8.186157517899762,-0.398,hedef,0.093,3,DGGYO
2024-08-21,26.413546357411636,0.841,stop,-0.037,0,DGGYO
2025-06-13,8.036501498853818,0.051,hedef,0.093,12,DGGYO
2025-07-31,9.545729860690491,0.446,stop,-0.037,6,DGGYO
2026-03-02,51.4,-0.038,hedef,0.093,6,DGGYO
2026-05-26,12.78456520537343,0.347,stop,-0.037,0,DGGYO
2024-06-20,23.393084356408405,-0.101,stop,-0.037,1,DGNMO
2024-10-01,70.02433914597326,0.103,stop,-0.037,0,DGNMO
2024-10-25,8.59137918019174,0.158,stop,-0.037,17,DGNMO
2024-11-12,48.45387195179718,0.137,stop,-0.037,6,DGNMO
2025-01-06,10.270259253220285,0.234,stop,-0.037,5,DGNMO
2025-03-05,10.380499279477833,0.142,stop,-0.037,0,DGNMO
2025-03-12,20.061105999755075,0.056,stop,-0.037,5,DGNMO
2025-06-05,22.158955742643084,0.072,stop,-0.037,0,DGNMO
2025-08-18,21.84203970669468,0.237,stop,-0.04502281368821292,2,DGNMO
2025-10-02,8.104677926540669,0.091,stop,-0.037,1,DGNMO
2025-10-28,34.69416975552314,0.048,stop,-0.037,9,DGNMO
2026-01-19,9.152643114528772,0.032,stop,-0.037,2,DGNMO
2026-03-12,13.96820940456848,-0.007,stop,-0.037,0,DGNMO
2026-03-19,11.303232813556317,0.007,stop,-0.037,3,DGNMO
2026-04-07,65.78952652791922,0.073,stop,-0.037,0,DGNMO
2026-04-09,17.912160659822877,0.134,hedef,0.09836779324055656,2,DGNMO
2026-04-10,13.04240965412416,0.177,stop,-0.037,1,DGNMO
2024-07-16,10.08264887063768,0.612,hedef,0.093,2,DITAS
2024-07-30,10.393107514905505,1.297,stop,-0.037,0,DITAS
2024-12-04,10.93023255814231,0.1,hedef,0.093,5,DITAS
2024-12-12,32.16636135423787,0.292,stop,-0.037,0,DITAS
2025-01-24,26.838402027476537,0.192,stop,-0.037,0,DITAS
2025-04-15,47.812955072536305,0.219,stop,-0.037,0,DITAS
2025-05-15,20.88149748020191,0.21,stop,-0.037,0,DITAS
2025-05-27,14.610028900649553,0.569,stop,-0.037,0,DITAS
2025-06-05,27.799195404098604,0.574,stop,-0.037,0,DITAS
2025-08-01,32.04604108599313,1.06,stop,-0.037,0,DITAS
2025-10-09,9.530049544054288,0.616,stop,-0.037,2,DITAS
2025-10-23,17.255483905784484,0.543,hedef,0.093,5,DITAS
2025-10-28,46.52660148922829,0.548,hedef,0.093,5,DITAS
2025-12-16,15.565729789308115,1.015,hedef,0.093,4,DITAS
2025-12-25,11.714855089157526,1.07,hedef,0.12735527502254274,1,DITAS
2026-02-09,37.078830292427014,0.786,stop,-0.07439130434782615,1,DITAS
2026-03-19,170.68764091002376,0.742,stop,-0.037,0,DITAS
2026-05-12,13.299586528039859,0.63,hedef,0.12517482885729347,1,DITAS
2026-05-26,45.18513870612665,0.587,stop,-0.037,0,DITAS
2024-06-13,20.21330010445108,-0.113,hedef,0.093,2,DMRGD
2024-12-24,29.025608330676867,0.43,stop,-0.037,0,DMRGD
2024-12-27,10.183452602419782,0.485,stop,-0.037,0,DMRGD
2025-03-03,22.861094876290668,0.599,stop,-0.037,0,DMRGD
2025-04-11,10.07374300855316,1.13,stop,-0.037,0,DMRGD
2025-06-05,71.77929484307487,0.967,stop,-0.037,0,DMRGD
2025-10-10,21.894766355140188,0.594,stop,-0.037,2,DMRGD
2025-10-24,11.390090846465169,0.646,hedef,0.093,2,DMRGD
2025-10-28,42.207275457733026,0.745,stop,-0.037,0,DMRGD
2025-12-05,34.711371237458195,0.544,hedef,0.093,4,DMRGD
2026-03-02,11.933092422615466,0.624,hedef,0.093,1,DMRGD
2026-03-19,34.008534819975374,0.912,stop,-0.037,1,DMRGD
2026-04-08,10.960976781156864,1.011,stop,-0.037,0,DMRGD
2026-04-10,8.00135430258367,1.026,stop,-0.037,0,DMRGD
2026-04-13,21.10889818796855,1.032,stop,-0.037,0,DMRGD
2026-05-06,18.509304097725234,1.112,hedef,0.093,2,DMRGD
2026-05-07,42.53403018229282,1.07,hedef,0.09520994475138134,2,DMRGD
2024-06-20,8.8268156424581,1.25,hedef,0.093,16,DOCO
2024-08-15,85.51282051282051,0.438,stop,-0.037,17,DOCO
2024-09-03,39.38461538461539,0.581,stop,-0.037,1,DOCO
2024-10-18,120.93023255813954,0.52,stop,-0.037,2,DOCO
2024-11-15,85.23255813953489,0.993,stop,-0.037,0,DOCO
2024-12-03,11.36890951276102,0.812,hedef,0.093,10,DOCO
2024-12-26,24.074074074074073,0.854,stop,-0.037,11,DOCO
2025-02-07,16.470588235294116,0.959,hedef,0.093,6,DOCO
2025-04-02,33.80769230769231,0.489,stop,-0.037,0,DOCO
2025-05-30,56.564625850340136,0.723,hedef,0.093,7,DOCO
2025-06-18,37.128571428571426,0.747,stop,-0.037,1,DOCO
2025-08-15,19.555555555555557,1.021,stop,-0.037,43,DOCO
2025-09-05,8.75,0.907,stop,-0.037,4,DOCO
2025-09-17,41.910377358490564,0.93,stop,-0.037,7,DOCO
2025-10-21,67.77310924369748,0.834,stop,-0.037,6,DOCO
2025-12-10,63.46153846153846,0.72,stop,-0.037,0,DOCO
2026-02-02,16.22222222222222,0.8,stop,-0.037,1,DOCO
2026-03-19,17.32323232323232,0.612,stop,-0.037,0,DOCO
2026-05-26,31.144414168937328,0.807,stop,-0.037,1,DOCO
2025-12-29,16.426899013549303,0.198,stop,-0.037,0,DOFRB
2026-03-19,102.3968301513981,0.303,stop,-0.037,0,DOFRB
2026-05-26,19.697669103834365,0.664,hedef,0.093,2,DOFRB
2024-06-27,8.426171902452737,1.017,stop,-0.037,0,DOGUB
2024-08-26,50.80770107085897,0.357,stop,-0.037,0,DOGUB
2024-09-16,17.428656917380412,0.361,stop,-0.037,0,DOGUB
2024-09-30,15.948752902577372,0.103,stop,-0.037,1,DOGUB
2024-11-18,13.668000485024857,0.133,stop,-0.037,1,DOGUB
2024-12-27,11.68070555306171,0.024,stop,-0.037,3,DOGUB
2025-02-05,23.638641425389757,0.124,stop,-0.037,1,DOGUB
2025-05-30,48.42472708809343,0.077,stop,-0.037,0,DOGUB
2025-09-22,8.89046815314915,0.3,hedef,0.10950485436893198,12,DOGUB
2025-10-09,18.296772171733,0.604,stop,-0.037,0,DOGUB
2025-10-21,9.160985214423068,1.104,hedef,0.2017614926987562,2,DOGUB
2025-12-01,8.995084819486733,0.789,stop,-0.037,0,DOGUB
2026-02-11,15.783366386767375,0.449,stop,-0.037,0,DOGUB
2026-03-05,12.86643527445687,0.721,stop,-0.037,0,DOGUB
2026-04-09,10.588791394375503,1.118,stop,-0.037,0,DOGUB
2024-09-09,15.474640423921272,0.195,stop,-0.037,0,DOKTA
2024-11-22,12.88865217118867,0.232,stop,-0.037,0,DOKTA
2024-12-10,8.188225538971807,0.327,stop,-0.037,0,DOKTA
2024-12-20,11.190060811484399,0.592,stop,-0.037,0,DOKTA
2025-02-07,8.634487406284222,0.142,stop,-0.037,0,DOKTA
2025-04-21,8.729187640362426,0.16,hedef,0.093,1,DOKTA
2025-04-22,43.62847028964535,0.277,hedef,0.093,1,DOKTA
2025-04-24,10.851167416370876,0.391,stop,-0.037,0,DOKTA
2025-05-28,29.05990317219452,0.184,stop,-0.037,1,DOKTA
2025-07-10,39.48663747546429,0.226,stop,-0.037,3,DOKTA
2025-08-18,26.128843908135465,0.523,stop,-0.037,1,DOKTA
2025-08-22,32.08573536872204,0.605,stop,-0.037,0,DOKTA
2025-12-22,17.225166695161565,0.267,stop,-0.037,0,DOKTA
2026-01-29,14.901616443823588,0.599,stop,-0.037,0,DOKTA
2026-02-23,8.559140687282339,0.35,stop,-0.037,1,DOKTA
2026-04-20,8.970225366014146,0.34,hedef,0.093,12,DOKTA
2026-05-11,16.24386170035076,0.568,stop,-0.037,0,DOKTA
2026-05-26,14.752734824806712,0.533,hedef,0.093,2,DOKTA
2025-03-06,8.225720181492726,1.169,stop,-0.037,0,DSTKF
2025-04-25,21.816257346301313,1.013,hedef,0.10648314606741571,1,DSTKF
2025-06-03,10.69870180467239,0.861,hedef,0.093,3,DSTKF
2025-06-05,9.549098161697236,0.946,stop,-0.037,0,DSTKF
2025-06-26,9.234835137175937,1.05,stop,-0.037,0,DSTKF
2025-07-23,34.61639162170739,0.972,hedef,0.093,1,DSTKF
2025-07-24,8.340922643248224,1.0,stop,-0.037,0,DSTKF
2025-07-25,16.10231739862934,0.956,stop,-0.037,0,DSTKF
2025-09-05,69.87327821530545,0.996,stop,-0.037,1,DSTKF
2025-10-02,12.201903329380116,0.742,stop,-0.037,0,DSTKF
2025-10-28,16.433996025015592,0.589,hedef,0.093,1,DSTKF
2025-11-05,57.96219032944964,0.682,hedef,0.093,1,DSTKF
2025-12-02,71.98089438700319,1.041,stop,-0.037,0,DSTKF
2025-12-22,718.4388221563,0.537,hedef,0.093,2,DSTKF
2026-03-19,16.586564082067678,0.983,hedef,0.093,13,DSTKF
2026-04-28,10.558202348351278,0.95,stop,-0.037,1,DSTKF
2026-05-15,47.655043586550434,0.603,hedef,0.093,0,DSTKF
2024-07-08,8.947917921535558,0.295,hedef,0.093,0,DUNYH
2024-07-29,9.88376158014333,0.786,stop,-0.037,0,DUNYH
2024-10-07,18.851401179941004,0.64,stop,-0.037,0,DUNYH
2024-10-30,1345.7328113530707,0.645,stop,-0.037,0,DUNYH
2024-12-06,76.70473083197389,0.68,hedef,0.093,1,DUNYH
2024-12-09,8.595873175641671,0.727,hedef,0.13067441860465123,1,DUNYH
2024-12-10,9.035225718194255,1.075,stop,-0.037,0,DUNYH
2025-02-07,26.68314606741573,0.442,stop,-0.037,0,DUNYH
2025-02-26,140.71142284569137,0.517,stop,-0.037,0,DUNYH
2025-04-18,10.012738853503185,0.403,stop,-0.037,6,DUNYH
2025-05-02,8.331829315457005,0.455,stop,-0.037,0,DUNYH
2025-05-05,12.152282067921263,0.654,stop,-0.037,0,DUNYH
2025-05-23,10.346980496160008,0.491,hedef,0.093,6,DUNYH
2025-09-08,16.36060342326661,0.981,stop,-0.037,0,DUNYH
2025-10-02,8.378514336817394,0.872,hedef,0.2018642659279778,2,DUNYH
2025-10-03,53.539039862166184,1.023,stop,-0.037,0,DUNYH
2025-10-28,29.001373812426227,0.741,hedef,0.093,1,DUNYH
2026-03-19,181.8421335627487,0.617,hedef,0.093,11,DUNYH
2026-04-24,80.65918835809259,0.784,stop,-0.037,0,DUNYH
2026-05-13,22.588587263052062,0.827,stop,-0.037,0,DUNYH
2026-05-21,31.254616866195853,1.119,stop,-0.037,0,DUNYH
2026-05-26,8.079009808109126,0.581,stop,-0.037,0,DUNYH
2024-10-30,47.868556148736154,0.171,stop,-0.037,0,DURKN
2024-11-28,8.50958489182782,0.23,stop,-0.037,0,DURKN
2025-03-13,17.453397060226152,0.437,stop,-0.037,0,DURKN
2025-06-05,9.562149593235183,0.258,stop,-0.10000791556728239,4,DURKN
2025-07-10,8.173140578572198,0.181,hedef,0.093,9,DURKN
2025-07-31,8.150361949429039,0.257,hedef,0.09531023102310232,2,DURKN
2025-08-04,11.695334473449888,0.376,stop,-0.037,6,DURKN
2025-10-28,62.8040666816177,0.289,stop,-0.037,6,DURKN
2026-01-06,56.31205448065173,0.357,stop,-0.037,0,DURKN
2026-02-16,26.845872577985993,0.816,hedef,0.093,1,DURKN
2026-03-19,34.88773911805193,0.482,hedef,0.09526644555002772,2,DURKN
2026-05-04,10.472688938922655,0.758,stop,-0.037,0,DURKN
2026-05-26,15.083605695018152,0.757,stop,-0.037,1,DURKN
2024-07-03,20.85232990592477,0.536,stop,-0.037,0,DYOBY
2025-03-28,47.09037413380067,0.398,stop,-0.037,0,DYOBY
2025-06-05,21.600111953506367,0.046,stop,-0.05509160305343507,4,DYOBY
2025-07-07,8.950134912569647,0.154,stop,-0.037,0,DYOBY
2025-09-19,42.88212674702359,0.26,stop,-0.037,0,DYOBY
2025-10-28,9.379343458593414,0.1,stop,-0.037,9,DYOBY
2025-12-11,17.111047599251712,0.117,stop,-0.037,0,DYOBY
2026-02-11,10.334648608296897,0.175,stop,-0.037,1,DYOBY
2026-03-17,13.812288062532328,0.09,stop,-0.037,1,DYOBY
2026-03-19,25.794690590367804,0.066,stop,-0.039983508245877035,1,DYOBY
2026-04-15,22.681129720364403,0.171,hedef,0.10403853690398435,1,DYOBY
2026-04-16,12.551896426387271,0.261,stop,-0.037,0,DYOBY
2026-05-26,16.230975912571274,0.21,stop,-0.037,3,DYOBY
2024-09-23,8.437849374936478,0.329,stop,-0.037,4,EBEBK
2025-03-11,11.906013294172206,0.567,stop,-0.043757775683317505,6,EBEBK
2025-05-02,17.66175953766254,0.132,stop,-0.037,10,EBEBK
2025-06-05,38.9216399127468,0.113,stop,-0.0846470588235293,4,EBEBK
2025-07-01,13.009049773755656,0.331,stop,-0.037,0,EBEBK
2025-07-21,11.166825452539738,0.252,hedef,0.0932661934338953,12,EBEBK
2025-11-27,10.243785276810375,0.685,stop,-0.037,0,EBEBK
2025-12-22,8.922543615388987,0.698,stop,-0.037,4,EBEBK
2026-03-19,15.330507783845462,0.861,stop,-0.037,0,EBEBK
2026-05-26,39.98271030823347,0.973,acik,,6,EBEBK
2026-03-19,38.63137798933449,0.976,stop,-0.037,1,ECOGR
2026-05-26,19.6203854144735,0.954,stop,-0.037,3,ECOGR
2025-03-19,9.554464339181987,0.191,stop,-0.037,2,ECZYT
2025-05-13,9.628993332515238,0.541,stop,-0.037,0,ECZYT
2025-09-29,14.955923457321006,1.064,stop,-0.037,0,ECZYT
2025-10-21,10.482709625391216,0.499,hedef,0.093,7,ECZYT
2026-03-19,82.44335952399115,0.582,stop,-0.037,1,ECZYT
2026-05-08,8.122770328453685,1.0,stop,-0.037,0,ECZYT
2026-05-11,15.24237358963644,0.802,stop,-0.037,5,ECZYT
2026-05-26,8.005999647079584,0.743,stop,-0.037,4,ECZYT
2024-08-22,32.70576557200496,0.737,stop,-0.037,0,EDATA
2024-11-01,12.18154365048294,0.293,stop,-0.037,0,EDATA
2025-02-17,10.687779569794278,0.216,stop,-0.037,1,EDATA
2025-04-21,10.16513350791199,0.319,stop,-0.037,0,EDATA
2025-06-05,36.81293747024442,0.232,stop,-0.09985714285714287,4,EDATA
2025-08-15,8.744167969451228,1.02,stop,-0.037,0,EDATA
2025-08-18,16.06760446361647,0.605,stop,-0.037,2,EDATA
2025-10-28,39.87619847464925,0.539,stop,-0.037,12,EDATA
2025-12-29,23.194965961473883,0.619,hedef,0.14334965034965041,1,EDATA
2025-12-30,21.88404225321563,0.848,stop,-0.037,0,EDATA
2026-03-19,11.095633121827737,0.826,stop,-0.05696481351161164,1,EDATA
2026-04-20,9.252552658828463,0.88,stop,-0.10682014388489203,1,EDATA
2026-04-24,18.205520383865707,0.599,hedef,0.093,0,EDATA
2026-05-26,11.842517817176686,0.61,stop,-0.037,0,EDATA
2024-06-13,35.14840848399275,0.317,stop,-0.037,0,EDIP
2024-10-16,294.2459922108505,0.346,stop,-0.037,0,EDIP
2025-03-12,26.785477491483576,0.507,stop,-0.037,0,EDIP
2025-04-21,9.461911016253488,0.355,stop,-0.037,0,EDIP
2025-04-28,10.1369341955116,0.516,stop,-0.037,0,EDIP
2025-04-30,11.176442594565309,1.068,stop,-0.037,0,EDIP
2025-06-05,18.436170513581807,0.419,stop,-0.037,3,EDIP
2025-07-22,18.59216363574791,0.544,stop,-0.037,6,EDIP
2025-08-06,8.258134365695819,0.664,stop,-0.037,0,EDIP
2025-10-28,30.396779908295123,0.534,stop,-0.037,9,EDIP
2026-02-17,44.53811101905551,0.79,stop,-0.037,0,EDIP
2026-03-19,25.444195595371408,0.577,stop,-0.037,1,EDIP
2026-05-26,8.317091662197896,0.551,acik,,6,EDIP
2025-03-19,20.310931006058368,0.141,stop,-0.037,2,EGEGY
2025-05-02,11.244105841549434,0.798,stop,-0.037,0,EGEGY
2025-06-04,11.676690818818496,1.007,stop,-0.037,5,EGEGY
2025-06-05,21.942522280551824,0.947,stop,-0.04914559386973171,4,EGEGY
2025-07-24,10.774079237829673,0.818,hedef,0.093,7,EGEGY
2025-08-20,8.927064099182273,0.995,hedef,0.093,9,EGEGY
2025-10-28,432.03811206461387,0.871,stop,-0.037,6,EGEGY
2025-12-29,45.83666733346669,0.761,stop,-0.037,0,EGEGY
2026-01-29,9.62038640453635,1.003,stop,-0.037,0,EGEGY
2026-03-02,9.573947305579878,0.582,hedef,0.093,1,EGEGY
2026-03-03,10.54273661245979,0.689,hedef,0.093,1,EGEGY
2026-03-19,64.70059611850657,0.706,stop,-0.037,1,EGEGY
2026-05-04,8.742763349644878,0.863,stop,-0.037,0,EGEGY
2026-05-26,13.05076300591915,0.763,stop,-0.037,1,EGEGY
2024-09-13,13.819759262154134,0.418,stop,-0.037,0,EGEPO
2024-10-24,9.040120793787748,0.136,hedef,0.093,4,EGEPO
2024-11-11,19.82258614807233,0.644,hedef,0.093,4,EGEPO
2025-03-21,36.78562010302331,0.743,stop,-0.037,0,EGEPO
2025-06-05,18.004308083457765,0.598,stop,-0.04762500000000013,4,EGEPO
2025-08-14,9.64377359917205,0.783,stop,-0.037,1,EGEPO
2025-09-08,9.056920494430033,0.681,stop,-0.037,3,EGEPO
2025-10-28,22.45541570148754,0.564,stop,-0.037,8,EGEPO
2025-12-30,33.60642429971845,0.695,stop,-0.037,0,EGEPO
2026-02-02,10.551402776429473,0.839,hedef,0.093,5,EGEPO
2026-03-02,8.452607383363565,0.812,hedef,0.093,2,EGEPO
2026-03-19,39.68445835564158,0.934,stop,-0.037,2,EGEPO
2026-04-24,8.523066768568054,0.981,stop,-0.037,0,EGEPO
2026-05-18,22.742272459420366,0.937,stop,-0.037,1,EGEPO
2024-08-05,16.677901524030528,-0.017,stop,-0.037,0,EGPRO
2024-08-22,22.37149790425933,-0.009,stop,-0.037,1,EGPRO
2025-01-10,26.99548872180508,0.344,stop,-0.037,1,EGPRO
2025-02-26,8.435813034891373,0.108,stop,-0.037,1,EGPRO
2025-05-12,10.197112848304634,0.157,stop,-0.037,1,EGPRO
2025-05-13,9.071736106511226,0.138,stop,-0.037,0,EGPRO
2025-06-05,17.01600902457757,0.03,stop,-0.0784285714285714,4,EGPRO
2025-09-12,9.556513057642793,0.371,stop,-0.037,1,EGPRO
2025-10-28,22.34258142340169,0.465,hedef,0.093,3,EGPRO
2026-02-25,18.618494755066706,0.594,stop,-0.037,0,EGPRO
2026-03-04,9.737334779639227,0.435,stop,-0.037,3,EGPRO
2026-03-19,55.82424367153735,0.607,stop,-0.037,6,EGPRO
2026-04-16,18.97746907772056,0.93,stop,-0.037,0,EGPRO
2026-05-26,16.33474310121017,0.772,stop,-0.037,5,EGPRO
2024-06-14,12.42676783685332,0.234,stop,-0.037,8,EGSER
2024-07-11,12.677145531420456,1.082,hedef,0.11125192802056538,1,EGSER
2024-07-12,18.897537926655612,1.217,stop,-0.037,0,EGSER
2024-09-04,9.889465083062035,0.625,stop,-0.037,0,EGSER
2024-10-30,11.227757184718204,0.383,stop,-0.037,3,EGSER
2025-02-26,9.936112711881247,0.083,stop,-0.037,4,EGSER
2025-04-14,31.743896050653667,0.457,stop,-0.037,0,EGSER
2025-06-05,9.796604003723399,0.093,stop,-0.037,4,EGSER
2025-07-21,18.21029000778852,0.301,hedef,0.093,1,EGSER
2025-08-25,9.223088923556942,0.663,stop,-0.037,1,EGSER
2025-10-28,46.21225484923452,0.362,stop,-0.037,9,EGSER
2025-12-25,8.061452540587936,0.264,stop,-0.037,2,EGSER
2025-10-28,22.676023810668028,0.832,stop,-0.037,8,EKGYO
2026-03-19,11.362280666262844,0.633,stop,-0.04155083909180667,1,EKGYO
2026-04-08,8.289908105052957,0.632,hedef,0.093,7,EKGYO
2026-05-26,15.733883853936124,0.597,acik,,6,EKGYO
2024-06-24,9.848945061665477,0.229,stop,-0.037,1,EKOS
2024-07-24,20.53505747635803,1.181,stop,-0.037,0,EKOS
2024-10-25,11.159274710181322,0.308,stop,-0.037,0,EKOS
2024-10-28,20.80996422702491,0.365,stop,-0.037,0,EKOS
2025-04-09,8.329885469275485,0.145,stop,-0.037,0,EKOS
2025-04-17,12.466249217282405,0.296,stop,-0.037,0,EKOS
2025-10-28,64.97623001338657,0.387,hedef,0.093,3,EKOS
2026-01-14,16.654183325544768,0.317,stop,-0.037,0,EKOS
2026-02-23,11.136842885514408,0.482,stop,-0.037,0,EKOS
2026-03-19,12.564546295222549,0.208,stop,-0.037,1,EKOS
2026-05-12,9.177984263324742,0.695,stop,-0.037,0,EKOS
2026-05-26,19.528095997395987,0.678,stop,-0.037,0,EKOS
2024-06-20,11.225718505055532,0.529,stop,-0.037,4,EKSUN
2024-07-05,29.104265109464652,1.126,stop,-0.037,0,EKSUN
2025-01-02,9.057937060286799,0.721,hedef,0.093,2,EKSUN
2025-02-11,8.446527506545747,0.545,stop,-0.037,2,EKSUN
2025-03-11,9.137760457209446,0.42,stop,-0.04254868624420393,1,EKSUN
2025-05-20,25.249072698939955,0.419,stop,-0.037,0,EKSUN
2025-06-04,11.8379644247974,0.275,stop,-0.037,0,EKSUN
2025-06-05,35.902597714920375,0.213,stop,-0.04927941176470595,4,EKSUN
2025-07-07,15.558430136998014,0.519,stop,-0.037,0,EKSUN
2025-08-06,8.742693380802711,0.591,stop,-0.037,0,EKSUN
2025-09-23,10.849802954212675,0.691,stop,-0.037,4,EKSUN
2025-10-28,33.02239079448856,0.528,stop,-0.037,7,EKSUN
2026-01-21,9.758835238132916,0.331,stop,-0.037,0,EKSUN
2026-03-19,10.58750752131322,0.169,stop,-0.037,6,EKSUN
2026-05-20,10.96948738247018,0.825,stop,-0.037,1,EKSUN
2026-05-26,22.41746402710134,0.965,stop,-0.037,0,EKSUN
2024-07-05,14.09897997733283,0.284,hedef,0.093,7,ELITE
2024-08-26,69.32601514797638,0.887,stop,-0.037,0,ELITE
2024-09-16,9.319365576659488,0.288,hedef,0.13736619718309873,1,ELITE
2024-09-17,19.39445150570542,0.831,stop,-0.037,0,ELITE
2024-10-30,12.467807586968693,0.98,stop,-0.037,0,ELITE
2025-03-11,11.79217224960554,0.66,stop,-0.037,6,ELITE
2025-03-12,21.49756015480397,0.648,hedef,0.093,3,ELITE
2025-05-13,13.828767032059565,0.702,stop,-0.037,0,ELITE
2025-06-05,20.94253729799077,0.474,stop,-0.037,3,ELITE
2025-07-21,23.12894540353418,0.451,stop,-0.037,2,ELITE
2025-10-28,35.19164586004454,0.338,stop,-0.037,9,ELITE
2026-02-02,18.540512246629245,0.317,stop,-0.037,0,ELITE
2026-03-12,14.427037702508056,0.13,stop,-0.037,2,ELITE
2026-03-19,9.80442836908944,0.1,stop,-0.037,1,ELITE
2026-04-20,8.114609645773365,0.197,hedef,0.093,10,ELITE
2026-05-12,22.48506029239142,0.455,hedef,0.093,0,ELITE
2024-09-02,15.149739939775476,1.068,stop,-0.037,0,ENERY
2024-09-17,19.4369564111695,0.922,stop,-0.037,5,ENERY
2024-11-11,50.3133893481501,1.182,stop,-0.037,0,ENERY
2025-03-07,29.611136329248062,0.546,stop,-0.037,0,ENERY
2025-06-05,23.308432582767185,0.863,hedef,0.093,2,ENERY
2025-10-28,23.10099015854563,0.778,stop,-0.037,1,ENERY
2026-03-19,24.24278916027872,0.653,stop,-0.037,1,ENERY
2026-05-04,9.180255756215752,0.758,stop,-0.037,0,ENERY
2026-05-26,11.284481960259036,0.658,acik,,6,ENERY
2024-08-09,13.038742968319971,0.466,hedef,0.093,1,ENSRI
2024-09-03,16.936239251527766,0.485,hedef,0.093,1,ENSRI
2024-10-30,11.354848687940903,0.361,stop,-0.037,3,ENSRI
2024-12-05,61.1347517730501,0.487,stop,-0.037,0,ENSRI
2025-01-20,9.758243565495459,0.162,stop,-0.037,7,ENSRI
2025-03-19,20.119378766806037,0.25,stop,-0.037,0,ENSRI
2025-03-26,10.721900108181327,0.303,stop,-0.037,0,ENSRI
2025-05-28,171.42781476998317,0.362,stop,-0.037,1,ENSRI
2025-07-25,24.419173460781757,1.005,hedef,0.13271146545178436,1,ENSRI
2025-07-28,20.366170896268148,1.083,hedef,0.15622451698867434,1,ENSRI
2025-07-29,22.243695942312943,1.19,hedef,0.13274799541809845,2,ENSRI
2025-09-15,8.271849568635222,0.902,stop,-0.037,0,ENSRI
2025-10-15,16.095566413084153,0.74,hedef,0.093,0,ENSRI
2025-12-02,84.60866070531166,0.435,hedef,0.093,0,ENSRI
2026-01-09,10.081718438825076,0.636,stop,-0.037,0,ENSRI
2026-02-24,13.787060671509916,0.79,stop,-0.037,1,ENSRI
2026-03-13,8.101547029979573,0.995,stop,-0.037,0,ENSRI
2026-03-19,67.11698215037605,0.782,stop,-0.07572190109184329,1,ENSRI
2026-05-05,99.33953724730432,0.241,hedef,0.093,0,ENSRI
2026-05-26,8.97083535321028,0.191,hedef,0.093,3,ENSRI
2024-10-01,20.812291622280107,0.143,stop,-0.037,0,ENTRA
2024-11-12,9.258083280818195,0.218,stop,-0.037,5,ENTRA
2025-05-23,14.846490979002512,0.702,stop,-0.037,0,ENTRA
2025-06-27,11.903707302742376,1.078,hedef,0.093,6,ENTRA
2025-10-28,58.70992032111001,0.488,hedef,0.093,2,ENTRA
2026-03-19,16.461774680682435,0.455,hedef,0.093,7,ENTRA
2026-05-26,12.822172723388777,0.48,acik,,6,ENTRA
2024-09-30,22.812353033390814,0.151,stop,-0.037,0,EPLAS
2024-10-24,9.202229643079345,0.025,hedef,0.093,20,EPLAS
2024-11-04,9.073089236044295,0.068,hedef,0.093,15,EPLAS
2024-11-05,8.413203355332715,0.073,stop,-0.037,0,EPLAS
2024-11-27,9.157227171083983,0.285,hedef,0.093,1,EPLAS
2024-12-30,8.492970912882464,0.325,hedef,0.093,4,EPLAS
2025-02-26,14.356102229626742,0.263,stop,-0.037,0,EPLAS
2025-05-05,13.357547636252994,0.138,hedef,0.093,6,EPLAS
2025-06-05,9.142974302897759,0.133,stop,-0.037,4,EPLAS
2025-07-03,8.379092698524179,0.172,hedef,0.093,11,EPLAS
2025-09-05,9.442759711143626,0.619,stop,-0.037,0,EPLAS
2025-10-28,11.33130597217225,0.506,stop,-0.037,4,EPLAS
2026-01-19,27.52177243381373,0.41,stop,-0.037,0,EPLAS
2026-01-20,45.37000786299776,0.56,stop,-0.037,0,EPLAS
2026-04-30,11.121656374101223,0.44,stop,-0.037,10,EPLAS
2026-05-26,26.54337013864256,0.349,acik,,6,EPLAS
2024-09-10,37.791545189504376,0.713,stop,-0.037,0,ERBOS
2025-06-05,16.542461005199307,0.064,hedef,0.093,1,ERBOS
2025-07-02,29.3524535066099,0.234,hedef,0.093,22,ERBOS
2025-08-07,9.762208067940552,0.404,stop,-0.037,1,ERBOS
2025-10-28,24.538198403648803,0.491,stop,-0.037,12,ERBOS
2026-01-09,12.244755244755245,0.479,hedef,0.093,11,ERBOS
2026-01-29,13.843700159489632,0.753,stop,-0.037,1,ERBOS
2026-03-19,16.508264462809915,0.47,stop,-0.037,1,ERBOS
2026-05-07,12.012226184411615,0.738,stop,-0.037,4,ERBOS
2026-05-12,11.704889658156642,0.781,stop,-0.037,1,ERBOS
2026-05-26,8.003680981595092,0.503,acik,,6,ERBOS
2026-06-02,8.323379783233797,0.635,stop,-0.037,0,ERBOS
2024-09-04,33.63703385144682,0.397,stop,-0.037,0,ERCB
2024-10-09,10.846489754786697,0.192,stop,-0.03825,2,ERCB
2025-02-19,67.14782059380921,0.2,stop,-0.037,0,ERCB
2025-03-28,9.12374828941938,0.18,stop,-0.0396576576576576,1,ERCB
2025-06-05,26.488241660926892,0.04,stop,-0.11928813559322027,4,ERCB
2025-08-18,15.924292845257904,0.347,stop,-0.037,0,ERCB
2025-09-22,17.74443610902726,0.267,stop,-0.037,4,ERCB
2025-09-23,16.396252927400468,0.267,stop,-0.037,3,ERCB
2025-10-28,37.40764331210191,0.152,stop,-0.037,9,ERCB
2025-11-19,91.22485875706215,0.202,stop,-0.037,0,ERCB
2025-11-20,32.53072816085425,0.407,stop,-0.037,1,ERCB
2025-11-21,10.207695729775796,0.517,stop,-0.037,0,ERCB
2025-11-25,40.85552395827894,0.561,stop,-0.037,0,ERCB
2026-03-19,35.48067709996806,0.009,stop,-0.037,1,ERCB
2026-05-12,29.007463663742307,0.197,stop,-0.037,0,ERCB
2026-05-26,155.2545203527211,0.173,stop,-0.037,0,ERCB
2024-08-02,13.545643073850762,0.235,stop,-0.037,0,ERSU
2024-08-06,13.565683646112602,0.55,hedef,0.10453479504289798,1,ERSU
2024-08-07,8.757693597968,0.841,stop,-0.037,0,ERSU
2024-10-21,36.75574869969888,0.289,stop,-0.037,0,ERSU
2024-10-22,11.045831915114025,0.396,stop,-0.037,0,ERSU
2024-11-28,85.93337785940892,0.255,stop,-0.037,0,ERSU
2025-02-19,10.746268656716417,0.084,stop,-0.037,0,ERSU
2025-04-07,26.418550621034758,0.223,stop,-0.037,0,ERSU
2025-10-13,11.586724208795726,0.605,stop,-0.037,0,ERSU
2025-11-18,9.428313008763995,0.396,stop,-0.037,0,ERSU
2026-02-25,21.443921284558737,0.504,stop,-0.037,0,ERSU
2024-07-19,10.986189187313972,0.432,stop,-0.037,0,ETILR
2024-08-12,14.439685437437982,0.203,stop,-0.037,0,ETILR
2024-09-06,8.636540011341742,0.311,hedef,0.093,2,ETILR
2024-09-11,35.64934963538837,1.222,hedef,0.093,2,ETILR
2024-09-12,16.460539120447493,1.323,stop,-0.037,1,ETILR
2024-09-13,13.784052428086168,0.982,stop,-0.037,0,ETILR
2024-11-18,19.113591410002314,0.811,hedef,0.093,1,ETILR
2025-03-10,34.44437752731776,0.06,stop,-0.037,0,ETILR
2025-03-13,10.274910877769484,0.202,stop,-0.037,0,ETILR
2025-05-28,25.652633812116985,0.39,hedef,0.09437275652602939,1,ETILR
2025-05-29,10.769416604983277,0.468,stop,-0.037,0,ETILR
2025-06-05,16.72491323707104,0.429,stop,-0.037,0,ETILR
2025-08-01,21.222138892277034,0.393,stop,-0.037,0,ETILR
2025-10-28,40.95605635432649,0.256,hedef,0.093,2,ETILR
2025-12-11,53.16948395892937,0.253,hedef,0.10594117647058832,1,ETILR
2025-12-12,36.31022217938217,0.323,stop,-0.037,0,ETILR
2026-03-11,13.394965558462458,0.26,stop,-0.037,0,ETILR
2026-04-17,22.23747763570953,0.26,stop,-0.037,0,ETILR
2026-04-20,10.741514869945174,0.322,hedef,0.10952542372881358,1,ETILR
2026-04-21,21.12067183591547,0.403,stop,-0.037,1,ETILR
2026-05-26,270.35776403666796,0.5,stop,-0.037,1,ETILR
2024-09-09,17.804483475851008,0.245,stop,-0.037,0,EUYO
2024-11-07,222.88453043561688,0.08,stop,-0.037,4,EUYO
2024-12-19,14.47913127881588,0.492,stop,-0.037,0,EUYO
2025-02-11,19.655318753895596,0.131,hedef,0.093,1,EUYO
2025-03-13,8.116265629925293,0.337,stop,-0.037,0,EUYO
2025-05-07,13.172011256645446,0.282,stop,-0.037,0,EUYO
2025-05-29,8.715438124743558,0.165,stop,-0.037,2,EUYO
2025-09-26,10.99252628120949,0.84,stop,-0.037,0,EUYO
2025-12-29,11.77841801991148,0.68,stop,-0.04227815463419304,1,EUYO
2026-01-21,12.83462941297884,0.6,stop,-0.037,0,EUYO
2024-09-24,23.010752688174996,0.058,stop,-0.037,0,EYGYO
2024-12-16,8.246516613076132,0.311,stop,-0.037,3,EYGYO
2025-02-07,8.211408634481,0.07,hedef,0.093,9,EYGYO
2025-02-21,10.349002845054079,0.261,hedef,0.093,1,EYGYO
2025-02-24,13.732967644080897,0.369,stop,-0.037,0,EYGYO
2025-06-05,13.569460926145682,0.216,stop,-0.037,4,EYGYO
2025-09-12,14.226243457488893,0.629,stop,-0.12520330969267146,1,EYGYO
2025-10-28,47.92910902240178,0.798,stop,-0.037,1,EYGYO
2026-01-21,10.181679824978598,0.578,stop,-0.037,3,EYGYO
2026-02-04,8.692043516236275,0.447,stop,-0.037,0,EYGYO
2026-02-25,30.85830387204023,0.46,hedef,0.093,1,EYGYO
2026-02-26,12.556778160256282,0.54,stop,-0.037,0,EYGYO
2026-03-19,29.049941083225548,0.338,stop,-0.037,1,EYGYO
2026-05-11,17.84350176474512,0.311,stop,-0.037,2,EYGYO
2024-09-17,35.39306846999155,0.759,stop,-0.037,1,FMIZP
2024-09-18,24.27830866279433,0.965,stop,-0.037,0,FMIZP
2024-10-21,8.601437258153675,0.406,stop,-0.037,0,FMIZP
2024-10-28,12.363853979652903,0.531,stop,-0.037,5,FMIZP
2024-10-30,16.385257301808068,0.733,stop,-0.037,0,FMIZP
2024-12-19,20.293159609120522,0.686,stop,-0.037,0,FMIZP
2025-03-19,8.903553299492385,0.64,stop,-0.037,1,FMIZP
2025-04-21,24.18994413407821,0.828,hedef,0.093,3,FMIZP
2025-06-05,36.69291338582678,0.209,stop,-0.037,0,FMIZP
2025-08-25,16.658004158004157,0.594,stop,-0.037,0,FMIZP
2025-09-02,23.686052324612564,0.932,stop,-0.037,0,FMIZP
2025-10-28,45.78681552365763,0.477,stop,-0.037,1,FMIZP
2026-03-18,9.414715719063546,0.286,stop,-0.037,1,FMIZP
2026-03-19,13.997283838841104,0.239,stop,-0.037,1,FMIZP
2026-04-28,22.16533940083428,0.322,stop,-0.037,0,FMIZP
2026-05-26,14.186888037462749,0.212,acik,,6,FMIZP
2024-07-24,12.218642532018373,0.451,stop,-0.037,1,FONET
2024-07-29,14.945268126489342,1.116,hedef,0.093,1,FONET
2024-07-30,9.645937430380945,1.121,hedef,0.11349180356691779,1,FONET
2024-09-03,18.6313574797964,0.423,stop,-0.037,0,FONET
2024-10-16,14.083455367631467,0.197,stop,-0.037,0,FONET
2024-11-07,12.494863701578362,0.206,stop,-0.037,0,FONET
2025-03-07,15.832865431405905,0.152,stop,-0.037,1,FONET
2025-03-27,13.29846570062641,0.176,stop,-0.037,1,FONET
2025-06-05,45.79612790475334,0.137,stop,-0.11452688402513023,4,FONET
2025-06-18,8.318997296633043,0.249,stop,-0.037,0,FONET
2025-07-25,18.128460823021438,0.379,stop,-0.037,0,FONET
2025-10-10,33.30843275309856,0.404,hedef,0.093,1,FONET
2025-10-17,8.683269554521077,0.651,stop,-0.037,0,FONET
2025-10-28,21.642306568925775,0.445,hedef,0.093,2,FONET
2026-03-19,20.105322306709464,0.875,stop,-0.037,0,FONET
2026-04-17,12.450774665504955,0.806,stop,-0.037,0,FONET
2026-05-11,8.914572406143352,0.954,stop,-0.037,1,FONET
2022-06-24,20.02202458947838,-0.216,hedef,0.093,0,GATEG
2023-01-09,21.439452116878375,0.922,stop,-0.037,1,GATEG
2023-04-14,22.297750119674483,0.537,stop,-0.08107407407407408,2,GATEG
2024-02-22,8.987000951760757,0.949,hedef,0.093,2,GATEG
2025-03-19,9.053228544923071,0.827,hedef,0.093,1,GATEG
2025-10-07,8.250098463962189,0.835,stop,-0.037120481927710884,5,GATEG
2025-11-25,10.718688032584812,0.803,hedef,0.093,0,GATEG
2026-01-21,14.26837645981223,1.021,stop,-0.037,0,GATEG
2026-01-30,45.27842314322117,1.05,stop,-0.037,0,GATEG
2024-06-21,19.4562874251497,0.394,stop,-0.037,1,GEDZA
2024-09-24,10.711686520856476,0.127,stop,-0.037,5,GEDZA
2024-11-26,14.48641975308642,0.408,stop,-0.037,1,GEDZA
2025-03-13,32.8559893164384,0.51,stop,-0.037,0,GEDZA
2025-03-14,19.734654043306154,0.362,hedef,0.093,0,GEDZA
2025-04-25,24.480461578809336,0.289,stop,-0.05201607717041789,2,GEDZA
2025-04-28,9.943179035023267,0.364,stop,-0.037,0,GEDZA
2025-05-20,37.12533975784532,0.32,stop,-0.037,0,GEDZA
2025-06-05,24.652984262818187,0.175,stop,-0.037,3,GEDZA
2025-07-28,12.3046511846294,0.332,stop,-0.037,0,GEDZA
2025-09-26,22.08029029442837,0.498,stop,-0.037,5,GEDZA
2025-12-25,112.13291962766489,0.427,stop,-0.037,0,GEDZA
2026-02-25,14.442271880819368,0.511,hedef,0.093,1,GEDZA
2026-03-19,12.39311070620759,0.538,stop,-0.037,1,GEDZA
2026-05-04,16.59010540048752,0.48,hedef,0.093,2,GEDZA
2026-05-07,12.091529109419788,0.646,stop,-0.037,0,GEDZA
2026-05-26,96.48479886772031,0.615,stop,-0.037,2,GEDZA
2026-05-26,28.29567814417767,0.332,hedef,0.093,4,GENKM
2024-06-14,12.42122161518345,0.327,hedef,0.093,16,GENTS
2024-09-12,86.87843014269393,0.233,stop,-0.037,0,GENTS
2024-11-12,16.05663774758553,0.268,stop,-0.037,0,GENTS
2024-12-30,8.727746417716023,0.623,hedef,0.093,0,GENTS
2025-04-30,8.356294588128554,1.031,stop,-0.037,0,GENTS
2025-06-05,76.89798910308308,0.829,hedef,0.093,2,GENTS
2025-10-28,41.74599132934421,0.787,stop,-0.037,2,GENTS
2026-03-02,8.783905395721034,0.524,hedef,0.093,0,GENTS
2026-03-19,24.073909231910445,0.492,stop,-0.037,2,GENTS
2026-04-15,48.19377075628843,0.38,hedef,0.093,4,GENTS
2026-05-26,10.301574753586054,0.421,stop,-0.037,5,GENTS
2024-07-29,10.215390688607668,0.12,stop,-0.037,2,GEREL
2024-08-14,42.60693578383236,0.434,stop,-0.037,0,GEREL
2024-10-01,13.807500857643126,0.463,stop,-0.037,0,GEREL
2024-12-31,16.644833016172644,0.291,stop,-0.037,0,GEREL
2025-03-11,8.646100094877916,0.105,stop,-0.06808597285067863,6,GEREL
2025-04-25,16.105764970670077,0.207,stop,-0.037,1,GEREL
2025-06-05,70.73740071860819,0.469,stop,-0.037,0,GEREL
2025-08-13,26.732773401046074,0.819,stop,-0.037,0,GEREL
2025-10-02,20.64872357104716,0.804,stop,-0.037,0,GEREL
2025-10-28,20.00826030519654,0.592,stop,-0.037,6,GEREL
2025-11-18,15.046079713515839,0.545,hedef,0.095661596958175,1,GEREL
2025-12-17,10.291650048946739,0.692,stop,-0.037,0,GEREL
2026-02-12,15.478305065207937,0.893,hedef,0.093,1,GEREL
2026-03-19,9.947623636669572,0.912,stop,-0.037,0,GEREL
2026-05-26,23.539605508603977,0.911,stop,-0.037,1,GEREL
2024-07-05,12.55959425190871,0.238,stop,-0.037,1,GLBMD
2024-08-05,8.486417657044088,-0.105,hedef,0.093,3,GLBMD
2024-10-01,9.216579861111107,0.055,stop,-0.037,0,GLBMD
2024-10-21,23.222729158025697,0.208,stop,-0.037,0,GLBMD
2024-11-19,41.28027994811306,0.416,hedef,0.093,1,GLBMD
2024-11-29,10.735552599124075,0.554,stop,-0.037,0,GLBMD
2025-04-15,49.255374180940336,0.484,stop,-0.037,0,GLBMD
2025-05-02,13.053417762623802,0.216,stop,-0.037,0,GLBMD
2025-05-22,32.2821109253471,0.216,stop,-0.037,0,GLBMD
2025-07-25,10.857335354556174,0.362,stop,-0.037,9,GLBMD
2025-10-15,20.569773056494448,0.487,stop,-0.037,1,GLBMD
2025-10-22,71.01214864221058,0.435,stop,-0.037,13,GLBMD
2025-12-09,24.603653693407466,0.393,stop,-0.037,0,GLBMD
2026-01-29,66.68398364098596,0.43,stop,-0.037,0,GLBMD
2026-04-10,104.93108201240524,0.348,stop,-0.037,12,GLBMD
2026-05-08,10.63295066708036,0.334,stop,-0.037,9,GLBMD
2026-05-11,12.401264802529605,0.344,stop,-0.037,8,GLBMD
2026-05-26,19.85766594685945,0.361,acik,,6,GLBMD
2024-08-05,10.367459039681787,0.199,stop,-0.037,0,GLCVY
2024-12-06,10.292353417995136,0.937,stop,-0.037,1,GLCVY
2025-06-05,37.73938488357614,0.647,stop,-0.09089830508474583,4,GLCVY
2025-07-30,9.123081435135399,0.94,stop,-0.037,2,GLCVY
2025-09-03,8.927412467976088,0.866,stop,-0.037,0,GLCVY
2025-10-08,49.986166349645515,0.744,stop,-0.037,1,GLCVY
2025-10-09,9.747983870967742,0.802,stop,-0.037,0,GLCVY
2025-10-28,42.5779769881244,0.795,hedef,0.093,7,GLCVY
2025-12-22,18.294061563606647,0.906,stop,-0.037,3,GLCVY
2026-01-26,26.501802613789994,0.844,stop,-0.037,1,GLCVY
2026-03-02,57.29859377053489,0.6,hedef,0.093,0,GLCVY
2026-03-19,11.710114474577013,0.574,stop,-0.037,1,GLCVY
2026-04-13,15.331966304588782,0.51,stop,-0.037,0,GLCVY
2026-04-29,8.163897564022486,0.573,stop,-0.037,8,GLCVY
2026-05-26,11.47993943981832,0.475,acik,,6,GLCVY
2025-06-05,21.737864464919628,0.24,stop,-0.055961424332344405,4,GLRMK
2025-10-28,24.684242795830777,0.801,stop,-0.037,9,GLRMK
2025-12-08,8.554102392130561,0.54,hedef,0.093,26,GLRMK
2026-03-17,8.53723433376767,0.624,stop,-0.037,0,GLRMK
2026-03-19,15.07405278999505,0.55,hedef,0.093,4,GLRMK
2026-04-01,11.92662786800329,0.734,hedef,0.093,4,GLRMK
2026-05-26,14.303415356213252,0.373,stop,-0.037,0,GLRMK
2024-06-24,110.83459393022648,1.791,stop,-0.037,0,GLRYH
2024-08-15,13.318104879130782,0.255,hedef,0.093,1,GLRYH
2024-09-05,15.680918955719015,1.128,stop,-0.037,0,GLRYH
2024-12-05,10.806163241526942,0.313,hedef,0.093,9,GLRYH
2025-03-06,8.819562743875402,0.301,stop,-0.037,0,GLRYH
2025-06-05,25.181006092283205,0.593,hedef,0.093,2,GLRYH
2025-09-24,9.529678671931256,0.67,stop,-0.037,5,GLRYH
2025-10-28,432.0426778679091,0.755,hedef,0.093,2,GLRYH
2026-02-23,39.409286218676144,0.829,stop,-0.037,1,GLRYH
2026-03-11,89.4411019027538,0.981,stop,-0.037,0,GLRYH
2026-05-04,12.497022242189647,0.636,stop,-0.037,0,GLRYH
2024-06-20,10.342925201985954,1.128,stop,-0.037,0,GLYHO
2024-07-11,9.145224000990197,0.448,hedef,0.093,3,GLYHO
2024-11-06,8.832184423016534,0.68,hedef,0.093,3,GLYHO
2024-11-12,9.354436855533338,0.826,stop,-0.037,0,GLYHO
2025-01-23,48.832343429915504,0.993,stop,-0.037,2,GLYHO
2025-01-24,9.954615421935406,0.974,stop,-0.037,1,GLYHO
2025-02-26,28.914768174119008,0.564,hedef,0.093,4,GLYHO
2025-03-19,8.207356480369512,0.769,stop,-0.037,2,GLYHO
2025-06-04,27.48497790579318,0.81,stop,-0.037,0,GLYHO
2025-06-05,9.301414545145207,0.73,stop,-0.037,4,GLYHO
2025-08-08,11.421053370195208,0.965,stop,-0.037,7,GLYHO
2025-09-17,10.975230489165542,0.882,stop,-0.037,0,GLYHO
2025-10-28,62.40315618932189,1.001,stop,-0.037,1,GLYHO
2026-03-02,8.468957699094009,0.914,stop,-0.037,0,GLYHO
2026-03-19,44.996291395444054,0.824,stop,-0.037,1,GLYHO
2026-05-26,13.812662547289431,0.864,acik,,6,GLYHO
2024-06-13,13.54144841336912,1.24,hedef,0.093,1,GMTAS
2024-09-20,543.7117588664121,0.691,stop,-0.037,0,GMTAS
2024-10-28,396.48395014206704,0.579,stop,-0.037,0,GMTAS
2024-11-25,9.030638337435931,0.768,stop,-0.037,1,GMTAS
2025-01-06,25.700825396825508,1.057,stop,-0.037,0,GMTAS
2025-02-28,35.8564109912895,0.834,hedef,0.093,3,GMTAS
2025-04-17,13.244881011081652,0.752,stop,-0.037,6,GMTAS
2025-06-05,14.01491337086056,0.871,hedef,0.093,2,GMTAS
2025-08-11,90.09789872807593,0.749,stop,-0.037,4,GMTAS
2025-09-04,31.80607302533577,0.99,stop,-0.06949999957543818,2,GMTAS
2025-09-08,11.838656181458372,0.868,hedef,0.093,5,GMTAS
2025-09-29,21.56562223883636,1.059,hedef,0.093,1,GMTAS
2025-09-30,27.444273509870108,1.087,hedef,0.11064705882352943,1,GMTAS
2025-10-01,8.097768895413065,1.107,stop,-0.037,0,GMTAS
2025-11-20,10.901017147349688,0.943,stop,-0.037,0,GMTAS
2025-12-15,17.281837704169003,0.927,stop,-0.037,0,GMTAS
2026-01-09,68.59089149786224,1.099,stop,-0.037,1,GMTAS
2026-01-12,12.633986509490883,1.079,stop,-0.037,0,GMTAS
2026-03-02,14.338492512897782,0.748,hedef,0.093,6,GMTAS
2026-03-19,19.455923875970253,0.825,stop,-0.040333333333333325,1,GMTAS
2026-04-22,10.340853279198429,1.042,stop,-0.037,0,GMTAS
2026-05-21,47.50057606890561,0.873,stop,-0.037,0,GMTAS
2024-06-24,76.59890886575778,1.777,stop,-0.037,0,GOKNR
2024-11-12,8.966265932210204,0.254,stop,-0.037,0,GOKNR
2024-12-24,18.546870211461844,0.154,stop,-0.037,0,GOKNR
2025-03-12,52.14282752687281,0.334,stop,-0.037,0,GOKNR
2025-06-05,17.611132845246743,0.261,stop,-0.037,3,GOKNR
2025-08-20,9.22217807169415,0.327,stop,-0.037,5,GOKNR
2025-10-28,30.8904178114346,0.202,stop,-0.04208771929824561,9,GOKNR
2026-02-18,11.350597628817647,0.244,stop,-0.037,5,GOKNR
2026-03-12,15.135257552293403,0.145,stop,-0.037,1,GOKNR
2026-03-19,8.311961678500083,0.096,stop,-0.037,1,GOKNR
2026-05-26,44.865367789846566,0.309,stop,-0.037,3,GOKNR
2024-09-06,14.270160976747801,0.632,stop,-0.037,0,GRSEL
2024-11-08,15.925247343349213,0.74,hedef,0.093,4,GRSEL
2025-02-27,13.606444452948606,0.648,hedef,0.093,1,GRSEL
2025-04-24,8.713318284424378,0.877,hedef,0.093,4,GRSEL
2025-06-05,52.82944703530979,0.773,stop,-0.037,1,GRSEL
2025-10-16,10.595688258115208,0.932,stop,-0.037,3,GRSEL
2025-10-28,18.262198033037333,0.834,stop,-0.037,17,GRSEL
2025-11-24,17.535419126328218,0.745,hedef,0.093,10,GRSEL
2026-03-19,78.90805492418346,0.758,stop,-0.037,0,GRSEL
2026-04-08,10.084653314133613,0.732,stop,-0.037,0,GRSEL
2026-05-26,8.381909856730001,0.71,acik,,6,GRSEL
2024-08-05,9.569039412011453,-0.054,stop,-0.037,0,GSDDE
2024-10-31,50.39375400156506,0.148,hedef,0.093,1,GSDDE
2024-11-27,13.405424728540149,0.224,hedef,0.093,2,GSDDE
2024-12-12,48.9802367812839,0.862,stop,-0.037,3,GSDDE
2025-03-19,13.645105827948065,0.22,stop,-0.037,2,GSDDE
2025-04-08,11.114502809150984,0.429,stop,-0.037,1,GSDDE
2025-05-13,13.357370225269344,0.366,stop,-0.037,3,GSDDE
2025-06-05,22.762839191963902,0.341,hedef,0.1001428571428572,3,GSDDE
2025-09-10,8.71171132790866,0.951,stop,-0.037,0,GSDDE
2025-10-28,19.709544684398782,0.619,stop,-0.037,9,GSDDE
2025-12-12,9.665519531485842,0.631,stop,-0.037,2,GSDDE
2026-01-20,12.408554441387878,0.692,stop,-0.037,1,GSDDE
2026-03-12,54.86364267209475,0.679,stop,-0.037,0,GSDDE
2026-04-29,34.785854616895875,0.884,stop,-0.037,0,GSDDE
2026-04-30,9.668437896953305,1.135,hedef,0.20155614973262026,2,GSDDE
2026-05-06,20.828782820765817,1.174,stop,-0.037,0,GSDDE
2026-05-26,8.69940234851093,0.475,stop,-0.037,3,GSDDE
2024-12-02,17.58116514552967,0.274,stop,-0.037,0,GUNDG
2025-02-19,9.744162805487417,0.535,stop,-0.037,0,GUNDG
2025-04-07,53.4428707829408,0.534,stop,-0.037,0,GUNDG
2025-06-05,15.991148280668476,0.504,stop,-0.05025259515570934,4,GUNDG
2025-07-11,8.242231565993231,0.714,stop,-0.037,0,GUNDG
2025-10-28,37.17217290059671,0.854,stop,-0.037,1,GUNDG
2025-11-24,9.563019449918603,1.127,stop,-0.037,0,GUNDG
2026-02-05,22.605543318649048,0.802,stop,-0.037,1,GUNDG
2026-02-06,18.25700415277534,0.896,stop,-0.037,0,GUNDG
2026-03-19,13.200201069323217,0.884,stop,-0.037,0,GUNDG
2026-04-09,8.371779141104295,1.035,stop,-0.037,0,GUNDG
2026-05-20,10.886199220923762,0.998,hedef,0.09520440881763526,2,GUNDG
2026-05-25,11.905535343035343,1.103,stop,-0.037,0,GUNDG
2026-05-26,43.85983609018042,0.757,hedef,0.093,0,GUNDG
2025-04-09,8.671538684711953,0.344,stop,-0.037,8,GWIND
2025-05-06,12.411312369106808,0.044,stop,-0.037,10,GWIND
2025-06-05,25.200850996769365,0.106,stop,-0.037,3,GWIND
2025-10-28,21.240098368324894,0.314,stop,-0.037,9,GWIND
2026-03-19,28.487187695531336,0.379,hedef,0.093,6,GWIND
2026-04-29,12.09920280157774,0.679,hedef,0.093,1,GWIND
2026-05-26,16.40492765556336,0.483,stop,-0.037,4,GWIND
2024-06-26,16.442368765178404,-0.117,stop,-0.037,0,GZNMI
2024-07-23,131.05045556970705,0.836,stop,-0.037,3,GZNMI
2024-08-29,17.064906400719366,1.154,hedef,0.093,5,GZNMI
2024-10-21,15.79970688812897,1.033,stop,-0.037,0,GZNMI
2024-11-26,359.93465249786243,0.97,hedef,0.093,1,GZNMI
2025-01-14,12.447885646217987,0.96,stop,-0.037,11,GZNMI
2025-01-29,36.502834128878284,0.839,stop,-0.037,2,GZNMI
2025-02-26,10.14595158114213,0.811,hedef,0.093,7,GZNMI
2025-03-19,18.021818181818183,0.902,hedef,0.093,1,GZNMI
2025-03-24,12.219835894047028,0.953,hedef,0.093,2,GZNMI
2025-04-10,15.315201038378714,0.974,hedef,0.093,0,GZNMI
2025-05-26,34.51883248241981,0.846,stop,-0.037,1,GZNMI
2025-08-15,39.66748985711766,1.021,hedef,0.093,1,GZNMI
2025-10-10,11.704001320931257,0.831,stop,-0.037,1,GZNMI
2025-10-28,21.16378750487076,0.756,stop,-0.037,0,GZNMI
2025-11-20,15.958405388186037,0.247,hedef,0.093,0,GZNMI
2025-11-25,27.936774374038325,0.183,stop,-0.037,0,GZNMI
2025-12-31,9.975824331336383,0.11,stop,-0.037,0,GZNMI
2026-02-10,8.58226647700332,0.074,hedef,0.093,0,GZNMI
2026-02-11,13.665583111143576,0.092,stop,-0.037,0,GZNMI
2026-02-13,9.571679782299068,0.103,hedef,0.1194069264069263,1,GZNMI
2026-03-05,24.911923832125552,0.112,stop,-0.037,0,GZNMI
2026-04-17,8.94817770188522,0.183,stop,-0.037,0,GZNMI
2026-05-26,304.7700527675358,0.137,stop,-0.037,0,GZNMI
2024-11-06,8.477216886307795,0.13,hedef,0.09872259941804062,2,HATEK
2024-11-08,41.49769293612712,0.272,stop,-0.037,0,HATEK
2024-12-09,25.660582141095215,0.403,stop,-0.037,1,HATEK
2025-03-11,18.033753013661933,1.115,stop,-0.037,0,HATEK
2025-05-21,10.581035492235204,0.899,stop,-0.037,0,HATEK
2025-07-01,29.80670943888647,0.527,stop,-0.10620283436669609,1,HATEK
2025-07-03,18.633927095207845,0.385,hedef,0.093,0,HATEK
2025-07-24,8.681830790568654,0.385,stop,-0.037,4,HATEK
2025-08-25,229.5159455616494,0.514,stop,-0.037,0,HATEK
2025-10-28,20.14125911503073,0.249,stop,-0.037,7,HATEK
2026-02-17,47.697111631537865,0.309,stop,-0.037,0,HATEK
2026-03-09,14.199821278525416,0.16,hedef,0.093,1,HATEK
2026-04-20,15.460355398524369,0.287,stop,-0.037,0,HATEK
2026-04-24,26.411920754078004,0.345,stop,-0.037,0,HATEK
2026-05-26,32.928615316431475,0.279,hedef,0.093,2,HATEK
2024-06-21,16.148048841567146,0.561,stop,-0.10325000000000006,1,HRKET
2025-03-12,14.361543827016973,0.042,stop,-0.07669696969696971,5,HRKET
2025-06-05,110.78137870141569,0.604,stop,-0.08429468599033807,4,HRKET
2025-09-18,13.924903573586132,0.568,hedef,0.14114814814814813,2,HRKET
2025-09-22,20.743679749057097,0.805,stop,-0.037,0,HRKET
2025-10-28,40.86371015348288,0.44,stop,-0.037,9,HRKET
2026-03-02,12.14231880417033,0.25,hedef,0.093,1,HRKET
2026-05-12,9.54121613412708,0.566,stop,-0.037,0,HRKET
2026-05-26,18.495639149567893,0.701,hedef,0.13260113960113962,2,HRKET
2024-06-24,9.72374283896347,1.089,stop,-0.037,0,HTTBT
2024-08-02,9.465750981090162,1.0,stop,-0.037,0,HTTBT
2024-10-10,17.285151116917188,0.796,stop,-0.037,1,HTTBT
2025-03-04,26.009477311889718,0.582,stop,-0.037,0,HTTBT
2025-05-09,11.81202782556661,0.634,stop,-0.037,11,HTTBT
2025-06-05,32.38820029747149,0.521,stop,-0.0987849898580121,4,HTTBT
2025-07-01,90.20453289110006,0.575,stop,-0.037,0,HTTBT
2025-08-12,28.09115776291072,0.741,hedef,0.093,2,HTTBT
2025-09-23,8.50036083714217,0.879,stop,-0.04889723320158112,3,HTTBT
2025-10-28,46.66523235800344,0.778,stop,-0.037,1,HTTBT
2025-12-10,9.22680412371134,0.72,stop,-0.037,0,HTTBT
2026-02-02,16.493266566191842,0.685,stop,-0.037,13,HTTBT
2026-02-09,12.01085469305847,0.705,stop,-0.037,2,HTTBT
2026-03-02,11.841370245625566,0.496,stop,-0.037,2,HTTBT
2026-03-19,25.422989272413986,0.395,hedef,0.093,15,HTTBT
2026-04-13,13.80224003236164,0.514,hedef,0.093,18,HTTBT
2026-05-26,24.181976491075314,0.511,hedef,0.093,5,HTTBT
2024-08-20,21.753419616314748,0.109,stop,-0.037,1,HUNER
2024-12-31,31.64299270380836,0.5,stop,-0.037,0,HUNER
2025-03-10,9.344604780985971,0.5,stop,-0.037,2,HUNER
2025-03-11,32.39636487583835,0.574,stop,-0.037,0,HUNER
2025-06-05,21.13453503472418,0.27,stop,-0.08171264367816089,4,HUNER
2025-07-02,28.46449298830718,0.404,stop,-0.037,0,HUNER
2025-07-23,22.23854096507926,0.93,stop,-0.037,0,HUNER
2025-08-20,8.538275973715052,0.565,stop,-0.037,5,HUNER
2025-10-28,15.655846861969497,0.409,stop,-0.037,8,HUNER
2026-02-02,8.122855798280687,0.148,hedef,0.09924999999999995,10,HUNER
2026-03-19,32.95358731014303,0.104,stop,-0.037,1,HUNER
2026-05-14,9.983955873102463,0.404,stop,-0.037,0,HUNER
2026-05-26,23.949618775684108,0.517,stop,-0.037,0,HUNER
2024-08-05,17.63711869007541,0.139,stop,-0.037,8,HURGZ
2024-09-06,26.55456357805322,0.193,stop,-0.037,0,HURGZ
2024-10-30,18.439749152503616,0.211,stop,-0.037,2,HURGZ
2024-12-04,27.064718377415375,0.523,stop,-0.037,0,HURGZ
2025-01-02,38.102466642910876,0.771,stop,-0.037,0,HURGZ
2025-01-30,14.403514457527637,0.729,stop,-0.037,0,HURGZ
2025-06-05,16.355144307503284,0.869,stop,-0.037,4,HURGZ
2025-07-17,11.031133984480807,0.868,stop,-0.037,0,HURGZ
2025-10-28,22.30175616345829,0.536,stop,-0.037,4,HURGZ
2025-11-18,28.02560685636644,0.496,stop,-0.04248387096774186,1,HURGZ
2025-12-22,8.978548219356716,0.394,stop,-0.037,5,HURGZ
2026-02-02,25.35952806321267,0.419,stop,-0.037,0,HURGZ
2026-03-16,23.774132173855833,0.617,stop,-0.037,0,HURGZ
2026-03-19,14.07413642794126,0.408,hedef,0.093,1,HURGZ
2026-04-21,10.59146707371782,0.506,stop,-0.037,1,HURGZ
2026-04-27,12.900952683351854,0.723,stop,-0.037,0,HURGZ
2026-05-26,12.827255306676388,0.746,stop,-0.037,0,HURGZ
2024-07-09,9.759901231359043,0.519,stop,-0.037,1,ICBCT
2024-07-11,9.505588829969861,0.439,hedef,0.093,2,ICBCT
2024-08-27,18.397294515512424,0.129,stop,-0.037,0,ICBCT
2024-09-16,35.24478914202618,0.337,stop,-0.037,0,ICBCT
2024-10-30,11.36673571551873,0.185,hedef,0.10548073959938364,18,ICBCT
2025-02-03,8.110429942728079,0.301,stop,-0.037,0,ICBCT
2025-03-11,40.914654625517784,0.378,stop,-0.037,0,ICBCT
2025-05-02,14.977160988876879,0.253,stop,-0.037,0,ICBCT
2025-06-05,21.62571073786027,0.819,stop,-0.037,0,ICBCT
2025-08-20,8.105543085781205,0.866,stop,-0.037,0,ICBCT
2025-10-28,29.000390363595805,0.475,stop,-0.037,7,ICBCT
2026-02-02,8.717042125467218,0.375,stop,-0.037,0,ICBCT
2026-03-12,32.68232944883855,0.431,stop,-0.037,0,ICBCT
2026-03-19,9.241251923753657,0.439,stop,-0.037,1,ICBCT
2026-04-30,9.607589559635626,0.773,stop,-0.037,0,ICBCT
2026-05-20,39.30269222658486,1.085,stop,-0.037,0,ICBCT
2026-05-22,10.081329340943826,1.142,hedef,0.12811111111111118,1,ICBCT
2026-05-26,51.56952745325915,1.182,stop,-0.037,0,ICBCT
2024-07-01,47.97893094030433,0.21,stop,-0.037,0,ICUGS
2024-08-27,14.515880702277187,0.719,hedef,0.093,4,ICUGS
2024-09-18,37.54968017057569,0.686,stop,-0.037,0,ICUGS
2024-10-10,15.905029359203471,0.585,hedef,0.093,1,ICUGS
2024-11-08,8.022354053821683,0.726,stop,-0.037,7,ICUGS
2024-11-25,75.35564853556485,0.859,stop,-0.037,2,ICUGS
2025-01-29,9.618859944246852,0.811,hedef,0.093,8,ICUGS
2025-02-24,12.997969543147208,0.73,stop,-0.037,0,ICUGS
2025-02-25,27.68366886561231,0.589,stop,-0.037,0,ICUGS
2025-02-26,9.604354857796537,0.462,stop,-0.12270631970260226,1,ICUGS
2025-04-29,59.195219246706664,0.093,stop,-0.037,0,ICUGS
2025-05-22,19.651017099056602,0.041,hedef,0.093,1,ICUGS
2025-05-23,19.470816537451565,0.087,stop,-0.037,0,ICUGS
2025-06-05,32.2473062787942,0.094,stop,-0.037,0,ICUGS
2025-07-21,11.234452455729052,0.441,hedef,0.10935220125786149,1,ICUGS
2025-10-22,22.083914069920905,0.441,hedef,0.09677358490566024,1,ICUGS
2025-10-23,11.318137020403444,0.495,stop,-0.037,0,ICUGS
2025-10-28,20.64922697632308,0.431,hedef,0.093,1,ICUGS
2026-02-17,20.119229515013657,0.485,stop,-0.037,0,ICUGS
2026-03-19,26.034899852332714,0.378,stop,-0.037,6,ICUGS
2026-05-07,13.714058264702208,1.05,stop,-0.037,0,ICUGS
2024-06-25,9.434803229387862,0.882,hedef,0.093,3,IHAAS
2024-07-23,10.11503081851734,0.799,stop,-0.037,0,IHAAS
2024-10-01,9.893942182430994,0.121,stop,-0.037,0,IHAAS
2024-10-31,13.975363454339687,0.229,stop,-0.09601613742842274,1,IHAAS
2024-11-01,41.2042838815239,0.121,hedef,0.093,0,IHAAS
2024-11-22,20.502281627237128,0.256,hedef,0.093,6,IHAAS
2025-01-29,106.83414795791568,0.152,hedef,0.10966666666666669,1,IHAAS
2025-01-30,14.060227511654714,0.285,stop,-0.037,0,IHAAS
2025-03-14,52.84840146276114,0.28,hedef,0.15383916083916083,1,IHAAS
2025-03-17,31.08050723192605,0.483,stop,-0.037,0,IHAAS
2025-05-20,8.798596901490791,0.45,stop,-0.037,0,IHAAS
2025-06-05,53.79749504491207,0.529,hedef,0.093,1,IHAAS
2025-10-21,17.255353783058155,0.576,stop,-0.037,0,IHAAS
2025-10-28,18.749869105378895,0.674,hedef,0.093,4,IHAAS
2025-12-01,44.323811931243675,0.643,hedef,0.093,10,IHAAS
2026-01-05,13.41796875,0.799,stop,-0.037,2,IHAAS
2026-01-21,20.206423096816668,1.045,hedef,0.11651778656126488,1,IHAAS
2026-02-25,38.38637626190066,0.886,hedef,0.093,0,IHAAS
2026-04-07,35.231781602771875,0.649,stop,-0.1089809244314014,1,IHAAS
2026-04-08,50.46250324969722,0.563,hedef,0.093,0,IHAAS
2026-05-26,151.27311185765834,0.82,hedef,0.093,2,IHAAS
2024-11-06,16.91484110027641,0.151,stop,-0.037,1,IHEVA
2024-12-04,9.63513482951128,0.346,stop,-0.037,0,IHEVA
2025-02-11,9.111158182884703,0.198,stop,-0.037,0,IHEVA
2025-07-21,10.828825024850676,0.158,hedef,0.093,3,IHEVA
2025-08-11,9.80809479570194,0.309,stop,-0.03937410071942437,2,IHEVA
2025-09-26,31.445480570598285,0.399,stop,-0.037,3,IHEVA
2026-01-14,18.484584800332,0.144,stop,-0.037,0,IHEVA
2026-03-02,17.299024638515515,0.07,hedef,0.093,6,IHEVA
2026-04-29,14.767285389268077,0.161,stop,-0.037,0,IHEVA
2024-10-18,10.53911496185445,0.087,stop,-0.037,0,IHLAS
2025-01-10,12.10561424689578,0.852,stop,-0.037,0,IHLAS
2025-02-12,12.872161554327143,0.519,stop,-0.037,0,IHLAS
2025-06-05,10.999876862455363,0.343,stop,-0.09588888888888902,4,IHLAS
2025-07-10,15.66276003576756,0.41,stop,-0.037,0,IHLAS
2025-08-11,15.013678870076134,0.644,hedef,0.093,2,IHLAS
2025-10-28,13.993718312542084,0.582,stop,-0.037,0,IHLAS
2025-12-29,45.18720868656334,0.405,stop,-0.037,0,IHLAS
2026-02-16,14.047759286819064,0.395,stop,-0.037,0,IHLAS
2024-09-16,10.784681899540807,0.138,stop,-0.037,0,IHLGM
2024-11-07,23.919869160847114,0.472,stop,-0.037,0,IHLGM
2025-02-11,23.260456902238673,0.408,hedef,0.1255966850828728,1,IHLGM
2025-04-18,9.509183420685392,0.352,stop,-0.037,0,IHLGM
2025-05-07,9.334623565832306,0.503,stop,-0.037,0,IHLGM
2025-06-05,38.83687297656325,0.497,stop,-0.037,3,IHLGM
2025-08-11,38.49663278838109,1.064,stop,-0.037,2,IHLGM
2025-10-28,21.5928920703834,0.676,hedef,0.093,3,IHLGM
2025-12-29,29.712310809761284,0.46,stop,-0.037,0,IHLGM
2026-01-22,9.572000137865272,0.424,stop,-0.037,6,IHLGM
2026-02-16,19.330592462440524,0.472,stop,-0.037,2,IHLGM
2026-02-17,24.396001538843134,0.512,stop,-0.037,0,IHLGM
2026-03-11,26.95080272414496,0.4,stop,-0.037,0,IHLGM
2026-05-26,13.41460721137479,0.38,stop,-0.037,5,IHLGM
2024-08-14,50.372727208734275,0.608,stop,-0.10681851179673318,1,IHYAY
2024-09-03,19.959616747604674,0.163,stop,-0.037,0,IHYAY
2024-10-02,9.130293667073456,0.155,stop,-0.037,0,IHYAY
2024-10-24,12.72898749242135,0.224,stop,-0.037,0,IHYAY
2024-12-04,11.04012471468071,0.361,stop,-0.12953829321663035,1,IHYAY
2025-01-30,22.42487961711657,0.125,stop,-0.037,0,IHYAY
2025-02-12,10.30933748762167,0.153,stop,-0.037,0,IHYAY
2025-03-14,26.601411673519866,0.07,stop,-0.037,0,IHYAY
2025-06-05,17.901449408579463,0.034,stop,-0.037,4,IHYAY
2025-08-08,17.296739341538327,0.16,stop,-0.037,0,IHYAY
2025-08-11,11.144602350793352,0.164,stop,-0.037,1,IHYAY
2025-10-28,20.552824954985642,0.104,hedef,0.093,5,IHYAY
2026-02-16,26.45626755660128,0.019,stop,-0.037,3,IHYAY
2026-03-19,25.426319510144936,0.024,stop,-0.037,1,IHYAY
2026-05-06,10.45843668544522,0.037,stop,-0.037,8,IHYAY
2026-05-26,29.32402345755056,0.017,acik,,6,IHYAY
2024-06-21,18.91200816419095,1.395,stop,-0.037,0,IMASM
2024-11-11,20.346592487706577,0.188,stop,-0.037,0,IMASM
2024-11-18,30.768302054579756,0.451,stop,-0.037,6,IMASM
2024-12-16,10.4824947211414,0.542,stop,-0.037,0,IMASM
2025-02-07,10.822962116700495,0.251,stop,-0.037,3,IMASM
2025-02-24,21.016470521790083,0.28,stop,-0.037,1,IMASM
2025-04-30,19.938057065662445,0.377,stop,-0.037,0,IMASM
2025-06-05,19.031227266024104,0.474,stop,-0.07278947368421063,4,IMASM
2025-10-28,73.2495195691627,0.772,hedef,0.093,1,IMASM
2025-12-09,23.262004133313457,0.64,hedef,0.093,2,IMASM
2026-02-11,10.94804943157338,0.684,stop,-0.037,0,IMASM
2026-03-02,10.810695039631762,0.365,stop,-0.037,5,IMASM
2026-03-19,17.989136875062368,0.343,stop,-0.037,1,IMASM
2026-05-26,14.985416022820198,0.273,acik,,6,IMASM
2025-06-05,31.966833907162783,0.134,stop,-0.04637007874015752,4,INDES
2025-08-04,10.141171227036665,0.509,hedef,0.093,8,INDES
2025-08-25,18.161747751902237,0.763,stop,-0.037,2,INDES
2025-09-17,13.802828902522155,0.663,stop,-0.037,18,INDES
2025-10-28,24.96806291646038,0.66,stop,-0.037,9,INDES
2026-03-11,150.30932797056832,0.766,stop,-0.037,2,INDES
2026-05-12,15.749146951302198,0.98,stop,-0.037,0,INDES
2026-05-26,11.868882402786932,0.912,hedef,0.093,2,INDES
2024-06-14,16.17249597423503,0.413,stop,-0.037,0,INFO
2024-09-23,17.201701581186246,0.343,stop,-0.037,0,INFO
2024-11-11,15.290749409988663,0.047,hedef,0.093,9,INFO
2024-12-06,8.377183164580025,0.518,hedef,0.093,5,INFO
2025-01-22,62.458459348870306,0.782,stop,-0.037,2,INFO
2025-01-27,29.474656301794788,0.694,stop,-0.037,2,INFO
2025-01-29,14.37508375865576,0.655,stop,-0.037,0,INFO
2025-03-19,11.752245952544623,0.234,stop,-0.037,1,INFO
2025-06-05,48.80757392292974,0.407,stop,-0.037,0,INFO
2025-07-10,9.10714268170982,1.087,stop,-0.037,0,INFO
2025-09-01,8.59236226142707,0.931,stop,-0.037,0,INFO
2025-10-16,8.071431775619851,0.915,stop,-0.037,0,INFO
2025-10-28,16.216497497484227,0.837,hedef,0.093,1,INFO
2026-04-08,14.505897242923401,0.384,hedef,0.093,18,INFO
2026-05-11,64.41375497735493,0.577,stop,-0.037,0,INFO
2024-08-08,31.85693641618497,0.802,stop,-0.037,0,INGRM
2024-12-25,10.189655172413794,0.195,hedef,0.093,7,INGRM
2025-02-19,10.642398286937901,0.009,stop,-0.037,2,INGRM
2025-03-07,15.323318092749837,0.27,hedef,0.093,1,INGRM
2025-03-10,15.581154543101217,0.415,stop,-0.037,0,INGRM
2025-06-05,40.80194410692588,0.044,stop,-0.03948099516240499,4,INGRM
2025-07-14,55.50802139037433,0.237,hedef,0.093,29,INGRM
2025-09-04,13.071200850159405,0.547,stop,-0.037,0,INGRM
2025-09-05,10.112464854732895,0.712,stop,-0.037,0,INGRM
2025-10-28,23.746031746031747,0.303,hedef,0.093,3,INGRM
2026-01-20,21.194174757281555,0.541,stop,-0.037,0,INGRM
2026-01-22,8.034682080924856,0.61,stop,-0.037,0,INGRM
2026-03-02,82.97297297297298,0.078,hedef,0.093,1,INGRM
2026-03-19,43.53917050691244,0.175,stop,-0.037,5,INGRM
2026-04-13,10.110599078341014,0.242,hedef,0.093,13,INGRM
2026-05-26,44.200913242009136,0.313,hedef,0.093,2,INGRM
2022-08-01,16.057367829021373,0.929,stop,-0.037,0,INTEK
2022-09-30,23.190291001743326,1.447,stop,-0.037,1,INTEK
2022-11-24,16.014114533558775,1.182,hedef,0.20165904990980155,2,INTEK
2023-09-12,10.172138986292635,0.643,stop,-0.037,0,INTEK
2024-08-28,9.25754060324826,0.323,stop,-0.037,0,INTEM
2024-08-29,9.777327935222672,0.744,stop,-0.037,0,INTEM
2024-10-18,24.01766004415011,0.517,stop,-0.037,0,INTEM
2024-11-15,19.37700964630225,0.559,stop,-0.037,0,INTEM
2024-12-04,14.687022900763358,0.374,hedef,0.093,3,INTEM
2025-04-11,11.58001916626737,0.463,stop,-0.037,0,INTEM
2025-06-05,9.146496815286625,0.071,stop,-0.037,4,INTEM
2025-09-12,26.343162293940097,1.064,stop,-0.037,0,INTEM
2025-10-03,15.628852240546395,0.865,stop,-0.037,0,INTEM
2025-10-17,9.719154538140861,0.889,stop,-0.037,0,INTEM
2025-10-23,13.620663020978158,0.609,hedef,0.093,2,INTEM
2025-10-28,9.14534686149813,0.853,stop,-0.037,7,INTEM
2025-12-08,12.400589101620028,0.587,hedef,0.093,15,INTEM
2026-01-16,21.2948123154787,0.877,stop,-0.037,0,INTEM
2026-01-19,84.91640614380862,0.716,hedef,0.093,3,INTEM
2026-03-03,26.182457358621587,0.506,stop,-0.09962048192771089,1,INTEM
2026-05-26,8.610278372591006,0.364,stop,-0.037,2,INTEM
2024-07-26,13.279284430647667,0.751,stop,-0.037,0,INVEO
2024-09-03,9.284179865283088,0.095,stop,-0.037,5,INVEO
2024-09-27,35.26357034061058,0.272,stop,-0.037,0,INVEO
2024-10-31,9.951399487323862,0.11,stop,-0.037,2,INVEO
2024-11-01,15.068015288835477,0.122,stop,-0.037,1,INVEO
2025-01-06,12.835946776753115,0.13,hedef,0.13773684210526305,1,INVEO
2025-01-07,19.767978715079426,0.396,stop,-0.037,0,INVEO
2025-03-19,8.295162083224893,0.031,stop,-0.037,1,INVEO
2025-05-20,141.32278899455832,0.218,stop,-0.037,1,INVEO
2025-06-05,15.949837662998425,0.102,hedef,0.093,1,INVEO
2025-07-11,20.075756427167196,0.528,stop,-0.037,0,INVEO
2025-08-06,66.36136217160625,1.058,hedef,0.093,1,INVEO
2025-08-07,19.972166766653892,1.12,stop,-0.037,0,INVEO
2025-10-21,11.607711424748016,0.557,stop,-0.037,0,INVEO
2025-10-28,22.32443058919948,0.589,stop,-0.037,2,INVEO
2026-01-26,12.5121665772663,0.331,stop,-0.037,5,INVEO
2026-03-02,18.371012132700617,0.158,stop,-0.037,3,INVEO
2026-03-19,16.176855397246463,0.178,stop,-0.037,1,INVEO
2026-05-15,21.886144420938322,0.347,stop,-0.037,2,INVEO
2023-03-20,40.77707327617263,0.403,stop,-0.037,2,ISBIR
2023-05-10,9.823777295364577,0.372,hedef,0.093,2,ISBIR
2024-09-18,13.31755280407866,0.459,stop,-0.037,3,ISBIR
2025-07-18,23.188101487314086,0.323,hedef,0.093,2,ISBIR
2025-08-11,11.719277164117022,0.342,stop,-0.05400000000000004,1,ISBIR
2025-11-21,9.579941996444942,0.31,stop,-0.04704214963119079,2,ISBIR
2022-02-18,9.900000002558787,1.177,stop,-0.037,2,ISBTR
2023-06-13,13.68421052631579,0.968,hedef,0.20224206434895275,2,ISBTR
2023-09-01,9.487179487179487,1.107,hedef,0.09300390294672478,1,ISBTR
2023-10-04,8.157894736842106,0.602,hedef,0.093,0,ISBTR
2024-07-18,10.205675725642626,0.946,hedef,0.093,1,IZFAS
2024-09-30,22.590909090912135,0.723,stop,-0.037,0,IZFAS
2024-10-01,33.272680265317796,0.506,stop,-0.10433441071172955,1,IZFAS
2025-01-06,8.108670285624903,0.798,hedef,0.093,3,IZFAS
2025-01-30,8.623381895972763,0.817,stop,-0.037,0,IZFAS
2025-02-14,21.495421521000917,0.681,hedef,0.093,8,IZFAS
2025-06-05,18.626563769292712,0.971,stop,-0.037,2,IZFAS
2025-06-30,44.47174196184393,1.001,stop,-0.037,0,IZFAS
2025-07-31,10.830168683212289,0.901,stop,-0.037,7,IZFAS
2025-10-28,47.992435479094816,0.737,stop,-0.037,2,IZFAS
2025-11-19,30.143371810898476,0.695,stop,-0.037,0,IZFAS
2025-12-24,8.944242678470907,0.697,hedef,0.093,2,IZFAS
2026-02-23,10.699293935583736,0.815,stop,-0.037,0,IZFAS
2026-03-19,222.49138407303215,0.781,stop,-0.037,9,IZFAS
2026-04-14,14.426518737170708,0.756,hedef,0.093,1,IZFAS
2026-04-17,8.923110141194801,1.047,stop,-0.037,0,IZFAS
2026-05-26,13.15493000825832,0.859,stop,-0.037,2,IZFAS
2024-06-24,20.21318120402342,0.407,stop,-0.037,1,IZINV
2024-06-28,14.334413769978763,0.773,stop,-0.037,0,IZINV
2024-07-24,35.73595954218791,0.915,stop,-0.037,1,IZINV
2024-08-20,36.29410271596581,1.057,stop,-0.037,0,IZINV
2024-11-19,18.000848896434636,0.14,stop,-0.037,0,IZINV
2025-03-10,41.279105867742935,0.224,stop,-0.037,0,IZINV
2025-03-11,10.340226817878586,0.296,stop,-0.037,0,IZINV
2025-05-06,20.59637404580153,0.287,hedef,0.093,1,IZINV
2025-05-07,8.136197875376565,0.367,stop,-0.037,0,IZINV
2025-06-05,12.392362890825218,0.246,stop,-0.05355326768128909,3,IZINV
2025-07-16,16.68226872246696,0.343,stop,-0.037,1,IZINV
2025-10-28,84.3770051157548,0.676,stop,-0.037,0,IZINV
2025-12-08,9.139470013947001,0.676,stop,-0.037,0,IZINV
2026-01-02,15.257672264041691,0.507,hedef,0.093,1,IZINV
2026-03-23,33.15781274341798,0.46,hedef,0.093,1,IZINV
2026-04-29,16.622579121398203,0.676,stop,-0.037,0,IZINV
2026-05-11,18.09516516056568,0.878,stop,-0.037,0,IZINV
2024-09-02,21.765258668465822,0.221,hedef,0.093,1,JANTS
2024-09-03,9.24790652385589,0.363,stop,-0.037,0,JANTS
2024-09-20,10.302228835523751,0.494,stop,-0.037,0,JANTS
2024-12-17,45.485227153621295,0.4,stop,-0.037,0,JANTS
2025-03-06,11.223098120618008,0.151,stop,-0.037,0,JANTS
2025-06-05,21.282628055521435,0.029,stop,-0.07127870461236496,4,JANTS
2025-08-15,15.92160247314502,0.391,hedef,0.10337037037037045,1,JANTS
2025-08-18,9.590383022456743,0.532,stop,-0.037,0,JANTS
2025-09-10,31.538589785804497,0.291,stop,-0.037,0,JANTS
2025-10-28,53.064829124882344,0.121,stop,-0.037,7,JANTS
2026-01-05,25.05698442332878,0.099,stop,-0.037,1,JANTS
2026-03-19,24.954530796517254,0.035,stop,-0.037,6,JANTS
2024-06-13,26.746634786706977,1.383,stop,-0.037,0,KAREL
2024-07-29,9.006152223589384,1.062,stop,-0.037,0,KAREL
2024-11-07,15.154916928603503,0.0,stop,-0.037,0,KAREL
2024-12-10,10.420630520275934,0.196,stop,-0.037,1,KAREL
2024-12-26,14.740801303288006,0.276,stop,-0.037,0,KAREL
2025-03-04,8.721356208974786,-0.02,stop,-0.037,0,KAREL
2025-03-19,8.540468887878188,0.062,stop,-0.037,2,KAREL
2025-05-05,57.04022425216608,0.127,stop,-0.037,0,KAREL
2025-05-07,12.689483986269893,0.124,hedef,0.09413636363636357,3,KAREL
2025-06-05,65.33119127852808,0.083,stop,-0.08924076281287252,4,KAREL
2025-06-25,8.830139712368956,0.065,hedef,0.093,4,KAREL
2025-07-29,15.309576413974863,0.147,stop,-0.037,1,KAREL
2025-08-27,10.091905248082131,0.334,stop,-0.037,0,KAREL
2025-10-22,11.658346088374556,0.181,hedef,0.093,2,KAREL
2025-10-28,15.818867826625182,0.24,hedef,0.093,6,KAREL
2026-02-16,8.74054477631272,0.252,stop,-0.037,3,KAREL
2026-03-19,20.508685216142126,0.108,stop,-0.037,1,KAREL
2026-04-27,12.811251804468014,0.45,stop,-0.037,2,KAREL
2026-05-26,40.08784576253056,0.599,stop,-0.037,1,KAREL
2024-07-26,32.50360714463406,1.251,stop,-0.037,0,KARTN
2025-01-10,43.705857665327656,0.515,stop,-0.037,1,KARTN
2025-01-13,13.087301587301587,0.631,stop,-0.037,0,KARTN
2025-04-07,8.941549404669862,0.084,hedef,0.093,2,KARTN
2025-05-16,79.29158009300484,0.296,stop,-0.037,0,KARTN
2025-06-05,40.02612785229054,0.092,stop,-0.08045679012345686,4,KARTN
2025-08-22,8.825992974871657,0.291,hedef,0.093,2,KARTN
2025-09-25,21.005328098710038,0.289,stop,-0.037,0,KARTN
2025-10-28,20.073748220985898,0.096,hedef,0.093,3,KARTN
2025-12-01,20.065372043837723,0.143,stop,-0.037,1,KARTN
2026-01-16,36.23818293431553,0.225,stop,-0.037,0,KARTN
2026-03-19,8.203841837745065,0.029,stop,-0.037,0,KARTN
2026-04-06,33.009200907486765,0.168,stop,-0.037,0,KARTN
2026-04-15,20.033507440622845,0.16,hedef,0.093,1,KARTN
2026-05-26,14.177191884228744,0.578,hedef,0.16220152091254747,2,KARTN
2026-06-03,10.036423151879813,0.911,hedef,0.093,1,KARTN
2022-08-11,11.303244457481629,1.222,stop,-0.037,0,KERVN
2022-10-21,8.444017422315437,0.917,hedef,0.09300000000000008,1,KERVN
2023-01-18,13.962465805981047,0.678,stop,-0.037,0,KERVN
2023-04-18,9.807878923980429,0.556,stop,-0.037,1,KERVN
2023-04-19,8.276993396532449,0.578,stop,-0.037,0,KERVN
2023-06-12,18.215395774843746,0.467,stop,-0.037,1,KERVN
2023-07-13,15.152769766602768,0.611,stop,-0.05507692307692313,1,KERVN
2023-11-15,10.946062376383413,0.77,stop,-0.037,0,KERVN
2024-02-16,11.11489175504761,0.91,hedef,0.09300000000000008,1,KERVN
2024-06-25,11.996569456084776,0.714,stop,-0.037,1,KERVN
2024-11-11,8.094991037505643,0.832,hedef,0.14817241379310364,1,KERVN
2025-03-12,8.373846758266822,0.827,hedef,0.10555411255411251,2,KERVN
2025-03-13,12.909731193790872,0.932,stop,-0.037,2,KERVN
2025-06-04,10.126227855773475,0.623,stop,-0.037,7,KERVN
2025-08-05,13.372471192369234,0.95,stop,-0.037,1,KERVN
2026-05-11,15.661434126247372,1.072,stop,-0.06962230919765167,1,KERVN
2024-08-16,39.273032804852484,0.681,stop,-0.037,0,KGYO
2024-09-19,127.67510444825075,0.216,hedef,0.10354959215154202,1,KGYO
2025-02-07,13.256130790187148,0.491,hedef,0.093,11,KGYO
2025-03-03,11.408999645683684,0.693,stop,-0.037,0,KGYO
2025-05-14,148.92078262785137,1.183,stop,-0.037,0,KGYO
2025-06-05,60.12766750066704,0.858,stop,-0.037,1,KGYO
2025-07-16,9.090171691226173,0.84,stop,-0.037,0,KGYO
2025-07-23,10.183848726121974,0.911,stop,-0.037,0,KGYO
2025-09-29,67.99156880457694,0.845,stop,-0.037,0,KGYO
2025-10-28,49.660095219853886,1.0,stop,-0.037,0,KGYO
2025-11-18,9.35797475756542,0.824,stop,-0.037,0,KGYO
2025-11-24,9.786760043113887,0.914,stop,-0.037,0,KGYO
2025-12-16,12.137075438774245,0.6,stop,-0.037,3,KGYO
2025-12-19,41.79599231268285,0.574,hedef,0.093,1,KGYO
2026-01-22,8.779453801433391,0.955,hedef,0.093,4,KGYO
2026-02-19,488.91354368932036,0.926,stop,-0.037,0,KGYO
2026-03-19,26.953980762847454,0.918,stop,-0.037,1,KGYO
2026-05-05,15.600484078360184,0.985,hedef,0.093,1,KGYO
2026-05-11,35.20668634655485,0.856,stop,-0.037,0,KGYO
2024-09-02,41.59679311693391,0.113,stop,-0.037,7,KIMMR
2024-09-23,19.794466260763052,0.504,hedef,0.093,2,KIMMR
2024-09-24,38.193535908273695,0.777,stop,-0.037,0,KIMMR
2024-10-31,63.84513877064533,0.457,stop,-0.037,1,KIMMR
2025-02-28,8.109988660962786,0.786,stop,-0.1087415215398716,3,KIMMR
2025-03-04,10.642806468509445,0.636,stop,-0.08421280602636527,1,KIMMR
2025-03-05,35.42770037120301,0.415,stop,-0.037,1,KIMMR
2025-04-17,8.269951581312574,0.174,hedef,0.093,6,KIMMR
2025-05-02,13.565235171210777,0.458,hedef,0.093,5,KIMMR
2025-05-05,20.778837670930745,0.637,stop,-0.037,0,KIMMR
2025-06-05,16.66391782709451,0.738,stop,-0.037,4,KIMMR
2025-09-25,14.603489427505295,1.02,stop,-0.037,0,KIMMR
2025-10-28,47.33407140880155,0.673,stop,-0.037,1,KIMMR
2026-01-12,12.31509191962377,0.607,stop,-0.037,0,KIMMR
2026-02-16,32.84203936843569,1.047,stop,-0.037,0,KIMMR
2026-03-02,15.508724000506962,0.534,hedef,0.093,0,KIMMR
2026-03-03,32.87896776505903,0.784,stop,-0.037,3,KIMMR
2026-03-19,12.917283901189094,0.81,stop,-0.037,1,KIMMR
2026-04-06,13.302224777743376,0.708,stop,-0.037,7,KIMMR
2026-05-04,8.120691565998005,0.672,stop,-0.037,2,KIMMR
2026-05-26,21.325286323056126,0.693,stop,-0.037,3,KIMMR
2022-07-19,8.690744224779488,0.3,hedef,0.09955742641342502,14,KLNMA
2022-08-24,20.289969180934197,1.311,hedef,0.09369258595796504,2,KLNMA
2022-08-25,8.819759097706195,1.261,stop,-0.037,1,KLNMA
2023-08-18,11.00701745277712,0.762,hedef,0.093,1,KLNMA
2024-08-28,18.51091177105076,0.449,stop,-0.037,5,KLNMA
2024-08-29,8.071180106743975,0.5,stop,-0.037,0,KLNMA
2026-02-17,8.039513746059402,0.559,stop,-0.037,1,KLNMA
2025-06-05,39.704443910641366,0.342,stop,-0.037,3,KLYPV
2025-10-24,15.651039094795356,0.352,stop,-0.037,0,KLYPV
2025-10-28,10.696582750405653,0.181,stop,-0.037,11,KLYPV
2025-12-10,8.779505692863093,0.251,stop,-0.037,14,KLYPV
2026-02-04,23.892361523365206,0.695,stop,-0.037,2,KLYPV
2026-02-05,11.535161953542818,0.794,stop,-0.037,0,KLYPV
2026-03-19,11.944781301393757,0.127,hedef,0.093,5,KLYPV
2026-04-02,16.591248254946326,0.433,stop,-0.037,1,KLYPV
2026-05-26,17.75836084753661,0.453,acik,,6,KLYPV
2024-09-02,15.148472758192163,0.036,stop,-0.037,1,KRDMA
2024-11-19,8.82546379599181,0.627,hedef,0.093,2,KRDMA
2024-12-09,8.750092080488661,0.924,stop,-0.037,1,KRDMA
2025-05-26,271.74747296985163,0.677,hedef,0.093,3,KRDMA
2025-05-27,9.914749795237672,0.731,hedef,0.093,5,KRDMA
2025-09-11,9.852218993904176,0.507,stop,-0.037,0,KRDMA
2025-10-09,15.72425142573253,0.361,stop,-0.037,2,KRDMA
2025-10-28,21.329049661296924,0.322,stop,-0.037,5,KRDMA
2026-03-19,11.887046867848618,0.356,stop,-0.037,1,KRDMA
2026-05-05,11.894410966161182,0.595,stop,-0.037,2,KRDMA
2026-05-26,12.978618083176373,0.513,hedef,0.093,1,KRDMA
2024-09-12,8.07678055287939,0.592,hedef,0.093,3,KRGYO
2024-10-07,22.82682007538091,0.745,stop,-0.037,2,KRGYO
2024-11-05,47.38038610038509,0.981,stop,-0.037,0,KRGYO
2024-11-29,9.42530954416322,0.969,hedef,0.19950566825268468,2,KRGYO
2024-12-02,37.0302940741834,1.213,stop,-0.037,0,KRGYO
2025-01-14,16.63328879921459,0.555,hedef,0.093,2,KRGYO
2025-02-20,13.642875646651353,1.019,stop,-0.037,0,KRGYO
2025-02-28,16.354349869956984,0.819,stop,-0.037,1,KRGYO
2025-05-30,22.116560967547322,0.484,hedef,0.093,0,KRGYO
2025-06-02,11.055134949249666,0.413,stop,-0.037,0,KRGYO
2025-06-05,11.128806536747181,0.332,stop,-0.037,10,KRGYO
2025-07-04,8.507709706782961,0.19,stop,-0.037,0,KRGYO
2025-07-25,13.178702587990639,0.504,stop,-0.037,0,KRGYO
2025-10-23,71.71346336805735,0.308,stop,-0.037,0,KRGYO
2026-01-07,18.05132317562149,0.239,stop,-0.037,0,KRGYO
2026-03-19,42.13885252530791,0.163,stop,-0.037,1,KRGYO
2026-04-20,10.105377637911884,0.199,stop,-0.04136426116838487,7,KRGYO
2026-05-26,22.671689037801396,0.157,acik,,6,KRGYO
2024-06-21,115.70411354338738,0.443,stop,-0.037,2,KRONT
2024-10-25,18.166866927026355,0.493,stop,-0.037,0,KRONT
2024-12-09,8.656168781538868,0.763,stop,-0.037,0,KRONT
2025-01-20,10.093108448447499,0.782,stop,-0.04336363594805181,3,KRONT
2025-03-19,12.883457960972905,0.047,stop,-0.037,0,KRONT
2025-04-10,8.051794949802856,0.098,stop,-0.037,0,KRONT
2025-04-15,13.42231292069344,0.221,stop,-0.037,0,KRONT
2025-06-05,218.66548246626795,0.283,stop,-0.037,0,KRONT
2025-06-24,9.340601704169282,0.289,stop,-0.037,0,KRONT
2025-06-26,10.591388130218743,0.274,stop,-0.037,0,KRONT
2025-10-28,48.386385827869994,0.623,hedef,0.093,3,KRONT
2025-12-22,32.95201028599229,0.531,stop,-0.037,0,KRONT
2026-02-18,8.12244709574689,0.748,stop,-0.037,0,KRONT
2026-03-06,15.126336166989311,0.792,stop,-0.037,0,KRONT
2026-03-10,12.283801399769658,0.807,hedef,0.1252690992018245,2,KRONT
2026-04-08,9.627402051741422,0.777,stop,-0.037,0,KRONT
2026-05-14,14.20651363975065,0.547,hedef,0.093,2,KRONT
2026-05-26,9.49892222340012,0.654,hedef,0.093,2,KRONT
2024-08-05,8.435366419514597,-0.049,hedef,0.093,0,KRSTL
2024-10-01,38.26130551609796,0.333,stop,-0.037,0,KRSTL
2025-01-02,34.79873903121839,0.369,stop,-0.037,4,KRSTL
2025-01-27,8.130335029142262,0.256,stop,-0.037,5,KRSTL
2025-03-12,32.68160704879567,0.404,hedef,0.093,3,KRSTL
2025-03-13,21.79142734574227,0.503,stop,-0.037,0,KRSTL
2025-05-12,15.508540783898304,0.769,stop,-0.037,0,KRSTL
2025-06-05,15.161477776538314,0.41,stop,-0.06656112852664575,4,KRSTL
2025-08-14,63.56518181510568,1.063,hedef,0.093,3,KRSTL
2025-09-12,41.72875955346599,1.031,stop,-0.037,0,KRSTL
2025-10-28,20.628828412232682,0.925,stop,-0.037,1,KRSTL
2025-11-07,10.15923940817511,1.084,stop,-0.037,0,KRSTL
2025-12-02,27.814752426461318,0.748,stop,-0.037,0,KRSTL
2025-12-29,24.039867109634553,0.534,hedef,0.093,10,KRSTL
2026-03-02,27.65492482192659,0.488,hedef,0.093,0,KRSTL
2026-03-11,17.402510679527534,0.6,stop,-0.057000000000000044,1,KRSTL
2026-05-04,74.55842309652981,0.466,hedef,0.17165168539325848,3,KRSTL
2026-05-07,12.884526819731251,0.661,stop,-0.037,0,KRSTL
2026-05-26,18.61333100585325,0.783,stop,-0.037,5,KRSTL
2022-10-27,8.52760736196319,0.965,stop,-0.037,4,KSTUR
2022-11-07,10.292772186642269,1.0,stop,-0.037,1,KSTUR
2022-11-28,10.652715495764824,1.0,hedef,0.093,1,KSTUR
2022-11-30,9.105542344978964,1.285,stop,-0.037,3,KSTUR
2023-03-23,8.385481852315394,0.578,stop,-0.037,0,KSTUR
2023-07-10,12.286729857819905,1.011,hedef,0.09482291666666665,1,KSTUR
2023-07-11,27.273218142548597,1.206,stop,-0.037,1,KSTUR
2023-07-12,10.300522648083625,1.16,stop,-0.037,0,KSTUR
2023-08-04,8.173030449492508,0.965,stop,-0.037,0,KSTUR
2023-09-04,8.710885263439422,1.163,hedef,0.11970713201820937,3,KSTUR
2024-08-05,56.72804935927859,0.444,stop,-0.037,0,KTSKR
2024-09-19,19.34134674352999,0.384,stop,-0.037,0,KTSKR
2024-10-09,29.622686662412256,0.278,stop,-0.037,0,KTSKR
2024-11-14,12.520486714675938,0.352,stop,-0.037,2,KTSKR
2025-06-05,13.31368586504996,0.162,stop,-0.06336208368915452,4,KTSKR
2025-09-22,14.866784233353988,1.076,stop,-0.037,2,KTSKR
2025-10-28,30.04389691305579,0.547,stop,-0.037,2,KTSKR
2025-12-19,10.37825446209268,0.964,stop,-0.037,0,KTSKR
2026-03-19,26.930614406779664,0.544,stop,-0.037,1,KTSKR
2026-04-09,11.05335810990178,0.832,hedef,0.093,1,KTSKR
2026-05-12,11.403033021131021,0.824,stop,-0.037,0,KTSKR
2024-12-04,10.523079018941049,0.579,stop,-0.037,2,KZBGY
2025-01-13,8.288297541421338,0.159,stop,-0.037,4,KZBGY
2025-03-10,45.126567252287664,0.032,hedef,0.093,2,KZBGY
2025-06-05,27.900126227545385,0.629,stop,-0.037,4,KZBGY
2025-06-27,11.052392504633302,0.607,stop,-0.037,0,KZBGY
2025-08-08,13.254442807694861,0.971,stop,-0.037,3,KZBGY
2025-10-21,14.188674474916398,0.92,stop,-0.037,0,KZBGY
2025-10-28,11.551631213383969,0.893,stop,-0.037,7,KZBGY
2026-03-02,10.627859060291382,0.423,hedef,0.093,0,KZBGY
2026-03-12,17.181641178000344,0.533,stop,-0.037,1,KZBGY
2026-05-26,20.187399478384627,0.443,stop,-0.037,3,KZBGY
2024-07-29,11.520495153567675,0.515,stop,-0.05828205128205121,5,LIDER
2024-08-06,8.494023420908926,0.413,hedef,0.093,2,LIDER
2024-11-26,9.712115326513876,0.973,stop,-0.037,3,LIDER
2025-01-02,10.948184863922162,0.905,stop,-0.037,0,LIDER
2025-04-15,19.6471147447476,0.641,hedef,0.093,0,LIDER
2025-08-06,15.650431951921872,0.797,hedef,0.093,9,LIDER
2025-08-11,20.92469627662191,0.773,hedef,0.093,6,LIDER
2025-08-29,40.93327875562833,0.903,hedef,0.093,13,LIDER
2025-09-18,12.629246676514033,0.994,stop,-0.037,1,LIDER
2025-10-01,19.63226076055161,0.932,stop,-0.037,0,LIDER
2025-10-06,17.44072664128765,0.936,hedef,0.093,2,LIDER
2025-10-28,11.082976333041149,0.906,hedef,0.093,10,LIDER
2025-11-19,12.562069051352898,1.079,stop,-0.037,0,LIDER
2024-08-22,27.987619856777016,0.465,stop,-0.037,0,LINK
2025-03-03,19.370683039141582,0.419,stop,-0.037,0,LINK
2025-03-24,11.807524536533052,0.094,stop,-0.037,0,LINK
2025-06-05,113.01444043319498,0.471,hedef,0.093,2,LINK
2025-08-12,21.705320600271943,0.75,stop,-0.037,0,LINK
2025-08-18,12.502802690582566,0.771,hedef,0.093,2,LINK
2025-09-23,22.38933951332579,0.615,stop,-0.037,0,LINK
2025-09-24,14.579922447221257,0.381,stop,-0.09349173955296408,1,LINK
2025-09-25,10.465506087161161,0.273,stop,-0.04955319148936165,1,LINK
2025-10-16,8.588386556632026,0.085,stop,-0.037,0,LINK
2025-10-28,37.596504955659775,0.061,stop,-0.037,2,LINK
2025-12-04,14.425227374385047,0.087,stop,-0.037,0,LINK
2026-01-20,18.355143151717087,0.113,stop,-0.037,0,LINK
2026-02-06,8.766054456717164,0.057,stop,-0.037,14,LINK
2026-03-11,13.865703971119054,0.086,stop,-0.037,0,LINK
2026-03-18,9.666854359751715,0.108,stop,-0.037,0,LINK
2026-03-19,29.968276184522477,0.109,stop,-0.037,0,LINK
2026-05-04,22.992053348600365,0.072,hedef,0.093,5,LINK
2026-05-05,11.07237728264606,0.098,stop,-0.037,0,LINK
2026-05-26,223.2402906618452,0.163,stop,-0.037,0,LINK
2024-07-09,12.438815072858242,-0.176,stop,-0.037,0,LRSHO
2024-09-19,9.018476501351186,0.039,stop,-0.037,5,LRSHO
2025-02-20,16.860885571568634,0.157,stop,-0.037,0,LRSHO
2025-04-09,13.771131592410194,0.218,stop,-0.037,0,LRSHO
2025-04-28,17.643783938790502,0.352,hedef,0.12984210526315787,1,LRSHO
2025-04-29,14.910070193509352,0.502,stop,-0.037,0,LRSHO
2025-04-30,28.88242106098777,0.602,stop,-0.037,0,LRSHO
2025-07-30,10.642126522034394,0.642,stop,-0.037,0,LRSHO
2025-08-14,19.631542175459085,0.76,stop,-0.037,0,LRSHO
2025-10-28,28.940826390311642,0.67,hedef,0.093,3,LRSHO
2026-02-11,26.516279729284353,0.383,stop,-0.037,0,LRSHO
2026-02-27,33.808066014805334,0.361,stop,-0.037,0,LRSHO
2026-03-19,70.07277870724329,0.244,hedef,0.093,8,LRSHO
2026-05-26,13.34677874845237,0.273,stop,-0.037,3,LRSHO
2024-09-09,11.321533923303836,0.03,stop,-0.037,2,MAKIM
2024-10-08,9.903374461126802,0.036,stop,-0.037,1,MAKIM
2024-10-22,8.5204278280979,0.242,stop,-0.037,0,MAKIM
2024-11-18,10.019788685112548,0.433,stop,-0.037,0,MAKIM
2025-03-04,74.81974486966168,-0.053,stop,-0.037,0,MAKIM
2025-06-05,22.04956633690202,0.121,hedef,0.093,2,MAKIM
2025-07-21,13.069091699576102,0.198,stop,-0.037,0,MAKIM
2025-08-12,12.332585258525853,0.313,stop,-0.037,2,MAKIM
2025-09-22,11.837606837606836,0.242,stop,-0.04114634146341455,1,MAKIM
2025-10-28,24.807995791688583,0.078,stop,-0.037,9,MAKIM
2026-02-16,22.738191089640363,0.121,stop,-0.037,1,MAKIM
2026-03-19,19.595308577209877,0.056,stop,-0.037,1,MAKIM
2026-05-26,33.86545689229718,0.126,hedef,0.093,3,MAKIM
2026-06-04,16.60046048916113,0.247,stop,-0.037,0,MAKIM
2024-06-13,17.179139093669892,0.452,hedef,0.11056168359941954,2,MAKTK
2024-06-14,12.156522893445505,0.748,hedef,0.093,1,MAKTK
2024-09-10,72.07936437611684,0.748,stop,-0.037,0,MAKTK
2024-12-12,27.11081176057163,0.404,stop,-0.037,0,MAKTK
2024-12-30,28.465332473973408,0.477,stop,-0.037,0,MAKTK
2025-03-05,33.44883478320846,0.292,hedef,0.10134553440702787,2,MAKTK
2025-03-06,23.558832680736888,0.44,stop,-0.037,0,MAKTK
2025-05-06,11.099206203598381,0.688,stop,-0.037,1,MAKTK
2025-06-04,10.49712116986094,0.718,stop,-0.037,0,MAKTK
2025-06-05,25.14461264066385,0.722,hedef,0.093,5,MAKTK
2025-07-07,22.790841745232676,0.956,hedef,0.11241391941391943,1,MAKTK
2025-07-08,8.945701997330454,1.081,stop,-0.037,1,MAKTK
2025-08-18,8.116657173283143,0.842,stop,-0.037,1,MAKTK
2025-09-05,8.501565695296524,1.028,stop,-0.037,0,MAKTK
2025-10-28,61.2638756739613,0.532,hedef,0.093,3,MAKTK
2025-11-19,35.08054387049184,0.452,hedef,0.093,0,MAKTK
2025-12-30,24.61254173718154,0.573,stop,-0.037,3,MAKTK
2026-01-20,31.831910702560734,0.619,stop,-0.037,0,MAKTK
2026-03-02,8.022409500095767,0.431,hedef,0.093,1,MAKTK
2026-03-19,25.59527533130299,0.447,stop,-0.037,1,MAKTK
2026-04-15,25.98036738965679,0.502,stop,-0.037,0,MAKTK
2026-05-04,10.503900343872512,0.464,hedef,0.093,2,MAKTK
2026-05-26,32.40933382529726,0.456,stop,-0.037,0,MAKTK
2024-06-14,13.225465639430867,1.159,stop,-0.037,0,MANAS
2024-08-28,29.92681570308546,0.567,stop,-0.037,0,MANAS
2024-10-23,10.325429773480833,0.945,stop,-0.037,1,MANAS
2024-11-22,35.91955717443582,0.863,stop,-0.037,0,MANAS
2025-02-25,8.077970597041189,0.795,stop,-0.037,0,MANAS
2025-03-17,8.431135999424436,0.949,stop,-0.037,1,MANAS
2025-04-18,14.295267467874638,0.464,stop,-0.037,0,MANAS
2025-05-16,9.181383468020949,0.185,stop,-0.037,1,MANAS
2025-06-05,47.91175105918568,0.055,stop,-0.037,3,MANAS
2025-06-26,25.089440979387764,0.072,stop,-0.037,0,MANAS
2025-07-07,8.53825948036045,0.082,stop,-0.037,0,MANAS
2025-07-23,52.401593681071674,0.214,stop,-0.037,0,MANAS
2025-10-23,15.183359527551307,0.246,stop,-0.037,0,MANAS
2025-10-28,24.675424341685414,0.243,hedef,0.093,2,MANAS
2025-11-10,10.87726029924412,0.604,hedef,0.1815245886598843,2,MANAS
2025-12-08,15.295307022562525,0.686,hedef,0.2027209727593854,2,MANAS
2025-12-12,10.690664896803096,1.149,stop,-0.037,0,MANAS
2025-12-18,8.123710117522167,0.582,hedef,0.093,0,MANAS
2026-01-09,12.951088705478538,0.72,hedef,0.093,0,MANAS
2026-02-24,20.95377950402387,1.066,hedef,0.1413679525222552,1,MANAS
2026-04-29,15.14574873956632,0.923,hedef,0.10913876319758675,1,MANAS
2026-04-30,11.118864751672811,1.042,stop,-0.037,0,MANAS
2026-05-26,23.058250020283612,0.765,stop,-0.037,0,MANAS
2024-08-19,8.275815510909483,0.241,hedef,0.1378529411764705,1,MARKA
2024-08-20,10.120032466518902,0.437,stop,-0.037,0,MARKA
2024-10-02,10.65630619059851,0.101,stop,-0.037,0,MARKA
2025-01-30,8.426670300222556,0.2,hedef,0.093,1,MARKA
2025-01-31,10.143188522008076,0.271,stop,-0.037,0,MARKA
2025-03-18,33.05192890271039,0.319,stop,-0.037,0,MARKA
2025-05-12,19.422393665617705,0.272,stop,-0.037,0,MARKA
2025-06-05,69.41683685046517,0.159,stop,-0.037,6,MARKA
2025-08-19,21.912485715338963,0.281,stop,-0.037,0,MARKA
2025-09-23,25.645564122054513,0.195,stop,-0.037,0,MARKA
2025-10-28,42.09203036053131,0.106,stop,-0.037,2,MARKA
2025-12-05,9.27451796365654,0.011,stop,-0.037,3,MARKA
2026-02-11,10.873045343895697,0.084,stop,-0.037,0,MARKA
2026-03-10,15.902630580780475,-0.032,stop,-0.037,1,MARKA
2026-03-19,49.221001342415356,0.142,hedef,0.093,1,MARKA
2026-03-26,11.997707529093075,0.355,stop,-0.037,0,MARKA
2026-05-26,39.48278844490572,0.419,hedef,0.093,4,MARKA
2024-07-18,35.78447861605052,1.208,hedef,0.093,1,MARTI
2024-10-25,14.866891081119231,0.147,hedef,0.093,14,MARTI
2024-11-18,24.147195549868208,0.437,stop,-0.037,0,MARTI
2025-05-06,30.819206777022362,0.192,stop,-0.037,0,MARTI
2025-06-05,25.619861095472775,0.197,stop,-0.060156144752303346,4,MARTI
2025-10-28,42.745910808768244,0.356,stop,-0.037,9,MARTI
2025-11-24,10.143080428657422,0.192,stop,-0.037,1,MARTI
2026-03-19,17.136766775372585,0.091,stop,-0.04124657534246578,1,MARTI
2026-05-26,16.75388532581624,0.256,hedef,0.11729378531073442,2,MARTI
2024-08-05,14.468326960834968,0.339,hedef,0.093,0,MEDTR
2024-09-18,28.21570680628272,0.49,stop,-0.037,1,MEDTR
2024-12-30,14.28116382998954,0.747,hedef,0.093,1,MEDTR
2025-03-07,21.357091945830362,0.552,stop,-0.037,1,MEDTR
2025-06-05,14.99172847078942,0.029,stop,-0.037,4,MEDTR
2025-08-14,20.804309920865563,0.285,stop,-0.037,1,MEDTR
2025-08-25,9.400874111686896,0.223,stop,-0.037,2,MEDTR
2025-10-28,19.69931150765772,0.166,stop,-0.04581578947368425,7,MEDTR
2026-03-13,18.993098124687826,0.186,stop,-0.037,0,MEDTR
2026-05-06,10.808371246587807,0.153,hedef,0.093,2,MEDTR
2026-05-11,8.32472471807477,0.188,stop,-0.037,4,MEDTR
2026-05-26,8.70994098955969,0.169,acik,,6,MEDTR
2024-09-05,24.903303592958764,1.044,stop,-0.037,0,MERCN
2025-06-05,131.2510305028854,0.316,hedef,0.093,3,MERCN
2025-06-25,16.590507005742722,0.399,hedef,0.11874139976275211,1,MERCN
2025-09-26,18.49450635551082,0.672,stop,-0.037,1,MERCN
2025-10-09,92.97514121947167,0.515,stop,-0.10662871287128706,1,MERCN
2025-10-28,28.924931993632203,0.45,stop,-0.037,0,MERCN
2025-12-31,9.725014705095985,0.151,stop,-0.037,0,MERCN
2026-03-19,8.781270677587857,0.144,stop,-0.037,4,MERCN
2026-04-17,25.074640698544258,0.215,hedef,0.093,1,MERCN
2024-06-20,29.541547277935624,0.929,hedef,0.093,2,MERIT
2024-09-12,8.60977144055337,0.103,stop,-0.037,0,MERIT
2024-10-01,28.23813488759006,0.136,stop,-0.037,0,MERIT
2024-10-18,13.108709472345637,0.189,stop,-0.037,0,MERIT
2024-12-06,20.245604963804215,0.326,stop,-0.037,0,MERIT
2025-01-16,28.144008657685593,0.16,stop,-0.037,10,MERIT
2025-03-07,12.639987865611667,0.106,hedef,0.093,4,MERIT
2025-03-12,8.364196399105284,0.168,stop,-0.12922222222222224,5,MERIT
2025-06-05,21.40397993852129,0.079,stop,-0.05732467532467544,4,MERIT
2025-10-16,11.660283002784572,0.511,stop,-0.037,1,MERIT
2025-10-28,9.379115839677157,0.593,hedef,0.093,4,MERIT
2026-03-02,17.154221578782415,0.196,hedef,0.093,0,MERIT
2026-03-19,19.918037032635887,0.317,stop,-0.037,1,MERIT
2026-05-26,10.131970926870686,0.299,acik,,6,MERIT
2026-03-19,23.248616684622252,0.505,hedef,0.093,2,MEYSU
2026-04-09,8.672251496844462,0.986,stop,-0.037,0,MEYSU
2026-05-26,38.09675669527634,0.697,stop,-0.037,0,MEYSU
2024-06-24,9.129167521918893,0.228,stop,-0.09822807017543866,1,MNDRS
2024-06-25,72.19786566707467,-0.243,stop,-0.03711583011583008,1,MNDRS
2024-10-01,52.20585972701497,0.247,stop,-0.037,0,MNDRS
2024-11-11,9.714503503157166,0.24,stop,-0.037,0,MNDRS
2025-03-06,10.131549213932919,0.175,stop,-0.037,0,MNDRS
2025-05-13,31.456576426271816,0.267,hedef,0.093,9,MNDRS
2025-05-14,24.407537579063277,0.389,stop,-0.037,0,MNDRS
2025-06-05,28.232890580213933,0.311,stop,-0.07520276497695855,4,MNDRS
2025-08-07,13.83385653198249,0.768,stop,-0.037,1,MNDRS
2025-09-05,25.1942867450206,1.193,stop,-0.037,0,MNDRS
2025-10-28,12.587773078751784,0.526,stop,-0.037,5,MNDRS
2025-11-12,9.178208382011306,0.634,stop,-0.037,0,MNDRS
2026-05-26,17.398198695335132,0.28,acik,,6,MNDRS
2024-06-24,13.890621788594297,0.059,stop,-0.037,2,MOBTL
2024-11-12,11.880220833297997,0.123,stop,-0.037,6,MOBTL
2025-04-10,13.433539942696347,0.275,hedef,0.18670460048426152,1,MOBTL
2025-04-11,35.0406964420014,0.585,stop,-0.037,1,MOBTL
2025-04-14,34.94819787615498,0.717,stop,-0.037,0,MOBTL
2025-06-05,28.37437636090734,0.582,stop,-0.037,0,MOBTL
2025-07-22,28.76053781486306,0.716,stop,-0.037,0,MOBTL
2025-10-28,217.17440830818697,0.729,hedef,0.09819480519480506,4,MOBTL
2026-01-30,9.860243610825512,1.022,stop,-0.037,0,MOBTL
2026-03-19,8.066951425449489,0.842,stop,-0.037,0,MOBTL
2026-05-26,58.22824387701928,0.989,hedef,0.093,4,MOBTL
2024-10-10,8.473905553497149,0.077,stop,-0.037,1,MRGYO
2024-11-06,26.1360109934551,0.174,stop,-0.037,0,MRGYO
2024-12-04,9.401591722053269,0.727,stop,-0.037,0,MRGYO
2025-01-29,15.619292540439648,0.255,stop,-0.037,0,MRGYO
2025-05-14,23.11724908323695,0.316,hedef,0.093,1,MRGYO
2025-06-05,22.613073695875354,0.642,stop,-0.06645963827024703,4,MRGYO
2025-09-05,9.894358898651937,1.024,stop,-0.037,0,MRGYO
2025-10-28,55.36823335076568,0.718,hedef,0.093,6,MRGYO
2026-03-19,12.72802593118251,0.349,stop,-0.037,1,MRGYO
2026-05-26,11.234276153703732,0.426,hedef,0.10267741935483865,2,MRGYO
2024-08-13,18.43910806174957,0.351,stop,-0.037,2,MRSHL
2024-10-16,82.73504273504273,0.222,hedef,0.093,1,MRSHL
2024-10-17,8.624371859296483,0.389,hedef,0.093,1,MRSHL
2025-03-19,11.219512195121952,0.133,stop,-0.037,0,MRSHL
2025-04-15,36.029411764705884,0.285,stop,-0.037,0,MRSHL
2025-05-05,18.859060402684563,0.3,stop,-0.037,0,MRSHL
2025-06-05,16.641414141414142,0.094,stop,-0.06565314989138304,4,MRSHL
2025-07-22,12.228915662650602,0.204,hedef,0.093,11,MRSHL
2025-08-07,47.61138613861387,0.467,hedef,0.1125266272189348,1,MRSHL
2025-09-09,18.050847457627118,0.958,stop,-0.037,0,MRSHL
2025-09-23,8.538042066995585,1.022,stop,-0.037,0,MRSHL
2025-10-28,23.71631205673759,0.506,stop,-0.037,9,MRSHL
2025-11-13,27.653061224489793,0.407,stop,-0.037,11,MRSHL
2025-12-09,18.130081300813007,0.356,stop,-0.037,4,MRSHL
2025-12-25,84.35393258426966,0.499,stop,-0.037,0,MRSHL
2026-03-19,27.662337662337663,0.177,stop,-0.037,6,MRSHL
2026-04-08,9.947643979057592,0.272,stop,-0.037,0,MRSHL
2026-05-26,17.6875,0.292,stop,-0.037,0,MRSHL
2024-09-27,96.92473781616286,0.099,stop,-0.037,0,MTRKS
2024-11-11,228.41973333333334,0.082,hedef,0.093,10,MTRKS
2025-03-10,12.476904977724633,0.401,stop,-0.037,1,MTRKS
2025-06-05,25.22984955301984,0.193,stop,-0.037,4,MTRKS
2025-07-01,8.153511947863867,0.218,stop,-0.037,0,MTRKS
2025-09-02,12.625261647906084,0.622,stop,-0.037,0,MTRKS
2025-10-22,23.699581879342325,0.793,stop,-0.037,0,MTRKS
2025-10-28,14.42137919339232,0.777,stop,-0.037,1,MTRKS
2026-01-14,9.24824137638783,0.352,hedef,0.093,3,MTRKS
2026-03-05,9.665459194545067,0.342,stop,-0.05173438956197584,2,MTRKS
2026-04-08,10.101719901719902,0.344,hedef,0.093,8,MTRKS
2026-04-20,8.56864310783458,0.445,hedef,0.093,13,MTRKS
2026-05-26,21.473625854670143,0.498,hedef,0.093,1,MTRKS
2024-08-09,10.849539832590679,0.702,stop,-0.037,0,NETAS
2024-09-04,9.170380712022768,0.743,hedef,0.093,1,NETAS
2025-05-05,12.557662943020173,0.164,stop,-0.037,0,NETAS
2025-06-05,36.15304256986158,0.048,stop,-0.037,4,NETAS
2025-08-15,9.309207567535154,0.294,stop,-0.037,0,NETAS
2025-09-16,13.229357127184963,0.658,stop,-0.037,6,NETAS
2025-10-02,10.176347488770928,0.765,stop,-0.037,0,NETAS
2025-10-28,44.59472709445473,0.475,stop,-0.037,8,NETAS
2026-01-22,9.989842090682426,0.288,hedef,0.093,3,NETAS
2026-01-28,12.232241354501415,0.476,stop,-0.037,0,NETAS
2026-03-19,11.62364368218411,0.266,stop,-0.037,1,NETAS
2026-04-01,9.59876484013886,0.365,stop,-0.037,0,NETAS
2026-05-26,39.148936170212764,0.432,stop,-0.037,2,NETAS
2026-03-19,51.75479845916453,0.939,stop,-0.037,0,NETCD
2026-05-26,18.100153976059207,0.848,stop,-0.037,0,NETCD
2024-07-05,8.80818619582691,0.254,stop,-0.037,0,NIBAS
2024-08-05,8.95890519950617,-0.194,hedef,0.093,1,NIBAS
2024-09-16,54.94139480367515,0.364,hedef,0.13072455089820345,1,NIBAS
2024-09-17,8.046998167795811,0.723,stop,-0.037,0,NIBAS
2024-11-06,13.999637532993875,0.778,stop,-0.037,0,NIBAS
2024-12-09,17.10540315876955,0.567,hedef,0.093,1,NIBAS
2024-12-10,14.149678975462146,0.766,stop,-0.037,0,NIBAS
2025-04-16,52.516884597448254,0.461,stop,-0.037,0,NIBAS
2025-05-07,15.135237160491506,0.615,stop,-0.037,0,NIBAS
2025-06-05,39.22574626865735,0.412,hedef,0.093,1,NIBAS
2025-10-28,59.41263300324773,0.422,hedef,0.09669702434625782,4,NIBAS
2025-12-03,43.74518366298563,0.535,stop,-0.037,0,NIBAS
2025-12-12,9.734004645177235,0.59,stop,-0.037,1,NIBAS
2026-02-02,9.527219474660727,0.395,hedef,0.093,1,NIBAS
2026-02-11,24.642242381530018,0.603,stop,-0.037,0,NIBAS
2026-02-12,9.654759256045878,0.732,hedef,0.093,1,NIBAS
2026-04-02,31.468186045653493,1.075,stop,-0.037,1,NIBAS
2026-05-26,13.771200247340076,0.313,stop,-0.037,1,NIBAS
2024-09-18,9.504231996669905,0.305,stop,-0.037,0,NTGAZ
2024-11-05,8.755472980758151,0.563,stop,-0.037,0,NTGAZ
2025-03-03,46.1944600946214,0.728,stop,-0.037,0,NTGAZ
2025-04-30,21.503686025951943,0.804,hedef,0.13062626262626253,2,NTGAZ
2025-05-02,21.199151227384167,0.902,hedef,0.093,1,NTGAZ
2025-06-05,35.80149854205883,0.813,stop,-0.06532449628844106,4,NTGAZ
2025-08-06,18.21526303675098,0.928,stop,-0.037,0,NTGAZ
2025-10-28,381.61950806366235,0.766,hedef,0.093,2,NTGAZ
2025-12-02,8.29976574398481,0.753,stop,-0.037,14,NTGAZ
2026-01-20,10.371936245700708,0.794,hedef,0.093,5,NTGAZ
2026-02-26,10.953312077768611,0.959,stop,-0.037,0,NTGAZ
2026-03-19,80.01365110061998,0.906,stop,-0.037,3,NTGAZ
2026-05-05,43.69434156748528,0.957,stop,-0.037,1,NTGAZ
2024-06-14,11.977963283625806,0.038,hedef,0.17487787261982934,1,NTHOL
2024-06-20,12.551895251430958,0.99,stop,-0.037,0,NTHOL
2024-09-20,8.761608401808722,0.532,hedef,0.093,4,NTHOL
2024-11-14,16.641971889496645,0.999,stop,-0.04426453726453727,1,NTHOL
2025-03-19,24.49122134559896,0.433,stop,-0.037,2,NTHOL
2025-05-13,15.949602827714644,0.376,hedef,0.093,10,NTHOL
2025-06-05,89.41867200252752,0.553,stop,-0.037,4,NTHOL
2025-08-20,8.34016393442623,0.871,stop,-0.037,14,NTHOL
2025-10-28,91.21696910030653,0.766,stop,-0.037,26,NTHOL
2025-12-16,9.497444633730835,0.727,stop,-0.037,17,NTHOL
2026-02-16,39.61660905948699,0.911,stop,-0.037,3,NTHOL
2026-03-19,128.10716898317486,0.482,stop,-0.037,1,NTHOL
2026-05-26,21.581585031376097,0.307,acik,,6,NTHOL
2024-06-14,11.859255202628697,1.32,stop,-0.037,0,NUHCM
2024-07-26,42.55963118861496,1.256,stop,-0.037,0,NUHCM
2024-07-29,11.354254909510974,1.153,stop,-0.037,1,NUHCM
2024-09-16,81.04035489410418,0.339,stop,-0.037,0,NUHCM
2024-11-01,9.810460652591171,0.582,stop,-0.037,7,NUHCM
2024-12-09,9.52155936207915,1.023,stop,-0.037,2,NUHCM
2024-12-10,8.982030381622824,1.0,stop,-0.037,0,NUHCM
2025-04-16,10.889830508474576,0.258,stop,-0.037,0,NUHCM
2025-04-24,23.577228895279987,0.404,stop,-0.037,0,NUHCM
2025-05-12,16.900369003690038,0.176,stop,-0.037,4,NUHCM
2025-06-05,12.798197436980706,0.04,stop,-0.037,3,NUHCM
2025-08-19,11.94708451066016,0.225,stop,-0.037,1,NUHCM
2025-10-08,16.13005780346821,0.242,hedef,0.093,2,NUHCM
2026-01-02,11.112759643916915,0.138,hedef,0.093,18,NUHCM
2026-02-16,9.609740189150996,0.334,stop,-0.037,3,NUHCM
2026-02-23,9.108809615138728,0.463,stop,-0.037,0,NUHCM
2026-03-19,94.05565489494859,0.294,stop,-0.037,3,NUHCM
2026-05-08,8.673678809645972,0.258,stop,-0.037,3,NUHCM
2026-05-26,9.706879361914257,0.154,stop,-0.037,1,NUHCM
2024-07-18,15.08508321251762,0.935,stop,-0.037,0,ODINE
2025-03-04,95.24808981755808,0.934,stop,-0.037,0,ODINE
2025-04-25,10.420696806547427,0.22,hedef,0.14700134498991269,2,ODINE
2025-06-05,53.330544733130964,0.233,stop,-0.04121052631578936,4,ODINE
2025-06-25,32.90922779092278,0.273,hedef,0.093,1,ODINE
2025-06-26,14.23392850839817,0.298,hedef,0.13329850746268657,1,ODINE
2025-07-10,11.446177493461903,0.466,stop,-0.037,0,ODINE
2025-10-28,12.053221143919059,0.978,hedef,0.093,2,ODINE
2025-11-10,9.682393753294352,1.0,hedef,0.093,1,ODINE
2025-11-18,8.508269157934604,0.693,stop,-0.037,1,ODINE
2025-12-03,1112.4698898095157,0.765,hedef,0.093,1,ODINE
2026-02-12,85.46498536365684,0.94,hedef,0.093,1,ODINE
2026-05-26,44.15284034721459,0.926,stop,-0.037,1,ODINE
2024-10-14,52.75955430594606,0.583,stop,-0.037,0,OFSYM
2024-11-27,15.063565735041871,0.641,stop,-0.037,0,OFSYM
2024-12-16,9.294375966864614,0.773,stop,-0.037,2,OFSYM
2025-03-10,52.98387610732267,0.69,stop,-0.037,0,OFSYM
2025-05-15,10.382875796428852,1.034,stop,-0.037,0,OFSYM
2025-06-05,27.50434649212518,0.551,stop,-0.11172972972972961,4,OFSYM
2025-09-24,21.831157216955823,1.078,stop,-0.037,0,OFSYM
2025-10-22,9.567249495628783,0.982,stop,-0.037,0,OFSYM
2025-10-28,10.3340277016409,0.781,stop,-0.037,5,OFSYM
2026-03-02,12.193644878144461,0.547,hedef,0.093,1,OFSYM
2026-05-08,18.5843539666777,0.704,stop,-0.037,0,OFSYM
2026-05-11,10.37119395587467,0.755,stop,-0.037,0,OFSYM
2024-07-29,57.09180804878191,1.099,stop,-0.037,0,ONRYT
2024-10-30,17.08548820503126,0.373,stop,-0.037,3,ONRYT
2025-05-02,16.4232249786142,0.18,stop,-0.037,0,ONRYT
2025-06-05,94.92495502441531,0.097,hedef,0.093,4,ONRYT
2025-08-12,18.291067872651805,0.447,stop,-0.037,0,ONRYT
2025-10-28,66.6189126784215,0.401,stop,-0.037,0,ONRYT
2026-02-11,11.924131627056672,0.293,stop,-0.037,0,ONRYT
2026-03-19,10.11048624998619,0.043,stop,-0.037,4,ONRYT
2026-04-13,23.29640037468219,0.135,stop,-0.037,0,ONRYT
2026-05-26,45.62573618861877,0.314,stop,-0.037,0,ONRYT
2024-11-14,20.837553402103257,0.094,hedef,0.093,4,ORCAY
2024-11-21,12.726818127178054,0.298,stop,-0.037,0,ORCAY
2025-03-17,12.434430864252887,0.18,stop,-0.037,1,ORCAY
2025-04-07,12.487282367272005,0.264,stop,-0.037,0,ORCAY
2025-04-24,23.701817881569152,0.064,stop,-0.037,3,ORCAY
2025-06-05,24.43892100192656,0.043,stop,-0.04019502155351339,4,ORCAY
2025-07-28,12.026122832895359,0.35,hedef,0.13831754387821438,1,ORCAY
2025-10-07,10.896663534700112,0.41,stop,-0.037,0,ORCAY
2025-10-24,15.318528488110791,0.468,stop,-0.037,1,ORCAY
2025-10-28,39.040161404173745,0.547,stop,-0.037,0,ORCAY
2026-01-05,23.92768705262236,0.353,stop,-0.037,1,ORCAY
2026-03-02,9.903585381997528,0.15,hedef,0.12003583061889256,4,ORCAY
2024-09-16,19.123487849266674,0.746,stop,-0.037,13,ORGE
2024-10-15,9.257228998218446,0.242,stop,-0.037,7,ORGE
2024-11-12,39.690523371022266,0.656,hedef,0.093,8,ORGE
2025-02-10,11.071093383388082,0.804,stop,-0.037,0,ORGE
2025-03-12,30.67744248910465,0.93,stop,-0.037,0,ORGE
2025-03-19,9.758228758887304,0.733,stop,-0.037,1,ORGE
2025-05-13,69.94295286820302,0.722,stop,-0.037,1,ORGE
2025-06-05,46.93592504219286,0.342,stop,-0.037,3,ORGE
2025-10-28,19.62428258682918,0.157,stop,-0.037,9,ORGE
2025-12-02,70.15485203028217,0.086,hedef,0.093,33,ORGE
2026-03-19,12.842301997621302,0.134,stop,-0.037,2,ORGE
2026-05-12,48.9953184216393,0.695,stop,-0.037,0,ORGE
2026-05-26,9.51760113619108,0.829,stop,-0.037,0,ORGE
2022-06-20,18.481973434535107,1.565,stop,-0.037,2,ORMA
2022-08-03,20.21519659936238,1.133,hedef,0.1173493348756508,3,ORMA
2023-03-03,9.2723470987977,0.685,stop,-0.037,1,ORMA
2023-10-26,11.54237894678889,1.066,hedef,0.1403333333333333,1,ORMA
2024-09-11,8.401859786671528,0.646,hedef,0.20107590467784642,2,ORMA
2024-09-12,13.9285325791363,0.642,hedef,0.093,0,ORMA
2024-07-12,11.983652312601142,0.392,stop,-0.037,0,OSMEN
2024-08-02,25.83928867387829,0.386,stop,-0.037,0,OSMEN
2024-08-05,8.711313318548644,0.714,stop,-0.037,0,OSMEN
2024-12-06,12.277822645776126,0.205,hedef,0.093,7,OSMEN
2025-01-21,34.87765284850142,0.389,stop,-0.037,0,OSMEN
2025-03-06,9.459685143797431,0.128,hedef,0.093,1,OSMEN
2025-03-28,9.743590836077937,0.233,stop,-0.037,0,OSMEN
2025-05-09,29.265709843859135,0.186,stop,-0.037,0,OSMEN
2025-06-04,8.257066349300803,0.021,hedef,0.093,3,OSMEN
2025-06-05,25.545807984045357,0.032,hedef,0.093,2,OSMEN
2025-06-26,12.947418441767732,0.303,stop,-0.037,0,OSMEN
2025-07-16,17.731984480755216,0.264,stop,-0.037,0,OSMEN
2025-08-18,13.643894266567386,0.249,hedef,0.093,1,OSMEN
2025-10-15,11.431878094258343,0.283,stop,-0.037,0,OSMEN
2025-10-28,100.69538304276223,0.357,stop,-0.037,5,OSMEN
2026-03-19,38.722032141005705,0.048,stop,-0.037,1,OSMEN
2026-05-26,8.815436673808938,0.061,acik,,6,OSMEN
2024-08-05,9.051130132756503,0.331,hedef,0.093,1,OSTIM
2024-08-29,10.497305156902272,1.0,hedef,0.093,3,OSTIM
2024-11-28,30.484095788604762,0.725,hedef,0.093,7,OSTIM
2025-01-16,20.105422293892545,1.077,stop,-0.037,4,OSTIM
2025-06-05,17.595199400728834,0.871,stop,-0.037,1,OSTIM
2025-09-08,9.521026880335954,0.684,stop,-0.037,0,OSTIM
2025-09-12,18.05629723337425,0.647,stop,-0.037,0,OSTIM
2026-03-19,12.047372055847738,0.399,stop,-0.037,4,OSTIM
2026-05-26,18.32054761159239,0.362,hedef,0.093,4,OSTIM
2024-02-12,9.52240067624683,0.108,hedef,0.13437931034482753,11,OTTO
2024-08-29,18.718602111394247,0.249,hedef,0.093,11,OTTO
2024-09-17,11.27127017235701,0.781,stop,-0.037,2,OTTO
2025-01-21,11.381716678297277,0.198,hedef,0.093,0,OTTO
2025-04-07,11.023622047244094,0.195,hedef,0.093,2,OTTO
2025-05-30,9.167297501892506,0.343,hedef,0.093,6,OTTO
2025-06-05,14.827768945416006,0.357,hedef,0.093,2,OTTO
2025-08-20,19.282083862770012,0.643,stop,-0.037,0,OTTO
2025-10-28,49.17674150834773,0.626,stop,-0.037,2,OTTO
2025-11-05,15.821266032271412,0.577,stop,-0.037,1,OTTO
2025-11-28,22.191943127962084,0.454,stop,-0.037,0,OTTO
2026-01-09,28.81737107405971,0.698,stop,-0.037,0,OTTO
2026-01-13,16.009822184589332,0.844,stop,-0.037,0,OTTO
2026-03-02,12.371941896024463,0.051,hedef,0.093,2,OTTO
2026-03-19,10.819744380784487,0.109,hedef,0.093,4,OTTO
2026-05-26,27.46828946403695,0.025,stop,-0.037,1,OTTO
2024-12-16,8.873721434275067,0.113,stop,-0.037,2,OYAYO
2025-01-03,13.334755525215462,0.012,stop,-0.037,7,OYAYO
2025-05-22,8.666718676860665,0.301,hedef,0.093,1,OYAYO
2025-05-23,8.232651458978498,0.407,stop,-0.037,0,OYAYO
2025-09-05,11.054742627943252,0.879,stop,-0.037,0,OYAYO
2025-10-23,10.397827363476217,0.726,stop,-0.037,0,OYAYO
2025-10-28,12.100922560805145,0.827,hedef,0.093,3,OYAYO
2025-11-04,21.563165457661743,1.18,stop,-0.037,1,OYAYO
2026-01-15,14.21243378868135,0.708,hedef,0.093,2,OYAYO
2026-02-13,13.994464944649447,0.898,stop,-0.037,1,OYAYO
2026-03-19,11.204718779790277,0.747,stop,-0.037,1,OYAYO
2026-05-26,16.033086534012032,0.625,stop,-0.037,5,OYAYO
2024-06-13,44.96935537906706,-0.285,stop,-0.037,0,OYLUM
2024-07-22,13.361665738089377,0.196,stop,-0.037,4,OYLUM
2024-09-23,9.518512610038721,0.033,stop,-0.037,2,OYLUM
2024-11-11,8.429627485739783,0.264,stop,-0.037,0,OYLUM
2024-12-16,20.491123787184137,0.279,stop,-0.037,12,OYLUM
2025-01-27,10.847095252138013,0.285,stop,-0.037,0,OYLUM
2025-04-18,17.950852890247944,0.18,stop,-0.037,0,OYLUM
2025-10-24,16.349473615379587,0.568,stop,-0.037,0,OYLUM
2025-12-22,25.713336732014024,0.546,stop,-0.037,0,OYLUM
2026-03-19,14.218564922173469,0.186,stop,-0.037,1,OYLUM
2026-05-26,9.252386799308393,0.288,stop,-0.037,5,OYLUM
2024-08-05,25.985435752877613,0.253,stop,-0.037,1,OYYAT
2024-11-26,101.14138661822585,0.0,stop,-0.037,11,OYYAT
2024-12-18,11.993628514705202,0.074,stop,-0.045976148923792974,1,OYYAT
2025-03-19,13.711659609625118,0.072,stop,-0.037,0,OYYAT
2025-06-13,11.639779456810292,0.077,stop,-0.037,0,OYYAT
2025-06-17,13.954742922614217,0.197,stop,-0.037,0,OYYAT
2025-07-10,10.398138143130248,0.485,stop,-0.037,3,OYYAT
2025-08-12,8.798519301956636,0.69,stop,-0.037,0,OYYAT
2025-09-22,13.022803114571746,0.977,stop,-0.037,2,OYYAT
2025-10-16,25.884170495959435,0.988,stop,-0.037,0,OYYAT
2025-10-28,11.238963898187047,0.923,hedef,0.093,4,OYYAT
2025-11-05,8.685520584285854,1.069,stop,-0.037,0,OYYAT
2025-12-30,8.269623180519657,0.41,stop,-0.037,4,OYYAT
2026-01-22,43.84009337613073,0.627,stop,-0.037,0,OYYAT
2026-02-17,36.631044616617686,0.991,stop,-0.037,0,OYYAT
2026-02-18,9.376259494651991,1.039,stop,-0.037,0,OYYAT
2026-03-19,21.50789766407119,0.747,stop,-0.037,1,OYYAT
2026-05-04,49.89657401422107,0.604,stop,-0.037,0,OYYAT
2026-05-26,17.29604058052698,0.484,stop,-0.037,0,OYYAT
2024-11-15,19.426842936164572,0.113,stop,-0.037,0,OZATD
2024-12-13,16.85297709923664,0.168,stop,-0.037,6,OZATD
2025-02-14,53.83933104684537,0.237,hedef,0.093,6,OZATD
2025-03-25,17.68758966077089,0.434,hedef,0.093,12,OZATD
2025-04-02,19.83660519787246,0.498,stop,-0.037,0,OZATD
2025-04-29,20.674495248456147,0.55,stop,-0.037,0,OZATD
2025-04-30,8.302559263630176,0.442,stop,-0.037,0,OZATD
2025-05-21,14.751275127512752,0.52,stop,-0.037,0,OZATD
2025-06-05,48.34142282623769,0.559,hedef,0.093,7,OZATD
2025-07-04,19.37538861568029,0.852,hedef,0.093,6,OZATD
2025-08-14,17.004989855787684,1.006,stop,-0.037,0,OZATD
2025-09-12,11.795801603610137,0.829,stop,-0.037,0,OZATD
2025-10-08,21.740313212263807,0.996,stop,-0.037,0,OZATD
2025-10-28,8.588973434788413,0.826,stop,-0.037,2,OZATD
2025-11-07,63.40054253208632,0.754,stop,-0.037,1,OZATD
2025-12-03,23.245817843866174,0.508,stop,-0.037,9,OZATD
2026-03-02,9.064982684864535,0.682,stop,-0.037,0,OZATD
2026-03-19,28.11860498630927,0.784,stop,-0.06045622119815663,1,OZATD
2026-04-13,93.72458925090504,1.013,stop,-0.037,0,OZATD
2026-04-27,460.0164448188711,0.845,hedef,0.093,0,OZATD
2024-08-21,10.766146585103835,0.577,stop,-0.037,3,OZGYO
2024-10-21,10.294472828612212,0.09,stop,-0.037,3,OZGYO
2024-10-31,10.324343246781257,0.215,stop,-0.037,0,OZGYO
2024-12-25,10.863729287711807,0.472,hedef,0.093,6,OZGYO
2025-01-03,10.223593619917445,0.654,stop,-0.037,7,OZGYO
2025-03-19,12.504532466967738,-0.025,stop,-0.043016946692758566,1,OZGYO
2025-06-05,406.30812300893757,0.802,hedef,0.12350847257684394,1,OZGYO
2025-08-04,10.092216081929418,0.969,stop,-0.037,0,OZGYO
2025-10-17,90.7458238483332,0.73,stop,-0.037,0,OZGYO
2025-12-05,9.867036074638905,0.739,stop,-0.037,4,OZGYO
2025-12-19,16.960628702803,1.0,stop,-0.037,0,OZGYO
2026-03-02,9.438683614392012,0.528,hedef,0.11937362637362614,4,OZGYO
2026-03-19,32.43201338025492,0.673,stop,-0.037,1,OZGYO
2024-06-21,83.21789039197373,1.907,stop,-0.037,0,OZKGY
2024-10-01,12.843674510154782,0.67,stop,-0.037,0,OZKGY
2024-11-12,10.642854856520973,0.508,hedef,0.093,1,OZKGY
2025-03-11,12.594617422796116,0.612,stop,-0.037,6,OZKGY
2025-05-23,14.351255915821065,0.39,stop,-0.037,2,OZKGY
2025-09-22,24.543163397065918,0.844,stop,-0.037,4,OZKGY
2025-10-28,14.594977504068414,0.826,hedef,0.093,6,OZKGY
2026-01-08,8.682181701855406,0.769,hedef,0.093,16,OZKGY
2026-02-02,9.702819997019818,0.898,stop,-0.037,3,OZKGY
2026-02-16,9.675432006010519,1.013,stop,-0.037,3,OZKGY
2026-03-09,9.353552362536199,0.493,hedef,0.093,1,OZKGY
2026-03-19,65.44004247465426,0.641,stop,-0.037,5,OZKGY
2026-05-26,8.356755532976985,0.491,hedef,0.093,2,OZKGY
2024-07-04,28.545822102422747,1.013,stop,-0.037,0,OZRDN
2024-07-08,53.25044926101139,0.324,stop,-0.05676958569704226,1,OZRDN
2024-08-05,17.05857564264906,-0.106,hedef,0.093,3,OZRDN
2024-09-24,9.011278000078107,0.005,stop,-0.037,0,OZRDN
2024-10-16,23.95115842204127,0.08,stop,-0.037,2,OZRDN
2024-11-21,47.86793636311789,0.123,stop,-0.037,0,OZRDN
2025-01-30,15.91805947040371,0.199,stop,-0.037,0,OZRDN
2025-03-10,41.358820413208335,0.173,stop,-0.037,2,OZRDN
2025-09-18,181.25909886667233,0.37,stop,-0.037,0,OZRDN
2025-11-26,10.034400995102219,0.531,stop,-0.037,2,OZRDN
2026-02-12,29.73169278709555,0.927,stop,-0.037,0,OZRDN
2026-05-26,16.799067933321368,0.825,stop,-0.037,0,OZRDN
2024-08-13,12.56190258022866,0.907,stop,-0.037,0,OZSUB
2024-10-08,24.467716207781397,0.612,stop,-0.037,0,OZSUB
2025-04-09,16.14456140350877,0.636,stop,-0.037,0,OZSUB
2025-06-05,42.78731704892776,0.939,stop,-0.037,1,OZSUB
2025-10-28,11.712772218952324,0.407,hedef,0.093,3,OZSUB
2025-11-10,14.586717690738372,0.697,stop,-0.037,0,OZSUB
2026-01-26,9.733176732770174,0.579,stop,-0.037,0,OZSUB
2026-03-10,19.137743015079156,0.555,hedef,0.10199999999999998,1,OZSUB
2026-03-11,8.351859826667384,0.71,stop,-0.037,0,OZSUB
2026-03-19,26.542234643244168,0.883,stop,-0.037,0,OZSUB
2026-04-24,9.935035805074186,0.818,hedef,0.093,2,OZSUB
2024-06-24,16.167705228935247,1.514,stop,-0.037,0,PAGYO
2024-07-24,20.34525088230781,0.807,stop,-0.037,1,PAGYO
2024-11-08,19.830912638196402,1.317,stop,-0.037,0,PAGYO
2024-12-12,10.753571428571428,0.82,stop,-0.037,7,PAGYO
2025-03-11,8.433149886694723,0.794,stop,-0.039258064516129114,6,PAGYO
2025-03-25,19.925611052072266,0.491,hedef,0.093,4,PAGYO
2025-06-05,33.58522866226461,0.789,stop,-0.037,4,PAGYO
2025-10-02,23.797276853252647,1.032,stop,-0.037,2,PAGYO
2025-10-28,13.051630793608874,0.754,stop,-0.037,9,PAGYO
2025-12-09,8.467574770506367,0.627,stop,-0.037,10,PAGYO
2026-01-26,9.974133471288152,0.746,stop,-0.037,5,PAGYO
2026-03-11,9.6286701208981,0.905,stop,-0.037,0,PAGYO
2026-03-19,9.615716753022452,0.929,hedef,0.093,1,PAGYO
2026-05-07,16.826612903225808,0.992,hedef,0.093,1,PAGYO
2024-09-04,62.206456190138354,0.657,stop,-0.037,0,PAMEL
2025-03-19,9.906329832529094,0.159,stop,-0.037,1,PAMEL
2025-04-24,8.423669816011936,0.392,hedef,0.093,1,PAMEL
2025-05-08,11.217819360362013,0.343,stop,-0.037,0,PAMEL
2025-09-29,37.330187330187336,0.485,stop,-0.1130894386298762,1,PAMEL
2025-12-22,11.112618724559024,0.284,stop,-0.037,0,PAMEL
2026-03-19,49.10815939278937,0.121,stop,-0.037,4,PAMEL
2026-04-24,8.468586387434556,0.253,stop,-0.037,0,PAMEL
2026-06-02,9.891214608324026,0.311,stop,-0.037,0,PAMEL
2024-08-28,50.05148697455731,-0.139,stop,-0.037,1,PAPIL
2024-11-28,18.760319179733347,0.139,hedef,0.1325540875309662,1,PAPIL
2025-02-12,9.738967343336276,0.243,stop,-0.037,1,PAPIL
2025-02-28,13.8162400976521,0.247,hedef,0.093,2,PAPIL
2025-03-05,12.40807597023921,0.389,hedef,0.10763414634146351,1,PAPIL
2025-06-05,32.47119840523305,0.841,stop,-0.037,2,PAPIL
2025-08-29,9.512721509383063,0.33,stop,-0.037,0,PAPIL
2025-10-28,814.484277229947,0.228,stop,-0.037,0,PAPIL
2026-03-02,15.983821817959084,0.29,stop,-0.037,1,PAPIL
2026-03-19,20.853505468890084,0.18,stop,-0.037,1,PAPIL
2026-04-20,8.859892674524353,0.248,stop,-0.037,0,PAPIL
2026-05-26,14.608107655582504,0.157,acik,,6,PAPIL
2024-07-19,9.695561442716183,0.636,stop,-0.037,0,PATEK
2024-10-22,17.84354550862547,0.213,hedef,0.11160940716144052,1,PATEK
2024-10-23,9.946421460377286,0.367,hedef,0.1471742841683953,1,PATEK
2024-10-24,18.08759124087571,0.592,stop,-0.037,0,PATEK
2024-12-13,8.098737744912379,0.629,stop,-0.037,0,PATEK
2025-01-07,25.1366869483253,0.831,stop,-0.037,0,PATEK
2025-02-17,8.281801428519993,0.492,stop,-0.037,0,PATEK
2025-05-16,8.004390503754268,0.328,stop,-0.037,0,PATEK
2025-06-05,54.4514653069419,0.353,hedef,0.10153994490358131,1,PATEK
2025-10-28,40.469250862953636,0.627,stop,-0.037,0,PATEK
2025-12-24,79.14251329283205,0.591,stop,-0.037,3,PATEK
2025-12-31,8.16228382790491,0.426,stop,-0.037,0,PATEK
2026-03-19,25.15483002697727,0.171,hedef,0.093,15,PATEK
2026-04-13,12.769309508444781,0.293,stop,-0.037,0,PATEK
2026-05-05,11.647159235256673,0.398,hedef,0.19073519163763064,2,PATEK
2026-05-06,27.480853291382008,0.497,stop,-0.037,0,PATEK
2026-05-26,36.576373183833674,0.344,hedef,0.13677880184331792,1,PATEK
2024-07-03,23.422348124989202,0.931,stop,-0.037,0,PCILT
2024-08-27,9.545468667474447,0.365,stop,-0.037,11,PCILT
2024-10-01,47.179762864737334,0.921,stop,-0.037,0,PCILT
2024-10-30,8.34064436866519,0.588,stop,-0.037,0,PCILT
2024-11-19,49.964366958128956,0.561,stop,-0.06813537117903934,1,PCILT
2025-03-19,13.8702131143706,0.195,stop,-0.037,0,PCILT
2025-03-21,75.35616374269006,-0.12,stop,-0.13289641434262944,1,PCILT
2025-04-21,14.781558134996237,0.236,stop,-0.037,1,PCILT
2025-05-26,46.91798080114062,0.297,stop,-0.037,0,PCILT
2025-06-05,37.18850787231895,0.221,stop,-0.08346176911544223,4,PCILT
2025-09-04,19.793050587634134,1.001,hedef,0.11877639751552793,1,PCILT
2025-10-28,525.5474954993117,0.474,stop,-0.037,0,PCILT
2026-01-05,74.97276553602377,0.531,stop,-0.037,0,PCILT
2026-03-02,12.364752099006342,0.539,hedef,0.093,0,PCILT
2026-03-12,8.501135116023745,0.635,stop,-0.037,0,PCILT
2026-04-30,11.228875042676682,0.695,stop,-0.037,0,PCILT
2026-05-20,42.27319255411912,0.939,stop,-0.037,0,PCILT
2026-05-26,12.062129409261034,0.962,hedef,0.093,3,PCILT
2024-07-09,60.219096867947066,0.405,stop,-0.037,1,PEKGY
2024-08-09,18.40623788895657,0.14,stop,-0.037,0,PEKGY
2024-09-25,10.4595146653222,0.047,stop,-0.037,0,PEKGY
2024-11-29,9.547354803044977,0.047,hedef,0.093,1,PEKGY
2024-12-04,14.042899241154618,0.175,stop,-0.037,0,PEKGY
2025-02-10,11.014363001017529,0.139,hedef,0.09371942929880162,1,PEKGY
2025-02-12,11.906208590746445,0.306,stop,-0.037,0,PEKGY
2025-03-18,16.318897479251866,0.293,stop,-0.037,0,PEKGY
2025-06-05,45.39215029444125,0.143,hedef,0.093,1,PEKGY
2025-07-04,8.64609200067093,0.31,hedef,0.093,0,PEKGY
2025-09-26,16.94559014409228,0.847,stop,-0.037,0,PEKGY
2025-11-06,80.39058385513479,0.973,hedef,0.093,5,PEKGY
2025-11-26,45.08982331948468,0.943,stop,-0.037,0,PEKGY
2026-01-23,12.377997539018175,0.754,stop,-0.037,0,PEKGY
2026-03-19,10.016854895685494,0.865,stop,-0.037,1,PEKGY
2024-09-03,23.659313765747417,0.581,stop,-0.037,0,PENTA
2024-11-07,27.694712330806283,0.571,stop,-0.037,0,PENTA
2025-01-02,8.612752394268789,0.579,hedef,0.093,17,PENTA
2025-03-06,10.749906136581703,0.376,hedef,0.093,1,PENTA
2025-03-07,17.086099248219195,0.588,stop,-0.037,1,PENTA
2025-06-05,55.565758145048676,0.176,stop,-0.06649656750572075,4,PENTA
2025-07-25,12.10900335334945,0.615,stop,-0.037,0,PENTA
2025-09-08,20.38048153279186,0.934,stop,-0.037,0,PENTA
2025-10-28,41.78751973463888,0.345,hedef,0.093,3,PENTA
2026-02-18,31.024694750893172,0.493,stop,-0.037,1,PENTA
2026-03-19,10.829199149539333,0.162,stop,-0.037,1,PENTA
2026-05-06,11.415860213478075,0.419,stop,-0.037,10,PENTA
2026-05-26,31.634703873211162,0.451,hedef,0.093,1,PENTA
2024-08-09,12.228102386871974,0.347,stop,-0.037,1,PETUN
2024-08-26,8.296783625732239,0.374,stop,-0.037,2,PETUN
2024-09-20,14.432659401470836,0.084,stop,-0.037,0,PETUN
2024-10-31,91.86516806986025,0.316,stop,-0.037,0,PETUN
2025-03-04,31.446272128821498,0.093,stop,-0.037,0,PETUN
2025-03-20,11.197977339994994,-0.068,stop,-0.037,1,PETUN
2025-05-02,34.18467460528581,0.368,stop,-0.037,1,PETUN
2025-06-05,18.455810476683343,0.219,stop,-0.037,4,PETUN
2025-08-11,35.92351484731603,0.913,stop,-0.037,0,PETUN
2025-10-13,10.47100022793676,0.789,stop,-0.037,4,PETUN
2025-10-28,286.0397776696596,0.764,stop,-0.04319197482297409,8,PETUN
2026-02-02,10.400135685210312,0.797,stop,-0.037,13,PETUN
2026-03-19,21.032671272308576,0.561,hedef,0.093,15,PETUN
2026-05-26,14.792017623428794,0.698,stop,-0.037,1,PETUN
2024-07-08,11.008540257691328,0.235,stop,-0.037,2,PINSU
2024-08-28,22.863930606479407,0.099,hedef,0.093,0,PINSU
2024-09-05,9.10917809526947,0.673,stop,-0.037,0,PINSU
2025-03-04,11.88107184797694,0.172,stop,-0.037,0,PINSU
2025-03-19,10.29481952430852,-0.009,stop,-0.037,1,PINSU
2025-05-23,20.54296034429757,0.277,stop,-0.037,0,PINSU
2025-06-05,53.663362711988505,0.164,stop,-0.04951700680272108,4,PINSU
2025-06-30,11.163107678328034,0.219,hedef,0.093,13,PINSU
2025-07-21,8.186419605046419,0.554,stop,-0.037,0,PINSU
2025-07-30,26.910151367865577,0.708,hedef,0.09865110565110558,1,PINSU
2025-09-18,13.967457808760527,0.848,stop,-0.037,0,PINSU
2025-10-14,24.357743845434715,0.821,stop,-0.037,1,PINSU
2025-11-27,8.284474370926441,0.834,hedef,0.093,1,PINSU
2026-03-10,54.900495312223605,0.582,stop,-0.037,0,PINSU
2026-03-19,18.03534848884908,0.518,hedef,0.093,1,PINSU
2026-05-14,20.681837056722863,0.674,stop,-0.037,0,PINSU
2026-05-26,10.205936259036758,0.593,acik,,6,PINSU
2024-09-02,46.908749145591244,0.376,stop,-0.037,0,PKENT
2024-11-01,9.477206189878713,0.394,stop,-0.037,0,PKENT
2025-03-19,8.325635103926096,0.057,stop,-0.037,1,PKENT
2025-05-15,41.720493247210804,0.26,stop,-0.037,4,PKENT
2025-06-05,73.08400068154711,0.237,stop,-0.037,2,PKENT
2025-06-27,28.12360491071429,0.281,stop,-0.037,0,PKENT
2025-09-08,16.23017902813299,0.312,stop,-0.037,0,PKENT
2025-10-28,33.688688688688686,0.192,hedef,0.093,3,PKENT
2025-11-04,8.484517457249696,0.45,stop,-0.037,0,PKENT
2025-12-04,14.501783092091463,0.212,stop,-0.037,0,PKENT
2026-02-11,28.415212347422578,0.135,stop,-0.037,0,PKENT
2026-03-05,19.294039046841363,0.11,stop,-0.037,0,PKENT
2026-03-19,9.549655317739848,0.074,stop,-0.042989717223650296,1,PKENT
2026-05-26,71.3531669865643,0.057,acik,,6,PKENT
2024-09-16,58.807295796986516,0.209,stop,-0.037,0,PNLSN
2024-10-07,28.572456813819574,0.012,stop,-0.037,1,PNLSN
2024-10-31,11.49217615744475,0.088,stop,-0.037,1,PNLSN
2024-12-09,18.252975590074644,0.153,stop,-0.037,0,PNLSN
2024-12-25,8.882022683597723,0.304,stop,-0.037,0,PNLSN
2025-03-19,8.541845236054446,0.05,stop,-0.037,2,PNLSN
2025-06-05,487.6365780978396,0.138,stop,-0.037,0,PNLSN
2025-08-11,8.200586842012232,0.195,stop,-0.037,2,PNLSN
2025-10-28,14.54830459533042,0.18,stop,-0.037,19,PNLSN
2026-02-05,16.991584365002087,0.303,stop,-0.037,0,PNLSN
2026-02-25,14.382570750873636,0.39,stop,-0.037,1,PNLSN
2026-03-19,20.63160222080283,0.368,stop,-0.037,1,PNLSN
2026-05-26,12.646884324026862,0.311,hedef,0.093,3,PNLSN
2024-08-28,10.306592954858836,0.16,stop,-0.037,0,PNSUT
2025-05-02,28.460899781666104,0.297,stop,-0.037,0,PNSUT
2025-06-05,8.689289501590668,0.186,stop,-0.037,4,PNSUT
2025-08-11,9.075078757467338,0.823,stop,-0.037,3,PNSUT
2025-09-08,24.445183631749615,1.008,stop,-0.037,0,PNSUT
2025-10-10,32.68046625895144,0.865,stop,-0.037,1,PNSUT
2025-10-28,12.932145770630376,0.626,stop,-0.037,4,PNSUT
2025-12-09,10.94979262169832,0.555,stop,-0.037,0,PNSUT
2026-01-30,9.05503294435183,0.572,hedef,0.13538683127572015,1,PNSUT
2026-02-02,37.09355971709158,0.792,stop,-0.037,0,PNSUT
2026-04-08,8.14501649658559,0.647,stop,-0.037,17,PNSUT
2024-08-29,28.785817858440968,0.561,stop,-0.04835358488348184,5,POLHO
2025-03-10,9.879070862607115,0.284,hedef,0.093,6,POLHO
2025-04-02,12.31882856567359,1.314,stop,-0.037,0,POLHO
2025-06-05,22.932707610332194,0.956,stop,-0.037,2,POLHO
2025-06-30,23.739641786877424,1.121,stop,-0.037,0,POLHO
2025-10-01,10.025096634448163,1.0,stop,-0.037,0,POLHO
2025-10-28,38.530273466635634,0.507,hedef,0.093,3,POLHO
2025-11-18,10.43548070271332,0.561,stop,-0.037,0,POLHO
2026-03-02,10.104030895486362,0.414,hedef,0.093,1,POLHO
2026-03-12,9.70148601822823,0.74,hedef,0.093,3,POLHO
2026-03-19,11.593485565720734,0.854,stop,-0.037,1,POLHO
2026-04-07,11.57896232132936,1.027,stop,-0.037,0,POLHO
2026-05-26,15.671567647468633,0.705,acik,,6,POLHO
2024-06-14,16.774193548387096,-0.102,stop,-0.037,0,POLTK
2024-07-04,15.28052805280528,0.028,hedef,0.093,2,POLTK
2024-08-29,36.92307692307693,0.171,stop,-0.037,0,POLTK
2024-11-07,61.28,0.032,stop,-0.037,0,POLTK
2024-11-26,51.26984126984127,0.123,hedef,0.09849828178694164,1,POLTK
2024-11-27,13.43915343915344,0.191,stop,-0.037,0,POLTK
2024-12-12,12.979274611398964,0.1,stop,-0.037,5,POLTK
2024-12-27,65.0,0.077,stop,-0.037,10,POLTK
2025-01-15,463.03030303030306,0.064,hedef,0.11336336109008316,1,POLTK
2025-01-31,36.583333333333336,0.15,stop,-0.037,0,POLTK
2025-03-19,8.709677419354838,0.029,stop,-0.037,2,POLTK
2025-04-15,10.588235294117647,0.063,hedef,0.093,1,POLTK
2025-04-16,19.77578475336323,0.106,hedef,0.15866584245849513,1,POLTK
2025-05-08,55.6,0.03,stop,-0.037,12,POLTK
2025-06-05,13.977272727272727,0.025,stop,-0.037,4,POLTK
2025-06-17,15.182724252491694,0.032,stop,-0.04277302631578949,1,POLTK
2025-07-25,33.07692307692308,0.15,stop,-0.037,0,POLTK
2025-09-01,11.497797356828194,0.298,stop,-0.037,0,POLTK
2025-10-27,39.70588235294118,0.167,stop,-0.037,0,POLTK
2025-10-28,61.744680851063826,0.149,hedef,0.10947139903514824,2,POLTK
2026-01-14,17.46760895170789,0.056,hedef,0.13748051948051943,3,POLTK
2026-02-25,69.44,0.042,stop,-0.09075,3,POLTK
2026-03-19,19.603524229074893,0.006,stop,-0.037,1,POLTK
2026-05-26,32.840909090909086,0.032,acik,,6,POLTK
2024-08-05,9.53571608610173,-0.119,stop,-0.037,6,PRKAB
2024-10-30,11.850621699880769,0.061,stop,-0.037,3,PRKAB
2024-12-09,8.773344400308295,0.084,hedef,0.093,5,PRKAB
2024-12-17,22.150352846539178,0.241,stop,-0.037,0,PRKAB
2025-01-16,12.186515437933206,0.089,stop,-0.037,12,PRKAB
2025-06-05,17.680335228973362,0.072,stop,-0.037,4,PRKAB
2025-07-11,31.702199661590523,0.25,stop,-0.037,2,PRKAB
2025-08-05,19.0415964024733,0.492,stop,-0.037,0,PRKAB
2025-10-28,26.830708661417322,0.289,hedef,0.1985961070559611,2,PRKAB
2025-10-31,38.86570258918603,0.522,hedef,0.19128456104944502,2,PRKAB
2025-12-17,8.308259730175678,0.238,stop,-0.037,4,PRKAB
2025-12-31,8.410819949281487,0.234,stop,-0.037,2,PRKAB
2026-01-14,20.59863133090158,0.369,stop,-0.037,0,PRKAB
2026-01-20,8.595139174075594,0.497,stop,-0.037,0,PRKAB
2026-01-29,9.778199841996473,0.997,stop,-0.037,0,PRKAB
2026-03-19,34.10187452334122,0.349,stop,-0.037,1,PRKAB
2026-05-12,44.56376227869375,0.431,stop,-0.037,0,PRKAB
2026-05-26,10.121705756497228,0.377,stop,-0.037,0,PRKAB
2025-05-26,9.648429438811329,0.838,hedef,0.093,8,QUAGR
2025-06-05,10.073372195656276,0.949,hedef,0.093,17,QUAGR
2025-07-01,40.11950811977522,0.971,stop,-0.037,3,QUAGR
2025-10-10,11.987825577392407,0.799,stop,-0.037,0,QUAGR
2025-10-28,55.11087857833777,0.69,stop,-0.037,1,QUAGR
2025-11-13,101.41334220183596,0.334,hedef,0.093,0,QUAGR
2026-01-05,27.70499730099955,0.045,stop,-0.037,0,QUAGR
2026-02-13,8.610773167094166,0.071,hedef,0.11274110032362461,1,QUAGR
2026-02-16,9.60006311860312,0.11,stop,-0.037,0,QUAGR
2026-03-05,23.351026345891185,0.06,stop,-0.037,1,QUAGR
2026-03-06,9.000139280663829,0.082,stop,-0.037,0,QUAGR
2026-05-26,86.75538484661072,0.158,stop,-0.037,0,QUAGR
2024-06-27,35.634387351778656,-0.363,stop,-0.09467123287671231,1,RAYSG
2024-07-23,18.52029312288613,0.445,hedef,0.093,6,RAYSG
2024-09-10,13.69928400954654,0.341,stop,-0.09465652951699466,1,RAYSG
2024-09-11,12.130764740221831,0.227,stop,-0.037,0,RAYSG
2024-11-25,88.9799331103679,0.438,stop,-0.037,0,RAYSG
2024-12-31,11.763134461264471,0.647,hedef,0.093,3,RAYSG
2025-01-06,9.798018292682928,0.758,stop,-0.037,3,RAYSG
2025-01-24,14.648085021054742,1.002,stop,-0.037,0,RAYSG
2025-02-04,13.703267589049162,0.187,stop,-0.037,0,RAYSG
2025-02-05,14.846406860297789,0.105,stop,-0.037,0,RAYSG
2025-03-17,10.452191009111875,0.046,stop,-0.037,0,RAYSG
2025-06-05,76.6971736204576,0.024,stop,-0.049753313381787116,4,RAYSG
2025-07-30,45.91933376877858,0.095,stop,-0.037,0,RAYSG
2025-07-31,18.114065257050573,0.12,stop,-0.037,1,RAYSG
2025-08-28,13.282417399966794,0.1,stop,-0.037,3,RAYSG
2025-10-15,8.774099672608221,0.037,stop,-0.037,2,RAYSG
2025-10-28,71.0267716535433,0.09,stop,-0.037,0,RAYSG
2026-02-04,10.40457343887423,0.041,stop,-0.037,0,RAYSG
2026-03-19,23.997406577861607,0.019,stop,-0.037,4,RAYSG
2026-05-26,12.987473903966597,0.018,hedef,0.093,1,RAYSG
2024-07-04,8.248702900399762,0.496,stop,-0.037,1,RODRG
2024-09-09,110.39919288869498,0.233,stop,-0.037,0,RODRG
2024-10-25,23.358112475759537,0.183,hedef,0.093,2,RODRG
2024-10-28,10.196280484812798,0.22,stop,-0.037,0,RODRG
2025-01-31,56.91606847045831,0.029,stop,-0.037,1,RODRG
2025-04-17,8.177656051996893,0.081,stop,-0.037,3,RODRG
2025-06-13,33.861913696060036,0.013,hedef,0.093,15,RODRG
2025-08-18,26.328300674590427,0.281,stop,-0.037,0,RODRG
2025-08-19,10.25711055413284,0.364,stop,-0.037,0,RODRG
2025-10-28,8.712102689486553,0.28,stop,-0.037,1,RODRG
2025-12-01,32.44468904788112,0.223,hedef,0.093,2,RODRG
2026-03-19,9.281194820482636,0.228,stop,-0.037,1,RODRG
2026-04-30,22.292091613730403,0.533,stop,-0.037,0,RODRG
2026-05-20,13.185369505393124,0.655,stop,-0.037,0,RODRG
2024-07-10,39.162286050717015,1.029,stop,-0.037,0,RYSAS
2024-08-14,48.71980676328503,0.257,stop,-0.037,1,RYSAS
2024-09-27,16.952949637152134,0.241,stop,-0.037,3,RYSAS
2024-10-30,8.084673972914965,0.332,stop,-0.037,0,RYSAS
2024-11-13,10.108424355753876,0.916,stop,-0.037,0,RYSAS
2024-12-05,21.268270425105833,1.058,stop,-0.037,0,RYSAS
2025-03-10,35.911542192046554,0.523,stop,-0.037,0,RYSAS
2025-04-02,9.287981972336002,0.476,stop,-0.037,0,RYSAS
2025-05-05,11.000617135804163,0.319,stop,-0.037,10,RYSAS
2025-06-05,540.7039015952336,0.23,stop,-0.037,1,RYSAS
2025-08-06,16.36654700688852,0.67,hedef,0.10466500498504494,7,RYSAS
2025-10-28,13.240132746503868,0.283,hedef,0.093,7,RYSAS
2025-12-19,11.635714044962755,0.355,stop,-0.037,2,RYSAS
2026-02-27,14.88210487516668,0.725,stop,-0.037,0,RYSAS
2026-03-19,12.30035912504081,0.464,stop,-0.037,1,RYSAS
2026-04-15,16.983565934376948,0.926,stop,-0.037,1,RYSAS
2026-05-22,10.345901256792345,0.596,hedef,0.093,2,RYSAS
2026-05-26,369.5990693756393,0.697,hedef,0.093,1,RYSAS
2024-06-28,12.538827146315422,1.054,stop,-0.037,1,SAFKR
2024-10-24,30.705244347372776,0.39,hedef,0.093,0,SAFKR
2024-12-12,10.362821774486207,0.917,stop,-0.037,0,SAFKR
2025-01-17,8.190417948669019,0.609,stop,-0.037,6,SAFKR
2025-05-08,15.672441556998619,0.935,hedef,0.093,1,SAFKR
2025-06-05,9.644546485574807,0.774,stop,-0.037,5,SAFKR
2025-07-29,11.794058940940857,0.832,hedef,0.093,20,SAFKR
2025-10-28,31.767658508726434,0.956,hedef,0.093,5,SAFKR
2025-12-22,10.512672200635818,1.014,stop,-0.037,2,SAFKR
2026-03-19,35.25413524046637,0.777,hedef,0.093,5,SAFKR
2026-05-06,9.34538995297423,0.777,stop,-0.037,5,SAFKR
2026-05-26,8.911748549685822,0.682,stop,-0.037,1,SAFKR
2024-07-04,9.363652388508214,0.376,hedef,0.093,1,SAMAT
2024-08-26,34.651160503541284,1.011,stop,-0.037,0,SAMAT
2024-08-27,8.477639581903858,0.072,stop,-0.11043112879164585,1,SAMAT
2024-10-15,30.92520339956801,0.049,stop,-0.037,3,SAMAT
2024-11-28,24.28302250708617,0.085,stop,-0.037,0,SAMAT
2025-01-08,45.11286922330136,0.113,hedef,0.093,1,SAMAT
2025-01-09,11.042465170043354,0.146,stop,-0.037,0,SAMAT
2025-05-05,16.711815172598758,0.092,stop,-0.037,1,SAMAT
2025-05-14,8.565122156697464,0.159,stop,-0.037,0,SAMAT
2025-06-05,19.157361589678192,0.064,stop,-0.037,1,SAMAT
2025-09-09,29.499471223420343,0.3,stop,-0.037,0,SAMAT
2025-10-28,17.717904361794144,0.148,stop,-0.037,1,SAMAT
2025-12-11,10.450562069382329,0.105,hedef,0.093,2,SAMAT
2025-12-16,9.709276585697,0.168,stop,-0.037,0,SAMAT
2026-03-02,9.671860599695652,0.035,hedef,0.093,3,SAMAT
2026-05-26,39.545447260021476,0.177,stop,-0.037,0,SAMAT
2024-06-04,17.905265339966835,-0.057,stop,-0.037,0,SANEL
2024-07-01,31.29292072912251,-0.153,hedef,0.093,0,SANEL
2024-07-31,21.09109984262983,0.246,stop,-0.037,0,SANEL
2024-10-31,64.75377544320419,0.012,hedef,0.093,0,SANEL
2025-01-22,77.79011872845652,0.298,stop,-0.037,0,SANEL
2025-03-28,21.484368721369446,0.249,stop,-0.037,0,SANEL
2025-06-13,8.780358092536785,0.172,hedef,0.093,0,SANEL
2025-08-20,97.84262204397731,0.416,hedef,0.093,0,SANEL
2025-10-28,96.40714526457701,0.479,stop,-0.037,5,SANEL
2025-11-13,10.098684998443078,0.83,stop,-0.037,0,SANEL
2026-02-03,40.44298846078623,0.648,stop,-0.037,0,SANEL
2026-03-19,9.34204872244075,0.54,stop,-0.037,4,SANEL
2026-05-07,31.64117258100066,0.706,stop,-0.037,0,SANEL
2024-07-29,8.430251551780463,0.405,hedef,0.093,1,SANKO
2024-07-30,10.463413503869502,0.572,stop,-0.037,0,SANKO
2024-09-18,8.640087929656275,0.246,stop,-0.037,3,SANKO
2024-09-19,16.688188873671166,0.422,stop,-0.037,0,SANKO
2024-10-23,30.494083201171158,0.208,stop,-0.037,0,SANKO
2024-10-24,9.832663989290495,0.436,stop,-0.037,0,SANKO
2024-12-09,59.75100257377147,0.599,hedef,0.10967913238593863,1,SANKO
2024-12-10,24.610422185649035,0.869,stop,-0.037,0,SANKO
2025-03-04,8.045175220063111,0.11,stop,-0.037,0,SANKO
2025-03-11,13.338126737609052,0.14,stop,-0.03741474654377885,6,SANKO
2025-04-17,12.038758821552593,0.213,hedef,0.093,1,SANKO
2025-04-18,38.43572134783422,0.327,stop,-0.037,0,SANKO
2025-05-27,14.125235151840903,0.098,stop,-0.037,3,SANKO
2025-06-05,83.8430598487952,0.1,stop,-0.037,0,SANKO
2025-08-07,63.21681969949917,0.458,stop,-0.037,0,SANKO
2025-10-28,27.490935460478607,0.321,stop,-0.037,9,SANKO
2025-11-19,11.307597788244932,0.235,stop,-0.037,4,SANKO
2025-12-05,37.809686432784844,0.262,stop,-0.037,0,SANKO
2026-02-02,13.231796560556164,0.288,stop,-0.037,13,SANKO
2026-03-19,23.72231012658228,0.139,stop,-0.037,1,SANKO
2026-04-06,10.354415362942092,0.205,stop,-0.037,0,SANKO
2026-05-04,65.0047273873306,0.479,stop,-0.037,0,SANKO
2026-05-22,8.527726522288045,0.184,hedef,0.093,3,SANKO
2026-05-26,8.170727597479189,0.277,acik,,6,SANKO
2024-06-20,16.208517273945223,1.152,stop,-0.037,0,SAYAS
2025-05-08,52.8086811729179,0.159,stop,-0.037,0,SAYAS
2025-06-05,60.993361922105386,0.38,stop,-0.041649122807017484,4,SAYAS
2025-07-11,9.376813151391426,0.449,hedef,0.093,1,SAYAS
2025-10-28,20.373356790304452,0.516,stop,-0.037,12,SAYAS
2026-02-11,10.92880777030633,0.407,stop,-0.037,0,SAYAS
2026-03-19,19.414283562498653,0.331,stop,-0.037,1,SAYAS
2026-04-29,30.86035898996045,0.536,stop,-0.037,0,SAYAS
2026-05-26,40.73511568553617,0.598,stop,-0.037,0,SAYAS
2024-08-01,40.22632975253338,0.861,stop,-0.037,0,SEGYO
2025-01-13,25.159816513761466,0.634,stop,-0.037,8,SEGYO
2025-02-28,247.71883233328248,0.84,hedef,0.093,1,SEGYO
2025-04-15,12.099482472971756,0.912,stop,-0.037,0,SEGYO
2025-04-17,13.395088226507337,0.279,stop,-0.037,0,SEGYO
2025-06-05,25.874618139878255,0.048,stop,-0.043082474226803995,4,SEGYO
2025-10-23,8.609402689461065,0.445,stop,-0.037,0,SEGYO
2025-10-28,20.282095535121357,0.608,stop,-0.037,1,SEGYO
2026-01-02,10.21752038375593,0.4,stop,-0.037,1,SEGYO
2026-01-26,8.758324150816845,0.278,stop,-0.037,0,SEGYO
2026-02-12,10.54023250512879,0.615,stop,-0.037,0,SEGYO
2026-02-16,8.130493659327591,0.797,stop,-0.037,0,SEGYO
2026-03-19,22.384477263051732,0.289,stop,-0.037,1,SEGYO
2026-05-26,9.134763882290866,0.313,hedef,0.093,5,SEGYO
2024-07-29,8.370615741756962,0.974,stop,-0.037,0,SEKFK
2024-12-02,9.367337698523267,0.082,hedef,0.093,1,SEKFK
2024-12-03,34.279966759901086,0.196,stop,-0.037,1,SEKFK
2025-02-14,29.22042636198969,0.147,stop,-0.037,0,SEKFK
2025-05-12,15.401109989909182,0.137,stop,-0.037,3,SEKFK
2025-07-18,53.05203145067819,0.333,stop,-0.037,0,SEKFK
2025-10-01,11.497527413459471,0.341,stop,-0.037,0,SEKFK
2025-10-28,20.427457398671415,0.302,hedef,0.093,6,SEKFK
2026-03-02,10.019263007736441,0.409,hedef,0.093,3,SEKFK
2026-03-19,17.81929197380493,0.551,stop,-0.037,4,SEKFK
2026-04-30,21.314266760033906,0.705,hedef,0.093,2,SEKFK
2026-05-26,8.276579968058407,0.582,acik,,6,SEKFK
2024-06-14,16.628993236441957,0.283,stop,-0.037,0,SELVA
2024-06-21,10.636502711974433,0.515,stop,-0.037,0,SELVA
2024-07-10,12.541046370823967,0.496,stop,-0.037,0,SELVA
2024-08-05,8.121101923897186,0.124,hedef,0.093,3,SELVA
2024-09-20,24.92155315978633,0.267,stop,-0.037,3,SELVA
2024-10-08,22.171294860210295,0.153,hedef,0.093,2,SELVA
2025-01-13,39.039585102823246,0.38,stop,-0.037,0,SELVA
2025-01-22,13.390530484355294,0.435,stop,-0.037,0,SELVA
2025-02-18,17.39568623068395,0.421,stop,-0.037,0,SELVA
2025-05-12,14.10108861930347,0.281,stop,-0.037,0,SELVA
2025-06-05,9.149402588308599,0.157,hedef,0.093,2,SELVA
2025-07-10,10.302936099207505,0.636,stop,-0.037,0,SELVA
2025-09-18,11.925816874419226,0.854,stop,-0.037,0,SELVA
2025-10-24,8.197247413905332,0.593,hedef,0.10585266781477565,1,SELVA
2025-10-27,10.17756675497871,0.726,hedef,0.093,1,SELVA
2025-10-28,17.297506588837525,0.8,stop,-0.037,1,SELVA
2025-12-10,18.52024605921685,1.019,stop,-0.037,1,SELVA
2025-12-11,21.570327521709387,1.153,stop,-0.037,0,SELVA
2025-12-29,8.902418193657258,0.74,stop,-0.06822448979591855,1,SELVA
2026-02-13,18.944231733861308,0.472,stop,-0.037,4,SELVA
2026-03-02,8.486496728512943,0.349,hedef,0.093,0,SELVA
2026-03-19,24.413971618847857,0.377,stop,-0.037,1,SELVA
2026-04-06,19.532978224478548,0.426,stop,-0.037,1,SELVA
2026-04-21,13.87593595909174,0.531,stop,-0.037,0,SELVA
2026-05-26,35.066467741900844,0.402,stop,-0.037,0,SELVA
2025-04-29,9.309963520834026,0.374,stop,-0.037,0,SERNT
2025-06-05,32.44033464402732,0.334,hedef,0.093,2,SERNT
2025-07-25,8.98245663877722,0.273,stop,-0.037,0,SERNT
2025-10-28,27.54184882113365,0.222,stop,-0.037,7,SERNT
2026-03-16,16.050180515022223,0.14,stop,-0.037,0,SERNT
2026-03-19,20.57725690923692,0.097,stop,-0.037,0,SERNT
2026-04-08,16.17729071387187,0.215,stop,-0.037,0,SERNT
2026-04-15,20.49774110093859,0.362,stop,-0.037,0,SERNT
2026-05-20,11.910722168843646,0.33,stop,-0.037,0,SERNT
2026-05-26,13.727129393396758,0.265,hedef,0.093,1,SERNT
2024-07-23,9.713742454636852,0.414,stop,-0.037,6,SEYKM
2024-08-02,10.3869524687917,0.671,stop,-0.037,0,SEYKM
2024-08-19,8.12715792094319,0.453,stop,-0.037,0,SEYKM
2024-08-20,13.314929792269124,0.79,stop,-0.037,0,SEYKM
2024-10-04,22.503748937575452,0.297,hedef,0.10505073995771663,1,SEYKM
2024-11-04,12.673262293081711,0.269,stop,-0.037,0,SEYKM
2024-12-05,33.37717680916721,0.153,stop,-0.037,0,SEYKM
2025-02-20,11.035593194098249,0.122,stop,-0.037,0,SEYKM
2025-04-02,10.151654716305947,0.228,stop,-0.037,0,SEYKM
2025-10-24,12.116883116883116,0.618,hedef,0.093,0,SEYKM
2025-10-28,26.968411416966987,0.778,stop,-0.037,2,SEYKM
2026-02-11,9.214714262549515,0.545,stop,-0.037,0,SEYKM
2026-02-13,9.947305107351134,0.497,stop,-0.037,4,SEYKM
2026-03-02,11.8580226904376,0.319,hedef,0.093,1,SEYKM
2026-04-30,12.912084387257597,0.514,stop,-0.037,0,SEYKM
2026-05-26,10.365912816301684,0.589,stop,-0.037,0,SEYKM
2024-10-09,12.13803884785198,0.132,hedef,0.093,1,SKTAS
2024-10-10,48.78769099262739,0.313,hedef,0.093,1,SKTAS
2024-12-09,54.924146462636465,0.553,stop,-0.037,0,SKTAS
2025-03-11,32.90423905490357,0.187,hedef,0.093,1,SKTAS
2025-04-02,15.104859420152842,0.341,hedef,0.093,1,SKTAS
2025-05-06,12.673498671734185,0.423,stop,-0.037,0,SKTAS
2025-06-05,20.045450440959293,0.484,stop,-0.0792656246882274,4,SKTAS
2025-07-04,11.866747741487433,0.559,stop,-0.037,0,SKTAS
2025-08-14,15.875091899034453,0.907,stop,-0.037,1,SKTAS
2025-08-15,61.61329371868202,1.104,stop,-0.037,0,SKTAS
2025-09-24,8.958388328669741,0.875,hedef,0.093,2,SKTAS
2025-10-28,33.947073252654036,0.712,hedef,0.093,1,SKTAS
2026-01-14,17.15792318767518,0.566,stop,-0.037,0,SKTAS
2026-03-19,26.777790072132802,0.363,stop,-0.037,1,SKTAS
2026-05-26,8.13208750570512,0.433,stop,-0.037,3,SKTAS
2024-08-14,11.509889913183567,0.288,stop,-0.037,5,SKYLP
2024-09-17,12.92978952220003,0.284,hedef,0.093,2,SKYLP
2024-11-12,14.23582580115037,0.16,stop,-0.037,0,SKYLP
2025-03-12,8.186707115278544,0.509,stop,-0.09437024221453283,5,SKYLP
2025-05-16,32.218372506789024,0.262,stop,-0.037,0,SKYLP
2025-06-05,14.071187623589623,0.038,stop,-0.04800946372239744,4,SKYLP
2025-06-27,12.97113752122241,0.093,stop,-0.037,0,SKYLP
2025-08-11,24.96814189770966,0.462,hedef,0.093,1,SKYLP
2025-08-12,9.569662902607043,0.579,stop,-0.037,0,SKYLP
2025-10-23,11.272417370683266,0.916,stop,-0.037,0,SKYLP
2025-10-28,11.744595731139045,0.643,hedef,0.093,0,SKYLP
2026-03-05,9.724174279690793,0.802,stop,-0.037,0,SKYLP
2026-05-26,10.37251356238698,0.845,stop,-0.037,0,SKYLP
2024-06-21,8.19457996983944,1.124,hedef,0.093,1,SKYMD
2024-06-24,8.601624362901484,1.1,stop,-0.037,0,SKYMD
2024-11-15,8.479537703675636,0.169,hedef,0.093,19,SKYMD
2024-12-13,21.563215068526148,0.326,stop,-0.037,0,SKYMD
2025-01-10,23.4217278024914,0.578,stop,-0.037,0,SKYMD
2025-02-11,13.887011927140867,1.019,hedef,0.10966666666666669,1,SKYMD
2025-04-30,49.69559714523444,0.111,stop,-0.037,1,SKYMD
2025-05-22,36.051109557924164,0.147,stop,-0.037,0,SKYMD
2025-05-23,10.347205556824791,0.214,stop,-0.037,0,SKYMD
2025-07-29,16.265714488551986,0.404,hedef,0.12964215686274516,5,SKYMD
2025-09-22,12.667833133806058,0.375,hedef,0.093,3,SKYMD
2025-09-26,25.365378473331205,0.51,stop,-0.037,0,SKYMD
2025-10-28,79.66899745021665,0.229,stop,-0.037,9,SKYMD
2025-12-18,8.140420853468333,0.176,stop,-0.037,2,SKYMD
2026-03-02,13.901084083922118,0.12,hedef,0.093,2,SKYMD
2026-03-19,8.876018311841563,0.155,hedef,0.093,6,SKYMD
2026-03-31,8.070456053827847,0.302,stop,-0.037,0,SKYMD
2026-05-26,99.7117289834738,0.256,stop,-0.037,0,SKYMD
2023-02-27,11.607834206331132,0.509,stop,-0.037,0,SODSN
2023-06-08,32.426039783001805,0.496,stop,-0.0947742946708463,2,SODSN
2023-11-23,13.69842031867956,1.033,stop,-0.037,0,SODSN
2024-02-20,26.970443349753694,0.809,hedef,0.093,2,SODSN
2024-02-21,8.407971128197081,0.908,hedef,0.19637552742616038,2,SODSN
2025-04-30,13.702736237184093,0.293,stop,-0.050750000000000066,2,SODSN
2025-06-23,11.73648931713448,0.231,hedef,0.17714481897627976,1,SODSN
2025-06-25,8.895304080061585,0.323,stop,-0.037,2,SODSN
2025-07-16,9.331089608750526,0.348,stop,-0.037,1,SODSN
2025-11-04,9.7302046344767,0.409,stop,-0.037,4,SODSN
2026-01-16,10.866044128584415,0.348,stop,-0.06694550408719346,1,SODSN
2024-10-10,40.8659617532105,0.443,hedef,0.093,1,SOKE
2024-10-11,21.546809474255568,0.669,stop,-0.037,0,SOKE
2024-11-04,9.166593745403633,0.923,stop,-0.037,0,SOKE
2025-02-14,78.81739792036521,0.452,stop,-0.037,0,SOKE
2025-04-28,67.53752207180695,0.347,stop,-0.037,0,SOKE
2025-06-05,15.156529516994635,0.11,stop,-0.04636269915651358,4,SOKE
2025-06-24,8.013817403019102,0.147,hedef,0.093,24,SOKE
2025-07-30,28.783261441936027,0.57,stop,-0.037,0,SOKE
2025-08-18,8.768626199357682,0.427,hedef,0.093,10,SOKE
2025-10-28,23.952944614934967,0.273,stop,-0.037,9,SOKE
2026-03-02,8.301713976831659,0.486,stop,-0.037,0,SOKE
2026-05-26,9.83389169323015,0.78,stop,-0.037,3,SOKE
2022-10-25,9.426487977926685,1.019,hedef,0.093,1,SUMAS
2023-03-17,27.1886249100072,0.619,stop,-0.037,1,SUMAS
2023-05-03,8.676620985886684,0.347,stop,-0.037,0,SUMAS
2023-09-12,8.391880521665966,1.154,hedef,0.2023397745571659,2,SUMAS
2023-10-23,12.529534398888115,1.056,hedef,0.200460732984293,2,SUMAS
2025-02-25,22.021206096752817,0.445,stop,-0.037,0,SUMAS
2025-12-03,12.326732673267326,0.34,hedef,0.093,2,SUMAS
2024-08-06,9.55278776226699,0.372,stop,-0.037,0,SUNTK
2024-09-09,119.24873280231716,0.254,stop,-0.0373867403314918,1,SUNTK
2024-09-10,35.0821327871842,0.175,hedef,0.093,11,SUNTK
2024-11-06,9.500520929092357,0.727,hedef,0.093,1,SUNTK
2024-11-11,9.60043003046049,1.017,stop,-0.037,0,SUNTK
2025-03-06,10.15183191344797,0.975,stop,-0.037,0,SUNTK
2025-03-24,17.55131412279069,0.369,hedef,0.093,0,SUNTK
2025-05-26,167.620130776043,1.154,stop,-0.037,0,SUNTK
2025-09-24,14.509831232444228,1.027,stop,-0.037,0,SUNTK
2025-10-09,18.198754766156668,0.741,stop,-0.037,0,SUNTK
2025-10-28,68.5859191192791,0.676,stop,-0.037,0,SUNTK
2025-12-17,8.182113654247493,0.718,hedef,0.093,2,SUNTK
2026-01-07,9.89002449994515,0.721,stop,-0.10683633387888714,1,SUNTK
2026-01-22,15.02599263776098,0.653,stop,-0.037,0,SUNTK
2026-03-02,9.899570340301025,0.373,hedef,0.093,1,SUNTK
2026-03-19,22.471862967716458,0.425,stop,-0.037,1,SUNTK
2026-04-17,33.131513888215615,0.512,stop,-0.037,1,SUNTK
2026-05-26,22.854211754124623,0.354,acik,,6,SUNTK
2024-06-24,80.71127336816265,0.974,stop,-0.037,2,SUWEN
2024-11-11,17.15999392620337,0.134,stop,-0.037,0,SUWEN
2024-12-24,28.20377358490566,0.334,stop,-0.037,0,SUWEN
2025-06-05,20.10975677017263,0.923,stop,-0.037,2,SUWEN
2025-07-30,16.35142653669827,0.387,stop,-0.037,0,SUWEN
2025-08-26,17.286114672267534,0.375,stop,-0.037,1,SUWEN
2025-10-28,86.6388481163067,0.362,hedef,0.12170370370370354,3,SUWEN
2025-10-31,21.779577333744434,0.356,hedef,0.12695348837209297,1,SUWEN
2026-02-09,15.738328744237847,0.111,hedef,0.093,9,SUWEN
2026-03-19,21.78494698177282,0.155,stop,-0.037,1,SUWEN
2026-04-16,11.062969004893963,0.191,stop,-0.037,5,SUWEN
2026-05-26,23.030966329749564,0.064,hedef,0.093,3,SUWEN
2024-06-13,12.762600356824265,1.527,stop,-0.037,0,TARKM
2024-07-10,11.329373379068016,0.949,stop,-0.037,0,TARKM
2025-04-14,8.052246304004592,0.25,stop,-0.037,1,TARKM
2025-06-05,26.90187069248441,0.062,stop,-0.037,3,TARKM
2025-07-02,105.40531880807433,0.312,stop,-0.037,1,TARKM
2025-07-03,17.707200044634142,0.434,stop,-0.037,0,TARKM
2025-08-26,27.90378503322739,0.443,stop,-0.037,2,TARKM
2025-10-01,16.237714054108825,0.632,stop,-0.037,0,TARKM
2025-10-28,55.13322884012539,0.364,stop,-0.037,6,TARKM
2026-01-30,24.186795491143318,0.431,hedef,0.093,1,TARKM
2026-02-02,9.811795442450045,0.531,stop,-0.037,0,TARKM
2026-03-19,17.896183699870633,0.317,stop,-0.037,1,TARKM
2026-04-09,8.948850305021118,0.37,stop,-0.037,0,TARKM
2026-05-05,10.483870967741934,0.63,stop,-0.037,0,TARKM
2026-05-26,38.87730005465477,0.892,hedef,0.093,1,TARKM
