ilk_bar_tepe,ilk_bar_dip,ilk_bar_kapanis,ilk_saat_hareket,gun_sonu,sinyal,hisse
0.0,0.0,0.0,-0.001036269505704679,-0.010362695057046567,False,ISKPL
0.0,0.0,0.0,0.00208986431267566,0.024033439595769535,False,ISKPL
0.0,0.0,0.0,0.0,-0.001000000070449869,False,ISKPL
0.0,0.0,0.0,0.0,0.015075377951816682,False,ISKPL
0.0,0.0,0.0,-0.009708738528134808,0.01650485549782932,False,ISKPL
0.0,0.0,0.0,0.0009560230089404875,0.022944545479404388,False,ISKPL
0.0,0.0,0.0,0.0037209305007934734,0.00930232625198335,False,ISKPL
0.0,0.0,0.0,-0.005424955172157131,0.012658228735033417,False,ISKPL
0.0,0.0,0.0,0.0,-0.0026785716139067217,False,ISKPL
0.0,0.0,0.0,0.0,-0.019801981579253503,False,ISKPL
0.0,0.0,0.0,0.005555555954191327,0.06666666492716478,False,ISKPL
0.0,0.0,0.0,0.0,0.03809524088360483,False,ISKPL
0.0,0.0,0.0,0.0016638936278414729,0.004159734069603349,False,ISKPL
0.0,0.0,0.0,0.0008264463387335219,0.009917356064802485,False,ISKPL
0.0,0.0,0.0,0.003410059921812092,0.08695652200025883,True,ISKPL
0.0,0.0,0.0,0.0007843137818284163,-0.00392156890914197,False,ISKPL
0.0,0.0,0.0,0.0,0.013385827736958955,False,ISKPL
0.0,0.0,0.0,-0.004669261033177552,-0.03657587261074757,False,ISKPL
0.0,0.0,0.0,0.0,0.03778134738669192,False,ISKPL
0.0,0.0,0.0,0.0,-0.02711076877066887,False,ISKPL
0.0,0.0,0.0,0.001592356804009265,0.013535032834078642,False,ISKPL
0.0,0.0,0.0,0.0,0.01886792588680386,False,ISKPL
0.0,0.0,0.0,0.0,-0.0153846164684589,False,ISKPL
0.0,0.0,0.0,-0.0015625001117978154,0.04218750301854124,False,ISKPL
0.0,0.0,0.0,0.0,-0.0661654127930541,False,ISKPL
0.0,0.0,0.0,0.0,0.007252210772053402,True,ISKPL
0.0,0.0,0.0,0.0,0.024800001817041784,False,ISKPL
0.0,0.0,0.0,-0.004683841084284546,0.008587041987855093,False,ISKPL
0.0,0.0,0.0,0.0,0.03173374837951082,False,ISKPL
0.0,0.0,0.0,0.0,0.009745128105326462,False,ISKPL
0.0,0.0,0.0,0.0,0.04282494130513159,False,ISKPL
0.0,0.0,0.0,-0.0014409222925920728,-0.009365994901848418,False,ISKPL
0.0,0.0,0.0,0.00726216464507301,-0.021060272354529563,False,ISKPL
0.0,0.0,0.0,-0.0022255194390384814,0.0007418398130127901,False,ISKPL
0.0,0.0,0.0,0.0,0.016308372460056564,False,ISKPL
0.0,0.0,0.0,0.0,-0.024799413129815928,False,ISKPL
0.0,0.0,0.0,0.0,0.0074794320755438015,False,ISKPL
0.0,0.0,0.0,-0.000738007433792931,0.002214022301378904,False,ISKPL
0.0,0.0,0.0,0.0,-0.02426470246194068,False,ISKPL
0.0,0.0,0.0,0.0053231942870901605,0.05171102486004564,False,ISKPL
0.0,0.0,0.0,0.0007230658505537058,-0.005784526804429757,False,ISKPL
0.0,0.0,0.0,0.0,0.007299270598485563,False,ISKPL
0.0,0.0,0.0,0.0,0.028985509317995373,False,ISKPL
0.0,0.0,0.0,0.0,0.007857143410677114,False,ISKPL
0.0,0.0,0.0,-0.0668135092105856,-0.051395005891405554,True,ISKPL
0.0,0.0,0.0,0.0,-0.016781084314944072,False,ISKPL
0.0,0.0,0.0,0.0,-0.0038610041340610968,False,ISKPL
0.0,0.0,0.0,0.0,0.02089783429870229,False,ISKPL
0.0,0.0,0.0,0.0,-0.014404853160928877,False,ISKPL
0.0,0.0,0.0,0.0,-0.04580745120363561,False,ISKPL
0.0,0.0,0.0,0.0,-0.006509357648738612,False,ISKPL
0.0,0.0,0.0,0.0,0.03276002925843047,False,ISKPL
0.0,0.0,0.0,-0.0039840640357605706,0.03426295070754137,False,ISKPL
0.0,0.0,0.0,-0.0023148149783964733,-0.03317901469034901,False,ISKPL
0.0,0.0,0.0,0.0039904232765060055,0.0407023174203609,False,ISKPL
0.0,0.0,0.0,-0.0023023792869246718,-0.0023023792869246718,False,ISKPL
0.0,0.0,0.0,0.0,-0.0061538465873834935,False,ISKPL
0.0,0.0,0.0,-0.002316602480436636,0.0810810813751428,False,ISKPL
0.0,0.0,0.0,0.0,-0.00071428576460697,False,ISKPL
0.0,0.0,0.0,0.0,0.033380679152944515,False,ISKPL
0.0,0.0,0.0,-0.000691562979397542,-0.026970956196499918,False,ISKPL
0.0,0.0,0.0,-0.0028429284153498324,-0.0014214642076749717,False,ISKPL
0.0,0.0,0.0,0.0,0.05338078165121063,False,ISKPL
0.0,0.0,0.0,0.0027008779779975622,0.008777853428492577,True,ISKPL
0.0,0.0,0.0,0.0,-0.01271753771346884,False,ISKPL
0.0,0.0,0.0,0.0,0.010238908588391826,False,ISKPL
0.0,0.0,0.0,0.002024291642318987,0.002024291642318987,False,ISKPL
0.0,0.0,0.0,0.0013468014426416541,0.008754209377170863,False,ISKPL
0.0,0.0,0.0,0.0,0.015957447929720203,False,ISKPL
0.0,0.0,0.0,0.0,-0.016361257676028695,False,ISKPL
0.0,0.0,0.0,0.0,-0.013245034039513381,False,ISKPL
0.0,0.0,0.0,0.0006680027191656723,0.012024048944982102,False,ISKPL
0.0,0.0,0.0,0.0013175231483721905,0.03293807406833982,False,ISKPL
0.0,0.0,0.0,-0.00255754494135918,-0.01726342384970969,True,ISKPL
0.0,0.0,0.0,0.002602472527661437,0.026024720693021086,False,ISKPL
0.0,0.0,0.0,0.0025300444561580093,-0.04490828464077601,False,ISKPL
0.0,0.0,0.0,0.0013245034039512937,0.05231787979052682,True,ISKPL
0.0,0.0,0.0,-0.003785489228201433,0.007570978456403088,False,ISKPL
0.0,0.0,0.0,0.0,0.0006261741205899618,False,ISKPL
0.0,0.0,0.0,0.0,-0.01314142771044935,False,ISKPL
0.0,0.0,0.0,0.0,0.02272727434457833,False,ISKPL
0.0,0.0,0.0,0.0,-0.004892966698185952,False,ISKPL
0.0,0.0,0.0,0.0,0.012907192043574156,False,ISKPL
0.0,0.0,0.0,-0.0024479805850279313,0.015911869491186836,False,ISKPL
0.0,0.0,0.0,0.0030302989676316283,-0.030303032373181438,False,ISKPL
0.0,0.0,0.0,0.0,-0.03935040436638615,False,ISKPL
0.0,0.0,0.0,-0.006410252357422763,0.01602564218359337,False,ISKPL
0.0,0.0,0.0,-0.0025332490725440415,-0.005066498145088083,False,ISKPL
0.0,0.0,0.0,0.0,0.012094208378902405,False,ISKPL
0.0,0.0,0.0,0.0006289308621969525,0.01823899500370718,False,ISKPL
0.0,0.0,0.0,-0.0036923079484282306,-0.00923076987107041,False,ISKPL
0.0,0.0,0.0,0.0,-0.020433437958669476,False,ISKPL
0.0,0.0,0.0,-0.0018987343126739553,0.023417723189644857,False,ISKPL
0.0,0.0,0.0,-0.0006176652684514172,-0.004941322147612337,False,ISKPL
0.0,0.0,0.0,-0.004972032666529569,-0.016780610249537364,False,ISKPL
0.0,0.0,0.0,0.0006301197675029346,-0.02142407209509456,False,ISKPL
0.0,0.0,0.0,0.0,0.03461538711656198,False,ISKPL
0.0,0.0,0.0,-0.0006195787297639255,0.0049566298381102936,False,ISKPL
0.0,0.0,0.0,0.0006169031891039012,0.027143735974492378,False,ISKPL
0.0,0.0,0.0,0.0,0.0173652707064349,False,ISKPL
0.0,0.0,0.0,0.0,0.018845702153739374,False,ISKPL
0.0,0.0,0.0,-0.004629629950501202,0.00983796364481515,False,ISKPL
0.0,0.0,0.0,-0.002857143052677147,0.023999997616783064,False,ISKPL
0.0,0.0,0.0,0.0,-0.0275938209156531,True,ISKPL
0.0,0.0,0.0,-0.0011350738614860356,0.0011350738614859246,False,ISKPL
0.0,0.0,0.0,-0.0044943823426580876,-0.015730338199302918,False,ISKPL
0.0,0.0,0.0,-0.0011370097465513984,-0.09096077171389527,False,ISKPL
0.0,0.0,0.0,0.0,-0.0279850765886005,False,ISKPL
0.0,0.0,0.0,0.0031847136044458324,-0.0031847136044457214,False,ISKPL
0.0,0.0,0.0,0.0,0.024683546064760753,False,ISKPL
0.0,0.0,0.0,0.0,0.03167701647555399,False,ISKPL
0.0,0.0,0.0,-0.0012026459074170326,0.03367408540767691,False,ISKPL
0.0,0.0,0.0,-0.005235602459011335,0.005817336065568002,True,ISKPL
0.0,0.0,0.0,-0.0033994336720007956,-0.036260621843181795,True,ISKPL
0.0,0.0,0.0,0.0011757790363413623,-0.01528512747243882,False,ISKPL
0.0,0.0,0.0,0.0,0.01723113610438598,False,ISKPL
0.0,0.0,0.0,0.0,-0.001168224380789784,False,ISKPL
0.0,0.0,0.0,-0.0005858231225311927,0.02519039426884606,False,ISKPL
0.0,0.0,0.0,0.0034285676375080953,0.010285710963932937,False,ISKPL
0.0,0.0,0.0,0.006849315564246172,-0.030251139720979037,False,ISKPL
0.0,0.0,0.0,-0.0005885815600300548,0.010594468080543429,False,ISKPL
0.0,0.0,0.0,0.0,0.08153756300253767,False,ISKPL
0.0,0.0,0.0,0.0,0.023180594664598653,False,ISKPL
0.0,0.0,0.0,0.0,-0.0026343521352055754,False,ISKPL
0.0,0.0,0.0,0.0,0.020105821529766033,False,ISKPL
0.0,0.0,0.0,0.0,0.0036307056462587806,False,ISKPL
0.0,0.0,0.0,0.0,-0.013867489397138222,False,ISKPL
0.0,0.0,0.0,0.0,0.013027619460035389,False,ISKPL
0.0,0.0,0.0,0.0,0.003602672896167114,False,ISKPL
0.0,0.0,0.0,0.0,-0.021025638932063107,False,ISKPL
0.0,0.0,0.0,-0.002096436205774488,-0.034591193702940504,False,ISKPL
0.0,0.0,0.0,0.0,-0.004885993821710843,False,ISKPL
0.0,0.0,0.0,0.0,-0.008695652773202611,False,ISKPL
0.0,0.0,0.0,0.0021857925011909973,-0.03278688751786607,False,ISKPL
0.0,0.0,0.0,0.0,0.03389830751335232,False,ISKPL
0.0,0.0,0.0,0.0,-0.00820568984713399,False,ISKPL
0.0,0.0,0.0,0.0,0.0038824184649628446,False,ISKPL
0.0,0.0,0.0,0.0,0.0044150113465046825,False,ISKPL
0.0,0.0,0.0,0.0,0.02465753209963384,False,ISKPL
0.0,0.0,0.0,0.0,-0.02620320666440601,False,ISKPL
0.0,0.0,0.0,-0.0005491488575712911,0.0005491488575715131,False,ISKPL
0.0,0.0,0.0,-0.0010976949172328831,0.012074644089561826,False,ISKPL
0.0,0.0,0.0,0.0010845987730681017,-0.005965293251874781,False,ISKPL
0.0,0.0,0.0,0.0,0.018498365234379532,False,ISKPL
0.0,0.0,0.0,0.0005333333714077071,0.01866666799926442,False,ISKPL
0.0,0.0,0.0,0.0,0.00732984344561971,False,ISKPL
0.0,0.0,0.0,0.0,-0.009875260562291932,True,ISKPL
0.0,0.0,0.0,-0.0005194805556025806,0.008311688889640623,False,ISKPL
0.0,0.0,0.0,-0.0005102041183100425,-0.0260204064394306,True,ISKPL
0.0,0.0,0.0,0.0,0.014667366141066118,False,ISKPL
0.0,0.0,0.0,0.0005141388528637769,-0.012853471321592314,False,ISKPL
0.0,0.0,0.0,0.0026246721004328233,-0.006299213041038865,False,ISKPL
0.0,0.0,0.0,-0.004190676040304542,-0.006809848565495047,False,ISKPL
0.0,0.0,0.0,0.000530504016451161,-0.01591512049353483,False,ISKPL
0.0,0.0,0.0,0.001075847307158151,0.008606778457265873,False,ISKPL
0.0,0.0,0.0,0.009174312589327771,0.030760930446569912,False,ISKPL
0.0,0.0,0.0,0.0,0.00732984344561971,False,ISKPL
0.0,0.0,0.0,0.0005197505559102478,-0.005197505559100923,False,ISKPL
0.0,0.0,0.0,0.002096436205774488,0.037735848011602124,False,ISKPL
0.0,0.0,0.0,0.0,-0.021255058679072847,False,ISKPL
0.0,0.0,0.0,0.0,-0.032871085978401715,False,ISKPL
0.0,0.0,0.0,0.004777070403096273,0.02707006561754488,False,ISKPL
0.0,0.0,0.0,-0.004145078007688041,0.009326425517298231,False,ISKPL
0.0,0.0,0.0,-0.0015400411735840835,0.002053384614924436,False,ISKPL
0.0,0.0,0.0,-0.0025640991365634136,0.0194871808952497,False,ISKPL
0.0,0.0,0.0,0.0,-0.04426559315494183,False,ISKPL
0.0,0.0,0.0,0.0,-0.00422163618210325,False,ISKPL
0.0,0.0,0.0,0.003723404520422857,-0.013297873287224649,False,ISKPL
0.0,0.0,0.0,0.0,0.09677419672510501,False,ISKPL
0.0,0.0,0.0,0.0,-0.018627452266961497,True,ISKPL
0.0,0.0,0.0,0.000999001069310168,0.00399600427724045,False,ISKPL
0.0,0.0,0.0,0.0,0.007944389830864873,False,ISKPL
0.0,0.0,0.0,0.0,0.013793100935202363,False,ISKPL
0.0,0.0,0.0,0.0,-0.035922329257055075,False,ISKPL
0.0,0.0,0.0,0.0,0.06747230738259935,False,ISKPL
0.0,0.0,0.0,0.0,0.004739336825194229,False,ISKPL
0.0,0.0,0.0,0.0009380863690360286,-0.0065666045832522,False,ISKPL
0.0,0.0,0.0,0.0,0.02457466757594884,False,ISKPL
0.0,0.0,0.0,-0.0009225092910420951,-0.0036900371641684915,False,ISKPL
0.0,0.0,0.0,-0.000909090973136184,-0.05363636421277129,False,ISKPL
0.0,0.0,0.0,0.0,0.08131655614006061,False,ISKPL
0.0,0.0,0.0,0.0,-0.012500000864897443,False,ISKPL
0.0,0.0,0.0,0.0,0.00454545486568092,False,ISKPL
0.0,0.0,0.0,0.0,-0.008115419863753637,False,ISKPL
0.0,0.0,0.0,0.0009049774390326171,0.03438913949546474,False,ISKPL
0.0,0.0,0.0,0.0,-0.07961504759861215,False,ISKPL
0.0,0.0,0.0,0.006628788343131298,0.05587121269927242,False,ISKPL
0.0,0.0,0.0,-0.0008984726591436676,-0.020664871160305576,False,ISKPL
0.0,0.0,0.0,0.008256881320977572,0.026605506478705188,False,ISKPL
0.0,0.0,0.0,-0.003574620444159682,0.0008936551110398927,False,ISKPL
0.0,0.0,0.0,0.0,-0.0044642860231777215,False,ISKPL
0.0,0.0,0.0,-0.004448398883209803,0.0008896766427528568,False,ISKPL
0.0,0.0,0.0,0.0,0.003555555811610267,False,ISKPL
0.0,0.0,0.0,-0.0008695652786520069,-0.01826087085169248,True,ISKPL
0.0,0.0,0.0,0.0,0.03612334749262103,False,ISKPL
0.0,0.0,0.0,0.0008496177330725718,0.03738318025519627,False,ISKPL
0.0,0.0,0.0,0.0008190008757069656,-0.009009009632776177,False,ISKPL
0.0,0.0,0.0,0.0,0.015793849821453376,False,ISKPL
0.0,0.0,0.0,0.0008183306621780684,0.002454989103971572,False,ISKPL
0.0,0.0,0.0,0.0016273394168488942,0.0016273394168488942,False,ISKPL
0.0,0.0,0.0,0.0016155090002143435,-0.022617123157693264,True,ISKPL
0.0,0.0,0.0,0.0,-0.005785124371134764,False,ISKPL
0.0,0.0,0.0,-0.001659751153788358,-0.005809129038259475,False,ISKPL
0.0,0.0,0.0,-0.012842466644231165,-0.060787672433528894,False,ISKPL
0.0,0.0,0.0,-0.01340482666559828,-0.025022343109116774,True,ISKPL
0.0,0.0,0.0,0.0,-0.02378773862848582,False,ISKPL
0.0,0.0,0.0,-0.0009372071877482568,-0.025304594069202713,False,ISKPL
0.0,0.0,0.0,0.0,0.08084697060437573,False,ISKPL
0.0,0.0,0.0,0.0008904720115823217,-0.04719501347718369,True,ISKPL
0.0,0.0,0.0,0.0,-0.026802216778688992,False,ISKPL
0.0,0.0,0.0,-0.002862595621901498,0.05248091637370589,False,ISKPL
0.0,0.0,0.0,0.0018132367547745165,0.010879420528647765,False,ISKPL
0.0,0.0,0.0,0.0,0.02780268935611918,False,ISKPL
0.0,0.0,0.0,0.0,-0.033533963193757454,False,ISKPL
0.0,0.0,0.0,0.0,0.023214284175442135,False,ISKPL
0.0,0.0,0.0,0.0034904016429169182,0.007853403696563177,False,ISKPL
0.0,0.0,0.0,-0.0025996535620597117,0.019930674256705583,False,ISKPL
0.0,0.0,0.0,-0.014143095836650743,-0.029118135556696956,False,ISKPL
0.0,0.0,0.0,0.0,-0.008620690257262864,False,ISKPL
0.0,0.0,0.0,-0.0008591065890055649,-0.01890034495812265,False,ISKPL
0.0,0.0,0.0,0.0,-0.036091548768968806,False,ISKPL
0.0,0.0,0.0,-0.010840109159938716,0.04787714560771339,False,ISKPL
0.0,0.0,0.0,0.0,0.0059829033865193,True,ISKPL
0.0,0.0,0.0,0.0,-0.01991701384546074,True,ISKPL
0.0,0.0,0.0,0.0,-0.03725656191970417,False,ISKPL
0.0,0.0,0.0,-0.0026132406025415333,0.0008710802008471408,False,ISKPL
0.0,0.0,0.0,0.0,0.026086955296524605,False,ISKPL
0.0,0.0,0.0,0.0,0.007620661002751161,False,ISKPL
0.0,0.0,0.0,0.0,-0.017781539357118126,False,ISKPL
0.0,0.0,0.0,0.000868809791823244,0.033883578820733895,False,ISKPL
0.0,0.0,0.0,0.0,-0.009290538228825307,False,ISKPL
0.0,0.0,0.0,-0.00511945427880911,0.07593856579125857,False,ISKPL
0.0,0.0,0.0,0.0,0.018110234702627848,False,ISKPL
0.0,0.0,0.0,0.0,0.033846153521000844,False,ISKPL
0.0,0.0,0.0,-0.0014695078176053533,-0.033798677216758555,False,ISKPL
0.0,0.0,0.0,0.003041825306908663,0.045627374246228314,False,ISKPL
0.0,0.0,0.0,0.0007272727794405132,0.0029090911177620526,False,ISKPL
0.0,0.0,0.0,0.0007251632135769626,-0.04060913485154949,False,ISKPL
0.0,0.0,0.0,0.009063442075213146,0.015861025626991987,False,ISKPL
0.0,0.0,0.0,0.0,-0.014792900448899582,True,ISKPL
0.0,0.0,0.0,-0.0029651595863663394,0.027427723562701622,False,ISKPL
0.0,0.0,0.0,0.0,0.0021660651362009897,True,ISKPL
0.0,0.0,0.0,-0.0007204611462959809,0.0043227668777763295,False,ISKPL
0.0,0.0,0.0,-0.0007168459288188211,0.025089604983577374,False,ISKPL
0.0,0.0,0.0,0.0,0.016027875705423966,False,ISKPL
0.0,0.0,0.0,-0.0006858711042958543,-0.039780521633181354,False,ISKPL
0.0,0.0,0.0,0.0,0.025454547280418627,False,ISKPL
0.0,0.0,0.0,0.0028368796310642708,0.031205673443486903,False,ISKPL
0.0,0.0,0.0,0.0,-0.004103967455013291,False,ISKPL
0.0,0.0,0.0,0.0,0.006868132349996614,False,ISKPL
0.0,0.0,0.0,0.0,0.0,False,ISKPL
0.0,0.0,0.0,0.0,-0.008168822896163275,False,ISKPL
0.0,0.0,0.0,0.0,-0.0020408164683495267,False,ISKPL
0.0,0.0,0.0,0.0,-0.012951602810521656,False,ISKPL
0.006906077835270308,-0.007596685618797339,0.0,0.0,-0.0048342544846892155,True,ISKPL
0.0,0.0,0.0,0.0013793104419996816,0.0020689656629995223,False,ISKPL
0.0,0.0,0.0,0.0,0.05724137848438127,False,ISKPL
0.0,0.0,0.0,0.0,0.00653594817889358,False,ISKPL
0.0,0.0,0.0,-0.0006688963683513238,-0.03678929790314933,True,ISKPL
0.0,0.0,0.0,0.0,0.08480565215327718,False,ISKPL
0.0,0.0,0.0,0.0,-0.03486120095820233,False,ISKPL
0.0,0.0,0.0,0.0033444818417573963,-0.09966555181582426,False,ISKPL
0.0,0.0,0.0,0.0031372523559078935,0.011764703932184872,True,ISKPL
0.0,0.0,0.0,0.0007733952597301919,0.08275328734258203,False,ISKPL
0.0,0.0,0.0,0.0,-0.015918956619096702,False,ISKPL
0.0,0.0,0.0,0.000724113013337524,0.01593048629342486,False,ISKPL
0.0,0.0,0.0,0.0,-0.032142856891250626,False,ISKPL
0.0,0.0,0.0,0.0,-0.02911208352894501,False,ISKPL
0.0,0.0,0.0,0.0,-0.025487255548374832,False,ISKPL
0.0,0.0,0.0,0.00853374769709947,0.07447633807285947,False,ISKPL
0.0,0.0,0.0,-0.0014471781061756728,0.03762662821173213,False,ISKPL
0.0,0.0,0.0,0.0006973501194114107,0.009762901671759083,False,ISKPL
0.0,0.0,0.0,0.004166666962246213,0.04166666717628642,False,ISKPL
0.0,0.0,0.0,-0.003333333568166119,-0.027333332910634445,False,ISKPL
0.0,0.0,0.0,0.0,-0.02033898445943927,True,ISKPL
0.0,0.0,0.0,0.0,-0.02006920313330307,False,ISKPL
0.0,0.0,0.0,0.0007002801621396326,0.04761904855875465,False,ISKPL
0.0,0.0,0.0,0.0,-0.024584716993682476,False,ISKPL
0.0,0.0,0.0,0.0006788866730140786,0.01765105110699472,False,ISKPL
0.0,0.0,0.0,0.0,0.006000000422698992,False,ISKPL
0.0,0.0,0.0,0.0,0.007289596269268284,False,ISKPL
0.0,0.0,0.0,0.0006565988636806352,0.0,False,ISKPL
0.0,0.0,0.0,0.0006557354405267724,0.015081965948387843,False,ISKPL
0.0,0.0,0.0,0.0012919897552208237,0.023255813318461938,False,ISKPL
0.0,0.0,0.0,0.0,0.025883840225769505,False,ISKPL
0.0,0.0,0.0,-0.0006153846580713163,0.01169230633566909,False,ISKPL
0.0,0.0,0.0,0.000607533457242404,-0.0066828680296665555,False,ISKPL
0.0,0.0,0.0,0.0,0.013333334272664477,False,ISKPL
0.0,0.0,0.0,0.0005934718522710991,-0.017804153477636864,True,ISKPL
0.0,0.0,0.0,0.0,0.03068592060439701,False,ISKPL
0.0,0.0,0.0,-0.0005834306125288569,0.09918319590938207,False,ISKPL
0.0,0.0,0.0,0.0,0.0,True,ISKPL
0.0,0.0,0.0,-0.0018181819462725901,-0.15227272679238757,True,ISKPL
0.0,0.0,0.0,0.001164822445838487,0.009318710865162005,True,ISKPL
0.0,0.0,0.0,-0.001731163007381853,0.012694788868034435,False,ISKPL
0.0,0.0,0.0,0.005988023952095967,-0.027944111776447067,False,ISKPL
0.0,0.0,0.0,0.0,0.03696098562628336,False,ISKPL
0.0,0.0,0.0,0.0,-0.0019723865877713243,False,ISKPL
0.0,0.0,0.0,0.001976284584980448,0.03359683794466428,False,ISKPL
0.0,0.0,0.0,0.0,0.03441682600382401,False,ISKPL
0.0,0.0,0.0,-0.0018450184501844769,0.03321033210332103,False,ISKPL
0.0,0.0,0.0,-0.0052631578947368585,0.0017543859649122862,False,ISKPL
0.0,0.0,0.0,0.0017543859649122862,0.029824561403508865,False,ISKPL
0.0,0.0,0.0,0.0,-0.015358361774744145,False,ISKPL
0.0,0.0,0.0,-0.0017513134851138146,0.11033274956217154,False,ISKPL
0.0,0.0,0.0,0.0,0.0015576323987538387,True,ISKPL
0.0,0.0,0.0,0.003095975232198178,0.035603715170278605,False,ISKPL
0.0,0.0,0.0,-0.0014925373134327957,0.010447761194029681,False,ISKPL
0.0,0.0,0.0,0.001474926253687281,-0.06342182890855463,False,ISKPL
0.0,0.0,0.0,-0.001577287066246047,-0.017350157728706517,False,ISKPL
0.0,0.0,0.0,-0.0016051364365972098,-0.0850722311396469,False,ISKPL
0.0,0.0,0.0,-0.0035211267605632646,-0.012323943661971759,False,ISKPL
0.0,0.0,0.0,0.0035906642728904536,0.025134649910233398,False,ISKPL
0.0,0.0,0.0,-0.0017391304347825765,0.06608695652173902,False,ISKPL
0.0,0.0,0.0,0.0,-0.029363784665579096,False,ISKPL
0.0,0.0,0.0,0.001677852348993314,0.020134228187919545,False,ISKPL
0.0,0.0,0.0,0.0,0.032478632478632585,True,ISKPL
0.0,0.0,0.0,-0.01602564102564108,0.0641025641025641,False,ISKPL
0.0,0.0,0.0,0.006106870229007688,0.11450381679389321,False,ISKPL
0.0,0.0,0.0,-0.002631578947368318,-0.047368421052631504,False,ISKPL
0.0,0.0,0.0,-0.0013404825737265424,-0.04557640750670244,False,ISKPL
0.0,0.0,0.0,0.0,0.035063113604488105,False,ISKPL
0.0,0.0,0.0,0.0,0.0027100271002711285,False,ISKPL
0.0,0.0,0.0,0.0,0.048648648648648596,False,ISKPL
0.0,0.0,0.0,0.0025188916876572875,0.0025188916876572875,False,ISKPL
0.0,0.0,0.0,0.0,-0.05402010050251249,False,ISKPL
0.0,0.0,0.0,0.0013262599469496816,-0.04774535809018576,False,ISKPL
0.0,0.0,0.0,0.0,-0.028328611898016942,False,ISKPL
0.0,0.0,0.0,0.0014534883720929148,0.053779069767441845,False,ISKPL
0.0,0.0,0.0,0.0013793103448276334,0.07172413793103449,False,ISKPL
0.0,0.0,0.0,0.0012870012870014325,-0.09137709137709138,False,ISKPL
0.0,0.0,0.0,0.008486562942008335,0.07920792079207906,False,ISKPL
0.0,0.0,0.0,0.010652463382157196,-0.0066577896138482195,False,ISKPL
0.0,0.0,0.0,0.002673796791443861,-0.021390374331550777,False,ISKPL
0.0,0.0,0.0,0.00136986301369868,-0.015068493150684814,False,ISKPL
0.0,0.0,0.0,0.002777777777777768,0.0,False,ISKPL
0.0,0.0,0.0,0.001388888888888884,0.03472222222222232,False,ISKPL
0.0,0.0,0.0,0.0013368983957218195,-0.02941176470588247,False,ISKPL
0.0,0.0,0.0,0.0,0.04081632653061229,False,ISKPL
0.0,0.0,0.0,0.0,0.08781127129750987,False,ISKPL
0.0,0.0,0.0,-0.006024096385542244,0.012048192771084265,False,ISKPL
0.0,0.0,0.0,0.0011904761904761862,0.042857142857142705,False,ISKPL
0.0,0.0,0.0,0.0,0.010273972602739656,False,ISKPL
0.0,0.0,0.0,-0.001129943502824804,0.015819209039548143,False,ISKPL
0.0,0.0,0.0,0.0011111111111110628,-0.03888888888888886,False,ISKPL
0.0,0.0,0.0,0.0011547344110853786,0.026558891454965483,False,ISKPL
0.0,0.0,0.0,-0.002239641657334812,-0.023516237402015583,False,ISKPL
0.0,0.0,0.0,0.0011428571428571122,-0.004571428571428449,False,ISKPL
0.0,0.0,0.0,0.0034602076124565784,0.025374855824682907,False,ISKPL
0.0,0.0,0.0,0.0011248593925758943,-0.0011248593925758943,False,ISKPL
0.0,0.0,0.0,0.0,0.02732240437158473,False,ISKPL
0.0,0.0,0.0,0.0010638297872340718,-0.02765957446808509,False,ISKPL
0.0,0.0,0.0,0.008724100327153872,0.018538713195201728,False,ISKPL
0.0,0.0,0.0,0.0,-0.032804232804232725,True,ISKPL
0.012035010940919078,0.0,0.004376367614879584,0.00547045951859948,0.001094091903719896,True,ISKPL
0.0,0.0,0.0,0.0,0.0021834061135370675,False,ISKPL
0.0,0.0,0.0,-0.0021505376344087557,0.02473118279569886,False,ISKPL
0.0,0.0,0.0,0.0,0.0041972717733473885,False,ISKPL
0.0,0.0,0.0,-0.0030674846625766694,-0.010224948875255602,False,ISKPL
0.0,0.0,0.0,-0.012396694214875992,-0.03305785123966942,False,ISKPL
0.0,0.0,0.0,0.0032017075773747017,0.0032017075773747017,False,ISKPL
0.0,0.0,0.0,0.0,-0.015789473684210575,False,ISKPL
0.0,0.0,0.0,0.0,-0.011777301927194839,False,ISKPL
0.0,0.0,0.0,0.0,-0.013015184381778844,False,ISKPL
0.0,0.0,0.0,-0.001098901098901095,0.0,False,ISKPL
0.0,0.0,0.0,0.0,-0.027412280701754388,False,ISKPL
0.0,0.0,0.0,0.0,0.010146561443066693,False,ISKPL
0.0,0.0,0.0,0.0022222222222221255,0.02444444444444449,False,ISKPL
0.0,0.0,0.0,0.0032537960954446277,-0.014099783080260386,False,ISKPL
0.0,0.0,0.0,-0.004357298474945481,0.002178649237472685,False,ISKPL
0.0,0.0,0.0,0.0,0.0010752688172042113,False,ISKPL
0.0,0.0,0.0,-0.013541666666666563,0.05729166666666674,False,ISKPL
0.0,0.0,0.0,0.0009852216748769127,-0.0620689655172415,True,ISKPL
0.0,0.0,0.0,0.0,-0.05619146722164403,False,ISKPL
0.0,0.0,0.0,0.0,-0.038674033149171394,True,ISKPL
0.0,0.0,0.0,0.0,-0.0022988505747125743,False,ISKPL
0.0,0.0,0.0,0.0023041474654377225,0.004608294930875667,False,ISKPL
0.0,0.0,0.0,0.008027522935779574,0.004587155963302614,False,ISKPL
0.0,0.0,0.0,0.005793742757821407,0.03939745075318646,False,ISKPL
0.0,0.0,0.0,-0.006615214994487362,0.0639470782800442,False,ISKPL
0.0,0.0,0.0,-0.0010330578512396382,0.07954545454545459,False,ISKPL
0.0,0.0,0.0,0.0,0.05492424242424243,True,ISKPL
0.0,0.0,0.0,0.0,0.052962298025134524,False,ISKPL
0.0,0.0,0.0,0.004262574595055302,0.0341005967604433,False,ISKPL
0.0,0.0,0.0,0.0008244023083263663,-0.06430338004946423,False,ISKPL
0.0,0.0,0.0,-0.002661934338952898,0.07808340727595398,True,ISKPL
0.0,0.0,0.0,0.0,0.00411522633744843,True,ISKPL
0.0,0.0,0.0,0.0,-0.009844134536505234,False,ISKPL
0.0,0.0,0.0,0.0016528925619834212,0.0,False,ISKPL
0.0,0.0,0.0,0.0024691358024691024,0.0,False,ISKPL
0.0,0.0,0.0,0.0,-0.009053497942386968,False,ISKPL
0.0,0.0,0.0,0.0,0.029629629629629672,False,ISKPL
0.0,0.0,0.0,0.0,0.011208967173738982,False,ISKPL
0.0,0.0,0.0,-0.0015785319652722452,0.0007892659826360671,False,ISKPL
0.0,0.0,0.0,0.0031872509960158,0.008764940239043728,False,ISKPL
0.0,0.0,0.0,0.0,-0.011058451816745696,False,ISKPL
0.0,0.0,0.0,-0.0007968127490041166,-0.007968127490039945,False,ISKPL
0.0,0.0,0.0,-0.0008032128514056103,-0.06184738955823288,False,ISKPL
0.0,0.0,0.0,0.001712328767123239,-0.003424657534246478,False,ISKPL
0.0,0.0,0.0,0.0,-0.044520547945205435,False,ISKPL
0.0,0.0,0.0,0.004524886877828038,0.025339366515837014,False,ISKPL
0.0,0.0,0.0,0.0,0.043171806167400906,False,ISKPL
0.0,0.0,0.0,0.0,-0.030354131534569895,False,ISKPL
0.0,0.0,0.0,-0.0008703220191470518,-0.003481288076588429,False,ISKPL
0.0,0.0,0.0,0.0,-0.009573542210617902,False,ISKPL
0.0,0.0,0.0,0.0,-0.016725352112676006,False,ISKPL
0.0,0.0,0.0,0.0,0.021505376344086002,False,ISKPL
0.0,0.0,0.0,0.0,-0.0052631578947368585,False,ISKPL
0.0,0.0,0.0,0.0008849557522123686,-0.01415929203539823,False,ISKPL
0.0,0.0,0.0,0.0,-0.00801424755120217,False,ISKPL
0.0,0.0,0.0,0.0,0.0026857654431511335,False,ISKPL
0.0,0.0,0.0,0.0017825311942958333,-0.0035650623885918886,False,ISKPL
0.0,0.0,0.0,0.0008936550491509543,0.03842716711349414,False,ISKPL
0.0,0.0,0.0,0.0025751072961373023,0.03862660944205998,False,ISKPL
0.0,0.0,0.0,0.0,-0.02448979591836742,False,ISKPL
0.0,0.0,0.0,0.0008368200836821327,0.004184100418409997,False,ISKPL
0.0,0.0,0.0,0.0,-0.021576763485477324,False,ISKPL
0.0,0.0,0.0,-0.0016906170752324368,-0.030431107354184195,False,ISKPL
0.0,0.0,0.0,0.002608695652173809,0.002608695652173809,False,ISKPL
0.0,0.0,0.0,0.0,-0.008658008658008809,False,ISKPL
0.0,0.0,0.0,-0.0008733624454148048,-0.008733624454148492,True,ISKPL
0.0,0.0,0.0,0.0008795074758136678,0.0026385224274407815,False,ISKPL
0.0,0.0,0.0,0.0,-0.016593886462882068,False,ISKPL
0.0,0.0,0.0,0.0,0.0017746228926351915,False,ISKPL
0.0,0.0,0.0,0.0,-0.01594331266607618,False,ISKPL
0.0,0.0,0.0,0.0,-0.0070796460176991705,True,ISKPL
0.0,0.0,0.0,0.0,0.024955436720142554,False,ISKPL
0.0,0.0,0.0,0.0,0.04517810599478711,False,ISKPL
0.0,0.0,0.0,0.0024896265560165887,-0.004149377593361092,False,ISKPL
0.0,0.0,0.0,0.0,0.03164029975020832,False,ISKPL
0.0,0.0,0.0,-0.0015936254980081221,-0.043824701195219196,False,ISKPL
0.0,0.0,0.0,0.0,0.01831806827643634,False,ISKPL
0.0,0.0,0.0,0.0,-0.015535568274734346,False,ISKPL
0.0,0.0,0.0,0.0008257638315440907,-0.025598678777869477,False,ISKPL
0.0,0.0,0.0,0.0024999999999999467,0.08166666666666678,True,ISKPL
0.0,0.0,0.0,0.0,-0.08376575240919204,True,ISKPL
0.0,0.0,0.0,0.0,-0.0023622047244094,True,ISKPL
0.0,0.0,0.0,-0.0015873015873015817,-0.04841269841269835,False,ISKPL
0.0,0.0,0.0,0.0,-0.007506255212677226,False,ISKPL
0.0,0.0,0.0,0.0,-0.03198653198653201,False,ISKPL
0.0,0.0,0.0,0.0,-0.019160583941605913,False,ISKPL
0.0,0.0,0.0,0.0,-0.032558139534883734,False,ISKPL
0.0,0.0,0.0,0.0,-0.05475504322766578,False,ISKPL
0.0,0.0,0.0,0.0,0.09514170040485825,False,ISKPL
0.0,0.0,0.0,0.0009066183136898776,0.011786038077969296,False,ISKPL
0.0,0.0,0.0,0.002714932126696823,0.014479638009049722,False,ISKPL
0.0,0.0,0.0,0.0,0.0017497812773403787,False,ISKPL
0.0,0.0,0.0,-0.0008771929824561431,-0.0008771929824561431,False,ISKPL
0.0,0.0,0.0,-0.0008787346221442727,-0.016695957820738294,False,ISKPL
0.0,0.0,0.0,0.0027051397655544207,-0.020739404869251632,False,ISKPL
0.0,0.0,0.0,0.0,-0.01012891344383049,False,ISKPL
0.0,0.0,0.0,0.002777777777777768,0.07407407407407396,False,ISKPL
0.0,0.0,0.0,0.0,0.00419111483654655,True,ISKPL
0.02083333333333326,-0.0050000000000000044,0.010833333333333472,0.011666666666666714,0.09749999999999992,True,ISKPL
0.0,0.0,0.0,0.0,0.015037593984962294,False,ISKPL
0.0,0.0,0.0,-0.0014727540500736325,0.09351988217967588,False,ISKPL
0.0,0.0,0.0,-0.003906249999999889,-0.04036458333333326,False,ISKPL
0.0,0.0,0.0,0.0,-0.022297297297297347,False,ISKPL
0.0,0.0,0.0,-0.0013670539986330166,-0.002050580997949525,False,ISKPL
0.0,0.0,0.0,0.001367989056087593,0.09849521203830358,False,ISKPL
0.0,0.0,0.0,-0.0006191950464394802,0.05077399380804959,False,ISKPL
0.0,0.0,0.0,0.0005851375073142595,-0.03978935049736687,False,ISKPL
0.0,0.0,0.0,0.0,0.019206939281288582,False,ISKPL
0.0,0.0,0.0,0.0,0.045259938837920455,False,ISKPL
0.0,0.0,0.0,0.0005851375073142595,-0.0210649502633119,False,ISKPL
0.0,0.0,0.0,0.0005882352941177782,-0.026470588235294024,False,ISKPL
0.0,0.0,0.0,0.000589622641509413,-0.050117924528301994,False,ISKPL
0.0,0.0,0.0,0.0,-0.005593536357986317,False,ISKPL
0.0,0.0,0.0,0.0,0.032581453634085156,False,ISKPL
0.0,0.0,0.0,0.0018633540372670065,0.06335403726708067,False,ISKPL
0.0,0.0,0.0,0.0005841121495326895,0.015186915887850372,False,ISKPL
0.0,0.0,0.0,0.0011507479861909697,0.0028768699654775354,False,ISKPL
0.0,0.0,0.0,0.0005733944954127157,-0.013188073394495459,False,ISKPL
0.0,0.0,0.0,-0.0005803830528149367,0.019152640742890137,False,ISKPL
0.0,0.0,0.0,-0.0017142857142857792,0.017142857142857126,False,ISKPL
0.0,0.0,0.0,0.0005592841163311046,0.07662192393736023,False,ISKPL
0.0,0.0,0.0,-0.0005192107995847239,0.007268951194184581,False,ISKPL
0.0,0.0,0.0,-0.0010309278350515427,0.002577319587628857,False,ISKPL
0.0,0.0,0.0,0.0005128205128206442,-0.023076923076922995,False,ISKPL
0.0,0.0,0.0,-0.0005249343832022246,0.01679790026246719,False,ISKPL
0.0,0.0,0.0,0.0,0.07802874743326482,False,ISKPL
0.0,0.0,0.0,0.0,0.0,False,ISKPL
0.0,0.0,0.0,0.0009523809523810378,0.033333333333333215,True,ISKPL
0.0,0.0,0.0,0.0009009009009008917,0.04414414414414414,False,ISKPL
0.0,0.0,0.0,-0.0017064846416383617,-0.04010238907849839,False,ISKPL
0.0,0.0,0.0,-0.0008833922261484162,-0.006183745583038913,False,ISKPL
0.0,0.0,0.0,0.000888888888888939,0.02666666666666684,False,ISKPL
0.0,0.0,0.0,-0.0017094017094017033,-0.02564102564102555,False,ISKPL
0.0,0.0,0.0,0.0,-0.05134899912967794,False,ISKPL
0.0,0.0,0.0,0.0027472527472527375,0.00366300366300365,False,ISKPL
0.0,0.0,0.0,0.0,-0.00454545454545463,False,ISKPL
0.0,0.0,0.0,-0.0009132420091324533,0.01461187214611881,False,ISKPL
0.0,0.0,0.0,0.0,-0.025202520252025185,False,ISKPL
0.0,0.0,0.0,0.0,-0.09722222222222232,True,ISKPL
0.0,0.0,0.0,-0.0005154639175256603,-0.09536082474226792,False,ISKPL
0.0,0.0,0.0,0.0,0.0,False,ISKPL
0.0,0.0,0.0,-0.0006426735218508783,-0.08611825192802058,False,ISKPL
0.007299270072992803,-0.06569343065693423,-0.06569343065693423,-0.06569343065693423,-0.06569343065693423,True,ISKPL
0.0,0.0,0.0,0.007377049180327777,0.040983606557376984,False,ISKPL
0.0,0.0,0.0,-0.0007698229407235857,0.07544264819091606,False,ISKPL
0.0,0.0,0.0,0.0,0.0,False,ISKPL
0.0,0.0,0.0,0.0,0.0,False,ISKPL
0.0,0.0,0.0,0.0,0.0,True,ISKPL
0.0,0.0,0.0,-0.0006802721088434716,0.011564625850340349,False,EFOR
0.0,0.0,0.0,0.0006635700066355277,-0.032514930325149294,False,EFOR
0.0,0.0,0.0,-0.0006854009595612665,0.044551062371487316,False,EFOR
0.0,0.0,0.0,-0.0006535947712419388,0.039869281045751714,False,EFOR
0.0,0.0,0.0,0.0,0.0636982065553493,False,EFOR
0.0,0.0,0.0,0.0,-0.09375000000000011,False,EFOR
0.0,0.0,0.0,0.0,0.008207070707070718,False,EFOR
0.0,0.0,0.0,0.0,-0.014814814814814836,False,EFOR
0.0,0.0,0.0,-0.0006265664160401974,-0.013157894736842146,False,EFOR
0.0,0.0,0.0,0.0,0.08521303258145352,False,EFOR
0.0,0.0,0.0,0.0,0.08857142857142852,False,EFOR
0.0,0.0,0.0,0.002060793405461059,0.07882534775888717,True,EFOR
0.0,0.0,0.0,-0.0018181818181818299,0.046363636363636385,False,EFOR
0.0,0.0,0.0,0.0,-0.04922067268252672,False,EFOR
0.0,0.0,0.0,-0.001677852348993314,0.006711409395973034,False,EFOR
0.0,0.0,0.0,-0.0008368200836820217,-0.004184100418409997,False,EFOR
0.0,0.0,0.0,0.002510460251045954,0.028451882845188514,False,EFOR
0.0,0.0,0.0,-0.0008190008190006592,0.02211302211302213,False,EFOR
0.0,0.0,0.0,0.0,0.08573717948717952,False,EFOR
0.0,0.0,0.0,-0.0007440476190476719,-0.037946428571428714,False,EFOR
0.0,0.0,0.0,-0.018729641693811083,0.030130293159609023,False,EFOR
0.0,0.0,0.0,0.0,-0.007770007770007914,False,EFOR
0.0,0.0,0.0,0.0007751937984494806,0.05348837209302326,False,EFOR
0.0,0.0,0.0,0.0,-0.08625730994152059,False,EFOR
0.0,0.0,0.0,0.0,0.03873517786561265,False,EFOR
0.0,0.0,0.0,0.0007518796992480592,0.03684210526315779,False,EFOR
0.0,0.0,0.0,-0.0007220216606499408,-0.030324909747292517,False,EFOR
0.0,0.0,0.0,0.0,0.014771048744461002,False,EFOR
0.0,0.0,0.0,-0.0007293946024800047,-0.022611232676878368,False,EFOR
0.0,0.0,0.0,0.0007390983000736817,-0.0665188470066519,False,EFOR
0.0,0.0,0.0,0.0007824726134584292,0.04851330203442861,False,EFOR
0.0,0.0,0.0,0.0,0.017151379567486913,False,EFOR
0.0,0.0,0.0,0.0022123893805310324,0.016961651917404064,False,EFOR
0.0,0.0,0.0,0.0,-0.04043321299638991,False,EFOR
0.0,0.0,0.0,0.0,0.014179104477612059,False,EFOR
0.0,0.0,0.0,-0.0007363770250369273,-0.05449189985272451,False,EFOR
0.0,0.0,0.0,0.0,0.03738317757009346,False,EFOR
0.0,0.0,0.0,0.0,0.04250559284116329,False,EFOR
0.0,0.0,0.0,0.0007122507122507837,0.03774928774928776,False,EFOR
0.0,0.0,0.0,0.0006854009595613775,0.00274160383824551,False,EFOR
0.0,0.0,0.0,0.0,-0.011612021857923649,False,EFOR
0.0,0.0,0.0,-0.000694444444444553,0.0,False,EFOR
0.0,0.0,0.0,0.0,-0.002071823204419898,False,EFOR
0.0,0.0,0.0,0.0006906077348067807,-0.018646408839779083,False,EFOR
0.0,0.0,0.0,0.0,-0.007017543859649256,False,EFOR
0.0,0.0,0.0,0.0,0.007067137809187329,False,EFOR
0.0,0.0,0.0,0.0,0.004898530440867521,False,EFOR
0.0,0.0,0.0,0.000693962526023606,0.006245662734212454,False,EFOR
0.0,0.0,0.0,0.0,0.0006868131868131844,False,EFOR
0.0,0.0,0.0,0.0,0.04670329670329676,False,EFOR
0.0,0.0,0.0,0.000655307994757548,0.04652686762778524,False,EFOR
0.0,0.0,0.0,0.0,-0.008749999999999925,False,EFOR
0.0,0.0,0.0,0.0,-0.021356783919597944,False,EFOR
0.0,0.0,0.0,-0.0006393861892584063,0.01662404092071612,False,EFOR
0.0,0.0,0.0,0.0006269592476488839,0.016300940438871425,False,EFOR
0.0,0.0,0.0,-0.0006161429451633227,-0.02464571780653113,False,EFOR
0.0,0.0,0.0,-0.0012634238787114782,0.008212255211623498,False,EFOR
0.0,0.0,0.0,-0.0012500000000000844,-0.03125,False,EFOR
0.0,0.0,0.0,0.0,0.022020725388600892,False,EFOR
0.0,0.0,0.0,0.0006337135614702394,0.004435994930291676,False,EFOR
0.0,0.0,0.0,-0.0006305170239596647,-0.001891551071878994,False,EFOR
0.0,0.0,0.0,-0.0006369426751593465,-0.028662420382165488,False,EFOR
0.0,0.0,0.0,0.0,-0.0832786885245903,False,EFOR
0.0,0.0,0.0,0.0007153075822603494,0.022889842632331847,False,EFOR
0.0,0.0,0.0,0.0006993006993007977,0.04685314685314679,False,EFOR
0.0,0.0,0.0,-0.0006680026720106147,0.002004008016032177,False,EFOR
0.0,0.0,0.0,-0.0006666666666667043,0.06466666666666665,False,EFOR
0.0,0.0,0.0,0.0,0.031289111389236623,False,EFOR
0.0,0.0,0.0,0.0,0.021186440677966045,False,EFOR
0.0,0.0,0.0,0.0,-0.008298755186721962,False,EFOR
0.0,0.0,0.0,0.0,0.03409090909090895,False,EFOR
0.0,0.0,0.0,0.0,-0.01865889212827987,False,EFOR
0.0,0.0,0.0,0.0017942583732057926,0.02392344497607657,False,EFOR
0.0,0.0,0.0,0.0005847953216373547,0.027485380116959002,False,EFOR
0.0,0.0,0.0,-0.0005707762557076723,0.007420091324201072,False,EFOR
0.0,0.0,0.0,0.0,0.007365439093484305,False,EFOR
0.0,0.0,0.0,-0.0005624296962878361,0.0028121484814398467,False,EFOR
0.0,0.0,0.0,0.0,0.015143017386427315,False,EFOR
0.0,0.0,0.0,-0.0005524861878452025,0.03812154696132608,False,EFOR
0.0,0.0,0.0,-0.000532197977647697,0.05321979776476837,False,EFOR
0.0,0.0,0.0,-0.0005050505050505638,-0.025757575757575868,True,EFOR
0.0,0.0,0.0,-0.0005189413596263792,0.0062272963155163286,False,EFOR
0.0,0.0,0.0,0.0,0.017480719794344513,False,EFOR
0.0,0.0,0.0,0.002538071065989911,0.008121827411167626,False,EFOR
0.0,0.0,0.0,-0.0020100502512562235,-0.02160804020100504,False,EFOR
0.0,0.0,0.0,0.0,0.023711340206185483,False,EFOR
0.0,0.0,0.0,0.0,-0.02010050251256279,False,EFOR
0.0,0.0,0.0,-0.0005130836326320276,0.021036428937916796,False,EFOR
0.0,0.0,0.0,-0.0005050505050505638,-0.05101010101010095,False,EFOR
0.0,0.0,0.0,-0.0005333333333333856,-0.021333333333333315,False,EFOR
0.0,0.0,0.0,-0.0005449591280654031,0.038147138964577776,False,EFOR
0.0,0.0,0.0,0.0005249343832021136,0.006299212598425141,False,EFOR
0.0,0.0,0.0,0.0005211047420530246,0.023970818134444905,False,EFOR
0.0,0.0,0.0,0.0005089058524172518,0.01781170483460559,False,EFOR
0.0,0.0,0.0,0.0,-0.028000000000000025,False,EFOR
0.0,0.0,0.0,-0.0005162622612288059,0.006195147134744339,False,EFOR
0.0,0.0,0.0,0.0005128205128206442,-0.012820512820512775,False,EFOR
0.0,0.0,0.0,0.0,0.028940568475452233,False,EFOR
0.0,0.0,0.0,-0.0005022601707684871,0.011551983927674536,False,EFOR
0.0,0.0,0.0,0.0,0.04063429137760144,False,EFOR
0.0,0.0,0.0,0.0,0.006666666666666821,False,EFOR
0.0,0.0,0.0,-0.00047303689687805406,-0.0255439924314097,False,EFOR
0.0,0.0,0.0,0.0,0.0033783783783785104,False,EFOR
0.0,0.0,0.0,0.0,0.029397590361445847,False,EFOR
0.0,0.0,0.0,0.000468164794007464,-0.037921348314606695,False,EFOR
0.0,0.0,0.0,0.00048661800486615725,-0.004379562043795637,False,EFOR
0.0,0.0,0.0,0.0,0.0986328125,False,EFOR
0.0,0.0,0.0,0.0008691873098651826,0.014341590612777066,True,EFOR
0.0,0.0,0.0,0.0,0.009854327335047097,False,EFOR
0.0,0.0,0.0,-0.002123142250530896,0.03142250530785562,False,EFOR
0.0,0.0,0.0,0.0,0.008230452674897304,False,EFOR
0.0,0.0,0.0,-0.00040783034257763084,0.006525285481239651,False,EFOR
0.0,0.0,0.0,0.0008113590263689741,0.009736308316430131,False,EFOR
0.0,0.0,0.0,0.0,-0.006417970316887178,False,EFOR
0.0,0.0,0.0,0.0,0.004842615012106588,False,EFOR
0.0,0.0,0.0,0.0,0.0004016064257026386,False,EFOR
0.0,0.0,0.0,0.0,-0.0032115616218384435,False,EFOR
0.0,0.0,0.0,0.0,0.06425702811244971,False,EFOR
0.0,0.0,0.0,0.0,0.027410207939508657,False,EFOR
0.0,0.0,0.0,-0.000926784059314234,-0.03985171455050973,False,EFOR
0.0,0.0,0.0,0.0009652509652509078,-0.011583011583011671,False,EFOR
0.0,0.0,0.0,0.0009784735812132794,0.004892367906066619,False,EFOR
0.0,0.0,0.0,0.0009699321047527132,0.051406401551891356,False,EFOR
0.0,0.0,0.0,-0.0009233610341643494,0.03693444136657442,False,EFOR
0.0,0.0,0.0,0.0,0.04088888888888875,False,EFOR
0.0,0.0,0.0,0.0,0.00426621160409546,False,EFOR
0.0,0.0,0.0,0.0,0.039830508474576254,False,EFOR
0.0,0.0,0.0,-0.0008149959250204342,0.010594947025264867,False,EFOR
0.0,0.0,0.0,0.0,0.014516129032258185,False,EFOR
0.0,0.0,0.0,-0.0007949125596184992,-0.007949125596184548,False,EFOR
0.0,0.0,0.0,0.0,-0.018429487179487003,False,EFOR
0.0,0.0,0.0,-0.0008163265306122547,0.013877551020408108,False,EFOR
0.0,0.0,0.0,-0.0008051529790660261,0.006441223832527987,False,EFOR
0.0,0.0,0.0,0.0007993605115907965,-0.012789768185451633,False,EFOR
0.0,0.0,0.0,0.0,0.017004048582995868,False,EFOR
0.0,0.0,0.0,0.0,0.0079617834394905,False,EFOR
0.0,0.0,0.0,0.0,-0.023696682464454888,False,EFOR
0.0,0.0,0.0,-0.0008090614886732128,0.006472491909385036,False,EFOR
0.0,0.0,0.0,-0.0008025682182986049,0.008025682182985605,False,EFOR
0.0,0.0,0.0,-0.0007955449482895949,0.022275258552108212,False,EFOR
0.0,0.0,0.0,0.0,0.02801556420233453,False,EFOR
0.0,0.0,0.0,0.0,-0.035498489425981994,False,EFOR
0.0,0.0,0.0,0.0,0.009448818897637823,False,EFOR
0.0,0.0,0.0,0.0,-0.0031152647975077885,False,EFOR
0.0,0.0,0.0,-0.0007800312012479216,-0.015600624024960985,False,EFOR
0.0,0.0,0.0,0.0,-0.007874015748031482,False,EFOR
0.0,0.0,0.0,0.0,-0.0031645569620254443,False,EFOR
0.0,0.0,0.0,0.0,0.012698412698412653,False,EFOR
0.0,0.0,0.0,0.0,0.02888368462138957,False,EFOR
0.0,0.0,0.0,-0.0007570022710068347,-0.01665404996214992,False,EFOR
0.0,0.0,0.0,0.0,0.009237875288683695,False,EFOR
0.0,0.0,0.0,0.0,0.024390243902439046,False,EFOR
0.0,0.0,0.0,-0.0014880952380953438,0.028273809523809534,False,EFOR
0.0,0.0,0.0,0.0,0.0007235890014472002,False,EFOR
0.0,0.0,0.0,0.0,-0.02819956616052066,False,EFOR
0.0,0.0,0.0,0.0,0.0022321428571430157,False,EFOR
0.0,0.0,0.0,0.0007423904974015461,-0.006681514476614803,False,EFOR
0.0,0.0,0.0,0.0,0.003731343283582156,False,EFOR
0.0,0.0,0.0,-0.0007429420505200568,0.0274888558692421,False,EFOR
0.0,0.0,0.0,0.0,0.0,False,EFOR
0.0,0.0,0.0,0.0,0.03393501805054133,False,EFOR
0.0,0.0,0.0,-0.0006988120195665637,-0.004891684136967056,False,EFOR
0.0,0.0,0.0,0.0,-0.015449438202247201,False,EFOR
0.0,0.0,0.0,0.0007132667617688604,-0.04707560627674745,False,EFOR
0.0,0.0,0.0,0.0,-0.007485029940119903,False,EFOR
0.0,0.0,0.0,-0.0007547169811320531,-0.00452830188679243,False,EFOR
0.0,0.0,0.0,-0.0022658610271903967,0.006797583081570968,False,EFOR
0.0,0.0,0.0,0.0,0.01275318829707417,False,EFOR
0.0,0.0,0.0,0.0,-0.0007407407407408195,False,EFOR
0.0,0.0,0.0,-0.003676470588235281,-0.013235294117647123,False,EFOR
0.0,0.0,0.0,0.0007451564828613311,0.005961251862891315,False,EFOR
0.0,0.0,0.0,0.0022222222222221255,0.022222222222222365,False,EFOR
0.0,0.0,0.0,0.0,0.02898550724637672,False,EFOR
0.0,0.0,0.0,-0.0013986013986014845,0.04195804195804187,False,EFOR
0.0,0.0,0.0,-0.0006711409395973034,0.04093959731543628,False,EFOR
0.0,0.0,0.0,0.0,0.005802707930367523,True,EFOR
0.0,0.0,0.0,0.0006410256410256387,0.007051282051282026,False,EFOR
0.0,0.0,0.0,-0.0006349206349205438,0.03555555555555556,False,EFOR
0.0,0.0,0.0,-0.0006127450980392135,0.023897058823529438,False,EFOR
0.0,0.0,0.0,-0.004884004884004978,-0.02991452991452992,True,EFOR
0.0,0.0,0.0,0.0006309148264982412,0.02018927444794949,False,EFOR
0.0,0.0,0.0,0.0,-0.07549504950495045,False,EFOR
0.0,0.0,0.0,0.0,0.004029550033579632,False,EFOR
0.0,0.0,0.0,0.0013333333333334085,0.04733333333333323,False,EFOR
0.0,0.0,0.0,0.0,-0.017121116043119833,False,EFOR
0.0,0.0,0.0,-0.0006414368184733954,-0.0025657472738934706,False,EFOR
0.0,0.0,0.0,0.0012861736334406348,0.010932475884244397,False,EFOR
0.0,0.0,0.0,0.0025316455696202667,-0.012658227848101222,False,EFOR
0.0,0.0,0.0,0.005769230769230749,0.002564102564102555,False,EFOR
0.0,0.0,0.0,0.0006389776357826893,0.020447284345047834,False,EFOR
0.0,0.0,0.0,0.0006329113924050667,0.027848101265822933,False,EFOR
0.0,0.0,0.0,0.0,0.01662561576354671,False,EFOR
0.0,0.0,0.0,-0.00060606060606061,0.006666666666666599,False,EFOR
0.0,0.0,0.0,0.001201201201201263,0.018018018018018056,False,EFOR
0.0,0.0,0.0,0.0,-0.012979351032448405,False,EFOR
0.0,0.0,0.0,0.0,0.016138673042438656,False,EFOR
0.0,0.0,0.0,0.0,0.014705882352941124,False,EFOR
0.0,0.0,0.0,0.001159420289855051,-0.004057971014492678,False,EFOR
0.0,0.0,0.0,0.0,0.02037252619324792,False,EFOR
0.0,0.0,0.0,0.0005704506560182399,-0.01825442099258412,False,EFOR
0.0,0.0,0.0,-0.0005810575246949501,-0.01162115049389889,False,EFOR
0.0,0.0,0.0,0.0,0.0,False,EFOR
0.0,0.0,0.0,0.0005889281507656108,0.005300353356890497,False,EFOR
0.0,0.0,0.0,0.0,-0.015817223198594133,False,EFOR
0.0,0.0,0.0,0.0005955926146514745,0.06134603930911253,False,EFOR
0.0,0.0,0.0,0.0,-0.016273849607182922,False,EFOR
0.0,0.0,0.0,0.0,-0.004563605248145919,False,EFOR
0.0,0.0,0.0,0.0,0.010888252148997024,False,EFOR
0.0,0.0,0.0,-0.0005668934240362633,0.010770975056689336,False,EFOR
0.0,0.0,0.0,-0.000560852495793629,0.0050476724621424385,False,EFOR
0.0,0.0,0.0,0.0,0.010602678571428603,False,EFOR
0.0,0.0,0.0,0.0,0.01380452788514619,False,EFOR
0.0,0.0,0.0,0.0,0.005449591280654031,False,EFOR
0.0,0.0,0.0,0.0005420054200540037,0.016260162601625883,False,EFOR
0.0,0.0,0.0,0.0005333333333332746,-0.013333333333333308,False,EFOR
0.0,0.0,0.0,0.0,-0.009729729729729741,False,EFOR
0.0,0.0,0.0,0.0,0.006578947368421018,True,EFOR
0.0,0.0,0.0,0.0,0.040849673202614456,False,EFOR
0.0,0.0,0.0,0.0005232862375719183,0.012558869701726705,False,EFOR
0.0,0.0,0.0,0.002067183462532318,0.0051679586563306845,False,EFOR
0.0,0.0,0.0,0.0005141388174807471,0.017480719794344513,False,EFOR
0.0,0.0,0.0,0.00050530570995444,0.028802425467407744,False,EFOR
0.0,0.0,0.0,0.0,0.005893909626718985,False,EFOR
0.0,0.0,0.0,0.001953125,0.0078125,False,EFOR
0.0,0.0,0.0,0.001941747572815622,-0.014563106796116498,True,EFOR
0.0,0.0,0.0,0.0019704433497536034,0.010837438423645374,False,EFOR
0.0,0.0,0.0,0.0009775171065493637,0.004887585532746819,False,EFOR
0.0,0.0,0.0,0.0019493177387912564,0.0,False,EFOR
0.0,0.0,0.0,-0.0009718172983479434,0.006802721088435382,False,EFOR
0.0,0.0,0.0,0.0009652509652509078,0.02992277992277992,False,EFOR
0.011225444340505097,0.0,0.010289990645462987,0.010289990645462987,0.04770813844714694,True,EFOR
0.0,0.0,0.0,0.0017857142857140573,0.004464285714285587,False,EFOR
0.0,0.0,0.0,0.0008880994671400799,-0.01243339253996456,False,EFOR
0.0,0.0,0.0,0.0,0.007194244604316724,False,EFOR
0.0,0.0,0.0,0.0,-0.009954751131221684,False,EFOR
0.0,0.0,0.0,-0.0009149130832569741,0.0027447392497714773,False,EFOR
0.0,0.0,0.0,0.0,0.017335766423357768,False,EFOR
0.0,0.0,0.0,0.0,-0.005405405405405461,False,EFOR
0.0,0.0,0.0,0.0018099547511312153,-0.0036199095022624306,False,EFOR
0.0,0.0,0.0,0.0027223230490016626,0.005444646098003547,False,EFOR
0.0,0.0,0.0,0.0036363636363636598,0.015454545454545388,False,EFOR
0.0,0.0,0.0,0.0,0.006249999999999867,False,EFOR
0.0,0.0,0.0,0.0017730496453900457,0.008865248226950229,False,EFOR
0.0,0.0,0.0,0.0,0.0008771929824562541,False,EFOR
0.0,0.0,0.0,0.0,0.005240174672489051,False,EFOR
0.0,0.0,0.0,0.0,0.022589052997393555,False,EFOR
0.0,0.0,0.0,0.0,0.008539709649872052,False,EFOR
0.0,0.0,0.0,0.0,0.015228426395939243,False,EFOR
0.0,0.0,0.0,-0.0016638935108154174,0.008319467554076532,False,EFOR
0.0,0.0,0.0,-0.0008244023083264773,0.00577081615828523,False,EFOR
0.0,0.0,0.0,-0.0008210180623974273,0.012315270935960632,False,EFOR
0.0,0.0,0.0,0.0,0.004858299595141613,False,EFOR
0.0,0.0,0.0,0.0,0.015248796147672383,False,EFOR
0.0,0.0,0.0,0.0007898894154818592,0.003949447077409074,False,EFOR
0.0,0.0,0.0,0.0007849293563579884,0.006279434850863241,False,EFOR
0.0,0.0,0.0,0.0,0.00857365549493383,False,EFOR
0.0,0.0,0.0,0.0007716049382715529,0.0030864197530864335,False,EFOR
0.0,0.0,0.0,0.0015349194167304514,0.009209516500383597,False,EFOR
0.0,0.0,0.0,0.0,-0.014393939393939292,False,EFOR
0.0,0.0,0.0,0.0,0.010736196319018454,False,EFOR
0.0,0.0,0.0,0.0,0.006813020439061512,False,EFOR
0.0,0.0,0.0,0.0,0.005251312828207011,False,EFOR
0.0,0.0,0.0,0.0,-0.02010424422933732,False,EFOR
0.0,0.0,0.0,0.0015117157974300355,-0.0045351473922902175,False,EFOR
0.0,0.0,0.0,0.0,0.0181818181818183,False,EFOR
0.0,0.0,0.0,0.0,0.019330855018587334,False,EFOR
0.0,0.0,0.0,0.0,0.01381818181818173,False,EFOR
0.0,0.0,0.0,0.0007142857142856673,0.011428571428571344,False,EFOR
0.0,0.0,0.0,0.0,0.008450704225352101,False,EFOR
0.0,0.0,0.0,0.0,0.002089136490250887,False,EFOR
0.0,0.0,0.0,0.0,0.029025570145127855,False,EFOR
0.0,0.0,0.0,0.0006680026720107257,0.029392117568470377,False,EFOR
0.0,0.0,0.0,0.0,-0.005161290322580725,False,EFOR
0.0,0.0,0.0,0.0,0.004524886877828038,False,EFOR
0.0,0.0,0.0,0.0006410256410256387,-0.10320512820512817,False,EFOR
0.0,0.0,0.0,0.0,0.0,False,EFOR
0.0,0.0,0.0,0.0,0.0,False,EFOR
0.0,0.0,0.0,0.0,0.22135161606268383,False,EFOR
0.0,0.0,0.0,0.0023904382470121277,-0.03984063745019917,True,EFOR
0.0,0.0,0.0,0.002566295979469446,-0.07185628742514971,False,EFOR
0.0,0.0,0.0,0.0,0.006493506493506551,False,EFOR
0.0,0.0,0.0,-0.0009182736455464191,-0.010101010101010055,False,EFOR
0.0,0.0,0.0,-0.0009337068160596429,0.008403361344538007,False,EFOR
0.0,0.0,0.0,0.0009259259259259967,-0.01666666666666672,False,EFOR
0.0,0.0,0.0,0.0,0.007532956685499137,False,EFOR
0.0,0.0,0.0,0.0,0.08231992516370434,False,EFOR
0.0,0.0,0.0,0.0,0.017241379310344973,False,EFOR
0.0,0.0,0.0,0.0008474576271186862,0.02627118644067794,False,EFOR
0.0,0.0,0.0,0.0,0.06523534269199005,False,EFOR
0.0,0.0,0.0,0.0007751937984497026,0.03023255813953485,False,EFOR
0.0,0.0,0.0,0.0007524454477050302,-0.036869826937547034,False,EFOR
0.0,0.0,0.0,0.0,0.02580140734949188,False,EFOR
0.0,0.0,0.0,0.0,-0.004576659038901587,False,EFOR
0.0,0.0,0.0,0.0007662835249042654,-0.01992337164750957,False,EFOR
0.0,0.0,0.0,0.005555555555555536,-0.013492063492063555,False,EFOR
0.0,0.0,0.0,0.0,-0.02011263073209968,False,EFOR
0.0,0.0,0.0,0.0024691358024693244,0.012345679012345734,False,EFOR
0.0,0.0,0.0,-0.0008130081300813385,-0.025203252032520385,False,EFOR
0.0,0.0,0.0,0.0,-0.015025041736227096,False,EFOR
0.0,0.0,0.0,-0.0008474576271186862,0.031355932203389836,False,EFOR
0.0,0.0,0.0,0.0,0.0041084634346755244,False,EFOR
0.0,0.0,0.0,0.002454991816694063,0.002454991816694063,False,EFOR
0.0,0.0,0.0,0.0,-0.04081632653061229,False,EFOR
0.0,0.0,0.0,0.0008510638297871687,0.040851063829787204,False,EFOR
0.0,0.0,0.0,0.0,0.013900245298446468,False,EFOR
0.0,0.0,0.0,0.004048582995951344,0.0,False,EFOR
0.0,0.0,0.0,0.0,-0.004048582995951455,False,EFOR
0.0,0.0,0.0,0.0,0.04065040650406515,False,EFOR
0.0,0.0,0.0,0.0,0.0235294117647058,True,EFOR
0.0,0.0,0.0,0.0007662835249042654,0.00766283524904221,True,EFOR
0.0,0.0,0.0,0.0,0.004562737642585635,False,EFOR
0.0,0.0,0.0,-0.0007564296520423675,-0.012102874432677768,False,EFOR
0.0,0.0,0.0,0.0,-0.09954058192955595,False,EFOR
0.0,0.0,0.0,0.0,0.08143607705779332,True,EFOR
0.0,0.0,0.0,0.0,0.01548492257538725,False,EFOR
0.0,0.0,0.0,0.0,0.013709677419354804,False,EFOR
0.0,0.0,0.0,0.0,0.0015910898965789677,False,EFOR
0.0,0.0,0.0,0.0,0.003971405877680745,False,EFOR
0.0,0.0,0.0,0.0,0.012598425196850505,False,EFOR
0.0,0.0,0.0,0.0,0.008600469116497367,False,EFOR
0.0,0.0,0.0,-0.0015503875968992942,-0.006976744186046435,False,EFOR
0.0,0.0,0.0,0.0,0.02111024237685699,False,EFOR
0.0,0.0,0.0,0.0,0.005384615384615321,False,EFOR
0.0,0.0,0.0,0.0,0.006120887528691554,False,EFOR
0.0,0.0,0.0,0.0,0.011406844106464087,False,EFOR
0.0,0.0,0.0,0.0,0.015082956259427016,False,EFOR
0.0,0.0,0.0,0.0,0.019316493313521477,False,EFOR
0.0,0.0,0.0,-0.0007299270072991249,0.007299270072992803,False,EFOR
0.0,0.0,0.0,0.0021739130434781373,0.010869565217391353,False,EFOR
0.0,0.0,0.0,0.0007163323782235498,0.012177650429799458,False,EFOR
0.0,0.0,0.0,-0.0042075736325385416,0.008415147265077083,False,EFOR
0.0,0.0,0.0,-0.0006993006993006867,0.018181818181818077,True,EFOR
0.0,0.0,0.0,0.0006896551724138167,0.018620689655172384,False,EFOR
0.0,0.0,0.0,0.0,0.013531799729364025,False,EFOR
0.0,0.0,0.0,0.001335113484646211,0.001335113484646211,False,EFOR
0.0,0.0,0.0,-0.0006666666666667043,-0.026666666666666727,False,EFOR
0.0,0.0,0.0,0.0020847810979847115,-0.02710215427380125,True,EFOR
0.0,0.0,0.0,0.0,0.03571428571428581,False,EFOR
0.0,0.0,0.0,0.0,-0.042068965517241375,False,EFOR
0.0,0.0,0.0,0.002159827213822796,-0.01367890568754504,False,EFOR
0.0,0.0,0.0,-0.0007299270072991249,0.0,False,EFOR
0.0,0.0,0.0,0.0,-0.04379562043795615,False,EFOR
0.0,0.0,0.0,0.0,-0.046564885496183206,False,EFOR
0.0,0.0,0.0,0.0,0.028044871794871806,False,EFOR
0.0,0.0,0.0,0.003117692907248504,0.0374123148869836,False,EFOR
0.0,0.0,0.0,0.0007552870090634656,0.0166163141993958,False,EFOR
0.0,0.0,0.0,0.0014847809948030921,0.01187824795842607,False,EFOR
0.0,0.0,0.0,0.0,0.00146520146520146,False,EFOR
0.0,0.0,0.0,0.002194586686174116,0.022677395757132235,False,EFOR
0.0,0.0,0.0,0.0017226528854437095,-0.03531438415159349,False,EFOR
0.0,0.0,0.0,0.0,0.019607843137254832,False,EFOR
0.0,0.0,0.0,-0.0017482517482516613,0.0996503496503498,False,EFOR
0.0,0.0,0.0,0.0,0.04645669291338583,True,EFOR
0.0,0.0,0.0,0.0,0.09849624060150375,False,EFOR
0.0,0.0,0.0,0.0,0.0887372013651877,True,EFOR
0.0,0.0,0.0,0.0018808777429468737,0.0025078369905957576,False,EFOR
0.0,0.0,0.0,0.0006317119393557391,-0.020214782059380987,False,EFOR
0.0,0.0,0.0,0.0,-0.007741935483870921,False,EFOR
0.0,0.0,0.0,0.0,0.016828478964401317,False,EFOR
0.0,0.0,0.0,-0.0006365372374285139,-0.09866327180140044,False,EFOR
0.0,0.0,0.0,-0.0007062146892655718,0.02754237288135597,False,EFOR
0.0,0.0,0.0,0.0006872852233676952,0.013058419243986208,False,EFOR
0.0,0.0,0.0,0.002035278154681075,0.03731343283582089,False,EFOR
0.0,0.0,0.0,0.0,0.013020833333333481,False,EFOR
0.0,0.0,0.0,0.0,0.008974358974358942,False,EFOR
0.0,0.0,0.0,0.0,-0.019108280254776955,False,EFOR
0.0,0.0,0.0,0.0,-0.10000000000000009,False,EFOR
0.0,0.0,0.0,-0.000723065798987732,-0.09399855386840206,False,EFOR
0.0,0.0,0.0,0.0,0.06730769230769229,True,EFOR
0.0,0.0,0.0,0.0,-0.04562737642585546,False,EFOR
0.0,0.0,0.0,0.0,0.050119331742243256,False,EFOR
0.0,0.0,0.0,0.0,-0.0993176648976496,False,EFOR
0.0,0.0,0.0,0.005097706032285432,0.028037383177570208,False,EFOR
0.0,0.0,0.0,0.0,-0.029727497935590375,False,EFOR
0.0,0.0,0.0,0.0,-0.10034013605442171,False,EFOR
0.0,0.0,0.0,0.0,0.03125,False,EFOR
0.0,0.0,0.0,0.0,0.019108280254777066,False,EFOR
0.0,0.0,0.0,0.0,0.04496402877697836,False,EFOR
0.0,0.0,0.0,0.001721170395869276,0.09982788296041312,False,EFOR
0.0,0.0,0.0,0.0,0.005430566330488773,False,EFOR
0.0,0.0,0.0,0.0,0.06723338485316854,False,EFOR
0.0,0.0,0.0,0.0014471780028944004,0.0021707670043413785,False,EFOR
0.0,0.0,0.0,-0.0014450867052022698,0.004335260115607031,False,EFOR
0.0,0.0,0.0,-0.000723065798987732,-0.049168474331164114,False,EFOR
0.0,0.0,0.0,-0.0007662835249043765,-0.039080459770115095,False,EFOR
0.0,0.0,0.0,0.0,-0.04306220095693769,False,EFOR
0.0,0.0,0.0,-0.0008333333333333526,0.008333333333333304,False,EFOR
0.0,0.0,0.0,0.0,0.057024793388429806,False,EFOR
0.0,0.0,0.0,0.0,-0.09076558800315704,False,EFOR
0.0,0.0,0.0,-0.0008710801393727596,-0.006968641114982632,False,EFOR
0.0,0.0,0.0,0.0008771929824560321,0.033333333333333215,False,EFOR
0.0,0.0,0.0,0.0,-0.043552519214346885,False,EFOR
0.0,0.0,0.0,0.0017857142857145014,0.044642857142857206,False,EFOR
0.0,0.0,0.0,-0.0008620689655172153,-0.018103448275861966,False,EFOR
0.0,0.0,0.0,-0.000888888888888828,-0.01244444444444448,False,EFOR
0.0,0.0,0.0,-0.0009000900090009312,-0.045904590459045935,False,EFOR
0.0,0.0,0.0,0.0,-0.037735849056603765,False,EFOR
0.0,0.0,0.0,0.0009803921568629637,0.10000000000000009,False,EFOR
0.0,0.0,0.0,-0.0035242290748898064,0.021145374449339283,True,EFOR
0.0,0.0,0.0,0.0,-0.033562822719449104,True,EFOR
0.0,0.0,0.0,-0.0008992805755395628,0.004496402877697925,False,EFOR
0.0,0.0,0.0,-0.0009082652134423386,0.026339691189827485,False,EFOR
0.0,0.0,0.0,0.0017921146953405742,0.01971326164874565,False,EFOR
0.0,0.0,0.0,0.0,0.011403508771929749,False,EFOR
0.0,0.0,0.0,0.0017346053772768766,-0.011274934952298254,False,EFOR
0.0,0.0,0.0,0.0,0.013215859030837107,False,EFOR
0.0,0.0,0.0,0.0,0.007785467128027745,False,EFOR
0.0,0.0,0.0,0.0,-0.02564102564102555,False,EFOR
0.0,0.0,0.0,-0.0026200873362445254,0.046288209606986985,False,EFOR
0.0,0.0,0.0,0.0,-0.0233722871452422,False,EFOR
0.0,0.0,0.0,-0.0008620689655172153,-0.057758620689655205,False,EFOR
0.0,0.0,0.0,0.0,-0.016438356164383494,False,EFOR
0.0,0.0,0.0,0.0018621973929235924,-0.013966480446927387,False,EFOR
0.0,0.0,0.0,0.0037700282752122227,0.011310084825636224,False,EFOR
0.0,0.0,0.0,0.003883495145631022,-0.025242718446602086,False,EFOR
0.0,0.0,0.0,-0.0010050251256281673,-0.015075376884421954,False,EFOR
0.0,0.0,0.0,-0.0005102040816327147,-0.041326530612245005,False,EFOR
0.0,0.0,0.0,0.0,0.025641025641025772,False,EFOR
0.0,0.0,0.0,0.0,-0.016145833333333304,False,EFOR
0.0,0.0,0.0,0.0,-0.046692607003890996,False,EFOR
0.0,0.0,0.0,0.000581395348837388,0.08313953488372094,False,EFOR
0.0,0.0,0.0,0.0,0.0,False,EFOR
0.0,0.0,0.0,-0.0016233766233766378,-0.023268398268398216,False,EFOR
0.0,0.0,0.0,0.0,-0.04875346260387803,False,EFOR
0.0,0.0,0.0,0.0005793742757820297,-0.104287369640788,True,EFOR
0.0,0.0,0.0,0.0,0.0,True,EFOR
0.0,0.0,0.0,0.0,0.0,False,EFOR
0.0,0.0,0.0,0.0,0.0,True,EFOR
0.0,0.0,0.0,0.0,0.0,True,EFOR
0.0,0.0,0.0,0.0,0.0,False,EFOR
0.0,0.0,0.0,0.004761904761904745,0.09047619047619038,True,EFOR
0.0,0.0,0.0,0.0,-0.011891891891891881,False,EFOR
0.0,0.0,0.0,-0.0043057050592033574,-0.007534983853605848,False,EFOR
0.0,0.0,0.0,-0.001079913606911398,0.04211663066954641,False,EFOR
0.0,0.0,0.0,-0.0010351966873706209,-0.0010351966873706209,False,EFOR
0.0,0.0,0.0,-0.0010341261633919352,-0.06411582213029987,False,EFOR
0.0,0.0,0.0,0.0,-0.08836689038031309,False,EFOR
0.0,0.0,0.0,0.0012853470437017567,-0.05655526992287918,False,EFOR
0.0,0.0,0.0,0.0,-0.008310249307479145,False,EFOR
0.0,0.0,0.0,-0.001388888888888884,-0.09722222222222221,False,EFOR
0.0,0.0,0.0,0.0,-0.010526315789473717,False,EFOR
0.0,0.0,0.0,0.0,-0.10151515151515156,False,EFOR
0.0,0.0,0.0,-0.0016750418760468344,-0.10552763819095479,False,EFOR
0.0,0.0,0.0,0.003868471953578423,0.0773694390715669,True,EFOR
0.0,0.0,0.0,0.0,0.09285714285714297,False,EFOR
0.0,0.0,0.0,0.0,0.03220858895705536,True,EFOR
0.0,0.0,0.0,0.0,0.023513139695712226,True,EFOR
0.0,0.0,0.0,0.0013245033112583293,0.07814569536423854,False,EFOR
0.0,0.0,0.0,0.0,0.05418138987043575,False,EFOR
0.0,0.0,0.0,0.0010649627263046302,0.03620873269435565,False,EFOR
0.0,0.0,0.0,-0.0010101010101010166,0.06666666666666665,False,EFOR
0.0,0.0,0.0,-0.0009250693802035359,0.0740055504162811,False,EFOR
0.0,0.0,0.0,0.0034334763948498104,-0.06866952789699576,False,EFOR
0.0,0.0,0.0,0.0,0.026666666666666616,False,EFOR
0.0,0.0,0.0,0.0,0.0027272727272726893,False,EFOR
0.0,0.0,0.0,0.0,0.04054054054054057,False,EFOR
0.0,0.0,0.0,-0.0017094017094017033,0.08547008547008539,False,EFOR
0.0,0.0,0.0,-0.0007987220447284171,-0.056709265175718726,False,EFOR
0.0,0.0,0.0,0.0017050298380221207,0.0315430520034099,False,EFOR
0.0,0.0,0.0,-0.0008278145695364003,0.026490066225165476,False,EFOR
0.0,0.0,0.0,-0.0015748031496062298,0.06850393700787416,False,EFOR
0.0,0.0,0.0,0.0,-0.0397643593519883,False,EFOR
0.0,0.0,0.0,0.0,-0.017624521072796995,False,EFOR
0.0,0.0,0.0,0.0,-0.018547140649149974,False,EFOR
0.0,0.0,0.0,0.000783085356303781,-0.02584181675802666,False,EFOR
0.0,0.0,0.0,-0.0007874015748031704,-0.11811023622047245,False,EFOR
0.0,0.0,0.0,0.0,0.011428571428571344,False,EFOR
0.0,0.0,0.0,0.0,0.09981167608286268,False,EFOR
0.0,0.0,0.0,-0.001712328767123239,-0.09931506849315075,False,EFOR
0.0,0.0,0.0,0.0,0.004761904761904745,False,EFOR
0.0,0.0,0.0,0.0,0.07656395891690004,False,EFOR
0.0786516853932584,0.0,0.028522039757994833,0.02765773552290418,-0.02074330164217808,True,EFOR
0.0,0.0,0.0,0.0,0.03706972639011474,False,EFOR
0.0,0.0,0.0,-0.0008333333333333526,-0.007499999999999951,False,EFOR
0.0,0.0,0.0,-0.000838926174496657,-0.025167785234899376,False,EFOR
0.0,0.0,0.0,0.0,0.03167808219178081,False,EFOR
0.0,0.0,0.0,-0.0007874015748031704,0.007874015748031704,False,EFOR
0.0,0.0,0.0,0.0,0.0,False,CGCAM
0.0,0.0,0.0,0.0,0.0,False,CGCAM
0.0,0.0,0.0,0.0,0.0,False,CGCAM
0.0,0.0,0.0,0.0,-0.10869565217391308,False,CGCAM
0.0,0.0,0.0,0.0,0.12282157676348526,False,CGCAM
0.0,0.0,0.0,0.0,0.06285714285714294,False,CGCAM
0.0,0.0,0.0,-0.0012626262626261875,0.03282828282828287,False,CGCAM
0.0,0.0,0.0,0.0,-0.0703079604880884,False,CGCAM
0.0,0.0,0.0,0.0,0.02180685358255441,False,CGCAM
0.0,0.0,0.0,-0.0017751479289939143,0.06745562130177518,False,CGCAM
0.0,0.0,0.0,0.0,-0.013586956521739135,False,CGCAM
0.0,0.0,0.0,0.0,-0.03661820140010763,False,CGCAM
0.0,0.0,0.0,0.000540540540540535,-0.0745945945945945,False,CGCAM
0.0,0.0,0.0,0.0,-0.052570093457944056,False,CGCAM
0.0,0.0,0.0,-0.0006165228113439447,-0.014796547472256338,False,CGCAM
0.0,0.0,0.0,0.0,-0.0393258426966292,False,CGCAM
0.0,0.0,0.0,0.0,-0.02975420439844767,False,CGCAM
0.0,0.0,0.0,0.0,0.08910891089108919,False,CGCAM
0.0,0.0,0.0,0.0005959475566148509,0.08164481525625722,True,CGCAM
0.0,0.0,0.0,0.0,-0.1259338313767342,False,CGCAM
0.0,0.0,0.0,0.0006116207951070152,-0.012232415902140858,False,CGCAM
0.0,0.0,0.0,0.0,0.0862385321100918,False,CGCAM
0.0,0.0,0.0,0.0027624309392264568,-0.054696132596685154,True,CGCAM
0.0,0.0,0.0,0.0,-0.020809248554913284,False,CGCAM
0.0,0.0,0.0,0.001179245283018826,-0.03183962264150941,False,CGCAM
0.0,0.0,0.0,0.0,-0.013998782714546576,False,CGCAM
0.0,0.0,0.0,0.0006157635467980427,-0.003694581280788145,False,CGCAM
0.0,0.0,0.0,0.0,-0.03512014787430684,False,CGCAM
0.0,0.0,0.0,-0.0006418485237483784,0.016046213093709794,False,CGCAM
0.0,0.0,0.0,0.0006313131313131493,-0.023989898989898895,False,CGCAM
0.0,0.0,0.0,0.0,-0.02986022871664551,False,CGCAM
0.0,0.0,0.0,0.0,-0.010484927916120546,False,CGCAM
0.0,0.0,0.0,-0.0006578947368420796,-0.03157894736842093,False,CGCAM
0.0,0.0,0.0,-0.0006839945280437965,0.00752393980848165,False,CGCAM
0.0,0.0,0.0,0.0006788866259335169,-0.019687712152070658,False,CGCAM
0.0,0.0,0.0,0.0,-0.02557014512785083,False,CGCAM
0.0,0.0,0.0,0.0007062146892655718,0.06638418079096042,False,CGCAM
0.0,0.0,0.0,0.0,-0.0033112582781456013,False,CGCAM
0.0,0.0,0.0,0.0006648936170214892,-0.037234042553191404,False,CGCAM
0.0,0.0,0.0,0.0,0.0013764624913972234,False,CGCAM
0.0,0.0,0.0,0.0013840830449827202,-0.02491349480968852,False,CGCAM
0.0,0.0,0.0,0.0007097232079489313,-0.018452803406671436,False,CGCAM
0.0,0.0,0.0,0.0,-0.008658008658008587,False,CGCAM
0.0,0.0,0.0,0.000723065798987621,-0.01156905278380338,False,CGCAM
0.0,0.0,0.0,0.001421464108031234,-0.006396588486140664,True,CGCAM
0.0,0.0,0.0,0.0,-0.027181688125894166,False,CGCAM
0.0,0.0,0.0,0.0007336757153337814,-0.003668378576669129,False,CGCAM
0.0,0.0,0.0,0.0,-0.038884812912692635,False,CGCAM
0.0,0.0,0.0,0.0015267175572519776,0.02442748091603053,False,CGCAM
0.0,0.0,0.0,0.0007451564828613311,0.009687034277198192,False,CGCAM
0.0,0.0,0.0,0.0044642857142858094,-0.017857142857142905,False,CGCAM
0.0,0.0,0.0,-0.0007581501137224889,-0.007581501137225111,False,CGCAM
0.0,0.0,0.0,0.0,0.0,False,CGCAM
0.0,0.0,0.0,0.0,0.025855513307984745,False,CGCAM
0.0,0.0,0.0,0.0,-0.03345724907063197,True,CGCAM
0.0,0.0,0.0,0.0007692307692308553,0.05615384615384622,True,CGCAM
0.0,0.0,0.0,0.0,0.005098324836125379,False,CGCAM
0.0,0.0,0.0,0.0007241129616220032,-0.014482259232440287,False,CGCAM
0.0,0.0,0.0,0.0007278020378456151,0.04366812227074224,False,CGCAM
0.0,0.0,0.0,0.0,-0.03877551020408154,False,CGCAM
0.0,0.0,0.0,0.0,-0.013437057991513512,False,CGCAM
0.0,0.0,0.0,0.0,0.024372759856630788,False,CGCAM
0.0,0.0,0.0,0.0,0.03611111111111098,False,CGCAM
0.0,0.0,0.0,0.0,-0.023333333333333317,False,CGCAM
0.0,0.0,0.0,0.0,-0.0068259385665528916,False,CGCAM
0.0,0.0,0.0,0.016566265060240948,-0.010542168674698704,False,CGCAM
0.0,0.0,0.0,0.0,0.03129770992366421,False,CGCAM
0.0,0.0,0.0,-0.0014847809948033142,-0.07943578322197475,False,CGCAM
0.0,0.0,0.0,0.003197442046362964,-0.026378896882494063,False,CGCAM
0.0,0.0,0.0,0.0,0.026122448979591928,False,CGCAM
0.0,0.0,0.0,-0.0015974440894568342,0.07268370607028762,False,CGCAM
0.0,0.0,0.0,0.0,-0.03201787043931492,False,CGCAM
0.0,0.0,0.0,0.0,-0.012251148545176171,False,CGCAM
0.0,0.0,0.0,0.0,0.10256410256410264,False,CGCAM
0.0,0.0,0.0,0.0006993006993005757,0.0,True,CGCAM
0.0,0.0,0.0,0.0,0.011348464619492571,False,CGCAM
0.0,0.0,0.0,-0.0013333333333332975,0.05400000000000005,False,CGCAM
0.0,0.0,0.0,-0.0006195786864933162,-0.03159851301115235,False,CGCAM
0.0,0.0,0.0,0.0006176652254477055,-0.011735639283508403,False,CGCAM
0.0,0.0,0.0,-0.0018237082066867583,-0.06869300911854093,False,CGCAM
0.0,0.0,0.0,0.001304631441617632,0.016960208741030547,False,CGCAM
0.0,0.0,0.0,0.0,-0.024872448979591844,False,CGCAM
0.0,0.0,0.0,0.0,-0.013761467889908174,False,CGCAM
0.0,0.0,0.0,0.0,-0.04784053156146184,False,CGCAM
0.0,0.0,0.0,0.0006993006993005757,0.0,False,CGCAM
0.0,0.0,0.0,0.0,0.01388888888888884,False,CGCAM
0.0,0.0,0.0,0.0,-0.025797691785471866,False,CGCAM
0.0,0.0,0.0,-0.002068965517241339,0.0041379310344829,False,CGCAM
0.0,0.0,0.0,-0.0006896551724138167,0.0,False,CGCAM
0.0,0.0,0.0,0.0006868131868131844,0.05013736263736246,False,CGCAM
0.0,0.0,0.0,0.0006430868167202064,0.010932475884244397,True,CGCAM
0.0,0.0,0.0,0.0006329113924050667,-0.014556962025316533,False,CGCAM
0.0,0.0,0.0,0.0,0.005754475703324768,False,CGCAM
0.0,0.0,0.0,0.0,-0.010759493670886022,False,CGCAM
0.0,0.0,0.0,0.0,0.02941176470588247,False,CGCAM
0.0,0.0,0.0,0.0,0.03418272218769425,False,CGCAM
0.0,0.0,0.0,0.0006006006006007425,0.003603603603603789,False,CGCAM
0.0,0.0,0.0,0.0,-0.02193242442205101,False,CGCAM
0.0,0.0,0.0,0.0,0.031515151515151496,False,CGCAM
0.0,0.0,0.0,-0.002865329512893977,-0.049283667621776495,False,CGCAM
0.0,0.0,0.0,-0.0006027727546715766,-0.03194695599758901,False,CGCAM
0.0,0.0,0.0,0.0006211180124222615,-0.0198757763975157,False,CGCAM
0.0,0.0,0.0,0.0,-0.03337531486146106,False,CGCAM
0.0,0.0,0.0,0.0,0.0,False,CGCAM
0.0,0.0,0.0,-0.0006447453255963298,-0.02063185041908444,False,CGCAM
0.0,0.0,0.0,0.0013192612137202797,-0.0237467018469657,False,CGCAM
0.0,0.0,0.0,0.0,0.02760942760942764,False,CGCAM
0.0,0.0,0.0,0.0006544502617800152,-0.025523560209424034,False,CGCAM
0.0,0.0,0.0,0.0020000000000000018,-0.0040000000000000036,False,CGCAM
0.0,0.0,0.0,0.0006693440428380271,-0.0307898259705488,False,CGCAM
0.0,0.0,0.0,0.0006901311249136732,-0.022774327122153215,False,CGCAM
0.0,0.0,0.0,0.0,-0.017421602787456414,False,CGCAM
0.0,0.0,0.0,0.0,-0.005681818181818232,False,CGCAM
0.0,0.0,0.0,-0.0007142857142856673,-0.0357142857142857,False,CGCAM
0.0,0.0,0.0,0.0,-0.01931330472102999,False,CGCAM
0.0,0.0,0.0,-0.0007293946024800047,0.038657913931436916,False,CGCAM
0.004915730337078594,-0.0070224719101122934,-0.002106741573033699,-0.000702247191011196,0.004915730337078594,True,CGCAM
0.0,0.0,0.0,0.0,0.0174825174825175,False,CGCAM
0.0,0.0,0.0,0.0,-0.016494845360824795,False,CGCAM
0.0,0.0,0.0,0.0,-0.028934368383909725,False,CGCAM
0.0,0.0,0.0,0.005413766434648082,0.012374323279195742,False,CGCAM
0.0,0.0,0.0,0.0007639419404124048,0.014514896867837912,False,CGCAM
0.0,0.0,0.0,0.0,-0.009022556390977488,False,CGCAM
0.0,0.0,0.0,0.0,-0.014415781487101653,False,CGCAM
0.0,0.0,0.0,0.0,-0.009202453987730008,False,CGCAM
0.0,0.0,0.0,0.0030935808197989356,0.01314771848414531,False,CGCAM
0.0,0.0,0.0,0.0007763975155279379,-0.017857142857142905,False,CGCAM
0.0,0.0,0.0,-0.0038022813688213253,0.04562737642585546,True,CGCAM
0.0,0.0,0.0,0.0,-0.03502501786990708,False,CGCAM
0.0,0.0,0.0,-0.0007288629737609575,-0.03790087463556857,False,CGCAM
0.0,0.0,0.0,0.0,-0.00836501901140696,False,CGCAM
0.0,0.0,0.0,0.002295332823259333,0.009946442234123776,False,CGCAM
0.0,0.0,0.0,0.0,-0.004507888805409532,False,CGCAM
0.0,0.0,0.0,0.0007518796992480592,-0.008270676691729428,False,CGCAM
0.0,0.0,0.0,-0.0029962546816478808,-0.00524344569288393,False,CGCAM
0.0,0.0,0.0,-0.0007513148009015147,0.010518407212622094,False,CGCAM
0.0,0.0,0.0,0.0022641509433962703,-0.005283018867924594,False,CGCAM
0.0,0.0,0.0,0.0007547169811321641,0.017358490566037776,False,CGCAM
0.0,0.0,0.0,0.0,-0.0117647058823529,False,CGCAM
0.0,0.0,0.0,0.0,-0.010332103321033292,False,CGCAM
0.0,0.0,0.0,0.0,-0.015578635014836806,False,CGCAM
0.0,0.0,0.0,0.0,-0.005275056518462717,False,CGCAM
0.0,0.0,0.0,0.0007575757575759567,-0.0015151515151514694,False,CGCAM
0.0,0.0,0.0,0.0,0.010566037735849187,False,CGCAM
0.0,0.0,0.0,0.0014903129657226621,0.022354694485842153,False,CGCAM
0.0,0.0,0.0,0.0007267441860465684,0.024709302325581328,False,CGCAM
0.0,0.0,0.0,0.0,-0.01770538243626063,False,CGCAM
0.0,0.0,0.0,0.0014419610670513006,-0.012977649603460706,False,CGCAM
0.0,0.0,0.0,0.0051057622173595885,0.024070021881837933,False,CGCAM
0.0,0.0,0.0,-0.007735583684950864,-0.0196905766526021,False,CGCAM
0.0,0.0,0.0,0.0014326647564468775,0.03151862464183375,False,CGCAM
0.0,0.0,0.0,0.0006896551724138167,-0.020689655172413834,False,CGCAM
0.0,0.0,0.0,0.0007037297677692234,-0.006333567909922677,False,CGCAM
0.0,0.0,0.0,0.0,-0.008468595624558817,False,CGCAM
0.0,0.0,0.0,-0.000711743772242146,0.0996441281138789,False,CGCAM
0.0,0.0,0.0,0.0,-0.006238303181534732,True,CGCAM
0.0,0.0,0.0,0.0,-0.004380475594493172,False,CGCAM
0.0,0.0,0.0,-0.001242236024844967,0.02795031055900621,False,CGCAM
0.0,0.0,0.0,0.0,0.0930930930930931,False,CGCAM
0.0,0.0,0.0,0.0005333333333334966,-0.06720000000000004,True,CGCAM
0.0,0.0,0.0,0.0005714285714286671,0.01200000000000001,False,CGCAM
0.0,0.0,0.0,-0.001680672268907668,0.04537815126050404,False,CGCAM
0.0,0.0,0.0,-0.0031595576619272148,-0.025803054239073142,False,CGCAM
0.0,0.0,0.0,0.0,0.017837837837837656,False,CGCAM
0.0,0.0,0.0,0.0,0.0248152059134108,False,CGCAM
0.0,0.0,0.0,0.0,0.06224489795918364,False,CGCAM
0.0,0.0,0.0,0.00047984644913645624,0.05230326295585419,False,CGCAM
0.0,0.0,0.0,-0.0009013068949976777,0.029743127534925584,False,CGCAM
0.0,0.0,0.0,0.0,-0.003481288076588429,False,CGCAM
0.0,0.0,0.0,0.0004366812227074579,-0.034934497816593746,False,CGCAM
0.0,0.0,0.0,0.0,-0.02488687782805432,False,CGCAM
0.0,0.0,0.0,0.0,0.0241411327762302,False,CGCAM
0.0,0.0,0.0,0.000453103760761131,-0.0018124150430448571,False,CGCAM
0.0,0.0,0.0,0.0,0.05145413870246074,False,CGCAM
0.0,0.0,0.0,-0.0004260758414996735,0.0225820195994888,False,CGCAM
0.0,0.0,0.0,-0.0004163197335552704,-0.08534554537885097,False,CGCAM
0.0,0.0,0.0,0.0,-0.06551410373066435,False,CGCAM
0.0,0.0,0.0,0.0014598540145984717,0.01119221411192206,False,CGCAM
0.0,0.0,0.0,-0.00047755491881573686,0.034383954154727725,False,CGCAM
0.0,0.0,0.0,0.0004614674665435192,-0.0009229349330873715,False,CGCAM
0.0,0.0,0.0,0.0,0.0,False,CGCAM
0.0,0.0,0.0,0.0,-0.004716981132075415,False,CGCAM
0.0,0.0,0.0,0.0004719207173193851,-0.10382255781028804,False,CGCAM
0.0,0.0,0.0,0.0,0.0005246589716685346,False,CGCAM
0.0,0.0,0.0,0.0,-0.01989528795811535,False,CGCAM
0.0,0.0,0.0,0.002144772117962601,0.06005361930294906,False,CGCAM
0.0,0.0,0.0,0.0,0.044399596367305616,False,CGCAM
0.0,0.0,0.0,0.0004830917874396601,-0.006763285024154575,False,CGCAM
0.0,0.0,0.0,0.0,-0.006782945736434121,False,CGCAM
0.0,0.0,0.0,0.0009732360097323145,-0.01557177615571781,False,CGCAM
0.0,0.0,0.0,0.0,0.03709126403123486,False,CGCAM
0.0,0.0,0.0,0.0,-0.012380952380952492,False,CGCAM
0.0,0.0,0.0,0.0,0.010110736639383777,False,CGCAM
0.0,0.0,0.0,0.00047528517110273505,-0.020437262357414387,False,CGCAM
0.0,0.0,0.0,0.0,-0.028141678796700598,False,CGCAM
0.0,0.0,0.0,0.0,-0.027707808564231717,True,CGCAM
0.0,0.0,0.0,0.0020714655618851996,-0.008285862247540132,False,CGCAM
0.0,0.0,0.0,0.0,0.001052631578947416,False,CGCAM
0.0,0.0,0.0,0.0,-0.026771653543307128,False,CGCAM
0.0,0.0,0.0,0.0070043103448276245,-0.0070043103448275135,False,CGCAM
0.0,0.0,0.0,0.0016207455429495532,-0.0410588870880606,False,CGCAM
0.0,0.0,0.0,0.0,0.023877202956225307,True,CGCAM
0.0,0.0,0.0,0.0011049723756906271,-0.005524861878453136,False,CGCAM
0.0,0.0,0.0,0.0005555555555556424,-0.028888888888888853,True,CGCAM
0.0,0.0,0.0,0.0,-0.00909607731665718,False,CGCAM
0.0,0.0,0.0,0.002934272300469498,-0.017018779342723,True,CGCAM
0.0,0.0,0.0,0.0005959475566148509,-0.02443384982121577,False,CGCAM
0.0,0.0,0.0,0.0,0.006670709520921969,False,CGCAM
0.0,0.0,0.0,0.000601322910402935,0.004209260372820323,False,CGCAM
0.0,0.0,0.0,0.0,-0.040167865707433914,False,CGCAM
0.0,0.0,0.0,0.0,0.029629629629629672,False,CGCAM
0.0,0.0,0.0,0.0,-0.01978417266187038,False,CGCAM
0.0,0.0,0.0,0.0,0.07439024390243909,False,CGCAM
0.0,0.0,0.0,-0.0005681818181818565,-0.04602272727272738,False,CGCAM
0.0,0.0,0.0,0.001186943620178127,0.016023738872403603,False,CGCAM
0.0,0.0,0.0,0.0005841121495326895,-0.016939252336448773,False,CGCAM
0.007692307692307887,-0.008284023668638896,-0.008284023668638896,-0.008875739644970349,-0.01834319526627215,True,CGCAM
0.0,0.0,0.0,0.0006016847172081174,0.07400722021660644,False,CGCAM
0.0,0.0,0.0,0.0011191941801902416,-0.005036373810856198,False,CGCAM
0.0,0.0,0.0,0.0005605381165920686,0.06894618834080712,False,CGCAM
0.0,0.0,0.0,-0.00104438642297644,0.003133159268929653,False,CGCAM
0.0,0.0,0.0,0.0031168831168830735,-0.019740259740259725,False,CGCAM
0.0,0.0,0.0,0.0010582010582012025,-0.0354497354497354,False,CGCAM
0.0,0.0,0.0,0.0005473453749316182,-0.026272577996716007,False,CGCAM
0.0,0.0,0.0,0.0011254924029262536,-0.021384355655599263,False,CGCAM
0.0,0.0,0.0,0.0005714285714286671,0.02857142857142847,False,CGCAM
0.0,0.0,0.0,0.0,0.019988895058300926,False,CGCAM
0.0,0.0,0.0,0.0,-0.02972972972972976,False,CGCAM
0.0,0.0,0.0,0.0,-0.036414565826330625,False,CGCAM
0.0,0.0,0.0,0.0005780346820807303,-0.0028901734104046506,False,CGCAM
0.0,0.0,0.0,0.0,0.07052023121387285,False,CGCAM
0.0,0.0,0.0,-0.0005434782608694233,-0.040760869565217406,False,CGCAM
0.0,0.0,0.0,0.0,-0.028153153153153143,False,CGCAM
0.0,0.0,0.0,0.0,-0.015634047481181246,False,CGCAM
0.0,0.0,0.0,0.0,0.001762632197414904,False,CGCAM
0.0,0.0,0.0,0.0011716461628588082,-0.007615700058582253,False,CGCAM
0.0,0.0,0.0,-0.0005917159763312307,-0.0005917159763312307,False,CGCAM
0.0,0.0,0.0,0.0,-0.030106257378984758,False,CGCAM
0.0,0.0,0.0,0.0,0.09494826536822876,False,CGCAM
0.0,0.0,0.0,-0.0005555555555556424,0.05555555555555558,True,CGCAM
0.0,0.0,0.0,0.0,0.010000000000000009,False,CGCAM
0.0,0.0,0.0,0.0,-0.05882352941176483,False,CGCAM
0.0,0.0,0.0,0.0,-0.04475982532751088,False,CGCAM
0.0,0.0,0.0,0.0,0.0005724098454493731,False,CGCAM
0.0,0.0,0.0,0.0,-0.03942857142857148,False,CGCAM
0.0,0.0,0.0,-0.0005931198102014923,-0.008896797153024827,False,CGCAM
0.0,0.0,0.0,0.000597728631201333,-0.010161386730424438,False,CGCAM
0.0,0.0,0.0,0.0006038647342996306,0.01449275362318847,False,CGCAM
0.0,0.0,0.0,0.0017857142857140573,-0.010714285714285676,False,CGCAM
0.0,0.0,0.0,-0.0029850746268657025,-0.005970149253731405,False,CGCAM
0.0,0.0,0.0,0.0,0.00960960960960966,False,CGCAM
0.0,0.0,0.0,0.0011890606420927874,-0.014863258026159287,False,CGCAM
0.0,0.0,0.0,0.002414001207000638,0.010863005431502648,False,CGCAM
0.0,0.0,0.0,-0.001187648456057011,-0.012470308788598672,False,CGCAM
0.0,0.0,0.0,0.0012019230769231282,-0.030649038461538547,False,CGCAM
0.0,0.0,0.0,0.0006211180124222615,0.006211180124223503,False,CGCAM
0.0,0.0,0.0,0.0012345679012344402,-0.00987654320987652,False,CGCAM
0.0,0.0,0.0,0.0012461059190029822,0.03800623052959495,False,CGCAM
0.0,0.0,0.0,0.0006009615384614531,0.036658653846153744,False,CGCAM
0.0,0.0,0.0,0.0005740528128586053,-0.02812858783008043,False,CGCAM
0.0,0.0,0.0,0.0,0.05235294117647071,False,CGCAM
0.0,0.0,0.0,0.0005599104143338973,0.01903695408734607,False,CGCAM
0.0,0.0,0.0,0.0027472527472527375,-0.03791208791208778,False,CGCAM
0.0,0.0,0.0,0.0005714285714286671,0.010857142857142899,False,CGCAM
0.0,0.0,0.0,0.0,0.007323943661971866,False,CGCAM
0.0,0.0,0.0,-0.0005567928730513261,-0.027839643652561197,False,CGCAM
0.0,0.0,0.0,0.0,-0.04462242562929064,False,CGCAM
0.0,0.0,0.0,0.0005980861244019309,0.020933014354067137,False,CGCAM
0.0,0.0,0.0,0.0017543859649120641,-0.002339181286549863,False,CGCAM
0.0,0.0,0.0,-0.0005861664712777381,0.007620164126612039,False,CGCAM
0.0,0.0,0.0,0.0005817335660267542,-0.011052937754508552,False,CGCAM
0.0,0.0,0.0,0.0,0.012418687167356612,False,CGCAM
0.0,0.0,0.0,0.0005830903790089437,0.005247813411078717,False,CGCAM
0.0,0.0,0.0,-0.001721170395869276,0.004016064257028162,False,CGCAM
0.0,0.0,0.0,-0.001700680272108901,0.0,False,CGCAM
0.0,0.0,0.0,0.0005675368898976352,0.02497162315550505,False,CGCAM
0.0,0.0,0.0,0.0005524861878452025,0.034254143646408775,False,CGCAM
0.0,0.0,0.0,0.0005330490405115462,0.05970149253731338,False,CGCAM
0.0,0.0,0.0,0.000500000000000167,0.02849999999999997,False,CGCAM
0.0,0.0,0.0,0.0,-0.02843373493975898,True,CGCAM
0.0,0.0,0.0,0.0,-0.010484273589615567,False,CGCAM
0.0,0.0,0.0,0.0,0.01449275362318847,False,CGCAM
0.0,0.0,0.0,0.0,0.04422604422604426,False,CGCAM
0.0,0.0,0.0,0.0,-0.02619047619047621,False,CGCAM
0.0,0.0,0.0,0.0009737098344693162,-0.01606621226874383,False,CGCAM
0.0,0.0,0.0,0.0004875670404680399,0.0034129692832762792,False,CGCAM
0.0,0.0,0.0,-0.00048780487804889194,-0.035121951219512115,False,CGCAM
0.0,0.0,0.0,-0.0005063291139241199,-0.06075949367088607,False,CGCAM
0.0,0.0,0.0,0.000539083557951292,0.05229110512129376,False,CGCAM
0.0,0.0,0.0,0.0,-0.011230219499744676,False,CGCAM
0.0,0.0,0.0,-0.0005146680391147074,-0.02264539372105001,False,CGCAM
0.0,0.0,0.0,0.0005192107995846129,0.005711318795430964,False,CGCAM
0.0,0.0,0.0,0.0005162622612286949,-0.011874032008260205,False,CGCAM
0.0,0.0,0.0,0.0005192107995846129,0.012461059190031154,False,CGCAM
0.0,0.0,0.0,-0.002031488065007747,-0.023362112747587704,False,CGCAM
0.0,0.0,0.0,0.0005128205128206442,-0.026153846153846194,False,CGCAM
0.0,0.0,0.0,0.000526315789473708,-0.06842105263157894,False,CGCAM
0.0,0.0,0.0,0.0028169014084507005,0.015774647887323967,False,CGCAM
0.0,0.0,0.0,0.0,0.0010893246187364536,False,CGCAM
0.0,0.0,0.0,0.0005449591280652921,0.004904632152588517,False,CGCAM
0.0,0.0,0.0,0.0005417118093173912,-0.04062838569880822,False,CGCAM
0.0,0.0,0.0,-0.0022484541877458852,0.03597526700393483,False,CGCAM
0.0,0.0,0.0,0.0,0.022234273318872066,False,CGCAM
0.0,0.0,0.0,0.0,0.10328638497652598,True,CGCAM
0.0,0.0,0.0,0.0015267175572519776,-0.07786259541984719,False,CGCAM
0.0,0.0,0.0,0.0016429353778750766,0.005476451259583737,False,CGCAM
0.0,0.0,0.0,0.0010840108401084514,0.003252032520325354,False,CGCAM
0.0,0.0,0.0,0.0,-0.03279569892473133,False,CGCAM
0.0,0.0,0.0,0.0005558643690939391,0.021122846025569908,False,CGCAM
0.0,0.0,0.0,0.0,0.005353319057815886,False,CGCAM
0.0,0.0,0.0,-0.0010655301012253426,-0.01491742141715513,False,CGCAM
0.0,0.0,0.0,0.0,-0.003783783783783745,False,CGCAM
0.0,0.0,0.0,-0.0005434782608694233,-0.029891304347825942,False,CGCAM
0.0,0.0,0.0,0.0005571030640669772,0.012256267409470833,False,CGCAM
0.0,0.0,0.0,0.006589785831960349,0.02690829214717172,False,CGCAM
0.0,0.0,0.0,0.0005330490405115462,-0.03997867803837951,False,CGCAM
0.013498312710910954,0.0,0.013498312710910954,0.014060742407199012,0.011811023622047001,True,CGCAM
0.0,0.0,0.0,0.0,0.00893854748603351,False,CGCAM
0.0,0.0,0.0,-0.0005537098560353115,-0.02048726467331108,False,CGCAM
0.0,0.0,0.0,0.0,-0.006726457399103158,False,CGCAM
0.0,0.0,0.0,0.0,0.014656144306651742,False,CGCAM
0.0,0.0,0.0,0.0,-0.019369120088544634,False,CGCAM
0.0,0.0,0.0,0.0,-0.0011217049915871469,False,CGCAM
0.0,0.0,0.0,0.003351955307262733,0.01173184357541901,False,CGCAM
0.0,0.0,0.0,0.0016438356164383272,-0.0016438356164384382,False,CGCAM
0.0,0.0,0.0,0.0,-0.014309301045679734,False,CGCAM
0.0,0.0,0.0,0.0,-0.0044543429844099425,False,CGCAM
0.0,0.0,0.0,0.0005571030640669772,0.012813370473537589,False,CGCAM
0.0,0.0,0.0,0.0,-0.03581267217630846,False,CGCAM
0.0,0.0,0.0,0.0,0.012215435868961677,True,CGCAM
0.0,0.0,0.0,0.0,-0.009873834339001575,False,CGCAM
0.0,0.0,0.0,0.0,0.04696132596685065,False,CGCAM
0.0,0.0,0.0,-0.0005333333333333856,-0.027200000000000113,False,CGCAM
0.0,0.0,0.0,0.0005396654074472096,0.08256880733944949,True,CGCAM
0.0,0.0,0.0,0.0,-0.04461687681862281,True,CGCAM
0.0,0.0,0.0,-0.0010152284263958977,0.03756345177664988,False,CGCAM
0.0,0.0,0.0,0.002958579881656709,0.03944773175542382,False,CGCAM
0.0,0.0,0.0,-0.001927710843373398,0.030843373493975923,False,CGCAM
0.0,0.0,0.0,0.0,-0.05904230590423076,False,CGCAM
0.0,0.0,0.0,0.0,0.018208661417322913,False,CGCAM
0.0,0.0,0.0,0.0,-0.004833252779120389,False,CGCAM
0.0,0.0,0.0,0.0004761904761905189,0.039047619047619,False,CGCAM
0.0,0.0,0.0,0.0,-0.03027522935779814,False,CGCAM
0.0,0.0,0.0,0.0,-0.028855250709555302,False,CGCAM
0.0,0.0,0.0,0.00048709206039920794,-0.011690209449586098,False,CGCAM
0.0,0.0,0.0,0.0,0.0169915042478761,False,CGCAM
0.0,0.0,0.0,0.0,0.03639940973930167,False,CGCAM
0.0,0.0,0.0,-0.0018700327255726235,-0.0042075736325385416,False,CGCAM
0.0,0.0,0.0,-0.0037365716954694816,-0.012610929472209209,False,CGCAM
0.0,0.0,0.0,0.0,0.05960264900662238,False,CGCAM
0.0,0.0,0.0,-0.0004476275738586333,0.0071620411817368,False,CGCAM
0.0,0.0,0.0,0.0,0.0035320088300221375,False,CGCAM
0.0,0.0,0.0,-0.0073913043478262,-0.07608695652173914,False,CGCAM
0.0,0.0,0.0,0.0004659832246038942,0.008853681267474212,False,CGCAM
0.0,0.0,0.0,-0.00045913682277320955,-0.05417814508723595,False,CGCAM
0.0,0.0,0.0,0.00048543689320368344,0.027184466019417375,False,CGCAM
0.0,0.0,0.0,0.0,-0.04962192816635169,False,CGCAM
0.0,0.0,0.0,-0.0009955201592831697,-0.09158785465405672,False,CGCAM
0.0,0.0,0.0,-0.0038419319429199295,0.06695938529088918,True,CGCAM
0.0,0.0,0.0,0.000506329113924231,0.032911392405063244,False,CGCAM
0.008742107819329714,-0.01651287032540072,-0.00048567265662946557,-0.0014570179698883967,-0.005342399222923677,True,CGCAM
0.0,0.0,0.0,0.0,-0.007232401157184154,False,CGCAM
0.0,0.0,0.0,0.0,0.07809523809523822,False,CGCAM
0.0,0.0,0.0,0.0012925463162429818,-0.06376561826798799,True,CGCAM
0.0,0.0,0.0,0.00043478260869567187,0.03913043478260869,True,CGCAM
0.0,0.0,0.0,0.00041220115416318315,0.08305853256389106,False,CGCAM
0.0022222222222221255,-0.02777777777777779,-0.01388888888888884,0.007777777777777883,0.007777777777777883,False,KLRHO
0.0,0.0,0.0,0.0,-0.044101433296582226,False,KLRHO
0.0,0.0,0.0,-0.0005685048322912056,0.0,False,KLRHO
0.0,0.0,0.0,-0.006197183098591519,-0.022535211267605604,False,KLRHO
0.0,0.0,0.0,-0.0023134759976864983,-0.042220936957779065,False,KLRHO
0.0,0.0,0.0,0.0,-0.022673031026253176,False,KLRHO
0.0,0.0,0.0,-0.001828153564899515,-0.012797074954296161,False,KLRHO
0.0,0.0,0.0,-0.010982306284319732,0.0018303843807199183,False,KLRHO
0.0,0.0,0.0,0.0,-0.0030030030030028243,False,KLRHO
0.0,0.0,0.0,0.0,0.0367469879518072,False,KLRHO
0.0,0.0,0.0,0.006972690296339179,0.0023242300987798004,False,KLRHO
0.0,0.0,0.0,0.0005797101449276365,0.004637681159420204,False,KLRHO
0.0,0.0,0.0,0.0,0.0017311021350261413,False,KLRHO
0.0,0.0,0.0,0.0,-0.03503733486502003,False,KLRHO
0.0,0.0,0.0,0.0,-0.0065632458233891855,False,KLRHO
0.0,0.0,0.0,0.0,0.0,True,KLRHO
0.0,0.0,0.0,-0.0011634671320535084,0.024432809773123898,False,KLRHO
0.0,0.0,0.0,0.0005714285714286671,0.04571428571428582,False,KLRHO
0.0,0.0,0.0,0.0,-0.015275504637206616,False,KLRHO
0.0,0.0,0.0,0.007843137254901711,-0.0056022408963586345,False,KLRHO
0.0,0.0,0.0,0.0,-0.09162895927601811,False,KLRHO
0.0,0.0,0.0,0.0006226650062266526,0.005603985056039873,True,KLRHO
0.0,0.0,0.0,0.0012269938650306678,-0.012883435582822123,False,KLRHO
0.0,0.0,0.0,0.007458048477315238,0.0006215040397763438,False,KLRHO
0.0,0.0,0.0,0.0,-0.009369144284822162,False,KLRHO
0.0,0.0,0.0,0.007566204287515754,0.011979823455233296,False,KLRHO
0.0,0.0,0.0,0.006853582554517068,0.011838006230529441,False,KLRHO
0.0,0.0,0.0,0.001875000000000071,0.015625,False,KLRHO
0.0,0.0,0.0,0.0,0.024848484848484897,False,KLRHO
0.0,0.0,0.0,0.0,0.0053222945002957545,False,KLRHO
0.0,0.0,0.0,0.0017720023626699444,-0.010632014176018889,False,KLRHO
0.0,0.0,0.0,0.002402402402402526,0.026426426426426453,False,KLRHO
0.0,0.0,0.0,0.0,0.0076067875950847075,False,KLRHO
0.0,0.0,0.0,0.006387921022067422,-0.017421602787456303,False,KLRHO
0.0,0.0,0.0,-0.0029325513196480912,0.007624633431084993,False,KLRHO
0.0,0.0,0.0,-0.004039238315060367,-0.002308136180034559,False,KLRHO
0.0,0.0,0.0,-0.007977207977208023,-0.010826210826210936,False,KLRHO
0.0,0.0,0.0,0.003454231433505983,0.0005757052389174788,False,KLRHO
0.0,0.0,0.0,0.0,-0.011318619128466434,False,KLRHO
0.0,0.0,0.0,0.0,-0.005714285714285783,False,KLRHO
0.0,0.0,0.0,0.0,-0.039080459770114984,False,KLRHO
0.0,0.0,0.0,-0.0005988023952094856,-0.0059880239520956335,False,KLRHO
0.0,0.0,0.0,-0.0018416206261508972,-0.0024554941682013443,False,KLRHO
0.0,0.0,0.0,0.0,-0.0012269938650306678,False,KLRHO
0.0,0.0,0.0,0.0,-0.011670761670761753,False,KLRHO
0.0,0.0,0.0,0.0,0.037354562155542226,False,KLRHO
0.0,0.0,0.0,-0.0005913660555885158,-0.015375517445298748,False,KLRHO
0.0,0.0,0.0,0.0,0.03805364940736111,False,KLRHO
0.0,0.0,0.0,-0.0006013229104027129,0.0018039687312088049,True,KLRHO
0.0,0.0,0.0,0.0,0.010746268656716351,False,KLRHO
0.0,0.0,0.0,0.01256732495511681,-0.008976660682226356,False,KLRHO
0.0,0.0,0.0,0.0,0.013253012048192625,False,KLRHO
0.0,0.0,0.0,0.0,-0.08453038674033153,True,KLRHO
0.0,0.0,0.0,-0.01824602707474976,-0.047675103001765695,False,KLRHO
0.0,0.0,0.0,0.0,-0.0037105751391467434,False,KLRHO
0.0,0.0,0.0,0.0,-0.005576208178438624,False,KLRHO
0.0,0.0,0.0,-0.0018587360594796154,-0.024783147459727428,True,KLRHO
0.0,0.0,0.0,-0.001260239445494582,0.000630119722747402,False,KLRHO
0.0,0.0,0.0,0.006926952141057985,-0.013224181360201537,False,KLRHO
0.0,0.0,0.0,-0.0012763241863432695,-0.004467134652201721,False,KLRHO
0.0,0.0,0.0,0.0,0.028205128205128105,False,KLRHO
0.0,0.0,0.0,0.0,-0.03666873834679929,False,KLRHO
0.0,0.0,0.0,0.0,-0.03925353925353925,False,KLRHO
0.0,0.0,0.0,-0.004002668445630464,0.014009339559706513,False,KLRHO
0.0,0.0,0.0,-0.006531678641410799,-0.00849118223383416,False,KLRHO
0.0,0.0,0.0,0.0,0.058940397350993434,False,KLRHO
0.0,0.0,0.0,0.0,-0.005015673981191182,False,KLRHO
0.0,0.0,0.0,-0.0025236593059936308,-0.02208201892744477,False,KLRHO
0.0,0.0,0.0,-0.005171299288946329,0.0019392372333548735,False,KLRHO
0.0,0.0,0.0,0.0,-0.021290322580645116,False,KLRHO
0.0,0.0,0.0,0.0,-0.00649350649350644,False,KLRHO
0.0,0.0,0.0,0.0,-0.016993464052287632,False,KLRHO
0.0,0.0,0.0,-0.0006648936170212671,0.007978723404255428,False,KLRHO
0.0,0.0,0.0,0.0006540222367561466,-0.061478090255068674,False,KLRHO
0.0,0.0,0.0,0.0,0.013937282229965264,False,KLRHO
0.0,0.0,0.0,0.0006896551724138167,0.016551724137931156,False,KLRHO
0.0,0.0,0.0,0.0,-0.023066485753052923,False,KLRHO
0.0,0.0,0.0,-0.0047814207650273,0.04849726775956276,False,KLRHO
0.0,0.0,0.0,-0.001935483870967647,-0.003870967741935516,True,KLRHO
0.0,0.0,0.0,0.0,0.001954397394136942,False,KLRHO
0.0,0.0,0.0,-0.0013003901170351995,-0.06306892067620284,False,KLRHO
0.0,0.0,0.0,0.0013821700069107656,0.006910850034554272,False,KLRHO
0.0,0.0,0.0,0.0006863417982154729,-0.0006863417982154729,False,KLRHO
0.0,0.0,0.0,0.0,-0.019178082191780743,False,KLRHO
0.0,0.0,0.0,-0.006232686980609414,0.011080332409972415,False,KLRHO
0.0,0.0,0.0,-0.002060439560439664,0.003434065934065922,False,KLRHO
0.0,0.0,0.0,0.00958247775496246,0.0232717316906228,False,KLRHO
0.0,0.0,0.0,0.0,-0.017670157068062853,False,KLRHO
0.0,0.0,0.0,-0.01666666666666672,-0.014666666666666717,False,KLRHO
0.0,0.0,0.0,0.029329608938547524,0.006983240223463749,False,KLRHO
0.0,0.0,0.0,0.013860013860014009,0.008316008316008316,False,KLRHO
0.0,0.0,0.0,0.0,-0.05204944697462588,False,KLRHO
0.0,0.0,0.0,0.002053388090349051,-0.021902806297056876,False,KLRHO
0.0,0.0,0.0,0.00918079096045199,-0.008474576271186529,False,KLRHO
0.0,0.0,0.0,-0.0007087172218285254,-0.005669737774627981,False,KLRHO
0.0,0.0,0.0,0.0007127583749109156,-0.03563791874554523,False,KLRHO
0.0,0.0,0.0,0.0,-0.051736881005173596,False,KLRHO
0.0,0.0,0.0,0.0,0.016603773584905612,False,KLRHO
0.0,0.0,0.0,0.011269722013523609,0.026296018031555235,False,KLRHO
0.0,0.0,0.0,0.014232209737827572,0.030711610486891416,False,KLRHO
0.0,0.0,0.0,0.010174418604651292,-0.02761627906976738,False,KLRHO
0.0,0.0,0.0,-0.009601181683899451,-0.033973412112259904,False,KLRHO
0.0,0.0,0.0,-0.0030120481927710108,-0.013554216867469826,False,KLRHO
0.0,0.0,0.0,0.006106870229007688,-0.04503816793893134,False,KLRHO
0.0,0.0,0.0,-0.0007880220646178104,0.004728132387706863,False,KLRHO
0.0,0.0,0.0,0.0007843137254901489,0.0015686274509802978,False,KLRHO
0.0,0.0,0.0,-0.002358490566037874,0.021226415094339535,False,KLRHO
0.0,0.0,0.0,0.0007698229407235857,0.05773672055427248,False,KLRHO
0.0,0.0,0.0,0.0,0.05676855895196509,True,KLRHO
0.0,0.0,0.0,0.0,0.10069444444444442,False,KLRHO
0.0,0.0,0.0,0.0037453183520599342,-0.05742821473158555,True,KLRHO
0.0,0.0,0.0,0.0006644518272425071,-0.03654485049833889,False,KLRHO
0.0,0.0,0.0,0.0,0.0435684647302903,False,KLRHO
0.0,0.0,0.0,0.0,-0.001958224543081033,False,KLRHO
0.0,0.0,0.0,-0.0006476683937823857,-0.032383419689119175,False,KLRHO
0.0,0.0,0.0,0.0026773761713521083,-0.01807228915662651,False,KLRHO
0.0,0.0,0.0,0.001387925052047212,-0.007633587786259555,False,KLRHO
0.0,0.0,0.0,0.0006993006993005757,-0.009790209790209836,False,KLRHO
0.0,0.0,0.0,0.0,-0.0021186440677966045,False,KLRHO
0.0,0.0,0.0,0.0,0.012031139419674375,False,KLRHO
0.0,0.0,0.0,0.002096436058700135,-0.002795248078267032,False,KLRHO
0.0,0.0,0.0,0.006993006993006867,-0.004195804195804231,False,KLRHO
0.0,0.0,0.0,0.006988120195667413,-0.05310971348707194,False,KLRHO
0.0,0.0,0.0,0.0036900369003689537,0.0782287822878227,False,KLRHO
0.0,0.0,0.0,-0.0006839945280437965,0.006155950752394057,False,KLRHO
0.0,0.0,0.0,0.0,0.00540540540540535,False,KLRHO
0.0,0.0,0.0,0.0,-0.00747790618626798,False,KLRHO
0.0,0.0,0.0,0.0,-0.03071672354948818,False,KLRHO
0.0,0.0,0.0,-0.005586592178770999,0.0160614525139664,False,KLRHO
0.0,0.0,0.0,0.0,0.008849557522123908,False,KLRHO
0.0,0.0,0.0,-0.0006734006734006037,-0.023569023569023573,False,KLRHO
0.0,0.0,0.0,-0.02474916387959858,-0.03076923076923066,False,KLRHO
0.0,0.0,0.0,0.0,0.0069013112491373985,False,KLRHO
0.0,0.0,0.0,0.0,-0.01308539944903575,False,KLRHO
0.0,0.0,0.0,0.0,0.0076655052264809065,False,KLRHO
0.0,0.0,0.0,0.006224066390041472,0.09958506224066377,False,KLRHO
0.0,0.0,0.0,-0.004863221884498392,-0.014589665653495398,True,KLRHO
0.0,0.0,0.0,-0.0006165228113439447,-0.024660912453760675,False,KLRHO
0.0,0.0,0.0,0.0,-0.020227560050568916,False,KLRHO
0.0,0.0,0.0,-0.000645161290322549,0.05548387096774188,False,KLRHO
0.0,0.0,0.0,0.0012150668286754485,0.08262454434993916,False,KLRHO
0.0,0.0,0.0,-0.0016872890888639525,0.057367829021372385,False,KLRHO
0.0,0.0,0.0,0.0,-0.04042553191489373,False,KLRHO
0.0,0.0,0.0,-0.006560962274466786,-0.021869874248222954,False,KLRHO
0.0,0.0,0.0,0.006775832862789155,-0.035573122529644396,False,KLRHO
0.0,0.0,0.0,0.0,-0.003512880562060783,False,KLRHO
0.0,0.0,0.0,0.01189060642092743,0.024375743162901253,False,KLRHO
0.0,0.0,0.0,0.008125362739408004,-0.025536854323853775,False,KLRHO
0.0,0.0,0.0,0.0,0.005955926146515855,False,KLRHO
0.0,0.0,0.0,0.0,-0.013633669235329049,False,KLRHO
0.0,0.0,0.0,0.0,-0.021634615384615308,False,KLRHO
0.0,0.0,0.0,0.0018404907975457796,0.010429447852760676,False,KLRHO
0.0,0.0,0.0,0.0,0.019405700424499628,False,KLRHO
0.0,0.0,0.0,0.009512485136742077,-0.03269916765755054,False,KLRHO
0.0,0.0,0.0,0.0036855036855036882,-0.006756756756756688,True,KLRHO
0.0,0.0,0.0,0.0,-0.032776747062461364,False,KLRHO
0.0,0.0,0.0,-0.003785488958990557,-0.03785488958990535,False,KLRHO
0.0,0.0,0.0,0.0,0.01308900523560208,False,KLRHO
0.0,0.0,0.0,0.009689922480620172,0.010335917312661591,False,KLRHO
0.0,0.0,0.0,0.0019181585677749968,-0.027493606138107363,False,KLRHO
0.0,0.0,0.0,0.0,-0.008414239482200547,False,KLRHO
0.0,0.0,0.0,-0.014147909967845651,-0.003215434083601365,False,KLRHO
0.0,0.0,0.0,0.0,-0.001290322580645098,False,KLRHO
0.0,0.0,0.0,0.0012919896640826156,0.006459948320413522,False,KLRHO
0.0,0.0,0.0,0.0,-0.018436109345200347,False,KLRHO
0.0,0.0,0.0,0.0,0.026710097719869763,True,KLRHO
0.0,0.0,0.0,-0.002549394518801762,-0.018483110261312885,False,KLRHO
0.0,0.0,0.0,0.001935483870967758,-0.003225806451612967,False,KLRHO
0.0,0.0,0.0,-0.0032383419689118176,-0.011658031088082832,False,KLRHO
0.0,0.0,0.0,0.007853403141361293,-0.008507853403141308,False,KLRHO
0.0,0.0,0.0,0.0,-0.017821782178217838,False,KLRHO
0.0,0.0,0.0,0.0006671114076051143,-0.036691127418278846,False,KLRHO
0.0,0.0,0.0,0.0,0.010409437890353868,False,KLRHO
0.0,0.0,0.0,0.0,0.0,False,KLRHO
0.0,0.0,0.0,0.0006954102920722072,-0.018080667593880495,False,KLRHO
0.0,0.0,0.0,0.0,0.01134751773049647,False,KLRHO
0.0,0.0,0.0,-0.00140350877192974,-0.022456140350877174,False,KLRHO
0.0,0.0,0.0,0.0,0.00933237616654714,False,KLRHO
0.0,0.0,0.0,0.002855103497501954,0.017130620985010614,False,KLRHO
0.0,0.0,0.0,0.004210526315789442,-0.01754385964912286,False,KLRHO
0.0,0.0,0.0,-0.0050000000000000044,-0.009285714285714342,False,KLRHO
0.0,0.0,0.0,-0.00642857142857145,-0.014285714285714235,False,KLRHO
0.0,0.0,0.0,-0.0007246376811594901,0.021739130434782483,False,KLRHO
0.0,0.0,0.0,-0.0021276595744680327,0.0035460992907800915,False,KLRHO
0.0,0.0,0.0,-0.004264392324093813,-0.003553660270078196,False,KLRHO
0.0,0.0,0.0,-0.0007132667617688604,-0.022824536376604865,False,KLRHO
0.0,0.0,0.0,0.0,-0.0036496350364962904,True,KLRHO
0.0,0.0,0.0,-0.004376367614879695,-0.010940919037199182,False,KLRHO
0.0,0.0,0.0,0.0,-0.04029304029304037,False,KLRHO
0.0,0.0,0.0,0.0030372057706911093,0.02809415337889143,False,KLRHO
0.0,0.0,0.0,-0.0022172949002217113,-0.031781226903178084,False,KLRHO
0.0,0.0,0.0,0.006144393241167334,0.05453149001536106,False,KLRHO
0.0,0.0,0.0,-0.0043827611395178545,-0.020452885317750136,False,KLRHO
0.0,0.0,0.0,0.0,0.0014925373134329067,False,KLRHO
0.0,0.0,0.0,-0.006646971935007406,-0.01107828655834553,False,KLRHO
0.0,0.0,0.0,0.0,-0.03468634686346872,False,KLRHO
0.0,0.0,0.0,-0.00907715582450841,0.00832072617246582,False,KLRHO
0.0,0.0,0.0,0.0052238805970148405,0.014179104477611837,False,KLRHO
0.0,0.0,0.0,0.0,0.01391941391941387,False,KLRHO
0.0,0.0,0.0,-0.005734767025089571,-0.02150537634408589,False,KLRHO
0.0,0.0,0.0,-0.0007407407407407085,-0.022222222222222254,False,KLRHO
0.0,0.0,0.0,0.003030303030303161,-0.002272727272727204,False,KLRHO
0.0,0.0,0.0,0.0,0.004555808656036442,False,KLRHO
0.0,0.0,0.0,0.0,-0.0022222222222221255,False,KLRHO
0.0,0.0,0.0,-0.0007457121551081025,0.026099925428784365,False,KLRHO
0.0,0.0,0.0,0.0021739130434781373,-0.01449275362318847,False,KLRHO
0.0,0.0,0.0,-0.0077821011673151474,-0.018677042801556465,False,KLRHO
0.0,0.0,0.0,-0.0015860428231562196,-0.008723235527359208,False,KLRHO
0.0,0.0,0.0,-0.0008103727714748876,-0.04538087520259326,False,KLRHO
0.0,0.0,0.0,0.0,0.03996524761077325,False,KLRHO
0.0,0.0,0.0,0.0,0.0,False,KLRHO
0.0,0.0,0.0,0.0,-0.02289452166802952,False,KLRHO
0.0,0.0,0.0,0.0,0.0024875621890547706,False,KLRHO
0.0,0.0,0.0,0.0008285004142500885,-0.0057995028997515075,False,KLRHO
0.0,0.0,0.0,0.004166666666666652,-0.005833333333333357,False,KLRHO
0.0,0.0,0.0,0.0025210084033613356,0.004201680672268893,False,KLRHO
0.0,0.0,0.0,0.0,-0.004149377593361092,False,KLRHO
0.0,0.0,0.0,0.004194630872483174,0.10738255033557031,False,KLRHO
0.0,0.0,0.0,0.0,-0.024531024531024515,True,KLRHO
0.0,0.0,0.0,-0.0036101083032490378,-0.01877256317689524,True,KLRHO
0.0,0.0,0.0,0.0,-0.03311735061195109,False,KLRHO
0.0,0.0,0.0,-0.0022471910112359383,0.08614232209737827,False,KLRHO
0.0,0.0,0.0,0.0,-0.034574468085106336,True,KLRHO
0.0,0.0,0.0,-0.003369272237196852,-0.030997304582210172,False,KLRHO
0.0,0.0,0.0,-0.004078857919782464,-0.03195105370496265,False,KLRHO
0.0,0.0,0.0,0.0,-0.004964539007092261,False,KLRHO
0.0,0.0,0.0,-0.007067137809187218,-0.03604240282685511,False,KLRHO
0.0,0.0,0.0,-0.017857142857142905,-0.03928571428571437,False,KLRHO
0.0,0.0,0.0,0.0014673514306675628,-0.0029347028613353476,False,KLRHO
0.0,0.0,0.0,-0.0007336757153338924,-0.011738811445341168,False,KLRHO
0.0,0.0,0.0,0.0,-0.0022205773501109416,False,KLRHO
0.0,0.0,0.0,0.0,-0.01777777777777778,False,KLRHO
0.0,0.0,0.0,-0.0015082956259426794,-0.005279034690799378,False,KLRHO
0.0,0.0,0.0,-0.0007581501137224889,-0.028809704321455576,False,KLRHO
0.0,0.0,0.0,0.0007812499999999556,0.02890624999999991,False,KLRHO
0.0,0.0,0.0,0.0,0.055596738324684924,True,KLRHO
0.0,0.0,0.0,0.002795248078266921,0.03424178895877006,False,KLRHO
0.0,0.0,0.0,0.0,-0.0635451505016722,False,KLRHO
0.0,0.0,0.0,0.0,-0.02972399150743099,False,KLRHO
0.0,0.0,0.0,0.0,0.114074074074074,False,KLRHO
0.0,0.0,0.0,-0.0006578947368420796,-0.06907894736842102,True,KLRHO
0.0,0.0,0.0,0.0,-0.021126760563380254,False,KLRHO
0.0,0.0,0.0,0.002153625269203152,0.09763101220387638,False,KLRHO
0.0,0.0,0.0,0.0,0.0,True,KLRHO
0.0,0.0,0.0,0.0,0.0,True,KLRHO
0.0,0.0,0.0,0.0,0.0,True,KLRHO
0.0,0.0,0.0,-0.005034324942791879,0.023340961098398116,True,KLRHO
0.0,0.0,0.0,0.0026833631484795006,0.09973166368515218,True,KLRHO
0.0,0.0,0.0,0.0,-0.04164981803477563,False,KLRHO
0.0,0.0,0.0,0.00042194092827019247,-0.04599156118143455,False,KLRHO
0.0,0.0,0.0,0.0,0.08224543080939961,False,KLRHO
0.0,0.0,0.0,0.0,0.005769230769230749,False,KLRHO
0.0,0.0,0.0,0.0,0.027884615384615508,False,KLRHO
0.0,0.0,0.0,0.0009090909090907484,0.019090909090909047,False,KLRHO
0.0,0.0,0.0,-0.0009082652134422275,0.03996366939146245,False,KLRHO
0.0,0.0,0.0,0.0,0.0786026200873362,False,KLRHO
0.0,0.0,0.0,0.0008064516129031585,0.08225806451612905,False,KLRHO
0.03502235469448589,-0.01341281669150507,0.0216095380029806,0.02086438152011927,0.0804769001490313,True,KLRHO
0.0,0.0,0.0,0.0006896551724138167,-0.03448275862068961,False,KLRHO
0.0,0.0,0.0,0.0028571428571428914,-0.06428571428571428,False,KLRHO
0.0,0.0,0.0,0.0015337423312882237,0.0007668711656441118,False,KLRHO
0.0,0.0,0.0,0.003987240829345984,0.05741626794258359,False,KLRHO
0.0,0.0,0.0,-0.0007462686567163423,-0.007462686567164201,False,KLRHO
0.0,0.0,0.0,0.0015037593984961184,-0.0052631578947367474,False,KLRHO
0.0,0.0,0.0,0.0,0.03300076745970815,False,KLRHO
0.0,0.0,0.0,0.0,-0.022140221402214055,False,KLRHO
0.0,0.0,0.0,0.0,0.04402985074626864,False,KLRHO
0.0,0.0,0.0,0.00366300366300365,0.09523809523809534,False,KLRHO
0.0,0.0,0.0,0.0,-0.062050947093402975,False,KLRHO
0.0,0.0,0.0,0.0,0.011707988980716344,False,KLRHO
0.0,0.0,0.0,0.000680735194009463,0.049693669162695686,False,KLRHO
0.0,0.0,0.0,0.0,-0.0012911555842479716,False,KLRHO
0.0,0.0,0.0,0.0,-0.09372979961215255,False,KLRHO
0.0,0.0,0.0,0.0021398002853068032,-0.012838801711840153,False,KLRHO
0.0,0.0,0.0,0.0007215007215006786,-0.005050505050504972,False,KLRHO
0.0,0.0,0.0,0.0,-0.026428571428571357,False,KLRHO
0.0,0.0,0.0,0.0014695077149156077,0.03526818515797214,False,KLRHO
0.0,0.0,0.0,0.0007183908045977905,-0.02298850574712641,False,KLRHO
0.0,0.0,0.0,0.0022042615723734116,0.006612784717119791,False,KLRHO
0.0,0.0,0.0,0.002865329512893977,-0.004297994269340966,False,KLRHO
0.0,0.0,0.0,0.0,-0.03884892086330938,False,KLRHO
0.0,0.0,0.0,0.0014925373134326847,0.023880597014925398,False,KLRHO
0.0,0.0,0.0,0.0,0.02685050798258337,False,KLRHO
0.0,0.0,0.0,0.0,-0.023321554770318054,False,KLRHO
0.0,0.0,0.0,-0.000710732054015617,-0.009239516702203132,False,KLRHO
0.0,0.0,0.0,0.011477761836441891,0.00789096126255373,False,KLRHO
0.0,0.0,0.0,0.023454157782516027,-0.022032693674484682,False,KLRHO
0.0,0.0,0.0,0.005797101449275477,-0.005797101449275477,False,KLRHO
0.0,0.0,0.0,0.0,-0.06963388370423562,False,KLRHO
0.0,0.0,0.0,0.0,0.0,True,KLRHO
0.0,0.0,0.0,0.00996932515337412,-0.0253067484662578,False,KLRHO
0.0,0.0,0.0,0.0,0.0658823529411765,True,KLRHO
0.0,0.0,0.0,-0.0007352941176470562,-0.01544117647058818,True,KLRHO
0.0,0.0,0.0,0.0007468259895444529,-0.04406273338312172,False,KLRHO
0.0,0.0,0.0,0.014040561622465031,-0.029641185647425794,False,KLRHO
0.0,0.0,0.0,0.010450160771704242,-0.00562700964630225,False,KLRHO
0.0,0.0,0.0,0.001607717041800516,0.09324758842443726,False,KLRHO
0.0,0.0,0.0,0.0007204610951008217,-0.0439481268011529,False,KLRHO
0.0,0.0,0.0,0.0,-0.0014925373134327957,False,KLRHO
0.0,0.0,0.0,0.0,-0.05305821665438459,False,KLRHO
0.0,0.0,0.0,0.0,-0.03325599381283839,False,KLRHO
0.0,0.0,0.0,0.0007999999999999119,0.0047999999999999154,False,KLRHO
0.0,0.0,0.0,-0.0007911392405064444,0.020569620253164445,False,KLRHO
0.0,0.0,0.0,0.007751937984496138,0.020930232558139528,False,KLRHO
0.0,0.0,0.0,0.0,-0.059822747415066546,False,KLRHO
0.0,0.0,0.0,0.0,0.021428571428571352,False,KLRHO
0.0,0.0,0.0,0.0,-0.020454545454545392,False,KLRHO
0.0,0.0,0.0,0.0,0.07424593967517401,False,KLRHO
0.0,0.0,0.0,0.0,-0.08670520231213874,True,KLRHO
0.0,0.0,0.0,0.008668242710795804,0.012608353033884967,False,KLRHO
0.0,0.0,0.0,0.0038910505836575737,-0.010116731517509692,True,KLRHO
0.0,0.0,0.0,0.0,0.029930928626247022,False,KLRHO
0.0,0.0,0.0,0.0,0.0007440476190476719,True,KLRHO
0.0,0.0,0.0,-0.0007434944237917351,-0.046840148698884865,False,KLRHO
0.0,0.0,0.0,0.024902723735408472,-0.0015564202334629185,False,KLRHO
0.0,0.0,0.0,-0.0007627765064835978,-0.020594965675057142,False,KLRHO
0.0,0.0,0.0,-0.03232916972814115,-0.0462894930198382,True,KLRHO
0.0,0.0,0.0,-0.0015408320493067729,-0.013867488443759735,False,KLRHO
0.0,0.0,0.0,0.0,0.05312500000000009,False,KLRHO
0.0,0.0,0.0,0.0014792899408284654,0.0014792899408284654,False,KLRHO
0.0,0.0,0.0,-0.002178649237472685,-0.03631082062454616,False,KLRHO
0.0,0.0,0.0,0.0015186028853455547,-0.03189066059225509,False,KLRHO
0.0,0.0,0.0,0.0029850746268658135,0.04626865671641789,True,KLRHO
0.0,0.0,0.0,0.0,0.06344827586206891,False,KLRHO
0.0,0.0,0.0,0.0,0.0,False,KLRHO
0.0,0.0,0.0,0.0,0.0,False,KLRHO
0.0,0.0,0.0,0.0,0.0,False,KLRHO
0.0,0.0,0.0,0.0,0.08365384615384608,False,KLRHO
0.0,0.0,0.0,0.0,0.035454545454545405,False,KLRHO
0.0,0.0,0.0,-0.006044905008635637,-0.002590673575129543,False,KLRHO
0.0,0.0,0.0,0.006926406926407003,0.008658008658008587,False,KLRHO
0.0,0.0,0.0,0.0,0.031623931623931734,False,KLRHO
0.0,0.0,0.0,0.0008196721311475308,-0.0901639344262295,False,KLRHO
0.0,0.0,0.0,0.0,0.0018018018018017834,False,KLRHO
0.0,0.0,0.0,0.0,-0.0017985611510791255,False,KLRHO
0.0,0.0,0.0,0.0,0.045535714285714235,False,KLRHO
0.0,0.0,0.0,0.000853970964987294,0.0,False,KLRHO
0.0,0.0,0.0,0.0,0.005977796754910392,False,KLRHO
0.0,0.0,0.0,0.0,0.02716468590831922,False,KLRHO
0.0,0.0,0.0,-0.0008264462809917106,-0.0016528925619835322,False,KLRHO
0.0,0.0,0.0,0.003372681281618828,0.03288364249578413,False,KLRHO
0.0,0.0,0.0,-0.004081632653061273,0.04979591836734687,False,KLRHO
0.0,0.0,0.0,0.0,0.08398133748056003,False,KLRHO
0.0,0.0,0.0,-0.0028985507246377384,0.09420289855072461,False,KLRHO
0.0,0.0,0.0,0.0,0.024503311258277982,False,KLRHO
0.0,0.0,0.0,0.0,-0.09502262443438902,False,KLRHO
0.0,0.0,0.0,-0.0007153075822605715,0.06723891273247484,False,KLRHO
0.0,0.0,0.0,0.008021390374331583,-0.0006684491978609097,False,KLRHO
0.0,0.0,0.0,0.0013395847287340779,0.04822505023442725,False,KLRHO
0.0,0.0,0.0,-0.00691823899371069,0.025786163522012462,False,KLRHO
0.0,0.0,0.0,0.0,0.003676470588235503,False,KLRHO
0.0,0.0,0.0,0.00492004920049216,-0.0891758917589176,True,KLRHO
0.0,0.0,0.0,0.0,-0.04158415841584162,False,KLRHO
0.0,0.0,0.0,-0.0013774104683195176,0.013085399449035862,False,KLRHO
0.0,-0.011588275391956282,-0.00886162235855481,-0.008179959100204415,-0.011588275391956282,True,KLRHO
0.0,0.0,0.0,0.004163775156141636,-0.06731436502428856,False,KLRHO
0.0,0.0,0.0,-0.0014880952380953438,0.011904761904761862,False,KLRHO
0.0,0.0,0.0,0.0,-0.042035398230088394,False,KLRHO
0.0,0.0,0.0,0.006928406466512715,0.09930715935334877,False,KLRHO
0.0,0.0,0.0,0.0,-0.11416781292984868,False,KLRHO
0.0,0.0,0.0,0.0007770007770009357,0.04584304584304588,False,KLRHO
0.0,0.0,0.0,0.004477611940298498,0.013432835820895717,False,KLRHO
0.0,0.0,0.0,0.0,-0.028044280442804492,False,KLRHO
0.0,0.0,0.0,0.0015232292460014563,0.04341203351104328,False,KLRHO
0.0,0.0,0.0,0.0,-0.07894736842105265,False,KLRHO
0.0,0.0,0.0,-0.0007716049382715529,-0.007716049382716084,False,KLRHO
0.0,0.0,0.0,0.0,0.020995334370140117,False,KLRHO
0.0,0.0,0.0,0.005331302361005319,0.031226199543031186,False,KLRHO
0.0,0.0,0.0,0.0,0.0997782705099779,False,KLRHO
0.0,0.0,0.0,0.0,0.032258064516129004,False,KLRHO
0.0,0.0,0.0,0.007382550335570448,0.01543624161073831,False,KLRHO
0.0,0.0,0.0,-0.0006609385327166484,0.017845340383344288,True,KLRHO
0.0,0.0,0.0,0.0,0.10000000000000009,False,KLRHO
0.0,0.0,0.0,0.0011778563015312216,-0.051825677267373416,False,KLRHO
0.0,0.0,0.0,0.006832298136645987,-0.06521739130434778,False,KLRHO
0.0,0.0,0.0,0.008637873754152814,0.014617940199335377,False,KLRHO
0.0,0.0,0.0,0.0019646365422396617,0.034708578912901134,False,KLRHO
0.0,0.0,0.0,-0.000645161290322549,0.02709677419354839,True,KLRHO
0.0,0.0,0.0,0.0,0.02271293375394312,False,KLRHO
0.0,0.0,0.0,0.0,0.018507094386181366,False,KLRHO
0.0,0.0,0.0,0.0,0.03694730466384,False,KLRHO
0.0,0.0,0.0,0.004088785046729049,0.03971962616822444,False,KLRHO
0.0,0.0,0.0,0.004494382022471877,0.08932584269662924,False,KLRHO
0.0,0.0,0.0,0.0,0.0552631578947369,False,KLRHO
0.0,0.0,0.0,0.0004987531172069293,0.05785536159601001,False,KLRHO
0.0,0.0,0.0,0.0018518518518517713,0.05555555555555558,False,KLRHO
0.0,0.0,0.0,0.0008726003490402423,0.04057591623036649,False,KLRHO
0.0,0.0,0.0,0.0004185851820845965,-0.02469652574298875,False,KLRHO
0.0,0.0,0.0,0.0,0.0193133047210301,False,KLRHO
0.0,0.0,0.0,-0.0008421052631578663,0.06842105263157894,False,KLRHO
0.0,0.0,0.0,0.002955665024630516,0.026600985221674867,False,KLRHO
0.0,0.0,0.0,0.0019120458891013214,0.018164435946462776,False,KLRHO
0.0,0.0,0.0,-0.007407407407407418,-0.025925925925925908,False,KLRHO
0.0,0.0,0.0,0.0009578544061301653,0.08429118773946365,False,KLRHO
0.0,0.0,0.0,0.0035335689045936647,0.07508833922261493,False,KLRHO
0.0,0.0,0.0,-0.0008090614886731018,0.0307443365695792,False,KLRHO
0.0,0.0,0.0,0.0007849293563579884,-0.021193092621664023,True,KLRHO
0.0,0.0,0.0,0.0032206119162641045,0.06441223832528187,False,KLRHO
0.0,0.0,0.0,0.0015037593984963404,-0.019548872180451093,False,KLRHO
0.0,0.0,0.0,0.0,-0.05769230769230771,False,KLRHO
0.0,0.0,0.0,-0.0008163265306122547,0.07102040816326527,False,KLRHO
0.0,0.0,0.0,0.0007552870090634656,0.08987915407854974,False,KLRHO
0.0,0.0,0.0,-0.0053547523427041055,0.06224899598393585,False,KLRHO
0.0,0.0,0.0,0.0,0.09610552763819102,False,KLRHO
0.0,0.0,0.0,0.0011173184357542443,-0.02402234636871503,False,KLRHO
0.0,0.0,0.0,0.0,0.01202060675443617,False,KLRHO
0.0,0.0,0.0,-0.0005681818181818565,-0.09090909090909094,False,KLRHO
0.0,0.0,0.0,0.0,-0.06226175349428209,False,KLRHO
0.0,0.0,0.0,0.000694444444444553,0.046527777777777724,False,KLRHO
0.0,0.0,0.0,0.0,-0.04256756756756752,False,KLRHO
0.0,0.0,0.0,0.0,0.03034580098800288,False,KLRHO
0.0,0.0,0.0,0.0,0.07328767123287672,False,KLRHO
0.0,0.0,0.0,0.0012755102040815647,0.08418367346938771,False,KLRHO
0.0,0.0,0.0,0.0023529411764706687,0.040000000000000036,False,KLRHO
0.0,0.0,0.0,-0.003981797497155881,-0.028441410693970437,False,KLRHO
0.0,0.0,0.0,-0.0005854800936767601,0.032786885245901676,False,KLRHO
0.0,0.0,0.0,0.0,-0.03505747126436787,False,KLRHO
0.0,0.0,0.0,0.0,0.06611078022632522,False,KLRHO
0.0,0.0,0.0,-0.0005589714924538747,0.10061486864169922,False,KLRHO
0.0,0.0,0.0,0.0,0.09330628803245444,True,KLRHO
0.0,0.0,0.0,0.0009276437847867136,0.09461966604823746,False,KLRHO
0.0,0.0,0.0,0.005922165820642977,-0.048223350253807085,False,KLRHO
0.0,0.0,0.0,0.000888099467140302,0.07460035523978692,False,KLRHO
0.0,0.0,0.0,0.002477291494632494,0.08753096614368294,False,KLRHO
0.0,0.0,0.0,0.0,-0.06742424242424239,False,KLRHO
0.0,0.0,0.0,-0.004098360655737654,-0.07377049180327866,False,KLRHO
0.0,0.0,0.0,0.0,0.025800711743772187,False,KLRHO
0.0,0.0,0.0,-0.0008673026886383273,0.0,False,KLRHO
0.0,0.0,0.0,0.0,-0.09973980919340852,False,KLRHO
0.0,0.0,0.0,0.001577287066246047,-0.017350157728706628,False,KLRHO
0.0,0.0,0.0,0.0,0.011709601873536313,False,KLRHO
0.0,0.0,0.0,-0.0005787037037037202,0.09953703703703698,False,KLRHO
0.0,0.0,0.0,0.0,0.07943187795896889,False,KLRHO
0.0,0.0,0.0,0.0,0.023210831721470093,False,KLRHO
0.0,0.0,0.0,0.0,-0.09971644612476371,False,KLRHO
0.0,0.0,0.0,0.005659309564233217,-0.005093378607809895,False,KLRHO
0.0,0.0,0.0,0.0,-0.101589103291714,False,KLRHO
0.0,0.0,0.0,0.0,0.1929824561403508,False,KLRHO
0.0,0.0,0.0,0.0,0.0,True,KLRHO
0.0,0.0,0.0,0.0,0.0,False,KLRHO
0.0,0.0,0.0,0.0,0.0,False,KLRHO
0.0,0.0,0.0,0.0,0.0,False,KLRHO
0.0,0.0,0.0,0.0,0.0,False,KLRHO
0.0,0.0,0.0,0.00044208664898337524,0.0,True,KLRHO
0.0,0.0,0.0,0.0,-0.03962264150943395,False,KLRHO
0.0,0.0,0.0,0.00574112734864296,-0.04331941544885165,False,KLRHO
0.0,0.0,0.0,0.006650544135429204,0.0,False,KLRHO
0.0,0.0,0.0,0.0025789813023855412,0.05093488072211483,False,KLRHO
0.0,0.0,0.0,0.0,0.10000000000000009,False,KLRHO
0.0,0.0,0.0,0.000552181115405892,0.08890115958034239,False,KLRHO
0.0,0.0,0.0,0.0,-0.13456850316918578,False,KLRHO
0.0,0.0,0.0,0.0012217470983506562,-0.023824068417837352,False,KLRHO
0.0,0.0,0.0,-0.0006706908115358123,-0.034875922199865794,False,KLRHO
0.0,0.0,0.0,0.001474926253687503,-0.04424778761061943,False,KLRHO
0.10304054054054035,-0.014358108108108114,0.06165540540540548,0.06165540540540548,0.006756756756756799,True,KLRHO
0.0,0.0,0.0,0.0,0.03728813559322042,False,KLRHO
0.0,0.0,0.0,0.0,-0.07000000000000006,False,KLRHO
0.0,0.0,0.0,0.0,-0.016979445933869575,False,KLRHO
0.0,0.0,0.0,0.0,-0.07996406109613652,False,KLRHO
0.0,0.0,0.0,0.0019474196689386325,0.04186952288218104,False,KLRHO
0.0,0.0,0.0,0.0,0.10000000000000009,False,KLRHO
0.0,0.0,0.0,-0.0008291873963515162,0.07296849087893875,False,KLRHO
0.0,0.0,0.0,0.0,0.06831831831831847,False,KLRHO
0.0,0.0,0.0,0.000694444444444331,-0.10416666666666663,False,KLRHO
0.0,0.0,0.0,0.0,-0.08682170542635659,False,KLRHO
0.0,0.0,0.0,0.0,-0.05217391304347829,False,KLRHO
0.0,0.0,0.0,0.0,-0.05229357798165135,False,KLRHO
0.0,0.0,0.0,-0.0009174311926605228,-0.03027522935779814,False,KLRHO
0.0,0.0,0.0,0.0009442870632672129,-0.028328611898016942,False,KLRHO
0.0,0.0,0.0,0.0,0.02117420596727615,False,KLRHO
0.0,0.0,0.0,0.0,0.017110266159695797,False,KLRHO
0.0,0.0,0.0,0.0,-0.0009124087591240171,False,KLRHO
0.0,0.0,0.0,0.0,-0.0036101083032490378,False,KLRHO
0.0,0.0,0.0,0.0,-0.015356820234869062,False,KLRHO
0.0,0.0,0.0,0.0,0.08212996389891702,False,KLRHO
0.0,0.0,0.0,0.0,-0.09523809523809523,True,KLRHO
0.0,0.0,0.0,-0.0008928571428571397,-0.042857142857142816,False,KLRHO
0.0,0.0,0.0,0.0,-0.03167420814479638,False,KLRHO
0.0,0.0,0.0,0.0,-0.01739926739926745,False,KLRHO
0.0,0.0,0.0,-0.0009099181073703999,-0.025477707006369532,False,KLRHO
0.0,0.0,0.0,-0.002767527675276882,-0.01845018450184499,False,KLRHO
0.0,0.0,0.0,0.0,-0.029135338345864792,False,KLRHO
0.0,0.0,0.0,-0.0009718172983479434,-0.005830903790087549,False,KLRHO
0.0,0.0,0.0,-0.0009689922480621282,-0.0009689922480621282,False,KLRHO
0.0,0.0,0.0,0.0,-0.022222222222222143,False,KLRHO
0.0,0.0,0.0,0.0,0.08268482490272366,False,KLRHO
0.0,0.0,0.0,0.0008952551477170445,0.09579230080572976,False,KLRHO
0.0,0.0,0.0,0.0,0.09967320261437895,False,KLRHO
0.0,0.0,0.0,-0.0007097232079488203,-0.13981547196593325,True,KLRHO
0.0,0.0,0.0,-0.0008285004142503105,-0.08947804473902232,False,KLRHO
0.0,0.0,0.0,0.0,-0.032757051865332176,False,KLRHO
0.0,0.0,0.0,0.0,-0.013084112149532756,False,KLRHO
0.0,0.0,0.0,-0.0009478672985780978,-0.023696682464455,False,KLRHO
0.0,0.0,0.0,0.000970873786407811,-0.029126213592232997,False,KLRHO
0.0,0.0,0.0,0.000990099009900991,-0.017326732673267342,False,KLRHO
0.0,0.0,0.0,-0.0020000000000000018,-0.015499999999999958,False,KLRHO
0.0,0.0,0.0,-0.0005083884087442314,0.037112353838332446,False,KLRHO
0.0,0.0,0.0,0.003913894324853118,-0.04109589041095896,False,KLRHO
0.004081632653061273,-0.050000000000000044,-0.050000000000000044,-0.050000000000000044,-0.09846938775510206,True,KLRHO
0.0,0.0,0.0,0.0,0.09526493799323577,False,KLRHO
0.0,0.0,0.0,0.0,0.007028112449799284,False,KLRHO
0.0,0.0,0.0,0.0,0.0009910802775023875,False,KLRHO
0.0,0.0,0.0,0.0009813542688910104,0.05495583905789991,False,KLRHO
0.0,0.0,0.0,0.0009345794392523477,-0.002803738317756932,False,KLRHO
0.0,0.0,0.0,0.0,-0.010967098703888234,False,ASTOR
0.0,0.0,0.0,0.0,-0.0050352467270896595,False,ASTOR
0.0,0.0,0.0,-0.0010005002501251026,-0.014507253626813488,False,ASTOR
0.0,0.0,0.0,0.0,-0.003051881993896166,False,ASTOR
0.0,0.0,0.0,0.0005099439061702071,0.019377868434472312,False,ASTOR
0.0,0.0,0.0,0.0,-0.011005502751375795,False,ASTOR
0.0,0.0,0.0,0.0005050505050505638,-0.022727272727272707,False,ASTOR
0.0,0.0,0.0,-0.0005170630816959676,-0.015511892450879028,False,ASTOR
0.0,0.0,0.0,0.0,-0.020000000000000018,False,ASTOR
0.0,0.0,0.0,0.0,-0.009687836383207804,False,ASTOR
0.0,0.0,0.0,0.0005399568034558655,-0.004859611231101346,False,ASTOR
0.0,0.0,0.0,0.0,0.014023732470334282,False,ASTOR
0.0,0.0,0.0,0.0005277044854881119,0.0026385224274405594,False,ASTOR
0.0,0.0,0.0,0.0,0.08193277310924363,False,ASTOR
0.0,0.0,0.0,0.0,-0.023300970873786464,False,ASTOR
0.0,0.0,0.0,0.0009960159362549792,0.03386454183266929,False,ASTOR
0.0,0.0,0.0,0.0,-0.0962264150943396,True,ASTOR
0.0,0.0,0.0,0.0,-0.004714510214772205,False,ASTOR
0.0,0.0,0.0,0.0005252100840336116,0.0005252100840336116,True,ASTOR
0.0,0.0,0.0,0.0,-0.04402515723270439,False,ASTOR
0.0,0.0,0.0,-0.0005488474204170535,0.005488474204171201,False,ASTOR
0.0,0.0,0.0,0.0005446623093681158,-0.015795206971677578,False,ASTOR
0.0,0.0,0.0,0.0005534034311014402,0.011621472053126913,False,ASTOR
0.0,0.0,0.0,0.0005464480874317612,-0.004371584699453646,False,ASTOR
0.0,0.0,0.0,0.0,0.00383351588170866,False,ASTOR
0.0,0.0,0.0,0.0,0.004364429896344779,False,ASTOR
0.0,0.0,0.0,0.0,-0.015625,False,ASTOR
0.0,0.0,0.0,0.0,0.026186579378068675,False,ASTOR
0.0,0.0,0.0,0.0005313496280554553,0.004250797024442088,False,ASTOR
0.0,0.0,0.0,0.0,-0.011640211640211562,False,ASTOR
0.0,0.0,0.0,0.0005353319057814776,0.002676659528907832,False,ASTOR
0.0,0.0,0.0,0.0,0.006925945657964894,False,ASTOR
0.0,0.0,0.0,-0.0005291005291004902,0.016931216931216797,False,ASTOR
0.0,0.0,0.0,-0.0005186721991702337,-0.015041493775933668,False,ASTOR
0.0,0.0,0.0,0.001055966209081216,0.007391763463569179,False,ASTOR
0.0,0.0,0.0,0.0,0.008403361344537785,False,ASTOR
0.0,0.0,0.0,0.0005208333333333037,0.019270833333333348,False,ASTOR
0.0,0.0,0.0,0.0,0.005626598465473087,False,ASTOR
0.0,0.0,0.0,-0.0005104645227156368,0.011230219499744676,False,ASTOR
0.0,0.0,0.0,0.0005042864346949116,-0.02168431669188109,False,ASTOR
0.0,0.0,0.0,0.0,-0.03230849400729552,False,ASTOR
0.0,0.0,0.0,0.0005347593582887278,0.0064171122994651775,False,ASTOR
0.0,0.0,0.0,0.0,-0.014023732470334394,False,ASTOR
0.0,0.0,0.0,0.0,0.010101010101009944,False,ASTOR
0.0,0.0,0.0,0.0005747126436781436,-0.03448275862068961,False,ASTOR
0.0,0.0,0.0,-0.0005924170616115054,-0.009478672985782088,False,ASTOR
0.0,0.0,0.0,-0.0005973715651134137,0.0,False,ASTOR
0.0,0.0,0.0,0.0005952380952380931,-0.044642857142857095,False,ASTOR
0.0,0.0,0.0,0.0006218905472636926,-0.042910447761194015,False,ASTOR
0.0,0.0,0.0,-0.0006497725795970855,-0.023391812865497075,False,ASTOR
0.0,0.0,0.0,0.0,-0.019218025182239917,False,ASTOR
0.0,0.0,0.0,0.0,0.010128291694800895,False,ASTOR
0.0,0.0,0.0,0.0006640106241699861,-0.026560424966799445,False,ASTOR
0.0,0.0,0.0,0.0,0.041581458759373024,False,ASTOR
0.0,0.0,0.0,-0.000655307994757548,0.000655307994757548,False,ASTOR
0.0,0.0,0.0,0.0006574621959236637,-0.017094017094017033,False,ASTOR
0.0,0.0,0.0,-0.0006648936170212671,-0.013297872340425565,False,ASTOR
0.0,0.0,0.0,0.0,-0.027609427609427528,False,ASTOR
0.0,0.0,0.0,0.0,-0.02066115702479343,False,ASTOR
0.0,0.0,0.0,0.0,0.026712328767123372,False,ASTOR
0.0,0.0,0.0,0.0,-0.012666666666666715,False,ASTOR
0.0,0.0,0.0,0.0,0.018206338503034214,False,ASTOR
0.0,0.0,0.0,0.0006613756613758071,0.031746031746031855,False,ASTOR
0.0,0.0,0.0,0.0,0.016666666666666607,False,ASTOR
0.0,0.0,0.0,0.001280409731114096,-0.009603072983354721,False,ASTOR
0.0,0.0,0.0,0.0,0.01611863313990969,False,ASTOR
0.0,0.0,0.0,0.0,0.03987341772151898,False,ASTOR
0.0,0.0,0.0,0.0,0.016433353621424063,False,ASTOR
0.0,0.0,0.0,-0.0005995203836931529,-0.03896882494004794,False,ASTOR
0.0,0.0,0.0,-0.0006253908692932519,-0.001250781738586726,False,ASTOR
0.0,0.0,0.0,0.0006246096189881367,-0.021861336664584674,False,ASTOR
0.0,0.0,0.0,0.0006381620931719123,0.010210593490746822,False,ASTOR
0.0,0.0,0.0,0.0,-0.012002526847757489,False,ASTOR
0.0,0.0,0.0,0.0006373486297004405,0.02230720203951564,False,ASTOR
0.0,0.0,0.0,0.0,0.011845386533665847,False,ASTOR
0.0,0.0,0.0,0.0006131207847945852,0.002452483139178563,False,ASTOR
0.0,0.0,0.0,-0.0006108735491753281,0.019547953573610277,False,ASTOR
0.0,0.0,0.0,0.000597728631201333,-0.024506873879258984,False,ASTOR
0.0,0.0,0.0,0.0,-0.009185548071034888,False,ASTOR
0.0,0.0,0.0,0.0,-0.010513296227581903,False,ASTOR
0.0,0.0,0.0,0.0006230529595014911,-0.03800623052959495,False,ASTOR
0.0,0.0,0.0,0.0006476683937823857,0.011010362694300335,False,ASTOR
0.0,0.0,0.0,-0.0006410256410256387,-0.0006410256410256387,False,ASTOR
0.0,0.0,0.0,0.0,-0.05576923076923068,False,ASTOR
0.0,0.0,0.0,-0.0006821282401090478,-0.029331514324692942,False,ASTOR
0.0,0.0,0.0,0.000702247191011196,-0.000702247191011196,False,ASTOR
0.0,0.0,0.0,-0.0006949270326614965,-0.002779708130646319,False,ASTOR
0.0,0.0,0.0,0.0,-0.004861111111110983,False,ASTOR
0.0,0.0,0.0,0.0006993006993005757,-0.011188811188811099,False,ASTOR
0.0,0.0,0.0,0.0,-0.013437057991513512,False,ASTOR
0.0,0.0,0.0,0.000715819613457569,-0.012884753042233243,False,ASTOR
0.0,0.0,0.0,0.0,-0.031182015953589604,False,ASTOR
0.0,0.0,0.0,0.0007485029940119681,-0.023203592814371232,False,ASTOR
0.0,0.0,0.0,-0.0007662835249041544,0.03601532567049803,False,ASTOR
0.0,0.0,0.0,0.0,0.03880597014925358,False,ASTOR
0.0,0.0,0.0,0.000723065798987621,0.00433839479392617,False,ASTOR
0.0,0.0,0.0,0.0014430014430015792,-0.02092352092352101,False,ASTOR
0.0,0.0,0.0,0.0,-0.0044182621502211195,False,ASTOR
0.0,0.0,0.0,0.0007396449704144548,0.056213017751479466,False,ASTOR
0.0,0.0,0.0,0.0,0.0174825174825175,False,ASTOR
0.0,0.0,0.0,0.0006821282401090478,0.003410641200545683,False,ASTOR
0.0,0.0,0.0,0.0,0.05020352781546822,False,ASTOR
0.0,0.0,0.0,0.0012987012987011326,0.033766233766233666,False,ASTOR
0.0,0.0,0.0,0.0006277463904582614,-0.005649717514124353,False,ASTOR
0.0,0.0,0.0,0.0,-0.024390243902439046,True,ASTOR
0.0,0.0,0.0,0.0,0.03509891512444163,False,ASTOR
0.0,0.0,0.0,0.0006195786864930941,0.009913258983890838,False,ASTOR
0.0,0.0,0.0,0.0006108735491754391,-0.007330482590103826,False,ASTOR
0.0,0.0,0.0,-0.0006127450980392135,0.07230392156862742,False,ASTOR
0.0,0.0,0.0,0.000571428571428445,0.014285714285714235,False,ASTOR
0.0,0.0,0.0,0.0,0.030405405405405483,False,ASTOR
0.0,0.0,0.0,0.0,0.018052516411378505,False,ASTOR
0.0,0.0,0.0,0.0005402485143166658,-0.00972447325769843,False,ASTOR
0.0,0.0,0.0,0.0,0.014238773274917849,False,ASTOR
0.0,0.0,0.0,0.0005382131324003225,0.04574811625403652,False,ASTOR
0.0,0.0,0.0,0.0,-0.0246659815005138,False,ASTOR
0.0,0.0,0.0,0.0,-0.00630252100840345,False,ASTOR
0.0,0.0,0.0,0.0,0.007911392405063333,False,ASTOR
0.0,0.0,0.0,0.0,-0.003645833333333237,False,ASTOR
0.0,0.0,0.0,0.0,0.01822916666666674,False,ASTOR
0.0,0.0,0.0,0.0,-0.012276214833759624,False,ASTOR
0.0,0.0,0.0,0.0,0.001522842639593902,True,ASTOR
0.0,0.0,0.0,-0.0005025125628140836,0.0035175879396984744,False,ASTOR
0.0,0.0,0.0,0.0009960159362549792,-0.05079681274900405,False,ASTOR
0.0,0.0,0.0,-0.0005291005291004902,-0.030687830687830764,False,ASTOR
0.0,0.0,0.0,0.0,0.033842794759825434,False,ASTOR
0.0,0.0,0.0,0.0,-0.004255319148936176,False,ASTOR
0.0,0.0,0.0,0.0005339028296849069,0.010144153764014785,False,ASTOR
0.0,0.0,0.0,0.0005265929436544248,-0.011058451816745585,False,ASTOR
0.0,0.0,0.0,0.000532197977647586,-0.015433741351782881,False,ASTOR
0.0,0.0,0.0,0.0005373455131649774,-0.001612036539494821,False,ASTOR
0.0,0.0,0.0,0.0005341880341882543,0.08012820512820507,False,ASTOR
0.0,0.0,0.0,0.0,-0.003956478733926683,False,ASTOR
0.0,0.0,0.0,0.0,-0.01915520628683698,False,ASTOR
0.0,0.0,0.0,0.0,0.037556334501752664,False,ASTOR
0.0,0.0,0.0,0.0,0.01611374407582944,True,ASTOR
0.0,0.0,0.0,-0.00093283582089565,-0.020522388059701524,False,ASTOR
0.0,0.0,0.0,0.0,-0.0009523809523809268,False,ASTOR
0.0,0.0,0.0,-0.0009560229445506607,-0.015296367112810683,False,ASTOR
0.0,0.0,0.0,0.0009803921568627416,0.015686274509803866,False,ASTOR
0.0,0.0,0.0,-0.0009652509652509078,0.032818532818532864,False,ASTOR
0.0,0.0,0.0,0.0,0.0009345794392523477,False,ASTOR
0.0,0.0,0.0,0.0009389671361501595,0.0,False,ASTOR
0.0,0.0,0.0,0.0009310986964616852,0.03724394785847296,False,ASTOR
0.0,0.0,0.0,0.0,0.008064516129032251,False,ASTOR
0.0,0.0,0.0,-0.000888888888888828,0.02488888888888896,False,ASTOR
0.0,0.0,0.0,-0.0008673026886383273,0.002601908065914982,False,ASTOR
0.0,0.0,0.0,0.0008650519031143666,-0.014705882352941124,False,ASTOR
0.0,0.0,0.0,0.0,0.04828797190518008,False,ASTOR
0.0,0.0,0.0,-0.0008375209380234727,0.010050251256281229,False,ASTOR
0.0,0.0,0.0,0.0,0.019071310116086426,False,ASTOR
0.0,0.0,0.0,0.0,-0.024489795918367308,False,ASTOR
0.0,0.0,0.0,0.0,-0.003361344537815225,False,ASTOR
0.0,0.0,0.0,0.0,0.00420521446593769,False,ASTOR
0.0,0.0,0.0,0.0,0.012552301255230214,False,ASTOR
0.0,0.0,0.0,-0.0008264462809917106,0.0024793388429751317,False,ASTOR
0.0,0.0,0.0,0.0008244023083265883,-0.0065952184666117075,False,ASTOR
0.0,0.0,0.0,-0.0008291873963515162,0.018242122719734688,False,ASTOR
0.0,0.0,0.0,0.0,-0.009700889248181133,False,ASTOR
0.0,0.0,0.0,0.0,0.0032626427406199365,False,ASTOR
0.0,0.0,0.0,0.0008130081300812275,0.012195121951219523,False,ASTOR
0.0,0.0,0.0,0.0,-0.019292604501607746,False,ASTOR
0.0,0.0,0.0,0.0,0.011475409836065653,False,ASTOR
0.0,0.0,0.0,0.0008103727714747766,0.004051863857374327,False,ASTOR
0.0,0.0,0.0,0.0008077544426494665,0.03392568659127626,False,ASTOR
0.0,0.0,0.0,0.0,0.0015649452269170805,False,ASTOR
0.0,0.0,0.0,-0.0007812499999999556,-0.009375000000000022,False,ASTOR
0.0,0.0,0.0,0.0,-0.014195583596214534,False,ASTOR
0.0,0.0,0.0,0.0007999999999999119,-0.021600000000000064,False,ASTOR
0.0,0.0,0.0,0.0008176614881438837,-0.03843008994276376,False,ASTOR
0.0,0.0,0.0,0.0,0.033476394849785374,False,ASTOR
0.0,0.0,0.0,0.0,-0.00830564784053156,False,ASTOR
0.0,0.0,0.0,0.0,0.0,False,ASTOR
0.0,0.0,0.0,0.0,0.005867560771165126,False,ASTOR
0.0,0.0,0.0,-0.0008347245409014992,0.008347245409014992,False,ASTOR
0.0,0.0,0.0,0.0008298755186721962,-0.014937759336099532,False,ASTOR
0.0,0.0,0.0,0.0008467400508045397,-0.02201524132091448,False,ASTOR
0.0,0.0,0.0,0.0008635578583766623,-0.05785837651122627,False,ASTOR
0.0,0.0,0.0,0.0009132420091324533,-0.021917808219178103,False,ASTOR
0.0,0.0,0.0,0.0,-0.0009259259259258856,False,ASTOR
0.0,0.0,0.0,0.0,-0.02402957486136792,False,ASTOR
0.0,0.0,0.0,-0.0009469696969696129,0.07481060606060619,False,ASTOR
0.0,0.0,0.0,0.0008833922261484162,0.006183745583038913,False,ASTOR
0.0,0.0,0.0,0.0008756567425569628,-0.05429071803852892,False,ASTOR
0.0,0.0,0.0,0.0009250693802036469,-0.0037002775208140326,False,ASTOR
0.0,0.0,0.0,0.0,0.001846722068328699,False,ASTOR
0.0,0.0,0.0,0.003717472118959231,-0.013011152416356753,False,ASTOR
0.0,0.0,0.0,0.0009433962264151496,-0.018867924528301883,False,ASTOR
0.0,0.0,0.0,-0.0009624639076035724,0.0577478344562079,False,ASTOR
0.0,0.0,0.0,0.0,-0.005459508644222066,False,ASTOR
0.0,0.0,0.0,0.000914076782449591,0.021937842778793293,False,ASTOR
0.0,0.0,0.0,0.0018604651162790198,-0.018604651162790753,True,ASTOR
0.0,0.0,0.0,0.0009398496240600185,-0.008458646616541388,False,ASTOR
0.0,0.0,0.0,0.0009433962264151496,0.04245283018867929,False,ASTOR
0.0,0.0,0.0,-0.0008968609865470656,0.03139013452914807,False,ASTOR
0.0,0.0,0.0,0.0,-0.012987012987012991,False,ASTOR
0.0,0.0,0.0,0.0,-0.015789473684210464,False,ASTOR
0.0,0.0,0.0,0.0,0.021164021164021163,False,ASTOR
0.0,0.0,0.0,0.0008628127696288512,-0.0008628127696290733,False,ASTOR
0.0,0.0,0.0,0.0,0.014567266495287168,False,ASTOR
0.0,0.0,0.0,-0.0008620689655172153,0.05086206896551726,False,ASTOR
0.0,0.0,0.0,0.0,-0.031198686371100126,False,ASTOR
0.0,0.0,0.0,0.0,-0.03717135086128731,False,ASTOR
0.0,0.0,0.0,-0.0009425070688029447,-0.008482563619227057,False,ASTOR
0.0,0.0,0.0,0.0009615384615384581,-0.08942307692307694,False,ASTOR
0.0,0.0,0.0,0.0,0.02798310454065467,False,ASTOR
0.0,0.0,0.0,0.0,0.06552419354838701,False,ASTOR
0.0,0.0,0.0,0.0,0.06017191977077352,False,ASTOR
0.0,0.0,0.0,0.0008928571428570287,-0.025000000000000022,False,ASTOR
0.0,0.0,0.0,-0.0009174311926605228,0.04220183486238538,False,ASTOR
0.0,0.0,0.0,0.0,-0.02131438721136758,False,ASTOR
0.0,0.0,0.0,0.0009090909090907484,-0.016363636363636358,False,ASTOR
0.0,0.0,0.0,0.0018552875695732052,-0.020408163265306145,False,ASTOR
0.0,0.0,0.0,0.0,0.045098039215686114,False,ASTOR
0.0,0.0,0.0,-0.0018433179723502668,-0.02304147465437789,False,ASTOR
0.0,0.0,0.0,0.0,-0.02285714285714291,False,ASTOR
0.0,0.0,0.0,-0.0018552875695733162,-0.025974025974025983,True,ASTOR
0.0,0.0,0.0,0.0,-0.0037771482530689626,False,ASTOR
0.0,0.0,0.0,0.0009433962264151496,-0.016037735849056656,False,ASTOR
0.0,0.0,0.0,0.0,-0.0124760076775432,False,ASTOR
0.0,0.0,0.0,0.0,-0.03323558162267837,False,ASTOR
0.0,0.0,0.0,0.0005055611729019027,0.01415571284125372,False,ASTOR
0.0,0.0,0.0,0.0009960159362549792,-0.008964143426294924,False,ASTOR
0.0,0.0,0.0,0.0,-0.02713567839195985,False,ASTOR
0.0,0.0,0.0,0.0,-0.007716049382716084,False,ASTOR
0.0,0.0,0.0,0.0005200208008320217,0.05668226729069148,False,ASTOR
0.0,0.0,0.0,0.0,-0.00588235294117645,False,ASTOR
0.0,0.0,0.0,0.0009813542688910104,-0.008832188420019649,False,ASTOR
0.0,0.0,0.0,0.0,0.002970297029702973,False,ASTOR
0.0,0.0,0.0,-0.000988142292490224,-0.006916996047430901,False,ASTOR
0.0,0.0,0.0,0.0015098137896327746,-0.024660291897332542,False,ASTOR
0.0,0.0,0.0,0.0,-0.03389830508474578,False,ASTOR
0.0,0.0,0.0,-0.0005319148936170359,0.010638297872340496,False,ASTOR
0.0,0.0,0.0,0.002116402116402183,-0.022751322751322856,False,ASTOR
0.0,0.0,0.0,0.0,0.008108108108108025,False,ASTOR
0.0,0.0,0.0,0.0,0.048128342245989275,False,ASTOR
0.0,0.0,0.0,0.0009980039920158834,0.06686626746506996,False,ASTOR
0.0,0.0,0.0,0.0,-0.004681647940074862,False,ASTOR
0.0,0.0,0.0,0.0018921475875117721,-0.0018921475875118832,False,ASTOR
0.0,0.0,0.0,0.0,-0.04910292728989618,False,ASTOR
0.0,0.0,0.0,0.0,0.012909632571995955,False,ASTOR
0.0,0.0,0.0,0.0,-0.041625857002938305,False,ASTOR
0.0,0.0,0.0,-0.0005091649694500822,-0.03411405295315695,False,ASTOR
0.0,0.0,0.0,0.0,0.00419287211740027,False,ASTOR
0.0,0.0,0.0,0.0,-0.022845275181723856,False,ASTOR
0.0,0.0,0.0,0.0005252100840336116,-0.005777310924369727,False,ASTOR
0.0,0.0,0.0,0.0,-0.024338624338624326,False,ASTOR
0.0,0.0,0.0,0.0,0.013520822065981708,False,ASTOR
0.0,0.0,0.0,0.0005291005291006012,-0.005291005291005346,False,ASTOR
0.0,0.0,0.0,0.0,0.0,False,ASTOR
0.0,0.0,0.0,0.0,-0.012292891501870518,False,ASTOR
0.0,0.0,0.0,0.0,0.028002154011847136,False,ASTOR
0.0,0.0,0.0,0.000525762355415571,0.008412197686645806,False,ASTOR
0.0005213764337852478,-0.011991657977059478,-0.00782064650677794,-0.00782064650677794,-0.004171011470281649,True,ASTOR
0.0,0.0,0.0,0.0005230125523014717,0.001569037656903749,False,ASTOR
0.0,0.0,0.0,0.0,0.016701461377870652,False,ASTOR
0.0,0.0,0.0,0.0,-0.019791666666666763,False,ASTOR
0.0,0.0,0.0,0.0,0.04054054054054057,False,ASTOR
0.0,0.0,0.0,-0.00054112554112562,-0.011363636363636465,False,ASTOR
0.0,0.0,0.0,0.0005473453749316182,-0.01258894362342633,False,ASTOR
0.0,0.0,0.0,0.0,-0.039955604883462725,False,ASTOR
0.0,0.0,0.0,0.0005750431282345314,-0.035077630822311634,False,ASTOR
0.0,0.0,0.0,0.0005878894767783471,-0.0023515579071134995,False,ASTOR
0.0,0.0,0.0,-0.0005927682276229973,-0.029638411381149976,False,ASTOR
0.0,0.0,0.0,0.0,0.029069767441860517,False,ASTOR
0.0,0.0,0.0,0.0,0.006779661016949046,False,ASTOR
0.0,0.0,0.0,0.0,-0.021264689423614924,False,ASTOR
0.0,0.0,0.0,0.0,0.0028604118993134087,False,ASTOR
0.0,0.0,0.0,0.0005698005698004938,0.059259259259259345,False,ASTOR
0.0,0.0,0.0,0.0,-0.0026881720430107503,False,ASTOR
0.0,0.0,0.0,0.0,-0.002143622722400873,False,ASTOR
0.0,0.0,0.0,0.0,0.012169312169312274,False,ASTOR
0.0,0.0,0.0,0.0,-0.01926080166579902,False,ASTOR
0.0,0.0,0.0,-0.00108108108108107,-0.005945945945945885,False,ASTOR
0.0,0.0,0.0,0.0005393743257819938,-0.016181229773462813,False,ASTOR
0.0,0.0,0.0,0.0005473453749316182,0.03284072249589487,False,ASTOR
0.0,0.0,0.0,0.000525762355415571,-0.007360672975814775,False,ASTOR
0.0,0.0,0.0,0.0,-0.017331932773109293,False,ASTOR
0.0,0.0,0.0,-0.0005344735435595105,-0.013361838588989872,False,ASTOR
0.0,0.0,0.0,-0.0005420054200541147,-0.0119241192411923,False,ASTOR
0.0,0.0,0.0,0.0,0.017983651226158193,False,ASTOR
0.0,0.0,0.0,0.0,-0.004282655246252709,False,ASTOR
0.0,0.0,0.0,0.0,0.04066345639379354,False,ASTOR
0.0,0.0,0.0,0.0,-0.016080402010050232,True,ASTOR
0.0,0.0,0.0,0.0,-0.0035714285714285587,False,ASTOR
0.0,0.0,0.0,0.0005102040816327147,0.025510204081632626,False,ASTOR
0.0,0.0,0.0,-0.00099009900990088,0.015841584158415856,False,ASTOR
0.0,0.0,0.0,0.0,0.0019323671497584183,True,ASTOR
0.0,0.0,0.0,-0.0009624639076035724,-0.007699711260827802,False,ASTOR
0.0,0.0,0.0,-0.0009699321047526022,0.012609117361784827,False,ASTOR
0.0,0.0,0.0,-0.0009496676163341933,-0.006647673314340019,False,ASTOR
0.0,0.0,0.0,0.0,-0.0009560229445506607,False,ASTOR
0.0,0.0,0.0,0.0,-0.009478672985781977,False,ASTOR
0.0,0.0,0.0,0.0,-0.00574162679425827,False,ASTOR
0.0,0.0,0.0,0.0,0.008637236084452882,False,ASTOR
0.0,0.0,0.0,0.0009478672985780978,-0.013270142180094813,False,ASTOR
0.0,0.0,0.0,0.0009615384615384581,0.02596153846153859,False,ASTOR
0.0,0.0,0.0,0.0,0.0027932960893854997,False,ASTOR
0.0,0.0,0.0,0.0,-0.01188299817184657,False,ASTOR
0.0,0.0,0.0,0.0009009009009008917,0.015315315315315381,True,ASTOR
0.0,0.0,0.0,0.0008968609865469546,0.02959641255605372,False,ASTOR
0.0,0.0,0.0,-0.0008764241893075564,-0.014899211218229569,False,ASTOR
0.0,0.0,0.0,0.0,-0.013333333333333308,False,ASTOR
0.0,0.0,0.0,0.0,0.04950495049504955,False,ASTOR
0.0,0.0,0.0,0.0,0.0008620689655172153,False,ASTOR
0.0,0.0,0.0,0.0,0.001700680272108901,False,ASTOR
0.0,0.0,0.0,0.0008488964346351491,-0.02037351443123936,False,ASTOR
0.0,0.0,0.0,0.0,-0.006003430531732357,False,ASTOR
0.0,0.0,0.0,0.0008665511265164572,0.0077989601386481144,False,ASTOR
0.0,0.0,0.0,0.0008598452278589797,-0.03353396388650032,False,ASTOR
0.0,0.0,0.0,0.000889679715302405,0.011565836298932375,False,ASTOR
0.0,0.0,0.0,0.0,0.018981880931837614,False,ASTOR
0.0,0.0,0.0,0.0,0.005080440304826572,False,ASTOR
0.0,0.0,0.0,0.0,-0.05644481887110364,False,ASTOR
0.0,0.0,0.0,0.0,0.0008928571428570287,False,ASTOR
0.0,0.0,0.0,-0.0008904719501334757,0.04986642920747997,False,ASTOR
0.0,0.0,0.0,-0.0008474576271185752,-0.0423728813559322,False,ASTOR
0.0,0.0,0.0,0.0,0.006363636363636349,False,ASTOR
0.0,0.0,0.0,-0.0009033423667570428,0.02619692863595291,False,ASTOR
0.0,0.0,0.0,0.0,0.005244755244755206,False,ASTOR
0.0,0.0,0.0,0.0,-0.029668411867364686,False,ASTOR
0.0,0.0,0.0,0.0,0.04766187050359716,False,ASTOR
0.0,0.0,0.0,0.0,0.03376623376623389,False,ASTOR
0.0,0.0,0.0,0.0,-0.013311148086522562,False,ASTOR
0.0,0.0,0.0,0.0,0.0,True,ASTOR
0.0,0.0,0.0,0.0,-0.02395740905057675,False,ASTOR
0.0,0.0,0.0,0.000904159132007365,-0.00723327305605781,False,ASTOR
0.0,0.0,0.0,0.0,-0.03153153153153154,False,ASTOR
0.0,0.0,0.0,0.0,-0.011299435028248594,False,ASTOR
0.0,0.0,0.0,0.0009469696969697239,-0.0037878787878786735,False,ASTOR
0.0,0.0,0.0,0.0,-0.01037735849056598,False,ASTOR
0.0,0.0,0.0,0.000948766603415585,-0.032258064516129115,False,ASTOR
0.0,0.0,0.0,0.000983284169124854,-0.049655850540806235,False,ASTOR
0.0,0.0,0.0,0.0,0.0077439339184306455,False,ASTOR
0.0,0.0,0.0,0.0,0.01997950819672134,False,ASTOR
0.0,0.0,0.0,0.0,-0.03261414952333164,False,ASTOR
0.0,0.0,0.0,0.0005170630816959676,-0.0351602895553258,False,ASTOR
0.0,0.0,0.0,-0.0005344735435595105,-0.016034206306787868,False,ASTOR
0.0,0.0,0.0,0.0005417118093173912,0.015709642470205898,False,ASTOR
0.0,0.0,0.0,0.0,-0.019199999999999995,False,ASTOR
0.0,0.0,0.0,0.0,-0.01938610662358642,False,ASTOR
0.0,0.0,0.0,0.0,0.005473453749315738,False,ASTOR
0.0,0.0,0.0,0.0,-0.009939260077305279,False,ASTOR
0.0,0.0,0.0,0.0005561735261401246,-0.015572858731924377,False,ASTOR
0.0,0.0,0.0,0.0005643340857788282,0.04683972911963896,False,ASTOR
0.0,0.0,0.0,-0.0005393743257821049,0.0026968716289104133,False,ASTOR
0.0,0.0,0.0,0.0,0.027508090614886793,False,ASTOR
0.0,0.0,0.0,0.0,0.00722394220846212,False,ASTOR
0.0,0.0,0.0,0.0,-0.018954918032786816,False,ASTOR
0.0,0.0,0.0,0.0005202913631634498,-0.019771071800207984,False,ASTOR
0.0,0.0,0.0,0.0,-0.008479067302596732,False,ASTOR
0.0,0.0,0.0,0.0005316321105794941,0.02286018075491758,False,ASTOR
0.0,0.0,0.0,0.0,-0.009345794392523255,False,ASTOR
0.007337526205450695,-0.003144654088050425,0.005765199161425594,0.00524109014675056,0.0,True,ASTOR
0.0,0.0,0.0,0.0,0.003664921465968529,False,ASTOR
0.0,0.0,0.0,0.0005122950819673733,0.006147540983606703,False,ASTOR
0.0,0.0,0.0,0.0,0.015197568389057725,False,ASTOR
0.0,0.0,0.0,-0.0009980039920161055,-0.009980039920159722,False,ASTOR
0.0,0.0,0.0,0.0,0.00351229302558953,False,ASTOR
0.0,0.0,0.0,0.0009950248756218638,0.012935323383084452,False,ASTOR
0.0,0.0,0.0,0.0,-0.0471050049067715,False,ASTOR
0.0,0.0,0.0,0.0005133470225873182,-0.04568788501026699,False,ASTOR
0.0,0.0,0.0,-0.000532197977647697,-0.017030335284725973,False,ASTOR
0.0,0.0,0.0,0.0,-0.009693053311793154,False,ASTOR
0.0,0.0,0.0,-0.00054112554112562,0.011904761904761862,False,ASTOR
0.0,0.0,0.0,-0.0005387931034482873,-0.026939655172413812,False,ASTOR
0.0,0.0,0.0,0.0005512679162071876,0.01764057331863289,False,ASTOR
0.0,0.0,0.0,-0.0005434782608695343,0.01304347826086949,False,ASTOR
0.0,0.0,0.0,0.000535905680600246,0.004287245444801746,False,ASTOR
0.0,0.0,0.0,0.0,-0.0015932023366967973,False,ASTOR
0.0,0.0,0.0,0.0,-0.006403415154749292,False,ASTOR
0.0,0.0,0.0,0.0005399568034558655,-0.008639308855291516,False,ASTOR
0.0,0.0,0.0,0.0,0.003260869565217428,False,ASTOR
0.0,0.0,0.0,0.0,0.00432432432432428,False,ASTOR
0.0,0.0,0.0,0.0,-0.0155579399141631,False,ASTOR
0.0,0.0,0.0,0.0,-0.012534059945504161,False,ASTOR
0.0,0.0,0.0,0.0005518763796910076,0.04966887417218535,False,ASTOR
0.0,0.0,0.0,-0.0005213764337853588,0.02137643378519294,False,ASTOR
0.0,0.0,0.0,0.0005099439061702071,0.004589495155532974,False,ASTOR
0.0,0.0,0.0,0.0,-0.004060913705583813,False,ASTOR
0.0,0.0,0.0,0.0,0.00862944162436552,False,ASTOR
0.0,0.0,0.0,0.0009999999999998899,0.04299999999999993,False,ASTOR
0.0,0.0,0.0,0.0,-0.02205177372962608,False,ASTOR
0.0,0.0,0.0,0.0,-0.017595307917888547,False,ASTOR
0.0,0.0,0.0,0.0009891196834816984,0.018793273986152492,False,ASTOR
0.0,0.0,0.0,0.0,0.007729468599033895,False,ASTOR
0.0,0.0,0.0,0.0,0.05988593155893529,False,ASTOR
0.0,0.0,0.0,-0.0008960573476701761,-0.005376344086021501,False,ASTOR
0.0,0.0,0.0,0.0,-0.026173285198555885,False,ASTOR
0.0,0.0,0.0,-0.0009199632014720294,0.020239190432382648,False,ASTOR
0.0,0.0,0.0,0.0,-0.0035906642728905647,False,ASTOR
0.0,0.0,0.0,0.0,0.0008928571428570287,False,ASTOR
0.0,0.0,0.0,0.0,0.007136485280999194,False,ASTOR
0.0,0.0,0.0,0.0,0.004405286343612369,False,ASTOR
0.0,0.0,0.0,-0.0008695652173912327,-0.0008695652173912327,False,ASTOR
0.0,0.0,0.0,0.0008650519031143666,0.021626297577854725,False,ASTOR
0.0,0.0,0.0,0.0,-0.028691983122362874,False,ASTOR
0.0,0.0,0.0,0.0008673026886383273,0.014744145706851786,False,ASTOR
0.0,0.0,0.0,0.0,-0.0008547008547008517,False,ASTOR
0.0,0.0,0.0,0.0,-0.0017035775127768327,False,ASTOR
0.0,0.0,0.0,0.0,0.0008547008547008517,True,ASTOR
0.0,0.0,0.0,-0.0008517887563884718,0.008517887563884052,False,ASTOR
0.0,0.0,0.0,0.0,-0.023489932885906062,False,ASTOR
0.0,0.0,0.0,0.0,0.06976744186046524,False,ASTOR
0.0,0.0,0.0,0.0,0.03370786516853941,False,ASTOR
0.0,0.0,0.0,0.0007616146230007281,0.03351104341203337,False,ASTOR
0.0,0.0,0.0,0.0007462686567163423,0.052985074626865636,False,ASTOR
0.0,0.0,0.0,0.000705218617771397,0.028913963328631942,False,ASTOR
0.0,0.0,0.0,0.0006835269993163973,0.03144224196855783,False,ASTOR
0.0,0.0,0.0,0.0006600660066005126,0.021122112211221067,False,ASTOR
0.0,0.0,0.0,0.0006422607578677741,0.02440590879897253,False,ASTOR
0.0,0.0,0.0,0.0,-0.0496894409937888,False,ASTOR
0.0,0.0,0.0,-0.0006622516556290536,-0.02847682119205308,False,ASTOR
0.0,0.0,0.0,0.0,0.03703703703703698,False,ASTOR
0.0,0.0,0.0,0.0,0.020793950850661602,False,ASTOR
0.0,0.0,0.0,-0.0006134969325153339,-0.0006134969325153339,False,ASTOR
0.0,0.0,0.0,0.0,-0.016483516483516536,False,ASTOR
0.0,0.0,0.0,0.0,-0.008034610630408001,False,ASTOR
0.0,0.0,0.0,-0.0012345679012345512,0.006790123456790198,False,ASTOR
0.0,0.0,0.0,-0.0006101281269066394,-0.02501525320317266,False,ASTOR
0.0,0.0,0.0,0.0,-0.021518987341772156,False,ASTOR
0.0,0.0,0.0,0.0,-0.002574002574002643,False,ASTOR
0.0,0.0,0.0,0.0006218905472636926,-0.003109452736318463,False,ASTOR
0.0,0.0,0.0,0.0,-0.03187499999999999,False,ASTOR
0.0,0.0,0.0,0.000645161290322438,-0.01935483870967747,False,ASTOR
0.0,0.0,0.0,0.0,0.04752604166666674,False,ASTOR
0.0,0.0,0.0,0.0006172839506173311,0.0185185185185186,False,ASTOR
0.0,0.0,0.0,-0.0006090133982947776,0.0535931790499391,False,ASTOR
0.0,0.0,0.0,-0.0005747126436781436,0.039080459770115095,False,ASTOR
0.0,0.0,0.0,0.0,-0.0005494505494505475,False,ASTOR
0.0,0.0,0.0,0.0,-0.03540305010893241,False,ASTOR
0.0,0.0,0.0,0.0,-0.007340485601355029,False,ASTOR
0.0,0.0,0.0,0.0,0.03777777777777791,True,ASTOR
0.0,0.0,0.0,-0.000526315789473708,-0.02631578947368418,False,ASTOR
0.0,0.0,0.0,0.0,-0.002702702702702675,False,ASTOR
0.0,0.0,0.0,0.0005341880341882543,0.0277777777777779,False,ASTOR
0.0,0.0,0.0,0.0005194805194805863,0.009350649350649443,False,ASTOR
0.0,0.0,0.0,0.0005146680391148184,-0.016984045290787453,False,ASTOR
0.0,0.0,0.0,0.0,-0.02887139107611547,False,ASTOR
0.0,0.0,0.0,0.0,0.011840688912809316,False,ASTOR
0.0,0.0,0.0,0.000560852495793629,0.013460459899046429,False,ASTOR
0.0,0.0,0.0,0.0,-0.014044943820224698,False,ASTOR
0.0,0.0,0.0,0.0,-0.049516220830961855,False,ASTOR
0.0,0.0,0.0,0.0,0.026627218934911268,False,ASTOR
0.0,0.0,0.0,0.0,0.020207852193995457,False,ASTOR
0.0,0.0,0.0,0.0,0.045060658578856216,False,ASTOR
0.0,0.0,0.0,-0.000540540540540535,0.05459459459459448,False,ASTOR
0.0,0.0,0.0,-0.0005130836326321386,-0.009748589020010301,False,ASTOR
0.0,0.0,0.0,-0.0005200208008321328,0.03744149765990623,False,ASTOR
0.0,0.0,0.0,0.0,-0.022077270446563046,False,ASTOR
0.0,0.0,0.0,0.0005102040816327147,-0.05102040816326525,False,ASTOR
0.0,0.0,0.0,0.0,-0.022994652406417182,False,ASTOR
0.0,0.0,0.0,0.0,0.006521739130434634,False,ASTOR
0.015267175572518887,-0.0005452562704471031,0.011995637949836269,0.011995637949836269,0.021264994547437244,True,ASTOR
0.0,0.0,0.0,0.0010834236186350044,0.04658721560130008,False,ASTOR
0.0,0.0,0.0,0.0,-0.0036363636363635488,False,ASTOR
0.0,0.0,0.0,0.0005102040816327147,0.06734693877551012,False,ASTOR
0.0,0.0,0.0,0.0004780114722755524,-0.028680688336520044,False,ASTOR
0.0,0.0,0.0,0.0,0.009313725490196045,False,ASTOR
0.0,0.0,0.0,0.0,-0.05472154963680398,False,ASTOR
0.0,0.0,0.0,0.0,-0.005102040816326481,False,ASTOR
0.0,0.0,0.0,0.0,-0.005544354838709631,False,ASTOR
0.0,0.0,0.0,0.0,0.06400409626216086,False,ASTOR
0.0,0.0,0.0,0.00048007681228989796,-0.008641382621219496,False,ASTOR
0.0,0.0,0.0,0.0004828585224530002,0.014968614196040564,False,ASTOR
0.0,0.0,0.0,0.0004755111745124996,-0.02662862577270575,False,ASTOR
0.0,0.0,0.0,-0.0009280742459396585,-0.038051044083526664,False,ASTOR
0.0,0.0,0.0,0.0004816955684008306,-0.006743737957610851,False,ASTOR
0.0,0.0,0.0,0.00047846889952141147,-0.011961722488038284,False,ASTOR
0.0,0.0,0.0,0.0,-0.021130221130221227,False,ASTOR
0.0,0.0,0.0,0.0004975124378108209,0.013432835820895495,False,ASTOR
0.0,0.0,0.0,0.0005146680391148184,0.0036026762738032847,True,ASTOR
0.0,0.0,0.0,-0.0005102040816326037,-0.020408163265306145,False,ASTOR
0.0,0.0,0.0,0.0,0.01917098445595844,False,ASTOR
0.0,0.0,0.0,0.0005138746145940676,0.05704008221993839,False,ASTOR
0.0,0.0,0.0,0.0,0.037735849056603765,False,ASTOR
0.0,0.0,0.0,-0.00046210720887240875,-0.03927911275415896,False,ASTOR
0.0,0.0,0.0,0.00047846889952141147,0.05980861244019131,False,ASTOR
0.0,0.0,0.0,0.0,0.08798570790531479,False,ASTOR
0.0,0.0,0.0,-0.0004004805766919528,0.020224269122947502,False,ASTOR
0.0,0.0,0.0,-0.0009765625,0.03125,False,ASTOR
0.0,0.0,0.0,-0.0009469696969697239,0.07575757575757569,False,ASTOR
0.0,0.0,0.0,0.0,0.013973799126637543,False,ASTOR
0.0,0.0,0.0,0.0,0.012842465753424737,False,ASTOR
0.0,0.0,0.0,0.0,0.06270903010033435,False,ASTOR
0.0,0.0,0.0,0.0007800312012480326,0.0007800312012480326,False,ASTOR
0.0,0.0,0.0,-0.0007812499999999556,0.018750000000000044,False,ASTOR
0.0,0.0,0.0,0.0,0.02259036144578319,False,ASTOR
0.0,0.0,0.0,-0.0007507507507507061,0.0007507507507507061,False,ASTOR
0.0,0.0,0.0,0.0,0.005251312828207011,False,ASTOR
0.0,0.0,0.0,0.0,-0.014705882352941124,False,ASTOR
0.0,0.0,0.0,-0.0007485029940119681,-0.0359281437125748,False,ASTOR
0.0,0.0,0.0,0.0015723270440251014,-0.01572327044025157,False,ASTOR
0.0,0.0,0.0,-0.0007886435331230235,0.08596214511041,False,ASTOR
0.0,0.0,0.0,-0.005649717514124242,-0.1137005649717514,False,ASTOR
0.0,0.0,0.0,0.0,0.1004784688995215,False,ASTOR
0.0,0.0,0.0,0.0,-0.01795977011494254,False,ASTOR
0.0029197080291971655,-0.03211678832116793,-0.03065693430656935,-0.03065693430656935,-0.08686131386861318,True,ASTOR
0.0,0.0,0.0,0.0007917656373712667,0.046714172604908955,False,ASTOR
0.0,0.0,0.0,0.0,0.08832335329341312,False,ASTOR
0.0,0.0,0.0,0.0006811989100816707,-0.023160762942779245,False,ASTOR
0.0,0.0,0.0,-0.00136986301369868,-0.11575342465753424,False,ASTOR
0.0,0.0,0.0,-0.0007745933384972759,-0.017815646785437678,False,ASTOR
0.0,0.0,0.0,0.0,0.0,False,QUAGR
0.0,0.0,0.0,0.0,-0.03142857142857136,False,QUAGR
0.0,0.0,0.0,0.0029239766081872176,0.02631578947368407,False,QUAGR
0.0,0.0,0.0,0.0,0.014204545454545414,False,QUAGR
0.0,0.0,0.0,0.0,-0.027932960893854775,False,QUAGR
0.0,0.0,0.0,0.0,-0.005747126436781658,False,QUAGR
0.0,0.0,0.0,0.0,-0.01729106628242072,False,QUAGR
0.0,0.0,0.0,0.0,-0.02346041055718473,False,QUAGR
0.0,0.0,0.0,-0.0030030030030030463,-0.009009009009009028,False,QUAGR
0.0,0.0,0.0,0.003030303030303161,0.021212121212121238,False,QUAGR
0.0,0.0,0.0,0.002949852507374562,-0.002949852507374673,False,QUAGR
0.0,0.0,0.0,0.0,0.0,False,QUAGR
0.0,0.0,0.0,0.002915451895043608,0.005830903790087438,False,QUAGR
0.0,0.0,0.0,0.0,0.0,False,QUAGR
0.0,0.0,0.0,0.002949852507374562,-0.005899705014749235,True,QUAGR
0.0,0.0,0.0,0.0029673590504450953,-0.02670623145400597,False,QUAGR
0.0,0.0,0.0,0.0,-0.024464831804281384,False,QUAGR
0.0,0.0,0.0,0.0031347962382446415,0.053291536050156685,False,QUAGR
0.0,0.0,0.0,0.0029761904761904656,0.0,False,QUAGR
0.0,0.0,0.0,0.0,-0.053254437869822424,False,QUAGR
0.0,0.0,0.0,0.0,0.012461059190031154,False,QUAGR
0.0,0.0,0.0,0.0,-0.015290519877675823,False,QUAGR
0.0,0.0,0.0,-0.0030864197530865445,0.012345679012345512,False,QUAGR
0.0,0.0,0.0,0.0,0.003039513677811412,False,QUAGR
0.0,0.0,0.0,0.0,0.0,False,QUAGR
0.0,0.0,0.0,0.0029940119760478723,-0.026946107784431073,False,QUAGR
0.0,0.0,0.0,0.0,-0.006134969325153228,False,QUAGR
0.0,0.0,0.0,-0.0030674846625766694,0.036809815950920255,False,QUAGR
0.0,0.0,0.0,0.0,-0.002941176470588225,False,QUAGR
0.0,0.0,0.0,0.0,0.0029325513196480912,False,QUAGR
0.0,0.0,0.0,0.0029239766081872176,0.0,False,QUAGR
0.0,0.0,0.0,0.0,0.014534883720930258,False,QUAGR
0.0,0.0,0.0,0.0,-0.014326647564469996,False,QUAGR
0.0,0.0,0.0,0.0,-0.049275362318840665,False,QUAGR
0.0,0.0,0.0,0.0,-0.006079027355623157,False,QUAGR
0.0,0.0,0.0,0.0,0.0,False,QUAGR
0.0,0.0,0.0,0.0,-0.012195121951219412,False,QUAGR
0.0,0.0,0.0,0.003076923076922977,0.003076923076922977,False,QUAGR
0.0,0.0,0.0,-0.0030674846625766694,-0.015337423312883347,False,QUAGR
0.0,0.0,0.0,0.0031152647975078995,0.0031152647975078995,False,QUAGR
0.0,0.0,0.0,0.0,-0.012461059190031154,False,QUAGR
0.0,0.0,0.0,0.0,0.018749999999999822,False,QUAGR
0.0,0.0,0.0,-0.003095975232198067,-0.006191950464396245,False,QUAGR
0.0,0.0,0.0,0.0,0.0,False,QUAGR
0.0,0.0,0.0,0.0,-0.02280130293159599,False,QUAGR
0.0,0.0,0.0,0.0033112582781456013,0.009933774834437026,False,QUAGR
0.0,0.0,0.0,0.003278688524590345,0.04262295081967227,False,QUAGR
0.0,0.0,0.0,-0.003144654088050425,-0.028301886792452935,False,QUAGR
0.0,0.0,0.0,0.0,-0.009646302250803762,False,QUAGR
0.0,0.0,0.0,0.0,-0.006493506493506551,False,QUAGR
0.0,0.0,0.0,0.0,-0.016233766233766267,False,QUAGR
0.0,0.0,0.0,0.0032894736842103978,0.009868421052631415,False,QUAGR
0.0,0.0,0.0,0.0032573289902280145,-0.009771986970683932,False,QUAGR
0.0,0.0,0.0,0.0032894736842103978,0.009868421052631415,False,QUAGR
0.0,0.0,0.0,0.0,0.009771986970684043,False,QUAGR
0.0,0.0,0.0,0.0,-0.022580645161290436,False,QUAGR
0.0,0.0,0.0,0.0,-0.00328947368421062,False,QUAGR
0.0,0.0,0.0,0.0,-0.01650165016501648,False,QUAGR
0.0,0.0,0.0,0.0033444816053511683,-0.030100334448160626,False,QUAGR
0.0,0.0,0.0,0.0,-0.003436426116838587,False,QUAGR
0.0,0.0,0.0,0.0,0.020618556701030855,False,QUAGR
0.0,0.0,0.0,0.0,-0.02006688963210701,False,QUAGR
0.0,0.0,0.0,0.0,0.006779661016949268,False,QUAGR
0.0,0.0,0.0,0.0,0.006711409395973256,False,QUAGR
0.0,0.0,0.0,0.003355704697986628,0.0,False,QUAGR
0.0,0.0,0.0,0.0033444816053511683,0.006688963210702115,False,QUAGR
0.0,0.0,0.0,0.0,-0.006644518272425071,False,QUAGR
0.0,0.0,0.0,0.0,-0.029999999999999916,False,QUAGR
0.0,0.0,0.0,0.0,-0.013651877133105783,False,QUAGR
0.0,0.0,0.0,0.0,-0.01730103806228378,False,QUAGR
0.0,0.0,0.0,0.0,-0.0034843205574913716,False,QUAGR
0.0,0.0,0.0,0.0034965034965035446,0.04895104895104896,False,QUAGR
0.0,0.0,0.0,-0.0033444816053512794,-0.0033444816053512794,False,QUAGR
0.0,0.0,0.0,0.0,-0.00666666666666671,False,QUAGR
0.0,0.0,0.0,0.0033444816053511683,0.0,False,QUAGR
0.0,0.0,0.0,0.0,0.0033333333333331883,False,QUAGR
0.0,0.0,0.0,0.0,0.0066225165562914245,False,QUAGR
0.0,0.0,0.0,0.0032679738562091387,-0.006535947712418277,False,QUAGR
0.0,0.0,0.0,0.0,-0.013071895424836666,False,QUAGR
0.0,0.0,0.0,-0.0033003300330032292,-0.01980198019801971,False,QUAGR
0.0,0.0,0.0,0.0,-0.01342281879194629,False,QUAGR
0.0,0.0,0.0,0.003401360544217802,0.003401360544217802,False,QUAGR
0.0,0.0,0.0,0.003401360544217802,0.0,False,QUAGR
0.0,0.0,0.0,-0.003472222222222099,-0.05208333333333326,True,QUAGR
0.0,0.0,0.0,0.0,-0.02573529411764719,False,QUAGR
0.0,0.0,0.0,0.0037735849056603765,0.018867924528301883,False,QUAGR
0.0,0.0,0.0,0.0037037037037035425,0.0037037037037035425,False,QUAGR
0.0,0.0,0.0,0.003676470588235281,-0.011029411764705954,False,QUAGR
0.0,0.0,0.0,0.0,-0.007407407407407418,False,QUAGR
0.0,0.0,0.0,0.0037453183520599342,-0.0074906367041198685,False,QUAGR
0.0,0.0,0.0,0.0,-0.015037593984962405,False,QUAGR
0.0,0.0,0.0,0.0,-0.026615969581748944,False,QUAGR
0.0,0.0,0.0,0.0,-0.027237354085603016,False,QUAGR
0.0,0.0,0.0,0.0,0.019920318725099806,False,QUAGR
0.0,0.0,0.0,0.0,0.01171875,False,QUAGR
0.0,0.0,0.0,0.0038610038610038533,0.011583011583011782,False,QUAGR
0.0,0.0,0.0,0.003816793893129722,-0.011450381679389388,False,QUAGR
0.0,0.0,0.0,0.0,-0.015444015444015413,False,QUAGR
0.0,0.0,0.0,0.0,0.015686274509803866,False,QUAGR
0.0,0.0,0.0,0.0038610038610038533,-0.015444015444015413,False,QUAGR
0.0,0.0,0.0,0.0,0.015625,False,QUAGR
0.0,0.0,0.0,0.003831417624521105,0.003831417624521105,False,QUAGR
0.0,0.0,0.0,0.0,0.003816793893129722,False,QUAGR
0.0,0.0,0.0,0.0,0.0,False,QUAGR
0.0,0.0,0.0,0.0,0.0,False,QUAGR
0.0,0.0,0.0,0.0037878787878786735,0.007575757575757569,False,QUAGR
0.0,0.0,0.0,0.0,-0.03007518796992481,False,QUAGR
0.0,0.0,0.0,0.0,-0.0038610038610037423,False,QUAGR
0.0,0.0,0.0,0.0,0.007722007722007707,False,QUAGR
0.0,0.0,0.0,0.0,-0.007662835249042099,True,QUAGR
0.0,0.0,0.0,0.0,0.007692307692307665,False,QUAGR
0.0,0.0,0.0,-0.0037878787878788955,0.0,False,QUAGR
0.0,0.0,0.0,0.0,0.003875968992248069,True,QUAGR
0.0,0.0,0.0,-0.0038610038610037423,-0.019305019305019266,False,QUAGR
0.0,0.0,0.0,0.003937007874015741,0.003937007874015741,False,QUAGR
0.0,0.0,0.0,0.00390625,0.0078125,False,QUAGR
0.0,0.0,0.0,-0.0038610038610037423,-0.0038610038610037423,False,QUAGR
0.0,0.0,0.0,0.003875968992248069,-0.023255813953488413,False,QUAGR
0.0,0.0,0.0,0.0,-0.019762845849802257,False,QUAGR
0.0,0.0,0.0,0.0,0.04016064257028096,False,QUAGR
0.0,0.0,0.0,0.0,0.01538461538461533,False,QUAGR
0.0,0.0,0.0,0.0037878787878786735,0.02651515151515138,False,QUAGR
0.0,0.0,0.0,0.0,0.003676470588235281,False,QUAGR
0.0,0.0,0.0,0.0,-0.0073260073260073,False,QUAGR
0.0,0.0,0.0,0.0036900369003691758,0.007380073800737907,False,QUAGR
0.0,0.0,0.0,0.0,0.021897810218977964,False,QUAGR
0.0,0.0,0.0,0.0035460992907803135,-0.010638297872340385,False,QUAGR
0.0,0.0,0.0,0.0035714285714285587,0.025000000000000133,False,QUAGR
0.0,0.0,0.0,0.0,0.00694444444444442,False,QUAGR
0.0,0.0,0.0,0.0,0.020618556701030855,False,QUAGR
0.0,0.0,0.0,-0.0033333333333332993,0.0,False,QUAGR
0.0,0.0,0.0,0.0,0.01655629139072845,False,QUAGR
0.0,0.0,0.0,0.0,-0.009740259740259827,False,QUAGR
0.0,0.0,0.0,0.0032679738562091387,-0.02941176470588236,False,QUAGR
0.0,0.0,0.0,0.0,0.01672240802675584,False,QUAGR
0.0,0.0,0.0,0.0,0.01980198019801982,False,QUAGR
0.0,0.0,0.0,0.0,-0.009771986970683932,False,QUAGR
0.0,0.0,0.0,0.0033112582781456013,0.009933774834437026,False,QUAGR
0.0,0.0,0.0,0.0,-0.006557377049180357,False,QUAGR
0.0,0.0,0.0,0.0,0.009933774834437026,False,QUAGR
0.0,0.0,0.0,0.0,-0.003278688524590123,False,QUAGR
0.0,0.0,0.0,0.0032679738562091387,0.016339869281045694,False,QUAGR
0.0,0.0,0.0,0.0,0.01602564102564097,False,QUAGR
0.0,0.0,0.0,0.0,-0.006249999999999978,False,QUAGR
0.0,0.0,0.0,0.0031347962382446415,-0.00940438871473348,False,QUAGR
0.0,0.0,0.0,0.0,0.0031645569620253333,False,QUAGR
0.0,0.0,0.0,0.0,0.0,False,QUAGR
0.0,0.0,0.0,0.0,0.025236593059936974,False,QUAGR
0.0,0.0,0.0,0.003095975232198178,0.003095975232198178,False,QUAGR
0.0,0.0,0.0,0.0030864197530864335,0.012345679012345512,False,QUAGR
0.0,0.0,0.0,0.003039513677811412,0.015197568389057725,True,QUAGR
0.0,0.0,0.0,-0.0029761904761904656,-0.008928571428571397,False,QUAGR
0.0,0.0,0.0,0.0,-0.005988023952095856,False,QUAGR
0.0,0.0,0.0,0.0,0.05705705705705699,False,QUAGR
0.0,0.0,0.0,0.0,0.011363636363636465,False,QUAGR
0.0,0.0,0.0,-0.002808988764045006,-0.03370786516853941,False,QUAGR
0.0,0.0,0.0,0.0,-0.008645533141210415,False,QUAGR
0.0,0.0,0.0,0.0,0.02318840579710124,False,QUAGR
0.0,0.0,0.0,0.0,0.0,False,QUAGR
0.0,0.0,0.0,0.0028248587570620654,0.008474576271186418,False,QUAGR
0.0,0.0,0.0,0.0,-0.02506963788300831,False,QUAGR
0.0,0.0,0.0,-0.002865329512894088,0.008595988538681931,False,QUAGR
0.0,0.0,0.0,0.0,0.0028409090909089496,False,QUAGR
0.0,0.0,0.0,0.0,-0.011299435028248594,False,QUAGR
0.0,0.0,0.0,0.0,0.005698005698005604,False,QUAGR
0.0,0.0,0.0,0.0,-0.019943019943019946,False,QUAGR
0.0,0.0,0.0,0.0029069767441860517,0.011627906976744207,False,QUAGR
0.0,0.0,0.0,0.0,-0.008595988538682042,False,QUAGR
0.0,0.0,0.0,0.0,0.0,False,QUAGR
0.0,0.0,0.0,0.0,-0.008645533141210415,False,QUAGR
0.0,0.0,0.0,-0.0028985507246377384,-0.011594202898550732,False,QUAGR
0.0,0.0,0.0,0.0,0.03801169590643272,False,QUAGR
0.0,0.0,0.0,0.0,-0.036619718309859106,False,QUAGR
0.0,0.0,0.0,0.002915451895043608,0.002915451895043608,False,QUAGR
0.0,0.0,0.0,0.0,-0.008695652173913104,False,QUAGR
0.0,0.0,0.0,0.0,-0.014534883720930147,False,QUAGR
0.0,0.0,0.0,0.0,0.008849557522123908,True,QUAGR
0.0,0.0,0.0,0.0,-0.008746355685131268,False,QUAGR
0.0,0.0,0.0,0.0029325513196480912,0.0,False,QUAGR
0.0,0.0,0.0,0.0,-0.014619883040935644,False,QUAGR
0.0,0.0,0.0,0.002941176470588225,0.0,False,QUAGR
0.0,0.0,0.0,0.0,0.002941176470588225,False,QUAGR
0.0,0.0,0.0,0.0,-0.014662756598240567,False,QUAGR
0.0,0.0,0.0,0.0,0.01183431952662728,False,QUAGR
0.0,0.0,0.0,-0.0029239766081871066,-0.0292397660818714,False,QUAGR
0.0,0.0,0.0,0.0029940119760478723,0.0029940119760478723,False,QUAGR
0.0,0.0,0.0,0.0029761904761904656,-0.011904761904761862,False,QUAGR
0.0,0.0,0.0,0.003012048192771122,0.015060240963855609,False,QUAGR
0.0,0.0,0.0,0.0,0.0029673590504450953,False,QUAGR
0.0,0.0,0.0,0.0,0.0,False,QUAGR
0.0,0.0,0.0,0.005934718100890191,-0.008902077151335397,False,QUAGR
0.0,0.0,0.0,0.0029940119760478723,-0.005988023952095856,False,QUAGR
0.0,0.0,0.0,0.0030030030030030463,0.04204204204204198,False,QUAGR
0.0,0.0,0.0,0.0,0.014367816091954033,False,QUAGR
0.0,0.0,0.0,0.0,0.008474576271186418,False,QUAGR
0.0,0.0,0.0,0.0027932960893854997,0.016759776536312776,True,QUAGR
0.0,0.0,0.0,0.0027548209366392573,0.016528925619834656,False,QUAGR
0.0,0.0,0.0,0.0,0.0602739726027397,False,QUAGR
0.0,0.0,0.0,0.0,0.017948717948718107,True,QUAGR
0.0,0.0,0.0,0.0,0.0653266331658291,False,QUAGR
0.0,0.0,0.0,0.0,0.0023474178403755097,False,QUAGR
0.0,0.0,0.0,0.002336448598130758,-0.02336448598130858,False,QUAGR
0.0,0.0,0.0,0.0,-0.010204081632653073,True,QUAGR
0.0,0.0,0.0,0.0025839793281652312,0.010335917312661591,False,QUAGR
0.0,0.0,0.0,0.002557544757033181,-0.06649616368286448,False,QUAGR
0.0,0.0,0.0,0.002702702702702675,0.010810810810810922,False,QUAGR
0.0,0.0,0.0,0.0,0.05729166666666652,False,QUAGR
0.0,0.0,0.0,-0.0024752475247524774,0.012376237623762387,False,QUAGR
0.0,0.0,0.0,0.002421307506053294,-0.007263922518159882,False,QUAGR
0.0,0.0,0.0,0.0024390243902441266,0.0,False,QUAGR
0.0,0.0,0.0,0.0024390243902441266,0.0024390243902441266,False,QUAGR
0.0,0.0,0.0,0.0024390243902441266,0.04878048780487809,False,QUAGR
0.0,0.0,0.0,0.0023148148148146586,-0.01620370370370372,False,QUAGR
0.0,0.0,0.0,-0.0024449877750610804,0.04645476772616153,True,QUAGR
0.0,0.0,0.0,0.0,0.044083526682134666,False,QUAGR
0.0,0.0,0.0,-0.0022222222222221255,0.04222222222222238,False,QUAGR
0.0,0.0,0.0,0.0,-0.010438413361169019,False,QUAGR
0.0,0.0,0.0,-0.0021141649048627142,0.0021141649048626032,False,QUAGR
0.0,0.0,0.0,0.00210526315789461,0.06736842105263174,False,QUAGR
0.0,0.0,0.0,0.0,-0.013698630136986356,False,QUAGR
0.0,0.0,0.0,-0.001984126984126977,-0.02777777777777768,False,QUAGR
0.0,0.0,0.0,0.0,0.03665987780040725,False,QUAGR
0.0,0.0,0.0,0.0,-0.009727626459143934,False,QUAGR
0.0,0.0,0.0,0.0019607843137257053,-0.01764705882352935,False,QUAGR
0.0,0.0,0.0,0.001984126984126977,0.005952380952380931,False,QUAGR
0.0,0.0,0.0,0.001976284584980448,0.005928853754940677,False,QUAGR
0.0,0.0,0.0,0.001953125,0.0546875,False,QUAGR
0.0,0.0,0.0,0.0,-0.007421150278293154,False,QUAGR
0.0,0.0,0.0,0.0018621973929235924,0.005586592178770999,False,QUAGR
0.0,0.0,0.0,0.0,-0.01666666666666683,False,QUAGR
0.0,0.0,0.0,0.0,-0.005607476635513864,False,QUAGR
0.0,0.0,0.0,0.0018518518518517713,-0.0037037037037037646,False,QUAGR
0.0,0.0,0.0,0.0018416206261511192,0.025782688766114337,False,QUAGR
0.0,0.0,0.0,0.0017921146953405742,-0.016129032258064502,False,QUAGR
0.0,0.0,0.0,-0.0018050541516244634,-0.009025270758122761,False,QUAGR
0.0,0.0,0.0,0.0,0.01098901098901095,False,QUAGR
0.0,0.0,0.0,0.0,-0.012522361359570744,False,QUAGR
0.0,0.0,0.0,0.00366300366300365,0.001831501831501825,False,QUAGR
0.0,0.0,0.0,-0.001828153564899404,0.04936014625228524,False,QUAGR
0.0,0.0,0.0,-0.0017241379310344307,-0.006896551724137945,False,QUAGR
0.0,0.0,0.0,-0.0017241379310344307,0.01379310344827589,False,QUAGR
0.0,0.0,0.0,0.0,-0.008474576271186529,False,QUAGR
0.0,0.0,0.0,0.0,-0.022108843537414935,False,QUAGR
0.0,0.0,0.0,0.0017301038062282892,-0.00692041522491349,False,QUAGR
0.0,0.0,0.0,0.0,-0.008695652173912993,False,QUAGR
0.0,0.0,0.0,0.007366482504604033,0.05340699815837935,True,QUAGR
0.0,0.0,0.0,0.0,-0.006980802792321161,False,QUAGR
0.0,0.0,0.0,0.0,0.0,False,QUAGR
0.0,0.0,0.0,0.0017574692442881013,-0.0017574692442883233,False,QUAGR
0.0,0.0,0.0,0.0035335689045936647,-0.014134275618374548,False,QUAGR
0.0,0.0,0.0,0.0,0.005376344086021501,False,QUAGR
0.0,0.0,0.0,0.0,0.02659574468085113,False,QUAGR
0.0,0.0,0.0,0.0017241379310344307,0.0017241379310344307,False,QUAGR
0.013745704467353903,-0.001718213058419349,0.0068728522336769515,0.0068728522336769515,0.02405498281786933,True,QUAGR
0.0,0.0,0.0,0.0016750418760469454,-0.008375209380234505,False,QUAGR
0.0,0.0,0.0,0.0,0.0404721753794266,False,QUAGR
0.0,0.0,0.0,0.003273322422258529,0.016366612111292866,False,QUAGR
0.0,0.0,0.0,0.0033333333333331883,0.0,False,QUAGR
0.0,0.0,0.0,0.0,0.011666666666666714,False,QUAGR
0.0,0.0,0.0,0.0,0.006557377049180246,False,QUAGR
0.0,0.0,0.0,0.0,-0.034035656401944836,False,QUAGR
0.0,0.0,0.0,0.0016750418760469454,-0.005025125628140614,False,QUAGR
0.0,0.0,0.0,0.0,0.0,False,QUAGR
0.0,0.0,0.0,0.0,0.0,False,QUAGR
0.0,0.0,0.0,0.0016393442622952836,-0.0016393442622950616,False,QUAGR
0.0,0.0,0.0,0.0016420361247946325,-0.0016420361247947435,False,QUAGR
0.0,0.0,0.0,0.0016420361247946325,0.0016420361247946325,False,QUAGR
0.0,0.0,0.0,0.0016393442622952836,-0.006557377049180357,False,QUAGR
0.0,0.0,0.0,0.0,0.013136288998357948,False,QUAGR
0.0,0.0,0.0,0.0,-0.003225806451612967,True,QUAGR
0.0,0.0,0.0,0.001612903225806317,-0.008064516129032251,False,QUAGR
0.0,0.0,0.0,0.0,-0.022617124394184285,False,QUAGR
0.0,0.0,0.0,0.0016474464579900872,0.0016474464579900872,False,QUAGR
0.0,0.0,0.0,0.0,0.014827018121911006,False,QUAGR
0.0,0.0,0.0,0.0,-0.004870129870129913,False,QUAGR
0.0,0.0,0.0,0.0,0.02782324058919805,False,QUAGR
0.0,0.0,0.0,0.0,-0.022222222222222143,False,QUAGR
0.0,0.0,0.0,0.0016207455429497752,0.03889789303079416,False,QUAGR
0.0,0.0,0.0,0.0,0.027906976744185963,False,QUAGR
0.0,0.0,0.0,0.0,-0.026666666666666616,False,QUAGR
0.0,0.0,0.0,-0.001494768310911887,-0.007473841554559102,False,QUAGR
0.0,0.0,0.0,0.0,-0.014970059880239472,False,QUAGR
0.0,0.0,0.0,0.0,0.007575757575757791,False,QUAGR
0.0,0.0,0.0,-0.0029850746268657025,0.04477611940298498,False,QUAGR
0.0,0.0,0.0,-0.0014265335235377208,-0.025677603423680417,False,QUAGR
0.0,0.0,0.0,0.0,-0.0029069767441859407,True,QUAGR
0.0,0.0,0.0,0.0,-0.004354136429608024,False,QUAGR
0.0,0.0,0.0,-0.0014492753623189802,0.0028985507246375164,False,QUAGR
0.0,0.0,0.0,0.0014450867052022698,-0.013005780346820761,False,QUAGR
0.0,0.0,0.0,0.0,-0.011644832605531286,False,QUAGR
0.0,0.0,0.0,0.0014705882352941124,0.0117647058823529,False,QUAGR
0.0,0.0,0.0,0.0,-0.00868306801736618,False,QUAGR
0.0,0.0,0.0,0.0,0.051948051948051965,False,QUAGR
0.0,0.0,0.0,0.0,-0.012311901504787892,False,QUAGR
0.0,0.0,0.0,0.0,-0.0109439124487003,False,QUAGR
0.0,0.0,0.0,0.0,0.0013793103448276334,False,QUAGR
0.0,0.0,0.0,-0.005464480874316946,0.020491803278688492,False,QUAGR
0.0,0.0,0.0,0.0,0.005291005291005346,False,QUAGR
0.0,0.0,0.0,0.0,-0.007894736842105177,False,QUAGR
0.0,0.0,0.0,0.0013210039630118242,-0.014531043593130843,False,QUAGR
0.0,0.0,0.0,-0.0013333333333332975,-0.013333333333333308,False,QUAGR
0.0,0.0,0.0,0.0,0.004054054054053902,False,QUAGR
0.0,0.0,0.0,0.0,-0.008053691275167862,False,QUAGR
0.0,0.0,0.0,0.0,-0.013477088948786964,False,QUAGR
0.0,0.0,0.0,0.0013605442176871652,0.0027210884353741083,False,QUAGR
0.0,0.0,0.0,0.0,0.005390835579514919,False,QUAGR
0.0,0.0,0.0,0.0013333333333334085,-0.007999999999999896,False,QUAGR
0.0,0.0,0.0,0.0,0.0013386880856760541,False,QUAGR
0.0,0.0,0.0,-0.0013280212483400833,-0.0026560424966800555,False,QUAGR
0.0,0.0,0.0,0.0,-0.018641810918774926,False,QUAGR
0.0,0.0,0.0,0.0,0.005398110661268607,True,QUAGR
0.0,0.0,0.0,0.0,0.00402684563758382,False,QUAGR
0.0,0.0,0.0,0.0,0.04365079365079372,False,QUAGR
0.0,0.0,0.0,0.0,0.012804097311139628,False,QUAGR
0.0,0.0,0.0,0.0012626262626262985,0.05555555555555558,False,QUAGR
0.0,0.0,0.0,0.0,0.09036860879904873,False,QUAGR
0.0,0.0,0.0,0.0,-0.0380848748639826,False,QUAGR
0.0,0.0,0.0,0.0,0.04783599088838275,False,QUAGR
0.0,0.0,0.0,0.0,0.023681377825619077,False,QUAGR
0.0,0.0,0.0,0.0,0.019916142557652172,False,QUAGR
0.0,0.0,0.0,0.0010330578512396382,-0.051652892561983466,False,QUAGR
0.0,0.0,0.0,0.0,0.006458557588805203,False,QUAGR
0.0,0.0,0.0,0.0,0.0685224839400429,False,QUAGR
0.0,0.0,0.0,0.0,0.09619238476953895,False,QUAGR
0.0,0.0,0.0,0.0009124087591241281,0.03284671532846706,False,QUAGR
0.0,0.0,0.0,0.0,0.003490401396160525,False,QUAGR
0.0,0.0,0.0,0.0,-0.029437229437229373,False,QUAGR
0.0,0.0,0.0,0.0,-0.005357142857142727,True,QUAGR
0.0,0.0,0.0,-0.0009009009009008917,0.003603603603603789,False,QUAGR
0.0,0.0,0.0,-0.0008984725965859308,-0.010781671159029727,False,QUAGR
0.0,0.0,0.0,0.0,-0.019073569482288777,False,QUAGR
0.0,0.0,0.0,-0.0009259259259261077,-0.05555555555555569,False,QUAGR
0.0,0.0,0.0,-0.0009803921568627416,-0.02941176470588225,False,QUAGR
0.0,0.0,0.0,-0.0030364372469636747,0.015182186234817596,False,QUAGR
0.0,0.0,0.0,0.0,-0.009970089730807596,False,QUAGR
0.0,0.0,0.0,0.0,-0.09667673716012071,False,QUAGR
0.0,0.0,0.0,0.0,-0.00786516853932584,False,QUAGR
0.0,0.0,0.0,0.0011376564277589818,0.05119453924914685,False,QUAGR
0.0,0.0,0.0,0.0,-0.03510638297872337,False,QUAGR
0.0,0.0,0.0,0.0,-0.024255788313120252,False,QUAGR
0.0,0.0,0.0,-0.0011273957158962622,0.0969560315670801,False,QUAGR
0.0,0.0,0.0,-0.0010000000000000009,-0.018000000000000016,True,QUAGR
0.0,0.0,0.0,-0.0010266940451745254,-0.06570841889117052,False,QUAGR
0.0,0.0,0.0,0.003296703296703507,-0.04835164835164829,False,QUAGR
0.0,0.0,0.0,0.0011467889908256534,-0.004587155963302836,False,QUAGR
0.0,0.0,0.0,0.0,0.01382488479262678,False,QUAGR
0.0,0.0,0.0,0.0,0.010215664018161208,False,QUAGR
0.0,0.0,0.0,0.0,0.02134831460674147,False,QUAGR
0.0,0.0,0.0,0.0,-0.0327510917030569,False,QUAGR
0.0,0.0,0.0,0.0011223344556676729,0.02581369248035914,False,QUAGR
0.0,0.0,0.0,0.0010905125408942062,-0.0065430752453653485,False,QUAGR
0.0,0.0,0.0,0.0,0.016304347826086918,False,QUAGR
0.0,0.0,0.0,0.0,-0.04171122994652399,False,QUAGR
0.00557413600891854,-0.013377926421404784,-0.004459308807134965,-0.004459308807134965,-0.018952062430323324,True,QUAGR
0.0,0.0,0.0,0.0011325028312569874,-0.020385050962627327,False,QUAGR
0.0,0.0,0.0,-0.004587155963302836,0.002293577981651307,False,QUAGR
0.0,0.0,0.0,0.0,-0.011173184357541888,False,QUAGR
0.0,0.0,0.0,-0.0011312217194570096,-0.004524886877827927,False,QUAGR
0.0,0.0,0.0,0.0011337868480725266,0.053287981859410305,False,QUAGR
0.0,0.0,0.0,0.0010604453870626251,-0.012725344644750725,False,QUAGR
0.0,0.0,0.0,-0.0010764262648008671,-0.09795479009687824,False,QUAGR
0.0,0.0,0.0,0.0,0.0,False,QUAGR
0.0,0.0,0.0,0.0,0.0,False,QUAGR
0.0,0.0,0.0,0.0,0.0,False,QUAGR
0.0,0.0,0.0,0.0,-0.019572953736654908,True,QUAGR
0.0,0.0,0.0,0.0035906642728904536,-0.07719928186714553,False,QUAGR
0.0,0.0,0.0,0.0,-0.05566218809980805,False,QUAGR
0.0,0.0,0.0,0.0,-0.09959349593495936,False,QUAGR
0.0,0.0,0.0,-0.0022883295194507935,-0.07322654462242573,False,QUAGR
0.0,0.0,0.0,0.0,-0.10514018691588789,False,QUAGR
0.0,0.0,0.0,-0.002617801047120394,-0.005235602094240788,False,QUAGR
0.0,0.0,0.0,-0.0026525198938992522,0.021220159151193574,False,QUAGR
0.0,0.0,0.0,0.0,-0.04092071611253201,False,QUAGR
0.0,0.0,0.0,0.002666666666666595,-0.08266666666666667,False,QUAGR
0.0,0.0,0.0,0.0029069767441860517,0.0029069767441860517,False,QUAGR
0.0,0.0,0.0,-0.0028818443804035088,-0.03458213256484155,False,QUAGR
0.0,0.0,0.0,0.0029850746268655914,0.09850746268656718,False,QUAGR
0.0,0.0,0.0,0.002645502645502784,-0.060846560846560815,False,QUAGR
0.0,0.0,0.0,0.0,0.01680672268907557,False,QUAGR
0.0,0.0,0.0,-0.002739726027397249,-0.03835616438356171,False,QUAGR
0.0,0.0,0.0,0.002849002849002913,0.01139601139601143,False,QUAGR
0.0,0.0,0.0,0.0028011204481792618,-0.03361344537815114,False,QUAGR
0.0,0.0,0.0,0.0028901734104047616,-0.037572254335260125,False,QUAGR
0.0,0.0,0.0,0.0,-0.008928571428571397,False,QUAGR
0.0,0.0,0.0,0.0,-0.023880597014925398,False,QUAGR
0.0,0.0,0.0,0.0,-0.07878787878787874,False,QUAGR
0.0,0.0,0.0,0.0,0.0,False,QUAGR
0.0,0.0,0.0,0.0032679738562091387,-0.05228758169934644,False,QUAGR
0.0,0.0,0.0,0.0,-0.03436426116838487,False,QUAGR
0.0,0.0,0.0,-0.0035460992907800915,0.028368794326241176,False,QUAGR
0.0,0.0,0.0,0.0,0.010309278350515427,False,QUAGR
0.0,0.0,0.0,0.0,-0.027118644067796627,False,QUAGR
0.0,0.0,0.0,0.0,-0.01041666666666663,False,QUAGR
0.0,0.0,0.0,-0.0034965034965034336,-0.01748251748251739,False,QUAGR
0.0,0.0,0.0,0.0,-0.021276595744680882,False,QUAGR
0.0,0.0,0.0,0.0036231884057971175,-0.010869565217391242,False,QUAGR
0.0,0.0,0.0,-0.0036496350364964014,-0.02919708029197088,False,QUAGR
0.0,0.0,0.0,0.0,0.05617977528089879,False,QUAGR
0.0,0.0,0.0,0.0035460992907803135,0.010638297872340496,False,QUAGR
0.0,0.0,0.0,0.0035211267605634866,0.073943661971831,False,QUAGR
0.0,0.0,0.0,0.006896551724137945,-0.037931034482758585,True,QUAGR
0.0,0.0,0.0,-0.0035842293906810374,-0.02508960573476693,False,QUAGR
0.0,0.0,0.0,0.0,-0.04761904761904756,False,QUAGR
0.0,0.0,0.0,0.0,-0.03448275862068961,False,QUAGR
0.0,0.0,0.0,0.0039525691699606735,0.0,False,QUAGR
0.0,0.0,0.0,0.0,-0.039215686274509665,False,QUAGR
0.0,0.0,0.0,0.0,0.061224489795918435,False,QUAGR
0.0,0.0,0.0,-0.00387596899224818,-0.03488372093023251,False,QUAGR
0.0,0.0,0.0,0.0040322580645162365,0.06048387096774199,False,QUAGR
0.0,0.0,0.0,0.0,0.0038022813688214363,False,QUAGR
0.0,0.0,0.0,0.0037735849056603765,0.015094339622641506,False,QUAGR
0.0,0.0,0.0,0.0,-0.014869888475836479,False,QUAGR
0.0,0.0,0.0,0.0037735849056603765,0.0,False,QUAGR
0.0,0.0,0.0,0.0,0.015037593984962516,False,QUAGR
0.0,0.0,0.0,0.0,-0.014760147601476037,False,QUAGR
0.0,0.0,0.0,0.0,0.0037453183520599342,False,QUAGR
0.0,0.0,0.0,0.003731343283581934,-0.003731343283582156,False,QUAGR
0.0,0.0,0.0,0.0,0.0074906367041198685,False,QUAGR
0.0,0.0,0.0,0.0,-0.007407407407407418,False,QUAGR
0.0,0.0,0.0,0.0,-0.02230483271375472,False,QUAGR
0.0,0.0,0.0,0.0,0.00766283524904221,False,QUAGR
0.0,0.0,0.0,0.0038022813688214363,-0.0038022813688212143,False,QUAGR
0.0,0.0,0.0,-0.0038022813688212143,0.0,False,QUAGR
0.0,0.0,0.0,0.0,0.011406844106463865,False,QUAGR
0.0,0.0,0.0,0.0,0.0074906367041198685,False,QUAGR
0.0,0.0,0.0,0.003717472118959231,0.07806691449814118,False,QUAGR
0.0,0.0,0.0,0.0,0.010309278350515427,False,QUAGR
0.0,0.0,0.0,0.0,-0.030612244897959107,True,QUAGR
0.0,0.0,0.0,0.0,0.08041958041958042,False,QUAGR
0.0,0.0,0.0,0.0,0.09708737864077688,True,QUAGR
0.0,0.0,0.0,0.0028901734104047616,-0.043352601156069315,True,QUAGR
0.0,0.0,0.0,0.003012048192771122,-0.033132530120481896,False,QUAGR
0.0,0.0,0.0,0.0,-0.04658385093167716,False,QUAGR
0.0,0.0,0.0,0.0,-0.05825242718446588,False,QUAGR
0.0,0.0,0.0,-0.0033783783783782884,-0.016891891891891886,False,QUAGR
0.0,0.0,0.0,0.0034129692832762792,-0.020477815699658675,False,QUAGR
0.0,0.0,0.0,-0.003472222222222099,-0.01736111111111105,False,QUAGR
0.0,0.0,0.0,0.0035211267605634866,-0.03169014084507038,False,QUAGR
0.0,0.0,0.0,0.0,0.0072202166064982976,False,QUAGR
0.0,0.0,0.0,0.0035714285714285587,0.0,False,QUAGR
0.0,0.0,0.0,-0.0038610038610037423,0.015444015444015413,False,QUAGR
0.0,0.0,0.0,-0.0038022813688212143,0.0076045627376426506,False,QUAGR
0.0,0.0,0.0,0.003759398496240518,0.09398496240601495,False,QUAGR
0.0,0.0,0.0,0.0,0.07023411371237454,True,QUAGR
0.0,0.0,0.0,0.0,-0.10000000000000009,True,QUAGR
0.0,0.0,0.0,0.0,0.021818181818181737,False,QUAGR
0.0,0.0,0.0,-0.0034602076124568004,-0.00692041522491349,False,QUAGR
0.0,0.0,0.0,0.0,0.03846153846153855,False,QUAGR
0.0,0.0,0.0,0.0,0.03367003367003352,False,QUAGR
0.0,0.0,0.0,0.0,0.02941176470588225,False,QUAGR
0.0,0.0,0.0,0.0031645569620253333,-0.009493670886076,False,QUAGR
0.0,0.0,0.0,0.0031645569620253333,0.009493670886075778,False,QUAGR
0.0,0.0,0.0,-0.0031250000000000444,-0.04375000000000007,False,QUAGR
0.006557377049180246,-0.00983606557377048,-0.00983606557377048,-0.006557377049180357,0.022950819672131306,True,QUAGR
0.0,0.0,0.0,0.0,-0.006451612903225823,False,QUAGR
0.0,0.0,0.0,0.0,-0.02941176470588236,False,QUAGR
0.0,0.0,0.0,0.0033444816053511683,0.013377926421404451,False,QUAGR
0.0,0.0,0.0,0.0033003300330034513,0.0033003300330034513,False,QUAGR
0.0,0.0,0.0,0.003278688524590345,-0.032786885245901565,False,QUAGR
0.0,0.0,0.0,0.0034246575342467,-0.03424657534246578,False,QUAGR
0.0,0.0,0.0,0.0035335689045936647,0.0176678445229681,False,QUAGR
0.0,0.0,0.0,0.0034246575342467,0.08219178082191791,False,QUAGR
0.0,0.0,0.0,0.0,-0.006172839506172867,True,QUAGR
0.0,0.0,0.0,0.0,-0.009375000000000022,False,QUAGR
0.0,0.0,0.0,0.0031446540880502027,0.04402515723270439,False,QUAGR
0.0,0.0,0.0,0.0,0.0030487804878049918,False,QUAGR
0.0,0.0,0.0,0.002941176470588225,0.01764705882352935,False,QUAGR
0.0,0.0,0.0,-0.0028169014084505895,0.0,False,QUAGR
0.0,0.0,0.0,-0.0028248587570621764,0.0028248587570620654,False,QUAGR
0.0,0.0,0.0,0.0,-0.031339031339031265,False,QUAGR
0.0,0.0,0.0,0.002915451895043608,0.04081632653061207,False,QUAGR
0.0,0.0,0.0,-0.0028011204481792618,0.08123249299719881,False,QUAGR
0.0,0.0,0.0,0.0,0.05943152454780343,False,QUAGR
0.0,0.0,0.0,0.002421307506053294,-0.007263922518159882,False,QUAGR
0.0,0.0,0.0,0.0,0.0,False,QUAGR
0.0,0.0,0.0,0.0024875621890549926,-0.01243781094527352,False,QUAGR
0.0,0.0,0.0,0.0,-0.03740648379052369,False,QUAGR
0.0,0.0,0.0,0.0025706940874035134,-0.0025706940874036244,False,QUAGR
0.0,0.0,0.0,0.002564102564102555,0.0692307692307692,False,QUAGR
0.0,0.0,0.0,-0.0024154589371979673,-0.09178743961352653,True,QUAGR
0.0,0.0,0.0,0.0,0.0,False,QUAGR
0.0,0.0,0.0,0.0,0.07826086956521738,False,QUAGR
0.0,0.0,0.0,0.0,-0.023622047244094446,False,QUAGR
0.0,0.0,0.0,0.0,0.02144772117962468,False,QUAGR
0.0,0.0,0.0,-0.0025974025974027093,-0.04415584415584417,False,QUAGR
0.0,0.0,0.0,-0.0026881720430108613,0.045698924731182755,False,QUAGR
0.0,0.0,0.0,0.0025706940874035134,0.028277634961439535,False,QUAGR
0.0,0.0,0.0,0.0,0.0024875621890549926,False,QUAGR
0.0,0.0,0.0,0.0024752475247524774,-0.012376237623762387,False,QUAGR
0.0,0.0,0.0,0.0024875621890549926,-0.06716417910447747,False,QUAGR
0.0,0.0,0.0,0.0026595744680850686,-0.02659574468085102,False,QUAGR
0.0,0.0,0.0,-0.0027247956403269047,-0.04087193460490457,False,QUAGR
0.0,0.0,0.0,-0.002849002849002802,0.05128205128205132,False,QUAGR
0.0,0.0,0.0,-0.0026881720430108613,-0.005376344086021501,False,QUAGR
0.0,0.0,0.0,0.0,-0.10242587601078168,False,QUAGR
0.0,0.0,0.0,0.003058103975535076,0.07033639143730896,False,QUAGR
0.0,0.0,0.0,0.0,0.08450704225352124,False,QUAGR
0.0,-0.04081632653061229,-0.0357142857142857,-0.03826530612244894,-0.03826530612244894,True,QUAGR
0.0,0.0,0.0,0.0026109660574411553,0.044386422976501194,False,QUAGR
0.0,0.0,0.0,0.0024752475247524774,0.054455445544554504,False,QUAGR
0.0,0.0,0.0,-0.0023419203747072626,0.05386416861826704,False,QUAGR
0.0,0.0,0.0,0.0,-0.09051724137931039,False,QUAGR
0.0,0.0,0.0,0.0,0.004739336492891155,False,QUAGR
0.0,0.0,0.0,-0.0017783041877825756,-0.007705986987208813,False,SARKY
0.0,0.0,0.0,-0.0005934714469616464,-0.03442136469529533,False,SARKY
0.0,0.0,0.0,0.00242424215243342,0.01212121197428817,False,SARKY
0.0,0.0,0.0,0.0005988026275594027,0.026946108060525775,False,SARKY
0.0,0.0,0.0,0.0011641448058701265,-0.026193247654770713,False,SARKY
0.0,0.0,0.0,0.0006006008336263413,0.03783783810405006,False,SARKY
0.0,0.0,0.0,0.0,-0.026759743949243298,False,SARKY
0.0,0.0,0.0,0.0018083183632049415,-0.026522001253869165,False,SARKY
0.0,0.0,0.0,0.0,-0.011764705496266403,False,SARKY
0.0,0.0,0.0,0.0,-0.0025094106341378986,False,SARKY
0.0,0.0,0.0,0.0012499998601562812,0.04125000038515636,False,SARKY
0.0,0.0,0.0,0.0023952093126322627,0.011377245732009156,False,SARKY
0.0,0.0,0.0,0.0,-0.004759072042186174,False,SARKY
0.0,0.0,0.0,0.0,-0.02809324580544914,False,SARKY
0.0,0.0,0.0,0.0,0.03067484624938821,False,SARKY
0.0,0.0,0.0,0.001799640170586203,0.04859028220630646,False,SARKY
0.0,0.0,0.0,0.0005714287931430917,0.018285714523428753,True,SARKY
0.0,0.0,0.0,-0.00055555577098787,0.0016666662018516298,False,SARKY
0.0,0.0,0.0,0.0,-0.009983361058432005,False,SARKY
0.0,0.0,0.0,0.0,-0.029559397419598676,False,SARKY
0.0,0.0,0.0,0.0,0.002873563183709793,False,SARKY
0.0,0.0,0.0,0.0,0.014172335427368177,False,SARKY
0.0,0.0,0.0,0.0,0.05849582156718225,True,SARKY
0.0,0.0,0.0,0.0,0.0,False,SARKY
0.0,0.0,0.0,0.002631578915512467,-0.0036842103764542777,False,SARKY
0.0,0.0,0.0,0.0,0.02933333297351104,False,SARKY
0.0,0.0,0.0,0.0,-0.028292181240897385,False,SARKY
0.0,0.0,0.0,0.004232804287114034,-0.010582010982335466,False,SARKY
0.0,0.0,0.0,0.0,-0.0330843116607763,False,SARKY
0.0,0.0,0.0,0.0011019282511062212,-0.00936639151181251,False,SARKY
0.0,0.0,0.0,0.0,-0.016129031845419473,False,SARKY
0.0,0.0,0.0,-0.007250418319180718,-0.008923591305532219,False,SARKY
0.0,0.0,0.0,-0.0005621137649570729,-0.0219224284016164,False,SARKY
0.0,0.0,0.0,0.0005711018776572985,-0.022844089383858734,False,SARKY
0.0,0.0,0.0,0.002922267644877685,0.00467562834869506,False,SARKY
0.0,0.0,0.0,0.000580719737468538,-0.013937282410049212,False,SARKY
0.0,0.0,0.0,-0.000588927790402316,-0.005300353058264262,False,SARKY
0.0,0.0,0.0,0.0005917162060153913,-0.0029585798466439384,False,SARKY
0.0,0.0,0.0,0.001799640170586203,0.004199159998114377,False,SARKY
0.0,0.0,0.0,0.0023866345771554887,0.008353221616702822,False,SARKY
0.0,0.0,0.0,0.0,-0.019503546568750862,False,SARKY
0.0,0.0,0.0,0.002408187568255782,0.009632750875070206,False,SARKY
0.0,0.0,0.0,-0.0006024098722603455,0.0024096382842209163,True,SARKY
0.0,0.0,0.0,-0.012523481380437351,-0.030056355438284443,True,SARKY
0.0,0.0,0.0,0.0012795903873523695,-0.03007037762165632,False,SARKY
0.0,0.0,0.0,-0.0019569472696566725,-0.007175473104635621,False,SARKY
0.0,0.0,0.0,-0.0032894736452561135,0.018421052545013916,False,SARKY
0.0,0.0,0.0,0.0,-0.03772378510123875,False,SARKY
0.0,0.0,0.0,0.0,-0.01661129548238982,False,SARKY
0.0,0.0,0.0,0.0,-0.002027027137509241,False,SARKY
0.0,0.0,0.0,0.0006738547089895075,-0.0229110513455294,False,SARKY
0.0,0.0,0.0,0.0006877574882360182,0.023383769042947478,False,SARKY
0.0,0.0,0.0,0.0,-0.007999999770666566,False,SARKY
0.0,0.0,0.0,0.0,-0.000671113828364267,False,SARKY
0.0,0.0,0.0,-0.0015898251192369983,-0.030206677265500748,False,SARKY
0.0,0.0,0.0,0.0008176614881438837,-0.014717906786590351,False,SARKY
0.0,0.0,0.0,0.0,-0.010779436152570376,False,SARKY
0.0,0.0,0.0,0.0,-0.014202172096908994,False,SARKY
0.0,0.0,0.0,0.00421940928270037,-0.0641350210970465,False,SARKY
0.0,0.0,0.0,0.0036068530207393756,0.042380522993688,True,SARKY
0.0,0.0,0.0,0.0008620689655172153,0.00775862068965516,False,SARKY
0.0,0.0,0.0,0.002564102564102555,0.0017094017094017033,False,SARKY
0.0,0.0,0.0,-0.010896898575020963,0.0016764459346185756,False,SARKY
0.0,0.0,0.0,0.0,-0.008368200836819994,False,SARKY
0.0,0.0,0.0,0.0,-0.005063291139240533,False,SARKY
0.0,0.0,0.0,-0.0016891891891892552,-0.0016891891891892552,False,SARKY
0.0,0.0,0.0,-0.0008445945945946276,-0.010135135135135198,False,SARKY
0.0,0.0,0.0,-0.0008532423208191808,-0.021331058020477855,False,SARKY
0.0,0.0,0.0,0.005231037489102031,-0.017436791630340065,False,SARKY
0.0,0.0,0.0,0.0,-0.02857142857142858,False,SARKY
0.0,0.0,0.0,0.0018382352941177516,-0.0027573529411764053,False,SARKY
0.0,0.0,0.0,0.009216589861751334,0.044239631336405516,False,SARKY
0.0,0.0,0.0,0.0,0.029126213592232997,True,SARKY
0.0,0.0,0.0,0.003427592116538092,-0.005141388174807138,False,SARKY
0.0,0.0,0.0,0.0008598452278589797,0.005159071367153878,False,SARKY
0.0,0.0,0.0,0.0,0.016170212765957537,False,SARKY
0.0,0.0,0.0,0.0016694490818029983,0.0008347245409014992,False,SARKY
0.0,0.0,0.0,0.0,-0.03143093465674107,False,SARKY
0.0,0.0,0.0,0.0017050298380221207,-0.01534526854219953,False,SARKY
0.0,0.0,0.0,0.0008620689655172153,0.024137931034482696,False,SARKY
0.0,0.0,0.0,0.000841042893187538,0.001682085786375076,False,SARKY
0.0,0.0,0.0,0.0,-0.015113350125944502,False,SARKY
0.0,0.0,0.0,0.0,0.02910958904109595,False,SARKY
0.0,0.0,0.0,-0.0024793388429751317,-0.04958677685950408,False,SARKY
0.0,0.0,0.0,-0.0008695652173913437,-0.032173913043478275,False,SARKY
0.0,0.0,0.0,0.004492362982928988,-0.0026954177897573484,False,SARKY
0.0,0.0,0.0,0.0026978417266187993,-0.010791366906474864,False,SARKY
0.0,0.0,0.0,0.0,0.016363636363636358,False,SARKY
0.0,0.0,0.0,-0.0026833631484793896,-0.025044722719141377,False,SARKY
0.0,0.0,0.0,-0.0018214936247723523,-0.014571948998178486,True,SARKY
0.0,0.0,0.0,-0.0009165902841430373,0.0009165902841428153,False,SARKY
0.0,0.0,0.0,0.0,-0.023765996343692808,False,SARKY
0.0,0.0,0.0,0.0,-0.042134831460674205,False,SARKY
0.0,0.0,0.0,0.0019550342130987275,0.024437927663734094,False,SARKY
0.0,0.0,0.0,-0.0009416195856873921,0.007532956685499137,False,SARKY
0.0,0.0,0.0,-0.0037209302325581506,0.0046511627906977715,False,SARKY
0.0,0.0,0.0,0.0009250693802036469,-0.021276595744680882,False,SARKY
0.0,0.0,0.0,0.0,-0.02614379084967322,False,SARKY
0.0,0.0,0.0,0.0,-0.008579599618684375,False,SARKY
0.0,0.0,0.0,-0.0009578544061302763,-0.022030651340996132,False,SARKY
0.0,0.0,0.0,0.0,0.005825242718446644,False,SARKY
0.0,0.0,0.0,0.0077821011673151474,0.012645914396887115,False,SARKY
0.0,0.0,0.0,0.0009606147934677622,-0.0019212295869357465,False,SARKY
0.0,0.0,0.0,0.0,0.0038387715930903177,False,SARKY
0.0,0.0,0.0,0.0,0.013232514177693888,False,SARKY
0.0,0.0,0.0,-0.0009372071227741197,-0.010309278350515427,False,SARKY
0.0,0.0,0.0,-0.0018832391713746732,-0.031073446327683496,False,SARKY
0.0,0.0,0.0,0.0,-0.017492711370262426,False,SARKY
0.0,0.0,0.0,0.0,0.016815034619188873,False,SARKY
0.0,0.0,0.0,0.0038910505836575737,0.004863813229571967,False,SARKY
0.0,0.0,0.0,-0.0009671179883944392,0.021276595744680993,False,SARKY
0.0,0.0,0.0,0.0018939393939392257,-0.0009469696969697239,False,SARKY
0.0,0.0,0.0,0.0,-0.03349282296650713,True,SARKY
0.0,0.0,0.0,-0.0009881422924901129,-0.010869565217391242,False,SARKY
0.0,0.0,0.0,0.0,-0.013793103448275779,False,SARKY
0.0,0.0,0.0,0.0,0.016932270916334646,False,SARKY
0.0,0.0,0.0,0.0009794319294806897,-0.003917727717923647,False,SARKY
0.0,0.0,0.0,0.0,-0.039024390243902474,False,SARKY
0.0,0.0,0.0,-0.002014098690835908,-0.031722054380664666,False,SARKY
0.0,0.0,0.0,0.0005189413596264902,0.020238713025428234,False,SARKY
0.0,0.0,0.0,0.0,-0.0015259409969480275,False,SARKY
0.0,0.0,0.0,0.0,-0.017119838872104776,True,SARKY
0.0,0.0,0.0,-0.0010178117048345037,-0.010687022900763288,True,SARKY
0.0,0.0,0.0,0.0005125576627371675,-0.014351614556637582,False,SARKY
0.0,0.0,0.0,-0.0005213764337850257,-0.002085505735140658,False,SARKY
0.0,0.0,0.0,0.0010416666666666075,-0.003645833333333348,False,SARKY
0.0,0.0,0.0,0.0,-0.006272869837950834,False,SARKY
0.0,0.0,0.0,0.0,0.005786428195686311,False,SARKY
0.0,0.0,0.0,0.0,-0.0005216484089723972,False,SARKY
0.0,0.0,0.0,0.0,0.007306889352818313,False,SARKY
0.0,0.0,0.0,0.0010335917312662701,-0.0025839793281653423,False,SARKY
0.0,0.0,0.0,0.0,0.0046224961479199855,False,SARKY
0.0,0.0,0.0,0.0005102040816327147,-0.01632653061224487,False,SARKY
0.0,0.0,0.0,0.0,-0.003606388459557075,False,SARKY
0.0,0.0,0.0,0.0015511892450879028,0.0005170630816959676,False,SARKY
0.0,0.0,0.0,0.0005162622612286949,0.0010325245224573898,False,SARKY
0.0,0.0,0.0,0.0005146680391148184,-0.010293360782295369,False,SARKY
0.0,0.0,0.0,0.0,-0.006742738589211594,False,SARKY
0.0,0.0,0.0,0.0,-0.015665796344647487,False,SARKY
0.0,0.0,0.0,-0.0005305039787798504,-0.01326259946949604,False,SARKY
0.0,0.0,0.0,-0.0016051364365972098,-0.032637774210807935,False,SARKY
0.0,0.0,0.0,-0.0005458515283842669,-0.027838427947598388,False,SARKY
0.0,0.0,0.0,0.001122964626614209,0.008983717012914116,False,SARKY
0.0,0.0,0.0,-0.0005473453749316182,0.013683634373289566,False,SARKY
0.0,0.0,0.0,0.0,0.014570966001079322,False,SARKY
0.0,0.0,0.0,0.0,-0.007936507936507908,False,SARKY
0.0,0.0,0.0,0.0,-0.010666666666666602,False,SARKY
0.0,0.0,0.0,0.0,0.017232094776521212,False,SARKY
0.0,0.0,0.0,0.0,0.002645502645502562,False,SARKY
0.0,0.0,0.0,0.0,0.018997361477572694,False,SARKY
0.0,0.0,0.0,0.0,0.015816326530612157,True,SARKY
0.0,0.0,0.0,0.0,-0.006519558676028159,False,SARKY
0.0,0.0,0.0,0.0005040322580645018,-0.015625,False,SARKY
0.0,0.0,0.0,0.0020470829068577334,0.022006141248720468,False,SARKY
0.0,0.0,0.0,0.002002002002002179,-0.004004004004004025,False,SARKY
0.0,0.0,0.0,0.0,-0.033634538152610416,False,SARKY
0.0,0.0,0.0,0.0005194805194803642,0.0015584415584415368,False,SARKY
0.0,0.0,0.0,-0.001029866117404632,-0.018537590113285263,False,SARKY
0.0,0.0,0.0,-0.0005194805194805863,0.0051948051948049745,False,SARKY
0.0,0.0,0.0,-0.002067183462532207,0.011886304909560774,False,SARKY
0.0,0.0,0.0,0.001532175689479054,-0.009703779366700638,False,SARKY
0.0,0.0,0.0,-0.0005159958720329927,-0.028895768833849367,False,SARKY
0.0,0.0,0.0,0.0005296610169491789,-0.008474576271186418,False,SARKY
0.0,0.0,0.0,0.0016025641025640969,0.021901709401709546,False,SARKY
0.0,0.0,0.0,0.0,-0.012565445026178068,False,SARKY
0.0,0.0,0.0,0.0,-0.007982969664715234,False,SARKY
0.0,0.0,0.0,-0.0005364806866950955,-0.016094420600858306,False,SARKY
0.0,0.0,0.0,0.0,-0.0070883315158123406,False,SARKY
0.0,0.0,0.0,0.0005488474204171645,0.0027442371020856005,False,SARKY
0.0,0.0,0.0,0.0,-0.003278688524590123,False,SARKY
0.0,0.0,0.0,0.001662971175166339,0.0022172949002217113,False,SARKY
0.0,0.0,0.0,0.0011061946902652942,-0.0022123893805310324,False,SARKY
0.0,0.0,0.0,-0.0005524861878453136,-0.004972375690607711,False,SARKY
0.0,0.0,0.0,0.0,0.00943920044419766,False,SARKY
0.0,0.0,0.0,0.0,0.01317233809001106,False,SARKY
0.0,0.0,0.0,0.0,0.011278195488721776,False,SARKY
0.0,0.0,0.0,0.0,-0.013807753584705318,False,SARKY
0.0,0.0,0.0,0.001077005923532548,-0.004308023694130303,False,SARKY
0.0,0.0,0.0,0.0005408328826392861,0.020551649540291983,False,SARKY
0.0,0.0,0.0,0.0,-0.0010598834128244805,False,SARKY
0.0,0.0,0.0,0.0031779661016950733,-0.012711864406779627,False,SARKY
0.0,0.0,0.0,0.0,0.005364806866952732,False,SARKY
0.0,0.0,0.0,0.002680965147453085,-0.014477211796246614,False,SARKY
0.0,0.0,0.0,0.0,0.022776572668112838,False,SARKY
0.0,0.0,0.0,0.0,-0.018617021276595702,False,SARKY
0.0,0.0,0.0,0.0005402485143166658,-0.0010804970286332205,False,SARKY
0.0,0.0,0.0,0.0,-0.038918918918918965,False,SARKY
0.0,0.0,0.0,0.0005617977528089568,-0.006741573033707815,False,SARKY
0.0,0.0,0.0,0.001129943502824915,0.019774011299435124,False,SARKY
0.0,0.0,0.0,-0.000557724484104738,-0.01115448968209698,False,SARKY
0.0,0.0,0.0,0.000564652738565874,0.010728402032749829,False,SARKY
0.0,0.0,0.0,0.0005583472920156485,-0.012283640424343933,False,SARKY
0.0,0.0,0.0,0.0,0.02366197183098584,False,SARKY
0.0,0.0,0.0,0.0011001100110010764,0.02310231023102327,False,SARKY
0.0,0.0,0.0,0.0016111707841031109,0.02309344790547785,False,SARKY
0.0,0.0,0.0,0.0,-0.01207349081364828,False,SARKY
0.0,0.0,0.0,0.0005291005291006012,0.0015873015873015817,False,SARKY
0.0,0.0,0.0,0.0005321979776478081,-0.010111761575305911,False,SARKY
0.0,0.0,0.0,0.0,0.03575240128068313,False,SARKY
0.0,0.0,0.0,0.0005151983513651537,0.021123132405976186,False,SARKY
0.0,0.0,0.0,0.0005030181086518315,-0.007545271629778805,True,SARKY
0.0,0.0,0.0,0.0,0.012833168805528095,True,SARKY
0.0,0.0,0.0,-0.02564102564102555,-0.03897435897435897,False,SARKY
0.0,0.0,0.0,0.002139037433154911,0.018716577540106805,False,SARKY
0.0,0.0,0.0,0.000526315789473708,-0.06631578947368422,False,SARKY
0.0,0.0,0.0,0.000552181115405892,-0.024848150193263363,False,SARKY
0.0,0.0,0.0,0.0,0.06442577030812324,False,SARKY
0.0,0.0,0.0,0.0,0.048218029350104885,False,SARKY
0.0,0.0,0.0,0.000990099009900991,0.0,False,SARKY
0.0,0.0,0.0,-0.00975609756097573,0.024390243902439046,False,SARKY
0.0,0.0,0.0,0.0,-0.04476190476190478,False,SARKY
0.0,0.0,0.0,0.0,-0.03076171875,False,SARKY
0.0,0.0,0.0,0.0015113350125945946,-0.03778337531486142,False,SARKY
0.0,0.0,0.0,0.0,-0.007372301211163723,False,SARKY
0.0,0.0,0.0,0.0010582010582012025,-0.004232804232804255,False,SARKY
0.0,0.0,0.0,-0.0005319148936170359,-0.03138297872340423,False,SARKY
0.0,0.0,0.0,0.0,0.001071811361200492,False,SARKY
0.0,0.0,0.0,0.0,0.02029914529914545,False,SARKY
0.0,0.0,0.0,0.0005213764337852478,-0.0036496350364962904,False,SARKY
0.0,0.0,0.0,0.0,0.0005211047420532466,False,SARKY
0.0,0.0,0.0,0.0,0.0036439354502861843,False,SARKY
0.0,0.0,0.0,0.0,0.010362694300518172,False,SARKY
0.0,0.0,0.0,0.0,-0.008585858585858586,False,SARKY
0.0,0.0,0.0,0.0,-0.007028112449799173,False,SARKY
0.0,0.0,0.0,-0.001988071570576455,-0.034294234592445294,False,SARKY
0.0,0.0,0.0,0.00257334019557387,0.00257334019557387,False,SARKY
0.0,0.0,0.0,0.002590673575129543,-0.013989637305699576,False,SARKY
0.0,0.0,0.0,0.0010520778537610465,0.02314571278274591,False,SARKY
0.0,0.0,0.0,0.0,-0.003089598352214229,False,SARKY
0.0,0.0,0.0,0.004132231404958775,-0.02840909090909094,False,SARKY
0.0,0.0,0.0,0.0005299417064124068,0.02278749337572883,False,SARKY
0.0,0.0,0.0,0.0015535991714137332,-0.025893319523562996,False,SARKY
0.0,0.0,0.0,0.0005319148936171469,0.004255319148936065,False,SARKY
0.0,0.0,0.0,0.0,-0.01536016949152541,False,SARKY
0.0,0.0,0.0,0.0010729613733906351,0.01180257510729632,False,SARKY
0.0,0.0,0.0,0.0031931878658861823,0.0047897817988291624,False,SARKY
0.0,0.0,0.0,0.0,0.01941238195173134,True,SARKY
0.0,0.0,0.0,0.0,-0.00977869274318055,True,SARKY
0.0,0.0,0.0,0.0,-0.0015592515592516287,False,SARKY
0.0,0.0,0.0,0.0,-0.02754677754677748,False,SARKY
0.0,0.0,0.0,0.0005327650506126158,-0.006393180607352278,False,SARKY
0.0,0.0,0.0,0.0,-0.0032102728731941976,False,SARKY
0.0,0.0,0.0,0.0,-0.01823056300268089,False,SARKY
0.0,0.0,0.0,0.0005437737901032857,-0.00978792822185981,False,SARKY
0.0,0.0,0.0,0.0005494505494505475,-0.00659340659340657,False,SARKY
0.0,0.0,0.0,0.000552181115405892,-0.007178354500276041,False,SARKY
0.0,0.0,0.0,0.0,-0.037735849056603765,False,SARKY
0.0,0.0,0.0,0.0005757052389177009,-0.013241220495106454,False,SARKY
0.0,0.0,0.0,0.0005803830528148257,0.017411491584445882,False,SARKY
0.0,0.0,0.0,0.0,-0.004566210045662156,False,SARKY
0.0,0.0,0.0,0.0017201834862383691,-0.002293577981651418,False,SARKY
0.0,0.0,0.0,0.0005740528128588274,-0.0040183696900114585,False,SARKY
0.0,0.0,0.0,0.0,0.02298850574712641,False,SARKY
0.008988764044943753,-0.002808988764044895,0.002808988764045006,0.0022471910112360494,0.00786516853932584,True,SARKY
0.0,0.0,0.0,0.0,0.03288740245262001,False,SARKY
0.0,0.0,0.0,0.0,0.0037899296155927686,False,SARKY
0.0,0.0,0.0,0.0,-0.013079019073569453,False,SARKY
0.0,0.0,0.0,-0.0005595970900951208,-0.015668718522663605,False,SARKY
0.0,0.0,0.0,0.0011527377521614035,0.028818443804034644,False,SARKY
0.0,0.0,0.0,-0.000560852495793629,-0.0044868199663488095,False,SARKY
0.0,0.0,0.0,0.0,-0.020856820744081128,False,SARKY
0.0,0.0,0.0,0.0,-0.0074669730040206606,False,SARKY
0.0,0.0,0.0,0.0,0.020138089758342748,False,SARKY
0.0,0.0,0.0,-0.0005640157924422518,-0.01974055273547648,False,SARKY
0.0,0.0,0.0,0.001138952164009055,0.023348519362186737,True,SARKY
0.0,0.0,0.0,0.0,-0.017260579064588,False,SARKY
0.0,0.0,0.0,0.0,0.019830028328611915,False,SARKY
0.0,0.0,0.0,0.0,-0.02209944751381221,False,SARKY
0.0,0.0,0.0,0.0005627462014630158,0.013505908835115266,False,SARKY
0.0,0.0,0.0,-0.0021563342318060563,-0.021563342318059342,True,SARKY
0.0,0.0,0.0,0.0,-0.012094557449147891,False,SARKY
0.0,0.0,0.0,0.0,0.0027654867256636795,False,SARKY
0.0,0.0,0.0,0.0,-0.0005497526113249496,False,SARKY
0.0,0.0,0.0,0.0,-0.024861878453038666,False,SARKY
0.0,0.0,0.0,0.0,-0.010198300283286166,False,SARKY
0.0,0.0,0.0,0.0005555555555554204,0.008333333333333304,True,SARKY
0.0,0.0,0.0,0.0,0.06739726027397275,False,SARKY
0.0,0.0,0.0,0.0,-0.019507186858316206,False,SARKY
0.0,0.0,0.0,0.0005235602094240122,-0.003141361256544628,False,SARKY
0.0,0.0,0.0,0.0,-0.021008403361344574,False,SARKY
0.0,0.0,0.0,0.0,0.016042780748663166,False,SARKY
0.0,0.0,0.0,0.0,0.0005252100840336116,False,SARKY
0.0,0.0,0.0,0.0010498687664042272,0.03884514435695552,False,SARKY
0.0,0.0,0.0,0.0,0.09732728189611706,False,SARKY
0.0,0.0,0.0,0.0,-0.07277628032345007,True,SARKY
0.0,0.0,0.0,0.0009615384615384581,-0.0038461538461538325,False,SARKY
0.0,0.0,0.0,0.0,-0.015444015444015413,False,SARKY
0.0,0.0,0.0,0.0,-0.023391812865497075,False,SARKY
0.0,0.0,0.0,0.0,-0.008457711442786064,False,SARKY
0.0,0.0,0.0,0.0,0.0,False,SARKY
0.0,0.0,0.0,-0.001996007984031878,-0.007984031936127622,False,SARKY
0.0,0.0,0.0,0.0005030181086518315,0.001006036217303663,False,SARKY
0.0,0.0,0.0,0.0005020080321285203,0.0060240963855420215,False,SARKY
0.0,0.0,0.0,0.0,0.02290836653386452,False,SARKY
0.0,0.0,0.0,0.002912621359223433,-0.01747572815533971,False,SARKY
0.0,0.0,0.0,0.0,0.022593320235756442,False,SARKY
0.0,0.0,0.0,0.0,-0.017142857142857126,False,SARKY
0.0,0.0,0.0,0.0019305019305018156,-0.0028957528957528345,False,SARKY
0.0,0.0,0.0,0.0019323671497584183,-0.02898550724637672,False,SARKY
0.0,0.0,0.0,0.0,-0.005964214711729587,False,SARKY
0.0,0.0,0.0,0.0,-0.0050000000000000044,False,SARKY
0.0,0.0,0.0,0.0010050251256281673,0.022110552763819236,False,SARKY
0.0,0.0,0.0,0.0009794319294806897,0.002938295788442735,False,SARKY
0.0,0.0,0.0,-0.0009803921568627416,-0.014705882352941124,False,SARKY
0.0,0.0,0.0,0.0009950248756218638,0.0009950248756218638,False,SARKY
0.0,0.0,0.0,0.0,0.01978239366963397,False,SARKY
0.0,0.0,0.0,0.0,0.0009689922480620172,False,SARKY
0.0,0.0,0.0,0.0,-0.006698564593301426,True,SARKY
0.0,0.0,0.0,0.0,0.0,False,SARKY
0.0,0.0,0.0,-0.0009532888465203504,0.07244995233555773,False,SARKY
0.0,0.0,0.0,0.0,0.006211180124223725,False,SARKY
0.0,0.0,0.0,0.0008810572687225626,-0.03612334801762107,False,SARKY
0.0,0.0,0.0,0.0009124087591241281,0.017335766423357768,False,SARKY
0.0,0.0,0.0,0.0017937219730941312,-0.04304932735426015,False,SARKY
0.0,0.0,0.0,0.0,-0.022325581395348904,False,SARKY
0.0,0.0,0.0,0.0,0.031339031339031376,False,SARKY
0.0,0.0,0.0,-0.001848428835489746,0.01109057301293892,False,SARKY
0.0,0.0,0.0,0.0,-0.032558139534883734,True,SARKY
0.0,0.0,0.0,-0.003809523809523818,-0.0019047619047618536,False,SARKY
0.0,0.0,0.0,0.0007898894154818592,-0.017377567140600347,False,SARKY
0.0,0.0,0.0,-0.0023999999999999577,0.036800000000000166,False,SARKY
0.0,0.0,0.0,0.0023148148148146586,-0.006944444444444531,False,SARKY
0.0,0.0,0.0,0.0015527950310558758,0.02329192546583836,False,SARKY
0.0,0.0,0.0,0.0,0.026676829268292845,False,SARKY
0.0,0.0,0.0,-0.000741289844329085,0.04002965159377303,False,SARKY
0.0,0.0,0.0,0.0007067137809186885,-0.005653710247349841,False,SARKY
0.0,0.0,0.0,-0.0014104372355430161,-0.005641748942172065,False,SARKY
0.0,0.0,0.0,0.0013986013986013734,-0.006993006993007089,False,SARKY
0.0,0.0,0.0,-0.0007047216349541641,0.007751937984496138,False,SARKY
0.0,0.0,0.0,0.0,0.02515723270440251,False,SARKY
0.0,0.0,0.0,0.0006802721088436936,0.019727891156462674,False,SARKY
0.0,0.0,0.0,0.0,-0.002001334222815121,False,SARKY
0.0,0.0,0.0,0.0,0.0033467202141901353,False,SARKY
0.0,0.0,0.0,0.0,0.0,False,SARKY
0.0,0.0,0.0,-0.0006662225183211579,0.0026648900732846315,False,SARKY
0.0,0.0,0.0,0.0,0.00796284007962833,False,SARKY
0.0,0.0,0.0,0.0,-0.045751633986928164,False,SARKY
0.0,0.0,0.0,0.004106776180698102,-0.026694045174537884,False,SARKY
0.0,0.0,0.0,0.0,0.032371569317382054,False,SARKY
0.0,0.0,0.0,0.0,0.0,False,SARKY
0.0,0.0,0.0,0.0,0.05156037991858886,False,SARKY
0.0,0.0,0.0,0.0025789813023855412,-0.01998710509348811,False,SARKY
0.0,0.0,0.0,0.0,-0.013404825737265313,False,SARKY
0.0,0.0,0.0,0.0,-0.04067796610169494,False,SARKY
0.0,0.0,0.0,0.0007042253521127861,0.051408450704225395,False,SARKY
0.0,0.0,0.0,-0.002009377093101117,-0.015405224380442117,False,SARKY
0.0,0.0,0.0,0.0027285129604364133,-0.03137789904502053,False,SARKY
0.0,0.0,0.0,0.0021171489061397875,0.008468595624558928,False,SARKY
0.0,0.0,0.0,0.0,0.009097270818754444,False,SARKY
0.0,0.0,0.0,-0.002044989775051076,-0.024539877300613466,False,SARKY
0.0,0.0,0.0,-0.0006983240223463749,0.0020949720670391248,False,SARKY
0.0,0.0,0.0,0.0,0.05474705474705477,False,SARKY
0.0,0.0,0.0,0.000655307994757548,-0.011795543905635641,False,SARKY
0.014009339559706513,-0.002001334222815121,0.0006671114076051143,0.002001334222815121,0.007338225483655814,True,SARKY
0.0,0.0,0.0,0.0013245033112583293,0.013245033112582849,False,SARKY
0.0,0.0,0.0,0.0,-0.012903225806451535,False,SARKY
0.0,0.0,0.0,-0.001941747572815511,0.009708737864077666,False,SARKY
0.0,0.0,0.0,-0.006329113924050778,0.006329113924050667,False,SARKY
0.0,0.0,0.0,0.0018927444794953896,-0.016403785488958933,False,SARKY
0.0,0.0,0.0,0.0,0.004487179487179471,False,SARKY
0.0,0.0,0.0,0.0,-0.015384615384615441,False,SARKY
0.0,0.0,0.0,0.0006472491909386147,-0.016181229773462813,False,SARKY
0.0,0.0,0.0,0.0006578947368423016,-0.02763157894736845,False,SARKY
0.0,0.0,0.0,0.0,0.0027063599458727605,False,SARKY
0.0,0.0,0.0,0.0006711409395971923,0.003355704697986406,False,SARKY
0.0,0.0,0.0,0.0053835800807537915,0.019515477792732216,False,SARKY
0.0,0.0,0.0,0.0006591957811470373,-0.0032959789057350752,False,SARKY
0.0,0.0,0.0,0.004663557628247883,0.003997335109926725,False,SARKY
0.0,0.0,0.0,0.0006640106241699861,0.011288180610889764,False,SARKY
0.0,0.0,0.0,0.0,-0.022309711286089273,False,SARKY
0.0,0.0,0.0,0.0,0.030140656396517196,False,SARKY
0.0,0.0,0.0,0.0,-0.02266839378238339,False,SARKY
0.0,0.0,0.0,0.0026490066225166586,0.005298013245033095,False,SARKY
0.0,0.0,0.0,0.0006587615283266679,-0.0019762845849802257,False,SARKY
0.0,0.0,0.0,0.0033003300330032292,-0.01650165016501648,False,SARKY
0.0,0.0,0.0,0.0,0.00402684563758382,False,SARKY
0.0,0.0,0.0,0.0,0.006016042780748743,False,SARKY
0.0,0.0,0.0,0.0,0.01264138389886904,False,SARKY
0.0,0.0,0.0,-0.0013140604467806183,0.03745072273324568,False,SARKY
0.0,0.0,0.0,0.0006333122229260635,-0.017732742241925226,False,SARKY
0.0,0.0,0.0,0.005802707930367523,0.0322372662798196,False,SARKY
0.0,0.0,0.0,0.0,-0.0049720323182099735,False,SARKY
0.0,0.0,0.0,0.0012468827930174342,0.009351620947630979,False,SARKY
0.0,0.0,0.0,0.0006172839506173311,-0.016666666666666607,False,SARKY
0.0,0.0,0.0,-0.0006277463904582614,-0.0037664783427495685,False,SARKY
0.0,0.0,0.0,-0.001250781738586615,0.05691056910569103,False,SARKY
0.0,0.0,0.0,0.0005917159763315638,-0.002366863905325367,True,SARKY
0.0,0.0,0.0,0.0,-0.017751479289940697,False,SARKY
0.0,0.0,0.0,0.0006038647342996306,0.004830917874396157,False,SARKY
0.0,0.0,0.0,0.00969696969696976,-0.00848484848484854,False,SARKY
0.0,0.0,0.0,0.0006105006105006083,-0.006715506715506692,False,SARKY
0.0,0.0,0.0,0.000611995104039309,0.000611995104039309,False,SARKY
0.0,0.0,0.0,0.0018348623853210455,-0.017737003058104106,False,SARKY
0.0,0.0,0.0,0.0,0.04776674937965253,False,SARKY
0.0,0.0,0.0,0.0011799410029498247,0.022418879056047114,False,SARKY
0.0,0.0,0.0,0.0,0.0,False,SARKY
0.0,0.0,0.0,0.0,0.030985915492957705,False,SARKY
0.0,0.0,0.0,0.0005464480874315392,0.0010928961748633004,False,SARKY
0.0,0.0,0.0,-0.0005461496450026582,-0.01911523757509548,False,SARKY
0.0,0.0,0.0,0.00222717149220486,0.024498886414253684,False,SARKY
0.0,0.0,0.0,0.000540540540540535,0.06594594594594594,False,SARKY
0.0,0.0,0.0,-0.001982160555004886,0.07433102081268572,False,SARKY
0.0,0.0,0.0,0.0,0.07052441229656403,True,SARKY
0.0,0.0,0.0,0.0,-0.06040816326530618,False,SARKY
0.0,0.0,0.0,0.0034752389226759828,0.08601216333622941,False,SARKY
0.0,0.0,0.0,0.0007874015748032814,0.08267716535433078,True,SARKY
0.0,0.0,0.0,-0.0013504388926401933,-0.01080351114112088,True,SARKY
0.0,0.0,0.0,0.0,0.07543391188251003,False,SARKY
0.0,0.0,0.0,0.0005952380952378711,0.05476190476190457,True,SARKY
0.0,0.0,0.0,0.0005319148936169249,-0.15159574468085113,True,SARKY
0.0,0.0,0.0,0.0006963788300835549,0.04108635097493041,True,SARKY
0.0,0.0,0.0,-0.0006688963210702559,-0.008026755852842737,False,SARKY
0.0,0.0,0.0,0.0,0.06675567423230966,False,SARKY
0.0,0.0,0.0,0.0006250000000000977,0.0024999999999999467,False,SARKY
0.0,0.0,0.0,0.0006230529595014911,0.09906542056074774,False,SARKY
0.0,0.0,0.0,-0.001108033240997175,0.07479224376731297,False,SARKY
0.0,0.0,0.0,0.0004987531172069293,0.06433915211970076,False,SARKY
0.0,0.0,0.0,-0.00043497172683770735,0.020878642888212395,False,SARKY
0.0,0.0,0.0,-0.0009823182711198308,0.013752455795677854,False,SARKY
0.0,0.0,0.0,0.0,-0.052244897959183745,False,SARKY
0.0,0.0,0.0,0.0,0.0,False,SARKY
0.0,0.0,0.0,0.0004761904761905189,0.0947619047619046,True,SARKY
0.0,0.0,0.0,-0.0004182350480971264,-0.10079464659138437,False,SARKY
0.0,0.0,0.0,0.0019502681618721596,-0.004388103364212581,False,SARKY
0.0,0.0,0.0,0.00048804294777937685,-0.002928257686676372,False,SARKY
0.0,0.0,0.0,-0.0018876828692780956,-0.00047192071731960716,False,SARKY
0.0,0.0,0.0,0.0009442870632672129,-0.03163361661945219,False,SARKY
0.0,0.0,0.0,-0.0014634146341463428,0.018048780487804894,False,SARKY
0.0,0.0,0.0,0.0,-0.03370245546461237,False,SARKY
0.0,0.0,0.0,0.0,-0.02607361963190169,False,SARKY
0.0,0.0,0.0,0.0,-0.04094488188976386,False,SARKY
0.0,0.0,0.0,-0.0005473453749315071,-0.012041598248494711,False,SARKY
0.0,0.0,0.0,0.001107419712070845,0.0437430786267996,False,SARKY
0.0,0.0,0.0,0.0,-0.009488666315234595,False,SARKY
0.0,0.0,0.0,0.000526315789473708,-0.013684210526315854,False,SARKY
0.0,0.0,0.0,0.0005175983436851439,0.01552795031055898,False,SARKY
0.0,0.0,0.0,0.0,-0.04164550533265621,False,SARKY
0.0,0.0,0.0,0.0010498687664042272,-0.007874015748031593,False,SARKY
0.0,0.0,0.0,-0.0010598834128245915,-0.019077901430842537,False,SARKY
0.0,0.0,0.0,0.0,-0.011733333333333262,False,SARKY
0.0,0.0,0.0,-0.0005464480874317612,-0.03770491803278697,True,SARKY
0.0,0.0,0.0,0.0011494252873565092,-0.06206896551724128,False,SARKY
0.0,0.0,0.0,0.005491153142159755,0.03904820012202559,False,SARKY
0.0,0.0,0.0,0.0,-0.03405754550792728,False,SARKY
0.0,0.0,0.0,0.002430133657351119,-0.04799513973268532,False,SARKY
0.0,0.0,0.0,0.01102687801516189,0.03376981392143352,False,SARKY
0.0,0.0,0.0,0.0,0.06796116504854366,False,SARKY
0.0,0.0,0.0,0.001815980629539915,-0.040556900726392286,False,SARKY
0.0,0.0,0.0,0.0,-0.025380710659898553,False,SARKY
0.0,0.0,0.0,-0.0006514657980455363,-0.019543973941367976,False,SARKY
0.0,0.0,0.0,-0.0006644518272426181,-0.011295681063122953,False,SARKY
0.0,0.0,0.0,0.0013360053440214514,-0.00868403473613899,False,SARKY
0.0,0.0,0.0,0.0,-0.008086253369272156,False,SARKY
0.0,-0.019768234492160808,-0.018404907975460127,-0.018404907975460127,-0.05589638718473078,True,SARKY
0.0,0.0,0.0,0.0,0.0687409551374818,False,SARKY
0.0,0.0,0.0,0.0,-0.06161137440758291,False,SARKY
0.0,0.0,0.0,0.0021413276231263545,-0.013561741613133393,False,SARKY
0.0,0.0,0.0,-0.0007235890014472002,-0.0065123010130245795,False,SARKY
0.0,0.0,0.0,0.0014440433212996595,-0.04476534296028878,False,SARKY
0.0,0.0,0.0,0.0,-0.0022675736961451642,False,SARKY
0.0,0.0,0.0,0.0,0.008975317875841604,False,SARKY
0.0,0.0,0.0,0.0,-0.026166902404526238,False,SARKY
0.0,0.0,0.0,-0.0007407407407407085,0.008148148148148016,False,SARKY
0.0,0.0,0.0,0.0,-0.019636363636363563,False,SARKY
0.0,0.0,0.0,0.0,-0.005921539600296066,False,SARKY
0.0,0.0,0.0,0.0,-0.03129657228017879,False,SARKY
0.0,0.0,0.0,-0.0028571428571427804,-0.01642857142857146,True,SARKY
0.0,0.0,0.0,0.0,0.021897810218978186,False,SARKY
0.0,0.0,0.0,0.0,-0.004255319148936176,False,SARKY
0.0,0.0,0.0,-0.0014419610670511895,0.007930785868781598,False,SARKY
0.0,0.0,0.0,0.0,-0.003506311360448766,False,SARKY
0.0,0.0,0.0,0.0,0.028050490883590573,False,SARKY
0.0,0.0,0.0,-0.0006752194463199857,-0.044564483457123605,False,SARKY
0.0,0.0,0.0,0.0,0.06760563380281703,False,SARKY
0.0,0.0,0.0,0.0,-0.012203389830508504,False,SARKY
0.0,0.0,0.0,0.0006863417982154729,-0.03157172271791353,False,SARKY
0.0,0.0,0.0,0.0007057163020465218,-0.020465772759350687,False,SARKY
0.0,0.0,0.0,0.0,-0.021613832853025983,False,SARKY
0.0,0.0,0.0,0.0,-0.02356406480117823,False,SARKY
0.0,0.0,0.0,0.0,-0.014328808446455454,False,SARKY
0.0,0.0,0.0,0.0,-0.001529051987767538,False,SARKY
0.0,0.0,0.0,0.0,0.013016845329249627,False,SARKY
0.0,0.0,0.0,0.0022641509433962703,-0.009811320754717023,False,SARKY
0.0,0.0,0.0,0.0,0.012957317073170715,False,SARKY
0.0,0.0,0.0,-0.0014619883040934978,0.013157894736842035,False,SARKY
0.0,0.0,0.0,0.002142857142857002,0.004285714285714226,False,SARKY
0.0,0.0,0.0,0.002844950213371167,0.004978662873399653,False,SARKY
0.0,0.0,0.0,0.0,0.034677990092002675,False,SARKY
0.0,0.0,0.0,-0.002001334222815121,-0.05603735823882583,False,SARKY
0.0,0.0,0.0,0.0,0.05994550408719346,True,SARKY
0.0,0.0,0.0,-0.0006238303181536065,0.06737367436057373,True,SARKY
0.0,0.0,0.0,-0.0005844535359438296,-0.07714786674459384,True,SARKY
0.0,0.0,0.0,-0.0012698412698411987,-0.07936507936507942,False,SARKY
0.0,0.0,0.0,-0.0006896551724138167,-0.04068965517241374,False,SARKY
0.0,0.0,0.0,0.0,-0.0622788393489031,False,SARKY
0.0,0.0,0.0,0.0007698229407235857,0.08160123171670519,False,SARKY
0.0,0.0,0.0,-0.0013764624913971124,0.0344115622849277,False,SARKY
0.0026560424966799445,-0.04116865869853925,-0.04116865869853925,-0.04183266932270924,-0.04648074369189914,True,SARKY
0.0,0.0,0.0,0.003472222222222099,-0.012499999999999956,False,SARKY
0.0,0.0,0.0,0.0,0.016949152542372836,False,SARKY
0.0,0.0,0.0,0.0,0.06666666666666665,False,SARKY
0.0,0.0,0.0,-0.0012210012210012167,-0.031746031746031744,False,SARKY
0.0,0.0,0.0,0.0,-0.06746532156368223,False,SARKY
0.0,0.0,0.0,0.001680672268907557,0.003361344537815114,False,GESAN
0.0,0.0,0.0,0.0008291873963517382,-0.0033167495854062867,False,GESAN
0.0,0.0,0.0,0.0,-0.014026402640264002,False,GESAN
0.0,0.0,0.0,0.0,-0.006666666666666599,False,GESAN
0.0,0.0,0.0,0.0,-0.03005008347245408,False,GESAN
0.0,0.0,0.0,0.0,-0.00859106529209619,False,GESAN
0.0,0.0,0.0,0.0008628127696288512,-0.016393442622950838,False,GESAN
0.0,0.0,0.0,-0.0008936550491510653,-0.022341376228775744,False,GESAN
0.0,0.0,0.0,0.0,-0.02877697841726623,False,GESAN
0.0,0.0,0.0,0.0,-0.009233610341643606,False,GESAN
0.0,0.0,0.0,0.0009293680297397522,-0.013940520446096616,False,GESAN
0.0,0.0,0.0,0.00093545369504211,-0.00748362956033688,False,GESAN
0.0,0.0,0.0,0.0009225092250921829,-0.023985239852398643,False,GESAN
0.0,0.0,0.0,-0.0009433962264150386,0.020754716981132182,False,GESAN
0.0,0.0,0.0,0.0009208103130755596,-0.01012891344383049,False,GESAN
0.0,0.0,0.0,0.0,-0.03525046382189234,False,GESAN
0.0,0.0,0.0,0.0009596928982724684,-0.02399232245681382,False,GESAN
0.0,0.0,0.0,0.0019607843137254832,0.0,False,GESAN
0.0,0.0,0.0,0.0,-0.011627906976744207,False,GESAN
0.0,0.0,0.0,0.0009737098344693162,-0.06368062317429413,False,GESAN
0.0,0.0,0.0,0.0,-0.01580698835274541,False,GESAN
0.0,0.0,0.0,0.0004226542688081647,-0.00887573964497046,False,GESAN
0.0,0.0,0.0,0.0,0.00339558573853993,False,GESAN
0.0,0.0,0.0,0.0,-0.005503810330228731,False,GESAN
0.0,0.0,0.0,0.00042571306939120923,0.009791400595998256,False,GESAN
0.0,0.0,0.0,0.0,0.01134930643127352,False,GESAN
0.0,0.0,0.0,0.0004123711340207059,-0.03711340206185565,False,GESAN
0.0,0.0,0.0,0.00042753313381771463,0.05643437366395898,False,GESAN
0.0,0.0,0.0,-0.0004011231448053376,-0.0036101083032490378,True,GESAN
0.0,0.0,0.0,0.00040257648953301306,-0.022946859903381633,False,GESAN
0.0,0.0,0.0,0.0,-0.0008240626287597808,False,GESAN
0.0,0.0,0.0,0.0004098360655737654,0.0028688524590163578,False,GESAN
0.0,0.0,0.0,0.0,0.011461318051575908,False,GESAN
0.0,0.0,0.0,0.0,-0.010016025641025661,False,GESAN
0.0,0.0,0.0,0.0004024144869214652,0.03219315895372232,False,GESAN
0.0,0.0,0.0,0.0009784735812132794,-0.011741682974559686,False,GESAN
0.0,0.0,0.0,0.0019704433497538254,-0.015960591133004964,False,GESAN
0.0,0.0,0.0,0.0,0.00922953451043318,False,GESAN
0.0,0.0,0.0,-0.00040000000000006697,-0.008000000000000007,False,GESAN
0.0,0.0,0.0,0.0,0.006637168141592875,False,GESAN
0.0,0.0,0.0,0.0,-0.03400000000000003,False,GESAN
0.0,0.0,0.0,0.0,0.03971486761710796,False,GESAN
0.0,0.0,0.0,0.0012024048096193063,-0.012024048096192397,False,GESAN
0.0,0.0,0.0,0.0,-0.017316017316017396,True,GESAN
0.0,0.0,0.0,0.0,-0.023037542662116106,False,GESAN
0.0,0.0,0.0,0.0,-0.0004345936549327023,False,GESAN
0.0,0.0,0.0,0.0,0.01345486111111116,False,GESAN
0.0,0.0,0.0,0.0004260758414997845,-0.03706859821048136,False,GESAN
0.0,0.0,0.0,0.00044150110375285045,-0.02384105960264893,False,GESAN
0.0,0.0,0.0,0.00045146726862310693,0.0022573363431150906,False,GESAN
0.0,0.0,0.0,0.0004478280340349805,-0.009852216748768461,False,GESAN
0.0,0.0,0.0,0.00045146726862310693,0.01896162528216716,False,GESAN
0.0,0.0,0.0,0.0,-0.020796460176991216,False,GESAN
0.0,0.0,0.0,0.0,0.03556956325979277,False,GESAN
0.0,0.0,0.0,0.0,-0.006102877070619073,False,GESAN
0.0,0.0,0.0,0.0,-0.020219780219780215,False,GESAN
0.0,0.0,0.0,0.0004452359750666268,-0.00534283170080152,False,GESAN
0.0,0.0,0.0,0.0004464285714287364,-0.0200892857142857,False,GESAN
0.0,0.0,0.0,0.0009021199819576609,-0.04104645917907079,False,GESAN
0.0,0.0,0.0,0.0,-0.007925407925407857,False,GESAN
0.0,0.0,0.0,0.000468164794007464,-0.011235955056179692,False,GESAN
0.0,0.0,0.0,0.002839564600094713,0.031235210601041175,False,GESAN
0.0,0.0,0.0,-0.00045913682277320955,0.012855831037649201,False,GESAN
0.0,0.0,0.0,0.00045289855072461194,-0.0022644927536230597,False,GESAN
0.0,0.0,0.0,0.0,-0.011004126547455195,False,GESAN
0.0,0.0,0.0,0.0009250693802034249,0.015726179463459777,False,GESAN
0.0,0.0,0.0,0.0,0.0013667425968109104,False,GESAN
0.0,0.0,0.0,0.0,-0.026805997273966375,False,GESAN
0.0,0.0,0.0,0.0009319664492077884,-0.03168685927306614,False,GESAN
0.0,0.0,0.0,0.0009624639076033503,-0.04716073147256983,False,GESAN
0.0,0.0,0.0,0.0004987531172069293,-0.0024937655860349794,False,GESAN
0.0,0.0,0.0,0.0004997501249375258,0.04247876061969014,False,GESAN
0.0,0.0,0.0,0.0,0.016260162601626105,True,GESAN
0.0,0.0,0.0,0.0004701457451810054,0.05124588622472959,False,GESAN
0.0,0.0,0.0,-0.0004474272930649059,-0.016107382550335725,True,GESAN
0.0,0.0,0.0,0.0004524886877828038,0.03076923076923066,False,GESAN
0.0,0.0,0.0,0.00044072278536799736,-0.0066108417805201825,False,GESAN
0.0,0.0,0.0,0.0,-0.02048997772828509,False,GESAN
0.0,0.0,0.0,0.0,-0.025000000000000022,False,GESAN
0.0,0.0,0.0,0.0004659832246038942,-0.0009319664492077884,False,GESAN
0.0,0.0,0.0,0.0009324009324009896,-0.024242424242424176,False,GESAN
0.0,0.0,0.0,-0.00047778308647861145,0.013855709507883285,False,GESAN
0.0,0.0,0.0,0.0,-0.02686145146088592,False,GESAN
0.0,0.0,0.0,0.0014485755673585565,-0.04635441815548047,False,GESAN
0.0,0.0,0.0,0.0,-0.025316455696202556,False,GESAN
0.0,0.0,0.0,0.002590673575129543,0.011917098445595853,False,GESAN
0.0,0.0,0.0,0.0,-0.012961116650049731,False,GESAN
0.0,0.0,0.0,0.0,0.0009999999999998899,False,GESAN
0.0,0.0,0.0,0.0,-0.02982107355864816,False,GESAN
0.0,0.0,0.0,0.0015432098765431057,0.006687242798353754,False,GESAN
0.0,0.0,0.0,-0.0005002501250623848,0.008504252126063205,False,GESAN
0.0,0.0,0.0,0.0,-0.020979020979020935,False,GESAN
0.0,0.0,0.0,0.0,-0.032653061224489854,False,GESAN
0.0,0.0,0.0,0.0021063717746183652,0.053185887309110225,False,GESAN
0.0,0.0,0.0,0.0005027652086475598,0.020110608345902392,False,GESAN
0.0,0.0,0.0,0.003468780971258578,0.01288404360753237,False,GESAN
0.0,0.0,0.0,0.0,-0.019569471624266255,False,GESAN
0.0,0.0,0.0,0.0,-0.019009504752376172,False,GESAN
0.0,0.0,0.0,0.0,0.07910750507099396,False,GESAN
0.0,0.0,0.0,0.0,-0.03757632691404422,True,GESAN
0.0,0.0,0.0,0.0,0.007740686985969747,False,GESAN
0.0,0.0,0.0,-0.00047869794159893786,-0.012446146481570164,False,GESAN
0.0,0.0,0.0,0.00048426150121083644,0.06295399515738498,False,GESAN
0.0,0.0,0.0,0.00045454545454548523,-0.015909090909090984,True,GESAN
0.0,0.0,0.0,0.0,0.0032332563510393264,False,GESAN
0.0,0.0,0.0,0.006040892193308611,0.01719330855018586,False,GESAN
0.0,0.0,0.0,0.0,-0.039744175422567474,False,GESAN
0.0,0.0,0.0,0.0,-0.019971469329529312,False,GESAN
0.0,0.0,0.0,0.0009680542110357404,0.03436592449177156,False,GESAN
0.0,0.0,0.0,0.0,0.011235955056179803,False,GESAN
0.0,0.0,0.0,0.0,0.02651162790697681,False,GESAN
0.0,0.0,0.0,-0.0013339261894174115,0.03912850155624725,False,GESAN
0.0,0.0,0.0,0.0,-0.03897216274089932,False,GESAN
0.0,0.0,0.0,0.0,0.015695067264573925,False,GESAN
0.0,0.0,0.0,0.0,0.06768558951965065,False,GESAN
0.0,0.0,0.0,0.0008169934640522847,0.04166666666666674,False,GESAN
0.0,0.0,0.0,0.0009775171065493637,0.029325513196480912,False,GESAN
0.0,0.0,0.0,0.0,0.0,False,GESAN
0.0,0.0,0.0,0.0009416195856872811,-0.024482109227871973,False,GESAN
0.0,0.0,0.0,0.0,-0.036679536679536606,False,GESAN
0.0,0.0,0.0,0.0,-0.031872509960159334,False,GESAN
0.0,0.0,0.0,0.0,-0.0122649223221587,False,GESAN
0.0,0.0,0.0,0.0,0.026815181518151876,False,GESAN
0.0,0.0,0.0,0.0,-0.02412761714855438,False,GESAN
0.0,0.0,0.0,0.0,-0.04476386036960989,False,GESAN
0.0,0.0,0.0,0.0004282655246252709,-0.004282655246252709,False,GESAN
0.0,0.0,0.0,0.0,-0.012499999999999956,False,GESAN
0.0,0.0,0.0,0.0008714596949890296,-0.0039215686274509665,False,GESAN
0.0,0.0,0.0,0.00043649061545192325,-0.005237887385421303,False,GESAN
0.0,0.0,0.0,0.0004382120946537782,0.008326029798422452,False,GESAN
0.0,0.0,0.0,0.00043346337234484444,0.006068487212830487,False,GESAN
0.0,0.0,0.0,0.0,0.0273738237810095,False,GESAN
0.0,0.0,0.0,0.0,-0.01577418015774179,False,GESAN
0.0,0.0,0.0,0.00042158516020252,-0.021922428330522714,False,GESAN
0.0,0.0,0.0,0.00043010752688177334,0.017204301075268713,False,GESAN
0.0,0.0,0.0,0.0,0.054901135885569996,False,GESAN
0.0,0.0,0.0,0.0,0.008840864440078589,True,GESAN
0.0,0.0,0.0,0.0,0.013658536585365866,False,GESAN
0.0,0.0,0.0,0.0,-0.01734104046242768,False,GESAN
0.0,0.0,0.0,0.0,-0.026138613861386162,False,GESAN
0.0,0.0,0.0,0.003280032800327959,-0.02829028290282909,False,GESAN
0.0,0.0,0.0,0.00042158516020252,-0.030354131534569895,False,GESAN
0.0,0.0,0.0,0.0008676789587851452,-0.021258134490238723,False,GESAN
0.0,0.0,0.0,0.0,-0.001312335958005284,False,GESAN
0.0,0.0,0.0,0.0,0.04304347826086952,False,GESAN
0.0,0.0,0.0,0.002512562814070529,0.021775544388609624,False,GESAN
0.0,0.0,0.0,0.0,-0.016393442622950727,False,GESAN
0.0,0.0,0.0,0.0,-0.01667361400583567,False,GESAN
0.0,0.0,0.0,0.0,-0.0025434506146672087,False,GESAN
0.0,0.0,0.0,0.0,0.0402542372881356,False,GESAN
0.0,0.0,0.0,0.0,-0.005700325732898914,False,GESAN
0.0,0.0,0.0,0.0,-0.009860312243220926,False,GESAN
0.0,0.0,0.0,0.0,-0.006655574043261225,False,GESAN
0.0,0.0,0.0,0.0012562814070351536,0.019262981574539317,False,GESAN
0.0,0.0,0.0,0.0,-0.041308793456032666,False,GESAN
0.0,0.0,0.0,-0.0004273504273503148,-0.03931623931623929,False,GESAN
0.0,0.0,0.0,0.0004420866489831532,-0.009283819628647216,False,GESAN
0.0,0.0,0.0,0.000446030330062408,0.016949152542372836,False,GESAN
0.0,0.0,0.0,0.0004366812227074579,0.004366812227074357,False,GESAN
0.0,0.0,0.0,0.0008684324793746256,0.002171081198436786,False,GESAN
0.0,0.0,0.0,0.0,-0.014279532669839834,False,GESAN
0.0,0.0,0.0,-0.0004405286343611703,0.04185022026431717,False,GESAN
0.0,0.0,0.0,0.00042283298097256505,-0.008456659619450302,False,GESAN
0.0,0.0,0.0,0.0004264392324093702,0.0,False,GESAN
0.0,0.0,0.0,0.0,0.03572947681837513,False,GESAN
0.0,0.0,0.0,0.0008278145695364003,0.0343543046357615,True,GESAN
0.0,0.0,0.0,0.0,-0.008637236084452993,True,GESAN
0.0,0.0,0.0,0.0,0.040000000000000036,False,GESAN
0.0,0.0,0.0,-0.0008944543828264262,-0.051878354203935606,True,GESAN
0.0,0.0,0.0,0.0009398496240600185,-0.03665413533834594,False,GESAN
0.0,0.0,0.0,-0.0009861932938857176,0.004930966469427922,False,GESAN
0.0,0.0,0.0,0.0009765625,0.0048828125,False,GESAN
0.0,0.0,0.0,0.0009699321047527132,-0.04287099903006775,False,GESAN
0.0,0.0,0.0,0.0004024144869214652,-0.008048289738430747,False,GESAN
0.0,0.0,0.0,0.0,-0.0048681541582149546,False,GESAN
0.0,0.0,0.0,0.00040666937779598733,0.026840178934526282,False,GESAN
0.0,0.0,0.0,0.0,-0.009712586719524352,False,GESAN
0.0,0.0,0.0,0.0012038523274477964,-0.0008025682182987159,False,GESAN
0.0,0.0,0.0,0.0,0.05064548162859972,False,GESAN
0.0,0.0,0.0,-0.0009469696969696129,-0.0009469696969696129,False,GESAN
0.0,0.0,0.0,0.0,-0.017757009345794494,False,GESAN
0.0,0.0,0.0,0.0,0.02294455066921608,False,GESAN
0.0,0.0,0.0,0.0009389671361501595,-0.014084507042253502,False,GESAN
0.0,0.0,0.0,-0.000954198473282375,-0.0469465648854962,False,GESAN
0.0,0.0,0.0,0.0008006405124099114,-0.035628502802241835,False,GESAN
0.0,0.0,0.0,0.0,-0.017688194158782422,False,GESAN
0.0,0.0,0.0,0.0,-0.045852438516048255,False,GESAN
0.0,0.0,0.0,0.0004366812227074579,0.014410480349345,False,GESAN
0.0,0.0,0.0,0.0,0.03146551724137936,False,GESAN
0.0,0.0,0.0,-0.0004184100418409553,-0.008368200836820106,False,GESAN
0.0,0.0,0.0,0.0008421052631579773,0.0037894736842105647,False,GESAN
0.0,0.0,0.0,0.0,0.004612159329140386,False,GESAN
0.0,0.0,0.0,0.0004158004158003603,0.03950103950103956,False,GESAN
0.0,0.0,0.0,-0.0008000000000000229,0.009000000000000119,False,GESAN
0.0,0.0,0.0,0.0009910802775023875,0.06838453914767095,False,GESAN
0.0,0.0,0.0,0.0,0.0018552875695732052,True,GESAN
0.0,0.0,0.0,0.0,0.06790123456790109,True,GESAN
0.0,0.0,0.0,0.0,-0.02301054650047929,False,GESAN
0.0,0.0,0.0,0.0009746588693957392,0.023391812865497075,False,GESAN
0.0,0.0,0.0,0.0,0.024667931688804545,False,GESAN
0.0,0.0,0.0,0.0009191176470588758,0.005514705882353033,False,GESAN
0.0,0.0,0.0,0.0,0.03561643835616435,False,GESAN
0.0,0.0,0.0,0.009615384615384581,-0.018269230769230815,False,GESAN
0.0,0.0,0.0,0.004995004995004937,0.011988011988012026,False,GESAN
0.0,0.0,0.0,0.0,-0.0916334661354582,False,GESAN
0.0,0.0,0.0,0.0018639328984155767,0.004659832246038942,True,GESAN
0.0,0.0,0.0,0.00045641259698769865,0.015061615700593167,False,GESAN
0.0,0.0,0.0,0.0004555808656037108,-0.012756264236901904,False,GESAN
0.0,0.0,0.0,0.00045454545454548523,-0.022272727272727222,False,GESAN
0.0,0.0,0.0,-0.0004627487274408981,0.025913928736696068,False,GESAN
0.0,0.0,0.0,-0.0004518752824219652,0.017171260732038007,False,GESAN
0.0,0.0,0.0,-0.0004450378282152556,-0.012461059190031043,False,GESAN
0.0,0.0,0.0,0.0018091361374943382,-0.016282225237449044,False,GESAN
0.0,0.0,0.0,-0.00046772684752094396,0.015902712815715647,False,GESAN
0.0,0.0,0.0,0.0,-0.0022747952684258888,False,GESAN
0.0,0.0,0.0,0.0,-0.012494215640906914,False,GESAN
0.0,0.0,0.0,0.00045745654162865357,-0.006861848124428138,False,GESAN
0.0,0.0,0.0,0.0,0.006902899217671399,False,GESAN
0.0,0.0,0.0,0.0,-0.008632439800090874,False,GESAN
0.0,0.0,0.0,0.0,0.0022914757103575933,False,GESAN
0.0,0.0,0.0,0.0,-0.0032007315957933713,False,GESAN
0.0,0.0,0.0,0.0,0.011024345429490268,False,GESAN
0.0,0.0,0.0,0.0,-0.01181281235801912,False,GESAN
0.0,0.0,0.0,0.0,-0.020164986251145822,False,GESAN
0.0,0.0,0.0,0.0,-0.024299065420560706,False,GESAN
0.0,0.0,0.0,0.0,0.002394636015325746,False,GESAN
0.0,0.0,0.0,0.0,-0.016634980988593062,False,GESAN
0.0,0.0,0.0,0.00048076923076911804,0.012019230769230838,False,GESAN
0.0,0.0,0.0,0.0,-0.019002375296912177,False,GESAN
0.0,0.0,0.0,0.0,-0.01937046004842613,False,GESAN
0.0,0.0,0.0,0.0004930966469427478,-0.004437869822485174,False,GESAN
0.0,0.0,0.0,-0.0004914004914006176,-0.018673218673218805,False,GESAN
0.0,0.0,0.0,0.000500000000000167,0.012499999999999956,False,GESAN
0.0,0.0,0.0,-0.0004938271604939537,-0.022222222222222143,False,GESAN
0.0,0.0,0.0,0.0,0.012096774193548265,False,GESAN
0.0,0.0,0.0,0.0009960159362552012,0.008466135458167434,False,GESAN
0.0,0.0,0.0,0.0,0.019065776930409895,True,GESAN
0.0,0.0,0.0,0.0,-0.004824561403508731,True,GESAN
0.0,0.0,0.0,0.0,-0.012786596119929383,False,GESAN
0.0,0.0,0.0,0.000446030330062408,0.00223015165031204,False,GESAN
0.0,0.0,0.0,0.0,0.04939919893190914,False,GESAN
0.0,0.0,0.0,0.0004240882103478949,-0.005937234944868419,False,GESAN
0.0,0.0,0.0,0.0,0.007708779443254876,False,GESAN
0.0,0.0,0.0,0.0004248088360239155,-0.01954120645709434,False,GESAN
0.0,0.0,0.0,0.0,-0.03467706978760299,False,GESAN
0.0,0.0,0.0,0.000895656068069961,-0.02015226153157179,False,GESAN
0.0,0.0,0.0,0.0,-0.002742230347349106,False,GESAN
0.0,0.0,0.0,0.0009165902841430373,-0.03253895508707616,False,GESAN
0.0,0.0,0.0,-0.001407129455910039,-0.024390243902439046,False,GESAN
0.0,0.0,0.0,0.00048076923076911804,0.03173076923076934,False,GESAN
0.0,0.0,0.0,0.0,-0.028368794326241065,False,GESAN
0.0,0.0,0.0,0.001944579484686404,0.001458434613514914,False,GESAN
0.0,0.0,0.0,0.0019417475728153999,0.03592233009708723,False,GESAN
0.0014025245441795509,-0.00654511453950446,-0.0009350163627863672,-0.0009350163627863672,-0.005142589995324909,True,GESAN
0.0,0.0,0.0,0.00046970408642565964,0.007984969469234438,False,GESAN
0.0,0.0,0.0,0.0,-0.018604651162790642,False,GESAN
0.0,0.0,0.0,-0.000481463649494418,-0.011073663938372724,False,GESAN
0.0,0.0,0.0,0.0,0.03817991631799167,False,GESAN
0.0,0.0,0.0,0.0,0.01874366767983804,False,GESAN
0.0,0.0,0.0,0.0,-0.016434262948207046,False,GESAN
0.0,0.0,0.0,0.000507872016251909,-0.01523616048755716,False,GESAN
0.0,0.0,0.0,0.0,-0.01136950904392775,False,GESAN
0.0,0.0,0.0,0.0,-0.0030785017957926097,False,GESAN
0.0,0.0,0.0,0.0005211047420530246,-0.00990099009901002,False,GESAN
0.0,0.0,0.0,0.000506329113924231,0.012658227848101333,True,GESAN
0.0,0.0,0.0,-0.000500000000000056,-0.013499999999999956,False,GESAN
0.0,0.0,0.0,0.0,-0.013636363636363669,False,GESAN
0.0,0.0,0.0,0.0010240655401945187,0.001536098310291667,False,GESAN
0.0,0.0,0.0,0.0,0.03527607361963203,False,GESAN
0.0,0.0,0.0,0.001969473165928326,0.01723289020187102,False,GESAN
0.0,0.0,0.0,0.0009671179883945502,-0.0067698259187620735,False,GESAN
0.0,0.0,0.0,0.0,0.07622677465459748,False,GESAN
0.0,0.0,0.0,0.0,-0.05608695652173912,True,GESAN
0.0,0.0,0.0,0.00046685340802987696,-0.018207282913165312,False,GESAN
0.0,0.0,0.0,0.0009487666034158071,-0.02561669829222013,False,GESAN
0.0,0.0,0.0,0.0,0.09820126397666495,False,GESAN
0.0,0.0,0.0,0.000429184549356032,0.0193133047210301,True,GESAN
0.0,0.0,0.0,-0.00042105263157898865,-0.021473684210526423,False,GESAN
0.0,0.0,0.0,0.0,0.00043029259896743,False,GESAN
0.0,0.0,0.0,0.0012842465753424293,0.03125,False,GESAN
0.0,0.0,0.0,0.0004110152075627038,0.014385532264693746,False,GESAN
0.0,0.0,0.0,0.0008097165991902688,-0.009311740890688314,False,GESAN
0.0,0.0,0.0,0.0,0.00980792807519415,False,GESAN
0.0,0.0,0.0,0.0,0.004444444444444473,False,GESAN
0.0,0.0,0.0,0.0004022526146421068,-0.015687851971037836,False,GESAN
0.0,0.0,0.0,0.0008169934640522847,0.0,False,GESAN
0.0,0.0,0.0,0.0,-0.032105760151086016,False,GESAN
0.0,0.0,0.0,0.0009756097560975618,-0.006829268292682933,False,GESAN
0.0,0.0,0.0,0.0,-0.012277227722772177,False,GESAN
0.0,0.0,0.0,0.0008048289738429304,0.0,False,GESAN
0.0,0.0,0.0,0.0,0.008064516129032251,False,GESAN
0.0,0.0,0.0,0.002408671216378888,0.004616619831393054,False,GESAN
0.0,0.0,0.0,0.0009970089730808596,-0.0037886340977068,False,GESAN
0.0,0.0,0.0,0.0008022462896108973,0.0038106698756517066,False,GESAN
0.0,0.0,0.0,0.0009990009990010762,0.018981018981019115,False,GESAN
0.0,0.0,0.0,0.0009803921568627416,-0.014705882352941124,False,GESAN
0.0,0.0,0.0,0.001994017946161497,-0.0009970089730807485,False,GESAN
0.0,0.0,0.0,0.0009960159362549792,0.015936254980079667,False,GESAN
0.0,0.0,0.0,0.002941176470588225,-0.00588235294117645,False,GESAN
0.0,0.0,0.0,0.0,-0.014705882352941124,False,GESAN
0.0,0.0,0.0,0.0,-0.020400000000000085,False,GESAN
0.0,0.0,0.0,0.0,0.03571428571428581,False,GESAN
0.0,0.0,0.0,0.0,0.012757605495583801,False,GESAN
0.0,0.0,0.0,0.0,-0.011717171717171682,True,GESAN
0.0,0.0,0.0,0.00040816326530612734,0.0016326530612245094,False,GESAN
0.0,0.0,0.0,0.0004071661237785573,0.037255700325733,False,GESAN
0.0,0.0,0.0,0.0009765625,-0.000976562500000111,False,GESAN
0.0,0.0,0.0,0.000970873786407811,-0.0009708737864076999,False,GESAN
0.0,0.0,0.0,0.0,-0.03106796116504862,False,GESAN
0.0,0.0,0.0,0.0,-0.030400000000000094,False,GESAN
0.0,0.0,0.0,0.0008247422680411898,-0.0160824742268042,False,GESAN
0.0,0.0,0.0,0.0,-0.00625521267723117,False,GESAN
0.0,0.0,0.0,0.0,-0.0033472803347279756,False,GESAN
0.0,0.0,0.0,0.0012578616352201255,-0.04150943396226425,False,GESAN
0.0,0.0,0.0,0.0008748906386701893,-0.0034995625546805353,False,GESAN
0.0,0.0,0.0,0.0,-0.0017536168347215275,False,GESAN
0.0,0.0,0.0,0.0,-0.02622377622377614,False,GESAN
0.0,0.0,0.0,0.01345083487940646,-0.005102040816326481,True,GESAN
0.0,0.0,0.0,0.0,0.007452258965999103,False,GESAN
0.0,0.0,0.0,0.00046082949308767773,-0.008755760368663545,False,GESAN
0.0,0.0,0.0,0.0023245002324499,-0.002789400278940146,False,GESAN
0.0,0.0,0.0,0.0009324009324009896,-0.01538461538461533,False,GESAN
0.0,0.0,0.0,0.0,0.06013257575757569,False,GESAN
0.0,0.0,0.0,0.0004444444444444695,0.04488888888888898,False,GESAN
0.0,0.0,0.0,0.0,-0.002128565346956046,False,GESAN
0.0,0.0,0.0,-0.002119542178889433,-0.004662992793556531,False,GESAN
0.0,0.0,0.0,0.00042571306939120923,0.00936568752660727,False,GESAN
0.0,0.0,0.0,0.0004158004158003603,0.012474012474012586,False,GESAN
0.0,0.0,0.0,0.0016666666666667052,-0.0008333333333333526,True,GESAN
0.0,0.0,0.0,0.0004170141784820558,0.007089241034195171,False,GESAN
0.0,0.0,0.0,0.0012391573729861882,-0.028087567121024337,False,GESAN
0.0,0.0,0.0,-0.0008499787505311662,-0.014874628134296741,False,GESAN
0.0,0.0,0.0,0.0,-0.018695652173913002,False,GESAN
0.0,0.0,0.0,0.003539823008849474,0.0,False,GESAN
0.0,0.0,0.0,0.0013250883392226243,0.014575971731448645,False,GESAN
0.0,0.0,0.0,0.00043516100957341486,0.011314186248912117,False,GESAN
0.0,0.0,0.0,0.0,-0.054982817869415834,False,GESAN
0.0,0.0,0.0,0.0009078529278256919,-0.0167952791647753,False,GESAN
0.0,0.0,0.0,0.00046168051708228575,0.013388734995383178,False,GESAN
0.0,0.0,0.0,-0.00045578851412952925,-0.014129443938012853,False,GESAN
0.0,0.0,0.0,0.0,-0.0022925263640530824,False,GESAN
0.0,0.0,0.0,0.0013786764705880916,0.006433823529411686,False,GESAN
0.0,0.0,0.0,0.0,-0.01576994434137291,False,GESAN
0.0,0.0,0.0,-0.0004710315591145431,-0.008478568064060332,False,GESAN
0.0,0.0,0.0,0.0,0.03182897862232781,False,GESAN
0.0,0.0,0.0,0.0,-0.004627487274409869,False,GESAN
0.0,0.0,0.0,0.0,-0.009762900976290179,False,GESAN
0.0,0.0,0.0,0.00046904315196982793,0.013133208255159623,False,GESAN
0.0,0.0,0.0,0.00046253469010171244,-0.008325624421831601,False,GESAN
0.0,0.0,0.0,0.0004649000464898023,0.0023245002324499,False,GESAN
0.0,0.0,0.0,0.0013901760889714065,0.0013901760889714065,False,GESAN
0.0,0.0,0.0,-0.00045578851412952925,0.0177757520510482,True,GESAN
0.0,0.0,0.0,0.00044702726866319153,-0.005364327223960741,False,GESAN
0.040336879432624206,-0.0017730496453900457,0.028368794326241176,0.028368794326241176,0.03235815602836878,True,GESAN
0.0,0.0,0.0,0.000429184549356032,0.005579399141630859,False,GESAN
0.0,0.0,0.0,0.0,0.004682843763303746,False,GESAN
0.0,0.0,0.0,-0.001261564339781418,0.01345668629100083,False,GESAN
0.0,0.0,0.0,0.0004149377593360981,-0.016182572614107937,False,GESAN
0.0,0.0,0.0,0.0,0.05018979333614504,False,GESAN
0.0,0.0,0.0,0.0,-0.004846526655896688,False,GESAN
0.0,0.0,0.0,0.0,-0.008064516129032251,False,GESAN
0.0,0.0,0.0,0.0,-0.0186991869918699,False,GESAN
0.0,0.0,0.0,-0.0008196721311475308,-0.08278688524590161,False,GESAN
0.0,0.0,0.0,0.0,-0.023472099202834218,False,GESAN
0.0,0.0,0.0,0.0004522840343736956,0.006331976481230184,False,GESAN
0.0,0.0,0.0,0.0,-0.012167643082469537,False,GESAN
0.0,0.0,0.0,0.0004543389368467654,0.06815084052703324,False,GESAN
0.0,0.0,0.0,0.00042698548249342494,-0.014090520922288685,False,GESAN
0.0,0.0,0.0,0.0,-0.024127531236536104,False,GESAN
0.0,0.0,0.0,0.0,-0.0017528483786152238,False,GESAN
0.0,0.0,0.0,-0.0004382120946538892,-0.010517090271691565,False,GESAN
0.0,0.0,0.0,0.0,-0.039555555555555566,False,GESAN
0.0,0.0,0.0,0.0004585052728107719,0.00733608436497013,True,GESAN
0.0,0.0,0.0,0.0,-0.009070294784580435,False,GESAN
0.0,0.0,0.0,0.00045599635202919764,-0.013679890560875596,False,GESAN
0.0,0.0,0.0,0.0,-0.0027790643816580918,False,GESAN
0.0,0.0,0.0,0.0009272137227631649,0.02549837737598515,False,GESAN
0.0,0.0,0.0,0.0,0.00990990990991003,False,GESAN
0.0,0.0,0.0,0.000892060660124816,0.004014272970561894,False,GESAN
0.0,0.0,0.0,0.00044189129474148103,-0.014140521431727837,False,GESAN
0.0,0.0,0.0,-0.0004490345756622549,0.023798832510103285,False,GESAN
0.0,0.0,0.0,0.0,-0.016086956521739193,False,GESAN
0.0,0.0,0.0,0.0,-0.014134275618374548,False,GESAN
0.0,0.0,0.0,0.0,-0.027653880463871627,False,GESAN
0.0,0.0,0.0,0.0,0.003664681630783484,False,GESAN
0.0,0.0,0.0,-0.00045433893684698745,0.020445252158109994,False,GESAN
0.0,0.0,0.0,0.0008904719501334757,0.0017809439002671734,False,GESAN
0.0,0.0,0.0,0.001332149200710564,-0.000888099467140302,False,GESAN
0.0,0.0,0.0,0.0,-0.02087033747779743,False,GESAN
0.0,0.0,0.0,-0.0009025270758122872,0.02391696750902539,False,GESAN
0.0,0.0,0.0,0.0,0.013215859030837107,False,GESAN
0.0,0.0,0.0,-0.0008695652173912327,-0.003913043478260825,False,GESAN
0.0,0.0,0.0,-0.000436871996505106,-0.03975535168195721,False,GESAN
0.0,0.0,0.0,0.0004543389368467654,0.005452067242162517,False,GESAN
0.0,0.0,0.0,0.0,0.004948268106162779,False,GESAN
0.0,0.0,0.0,0.00044822949350065144,0.05199462124607801,False,GESAN
0.0,0.0,0.0,0.0,-0.03797468354430378,True,GESAN
0.0,0.0,0.0,0.0004382120946537782,0.026292725679228912,False,GESAN
0.0,0.0,0.0,-0.000426985482493647,-0.009393680614859234,False,GESAN
0.0,0.0,0.0,0.0008616975441619878,0.031451960361913,False,GESAN
0.0,0.0,0.0,0.0004177109440266502,-0.0029239766081871066,False,GESAN
0.0,0.0,0.0,0.0,-0.001255230125522866,False,GESAN
0.0,0.0,0.0,0.0004182350480970154,-0.017984107068172328,False,GESAN
0.0,0.0,0.0,0.0,0.02898550724637672,False,GESAN
0.0,0.0,0.0,0.0004132231404958553,-0.012809917355371847,False,GESAN
0.0,0.0,0.0,0.00041858518208437445,0.04395144411887819,False,GESAN
0.0,0.0,0.0,0.0,0.02345629510825975,True,GESAN
0.0,0.0,0.0,0.0,0.007827788649706457,False,GESAN
0.0,0.0,0.0,0.0009842519685039353,0.034448818897637734,True,GESAN
0.0,0.0,0.0,0.0009514747859182826,0.008563273073263655,False,GESAN
0.0,0.0,0.0,-0.000935453695042221,0.012160898035547207,False,GESAN
0.0,0.0,0.0,-0.0009107468123861207,-0.05555555555555547,False,GESAN
0.0,0.0,0.0,0.0,-0.013552758954501365,False,GESAN
0.0,0.0,0.0,0.0,0.042074363992172126,False,GESAN
0.0,0.0,0.0,0.000932835820895539,0.02425373134328357,False,GESAN
0.0,0.0,0.0,-0.0009107468123861207,-0.008196721311475308,False,GESAN
0.0,0.0,0.0,0.0,0.013786764705882248,False,GESAN
0.0,0.0,0.0,0.0,0.010879419764279197,False,GESAN
0.0,0.0,0.0,0.0008952551477170445,0.0,False,GESAN
0.0,0.0,0.0,0.0,-0.00893655049151032,False,GESAN
0.0,0.0,0.0,0.0,0.004629629629629539,False,GESAN
0.0,0.0,0.0,0.0009165902841430373,0.016498625114573784,False,GESAN
0.0,0.0,0.0,-0.0008230452674896638,-0.05020576131687238,True,GESAN
0.0,0.0,0.0,-0.0008695652173912327,-0.025217391304347858,False,GESAN
0.0,0.0,0.0,0.0008928571428570287,-0.016964285714285765,False,GESAN
0.0,0.0,0.0,0.0,0.02607913669064743,False,GESAN
0.0,0.0,0.0,-0.0008695652173912327,-0.024347826086956514,False,GESAN
0.0,0.0,0.0,-0.0008944543828264262,0.011627906976744207,False,GESAN
0.0,0.0,0.0,0.0,0.010443864229764843,False,GESAN
0.0,0.0,0.0,0.0,0.0,False,GESAN
0.0,0.0,0.0,0.0,0.029914529914529808,False,GESAN
0.0,0.0,0.0,-0.0008257638315440907,-0.01156069364161838,False,GESAN
0.0,0.0,0.0,0.0044642857142858094,-0.03749999999999998,True,GESAN
0.0,0.0,0.0,0.0009310986964616852,-0.09646182495344502,False,GESAN
0.0,0.0,0.0,0.0012499999999999734,0.009166666666666545,True,GESAN
0.0,0.0,0.0,0.0008216926869351049,-0.003697617091207861,False,GESAN
0.0,0.0,0.0,0.0004120313143800569,-0.031726411207251726,False,GESAN
0.0,0.0,0.0,0.0008499787505311662,-0.024224394390140236,False,GESAN
0.0,0.0,0.0,0.00043478260869567187,0.023913043478260843,False,GESAN
0.0,0.0,0.0,0.0004222972972973693,-0.025760135135135087,False,GESAN
0.0,0.0,0.0,0.0018984337921215122,0.05315614617940212,False,GESAN
0.0,0.0,0.0,-0.0013556258472660065,-0.009037505648440969,False,GESAN
0.0,0.0,0.0,0.0,-0.004090909090909034,False,GESAN
0.0,0.0,0.0,-0.0013580805794477513,0.037573562698053564,False,GESAN
0.0,0.0,0.0,0.0,-0.01449275362318836,False,GESAN
0.0,0.0,0.0,0.0,-0.015815634884771668,False,GESAN
0.0,0.0,0.0,-0.006684491978609763,0.017379679144384985,False,GESAN
0.0,0.0,0.0,0.0004374453193352057,-0.001312335958005284,False,GESAN
0.0,0.0,0.0,0.0,0.008333333333333304,False,GESAN
0.0,0.0,0.0,0.0,-0.01618547681539817,False,GESAN
0.0,0.0,0.0,0.002221235006663491,-0.018214127054642426,False,GESAN
0.0,0.0,0.0,0.0009041591320071429,0.01672694394213381,False,GESAN
0.0,0.0,0.0,0.0,-0.013680494263018428,False,GESAN
0.0,-0.015144766146993338,-0.014253897550111416,-0.013808463251670289,-0.00445434298440972,True,GESAN
0.0,0.0,0.0,-0.0018306636155607237,0.03112128146453097,False,GESAN
0.0,0.0,0.0,0.0,-0.03104212860310418,False,GESAN
0.0,0.0,0.0,0.0,0.020361990950226172,False,GESAN
0.0,0.0,0.0,0.0,-0.008463251670378535,False,GESAN
0.0,0.0,0.0,-0.0008900756564307333,-0.020026702269692942,False,GESAN
0.0,0.0,0.0,0.0,0.015801354401805856,False,GESAN
0.0,0.0,0.0,0.00044267374944673143,0.015936254980079667,False,GESAN
0.0,0.0,0.0,0.0,-0.0090673575129534,False,GESAN
0.0,0.0,0.0,-0.0008798944126704455,0.05719313682358118,False,GESAN
0.0,0.0,0.0,0.0,-0.011671529804084924,False,GESAN
0.0,0.0,0.0,0.0,0.012916666666666687,False,GESAN
0.0,0.0,0.0,-0.0004113533525297308,-0.04154668860551203,False,GESAN
0.0,0.0,0.0,0.0,-0.009599999999999942,True,GESAN
0.0,0.0,0.0,0.0004038772213246222,-0.001615508885298933,False,GESAN
0.0,0.0,0.0,0.0004030632809350898,0.01370415155179372,False,GESAN
0.0,0.0,0.0,0.00040404040404040664,0.033333333333333215,False,GESAN
0.0,0.0,0.0,0.0,-0.024295432458697808,False,GESAN
0.0,0.0,0.0,-0.0009990009990009652,-0.04895104895104885,False,GESAN
0.0,0.0,0.0,0.00041841004184117736,-0.025104602510460206,False,GESAN
0.0,0.0,0.0,0.0004282655246252709,0.018415417558886427,False,GESAN
0.0,0.0,0.0,0.0,0.01359966000849977,False,GESAN
0.0,0.0,0.0,0.0,-0.015006252605252124,False,GESAN
0.0,0.0,0.0,0.000420521446593769,-0.029436501261564496,False,GESAN
0.0,0.0,0.0,0.0,0.0039045553145335976,False,GESAN
0.0,0.0,0.0,0.0,0.06061908856405851,False,GESAN
0.0,0.0,0.0,0.0,-0.005256773150020155,True,GESAN
0.0,0.0,0.0,0.0008103727714747766,-0.023500810372771408,False,GESAN
0.0,0.0,0.0,0.0,0.03319502074688785,False,GESAN
0.0,0.0,0.0,0.0009891196834816984,0.009891196834816984,True,GESAN
0.0,0.0,0.0,0.0,0.05344995140913511,False,GESAN
0.0,0.0,0.0,0.0,0.027272727272727337,False,GESAN
0.0,0.0,0.0,-0.0008787346221440506,0.026362038664323295,False,GESAN
0.0,0.0,0.0,0.0008525149190110604,0.04688832054560965,False,GESAN
0.0,0.0,0.0,0.0007987220447283061,-0.019968051118210872,False,GESAN
0.0,0.0,0.0,-0.0008237232289951546,0.010708401976935678,False,GESAN
0.0,0.0,0.0,0.002437043054427379,-0.01380991064175463,False,GESAN
0.0,0.0,0.0,0.0,0.04878048780487809,False,GESAN
0.0,0.0,0.0,-0.0007710100231302919,-0.1048573631457208,True,GESAN
0.0,0.0,0.0,0.0,0.011333914559720881,False,GESAN
0.0,0.0,0.0,0.0,0.05107084019769337,False,GESAN
0.0,0.0,0.0,0.0,-0.07727272727272727,True,GESAN
0.0,0.0,0.0,0.0,0.0850891410048622,False,GESAN
0.0,0.0,0.0,-0.0007097232079488203,0.04471256210078067,True,GESAN
0.0,-0.09562500000000007,-0.05062499999999992,-0.05124999999999991,-0.05625000000000002,True,GESAN
0.0,0.0,0.0,0.0,-0.06022501654533419,False,GESAN
0.0,0.0,0.0,-0.0020876826722336927,0.08698677800974242,False,GESAN
0.0,0.0,0.0,-0.0006249999999999867,0.03374999999999995,False,GESAN
0.0,0.0,0.0,0.0006009615384614531,-0.013822115384615419,False,GESAN
0.0,0.0,0.0,-0.0005966587112171684,-0.029832935560859197,False,GESAN
0.0,0.0,0.0,0.0,0.0,False,ATATR
0.0,0.0,0.0,0.0,0.0,False,ATATR
0.0,0.0,0.0,0.0,0.0,False,ATATR
0.0,0.0,0.0,0.0,0.0,False,ATATR
0.0,0.0,0.0,0.0,0.22086720867208665,False,ATATR
0.0,0.0,0.0,0.0,-0.12795698924731191,False,ATATR
0.0,0.0,0.0,0.001290322580645098,-0.058064516129032295,False,ATATR
0.0,0.0,0.0,0.0,-0.008301886792452806,False,ATATR
0.0,0.0,0.0,0.0,-0.033333333333333326,False,ATATR
0.0,0.0,0.0,0.0,-0.02529644268774711,False,ATATR
0.0,0.0,0.0,0.0008012820512819374,-0.049679487179487225,False,ATATR
0.0,0.0,0.0,-0.0008438818565400519,-0.04641350210970452,False,ATATR
0.0,0.0,0.0,0.0,0.07321428571428568,False,ATATR
0.0,0.0,0.0,0.0,0.012458471760797396,False,ATATR
0.0,0.0,0.0,-0.0008123476848090894,-0.05930138099106419,False,ATATR
0.0,0.0,0.0,0.0,-0.0121317157712304,False,ATATR
0.0,0.0,0.0,0.0,-0.04035087719298258,False,ATATR
0.0,0.0,0.0,0.0009082652134422275,-0.0009082652134423386,False,ATATR
0.0,0.0,0.0,-0.0008928571428571397,-0.019642857142857073,False,ATATR
0.0,0.0,0.0,0.0009057971014494459,-0.032608695652173836,False,ATATR
0.028169014084507005,-0.013145539906103343,0.028169014084507005,0.029107981220657386,0.004694835680751019,True,ATATR
0.0,0.0,0.0,0.0,-0.023696682464455,False,ATATR
0.0,0.0,0.0,0.0,0.09786821705426352,False,ATATR
0.0,0.0,0.0,0.0,-0.020547945205479423,False,ATATR
0.0,0.0,0.0,-0.0008741258741258306,-0.01748251748251739,False,ATATR
0.0,0.0,0.0,0.0,-0.04653204565408264,False,ATATR
0.0,0.0,0.0,-0.0009302325581395099,0.11069767441860456,False,ATATR
0.0,0.0,0.0,-0.0031397174254317317,0.03061224489795933,True,ATATR
0.0,0.0,0.0,-0.001435750179468731,0.036611629576453586,False,ATATR
0.0,0.0,0.0,-0.0007002801120448154,0.10644257703081239,False,ATATR
0.0,0.0,0.0,-0.0006345177664974777,-0.010152284263959421,False,ATATR
0.0,0.0,0.0,0.0006381620931716903,0.01850670070197835,False,ATATR
0.0,0.0,0.0,0.0,-0.11405672009864365,False,ATATR
0.0,0.0,0.0,0.0006756756756756133,-0.06891891891891899,False,ATATR
0.0,0.0,0.0,0.0,-0.03804737975592243,False,ATATR
0.0,0.0,0.0,0.0,0.08782287822878221,False,ATATR
0.0,0.0,0.0,0.0,-0.08788282290279625,False,ATATR
0.0,0.0,0.0,0.0,-0.016522988505747183,False,ATATR
0.0,0.0,0.0,0.0,0.059859154929577496,False,ATATR
0.0,0.0,0.0,0.0,0.020539152759948776,True,ATATR
0.0,0.0,0.0,0.0,0.03985056039850554,False,ATATR
0.0,0.0,0.0,-0.0006056935190794643,-0.03210175651120539,False,ATATR
0.0,0.0,0.0,0.0,-0.040473225404732194,False,ATATR
0.0,0.0,0.0,0.0006430868167202064,0.02057877813504816,False,ATATR
0.0,0.0,0.0,0.000622277535780924,-0.017423771001866872,False,ATATR
0.0,0.0,0.0,0.0,-0.0050473186119873725,False,ATATR
0.0,0.0,0.0,0.0,-0.058490566037735836,False,ATATR
0.0,0.0,0.0,-0.0006680026720107257,-0.06479625918503673,False,ATATR
0.0,0.0,0.0,0.0007092198581559739,0.021276595744680993,False,ATATR
0.0,0.0,0.0,0.0,0.027491408934707806,False,ATATR
0.0,0.0,0.0,0.0006644518272425071,-0.017940199335548246,False,ATATR
0.0,0.0,0.0,0.0006756756756756133,0.03378378378378377,False,ATATR
0.0,0.0,0.0,0.0006468305304010435,0.027166882276843385,False,ATATR
0.0,0.0,0.0,0.0,0.02876797998749203,False,ATATR
0.0,0.0,0.0,-0.0011983223487117556,0.0,False,ATATR
0.0,0.0,0.0,-0.000592066311426942,-0.05032563647128485,False,ATATR
0.0,0.0,0.0,0.0006211180124222615,-0.06397515527950315,False,ATATR
0.0,0.0,0.0,0.0,0.09084924292297569,False,ATATR
0.0,0.0,0.0,0.0,0.022525192649673897,True,ATATR
0.0,0.0,0.0,0.0,-0.055299539170507006,False,ATATR
0.0,0.0,0.0,0.0006097560975610872,-0.05060975609756091,False,ATATR
0.0,0.0,0.0,0.0,-0.11601513240857497,False,ATATR
0.0,0.0,0.0,-0.0014306151645206988,0.10300429184549342,False,ATATR
0.0,0.0,0.0,0.001920614596671033,0.06145966709346995,False,ATATR
0.02049427365883072,-0.009644364074743783,-0.0042194092827004814,-0.003616636528028905,-0.007836045810729275,True,ATATR
0.0,0.0,0.0,0.0005941770647654998,0.07546048722519338,False,ATATR
0.0,0.0,0.0,0.0005341880341880323,-0.03579059829059816,False,ATATR
0.0,0.0,0.0,0.0,-0.01436464088397793,False,ATATR
0.0,0.0,0.0,0.0011098779134295356,-0.011098779134295134,False,ATATR
0.0,0.0,0.0,-0.0011061946902655162,-0.05143805309734517,False,ATATR
