mfe,mae,sinyal,kat_gerceklesen,hisse
0.0321243546768446,-0.018652843802183794,False,,ISKPL
0.029258100377458574,-0.013584110670863181,False,,ISKPL
0.0,-0.03900000274754323,False,,ISKPL
0.03718593228114786,-0.013065327558241302,False,,ISKPL
0.019417477056269616,-0.026213594025964015,False,,ISKPL
0.03632886760456988,-0.011472276107284629,False,,ISKPL
0.03255814188194117,-0.00651162837638819,False,,ISKPL
0.018987343102550014,-0.03526220861902163,False,,ISKPL
0.022321430115888274,-0.018750001297346164,False,,ISKPL
0.0054005404307053695,-0.03510351279958579,False,,ISKPL
0.09722222267521752,-0.016666667862574203,False,0.05919663863851458,ISKPL
0.07359307897969103,0.0,False,0.4027378590623505,ISKPL
0.023294510789777956,-0.013311149022730118,False,0.27151141256538436,ISKPL
0.024793390162006546,-0.0016528926774670438,False,0.5220043483189019,ISKPL
0.09548167180478928,0.0,True,3.7596173105699178,ISKPL
0.014117648072911049,-0.022745094147546663,False,0.6606992062151679,ISKPL
0.03070866363184721,-0.015748032631716424,False,0.24418345967518243,ISKPL
0.0,-0.04513618450490642,False,0.1460223886721893,ISKPL
0.061093246077031926,-0.01768488866163731,False,0.08189361500523186,ISKPL
0.01084430750826737,-0.03408210385470134,False,0.3196168792202533,ISKPL
0.015127389638087907,-0.03821655768715948,False,0.12031522246643654,ISKPL
0.023584907358504825,-0.014937107993719834,False,0.040767454457317054,ISKPL
0.024615386349534196,-0.027692309643226,False,0.0648526105188712,ISKPL
0.06015624880032333,-0.022656251621068324,False,0.1500257989510288,ISKPL
0.0,-0.08421052681760866,False,0.40019685320176046,ISKPL
0.03384367108473363,-0.006446414621255836,True,6.324815332401936,ISKPL
0.032000002344570344,-0.006399994832927969,False,0.5804439729308265,ISKPL
0.01249024289142553,-0.005464481264998544,False,0.29127043853054924,ISKPL
0.03869969314574484,-0.006965944766234133,False,1.7220349863584656,ISKPL
0.027736128557139805,-0.023988007643880205,False,1.325698909591548,ISKPL
0.04507888586292785,-0.007513148525988056,False,1.5156406462509258,ISKPL
0.01512968407221682,-0.01512968407221682,False,0.9770874200996368,ISKPL
0.015250545754653233,-0.02759622053509525,False,0.08302266261162264,ISKPL
0.009643912342917726,-0.00890207775615337,False,0.03769679946784881,ISKPL
0.051148997508885685,-0.010378058525183254,False,0.975209325233915,ISKPL
0.0036469732747630434,-0.03938730622886788,False,0.6562599945875223,ISKPL
0.011219142844069108,-0.030665671509729542,False,0.46534905729064,ISKPL
0.01107011150689452,-0.01623615834419634,False,0.13174008238383464,ISKPL
0.011029412564579566,-0.030882350000688508,False,1.4149070906032613,ISKPL
0.06539923874113462,-0.008365019593998824,False,2.1811981312464064,ISKPL
0.011569053608859736,-0.02675343137650188,False,0.5485746436608183,ISKPL
0.010948905897728345,-0.03649634785010469,False,0.5752212389380218,ISKPL
0.032608697982744905,-0.010869565994248265,False,2.231983395279252,ISKPL
0.007857143410677114,-0.020000001408996493,False,1.679432056794256,ISKPL
0.0,-0.06754772365435602,True,7.522247276107075,ISKPL
0.00610221247816134,-0.02212052023333544,False,0.5982333620332613,ISKPL
0.013899614882620037,-0.019305020670305595,False,0.14623291300204233,ISKPL
0.02941176679076607,-0.012383901806638398,False,0.6027276726792374,ISKPL
0.003790750831823342,-0.029567856488222355,False,0.43455657492360683,ISKPL
0.007763975707346216,-0.048136643915839494,False,0.12942937245723204,ISKPL
0.015459724415754161,-0.048006512659447,False,0.34159993414944434,ISKPL
0.040131037139792936,-0.014742015762724603,False,0.12690982227921804,ISKPL
0.03426295070754137,-0.02948206825109667,False,0.2218147828587424,ISKPL
0.0,-0.049382714103180736,False,2.0532274394813217,ISKPL
0.04309657138626455,-0.005586586964616114,False,2.3959984627947595,ISKPL
0.010744436672315283,-0.02302379286924683,False,0.6094057160138081,ISKPL
0.01461538564503595,-0.03307692540718654,False,0.03668544405028674,ISKPL
0.0810810813751428,-0.02007722149711788,False,0.7164534047953888,ISKPL
0.013571429527533319,-0.012857143762926349,False,2.02366388518647,ISKPL
0.05894886276216571,-0.02201704699682938,False,1.6269667299917223,ISKPL
0.030428766221437975,-0.033886585990474116,False,2.7094729962063138,ISKPL
0.014925374180587037,-0.012082445765237093,False,0.5864136903042743,ISKPL
0.06761565809532621,-0.0071174382220576815,False,0.37552877765386533,ISKPL
0.041188389164464656,0.0,True,4.516875162887744,ISKPL
0.004016064541095377,-0.022757699066207393,False,0.24435071314831727,ISKPL
0.039590446541781565,-0.003412969529463794,False,0.015544246648513562,ISKPL
0.022267208065507083,-0.0013495277615458434,False,1.3734979288848237,ISKPL
0.02356902524622928,-0.006734007213208271,False,0.0018967276930955904,ISKPL
0.023936171894580083,-0.008643617628598443,False,0.05145218882674875,ISKPL
0.010471204912658072,-0.01963350921123419,False,0.4442272297150495,ISKPL
0.0,-0.02317880956914864,False,0.11468828454190393,ISKPL
0.015364062540810464,0.0,False,1.1474436017517289,ISKPL
0.03689064351345639,-0.0039525694451163496,False,0.04469835224426288,ISKPL
0.0,-0.04092071455728197,True,3.8527482220630143,ISKPL
0.04033831959515877,0.0,False,0.4402953407451099,ISKPL
0.044275773526736506,-0.046805817982894404,False,0.8083719978166287,ISKPL
0.05761589340633244,-0.02516556467507569,True,3.62212448185305,ISKPL
0.009463723070503693,-0.015772871784172637,False,0.22832306338018854,ISKPL
0.02379461658241855,-0.015654353014749045,False,0.7610669464509028,ISKPL
0.0012515645438522238,-0.03003754464383057,False,0.11151387000964325,ISKPL
0.03535353786934392,-0.008838384467336091,False,0.6581126916098207,ISKPL
0.01651375829751922,-0.007339450047278873,False,2.9848191416255947,ISKPL
0.035033802645370704,0.0,False,1.0546131481520562,ISKPL
0.02141982580749957,-0.00856793204759776,False,0.3309479518620956,ISKPL
0.030303028103494833,-0.05151515503440829,False,1.8893160438581753,ISKPL
0.0006246096629642928,-0.04434728167010038,False,0.37718913951717764,ISKPL
0.01923077062031231,-0.019230766104297525,False,2.274351035960968,ISKPL
0.021532617116624797,-0.031032296676991256,False,0.2769244369792389,ISKPL
0.019096118493003855,-0.011457671095802202,False,0.07970221151736034,ISKPL
0.01823899500370718,-0.006289308621967971,False,0.43143154727468763,ISKPL
0.0,-0.019692309058283786,False,0.6293416394030015,ISKPL
0.003095975448283328,-0.020433437958669476,False,0.2236738145843801,ISKPL
0.025316457502318812,-0.018987338667889486,False,0.9743469051540793,ISKPL
0.0006176652684515282,-0.024088945469610157,False,0.8697538900253626,ISKPL
0.0,-0.04101926512038401,False,0.667826974148167,ISKPL
0.008191556977536152,-0.04977945719353749,False,0.07560556112954792,ISKPL
0.03525641280390568,-0.0019230770620310977,False,0.9759429308643343,ISKPL
0.008674102216692736,-0.005576208567874108,False,0.4519298626566459,ISKPL
0.027143735974492378,-0.0024676127564149386,False,0.17888391989100327,ISKPL
0.017964073144588033,-0.008982036572294017,False,2.79895314196648,ISKPL
0.021201414922956907,-0.020612486730652746,False,1.8824866246864256,ISKPL
0.021412034444111105,-0.019675927289630524,False,1.3832245328308703,ISKPL
0.025142854837853834,-0.011428572210708365,False,0.21648574887644312,ISKPL
0.0,-0.03421633404745039,True,6.72458530256703,ISKPL
0.006810443168915992,-0.02099886243920357,False,0.9078073838205729,ISKPL
0.0,-0.025842694512428044,False,0.33269278725560125,ISKPL
0.0005685048732757547,-0.10062535455958177,False,0.4910236085521743,ISKPL
0.004353234136004636,-0.030472638952031672,False,1.5016615186426405,ISKPL
0.01210191169689434,-0.025477704348316643,False,0.25941433475508474,ISKPL
0.027848103252550827,-0.0354430360443968,False,1.1456136988052235,ISKPL
0.04347825953781026,-0.010559006950439875,False,0.291575414361067,ISKPL
0.03367408540767691,-0.010823808930443657,False,0.46092492828661813,ISKPL
0.01337987295080656,-0.025596278688499452,True,3.072033589433361,ISKPL
0.0,-0.04702549513785037,True,5.772373321295612,ISKPL
0.010582011327073149,-0.021164022654146297,False,1.0628267995989562,ISKPL
0.04040403909328294,-0.01366607346209936,False,0.04774253378897897,ISKPL
0.00992990723671272,-0.009345795046317829,False,0.1254074216094116,ISKPL
0.03456356010223316,-0.004100761857719015,False,1.3736063930747173,ISKPL
0.012571425406074699,-0.011428572210708365,False,0.6290262426256031,ISKPL
0.019406394098697932,-0.06621004241216322,False,0.06888056919664405,ISKPL
0.02530900708129824,-0.04473219441574783,False,0.019343030870838815,ISKPL
0.09784507724427582,-0.008153757120869187,False,0.6244923185590848,ISKPL
0.03504043379532362,-0.01078166813918846,False,0.8365587539196385,ISKPL
0.002107481708164549,-0.022128557935727433,False,0.942718281359269,ISKPL
0.023809525495775752,-0.010582011331455754,False,0.5263320893789055,ISKPL
0.011410785519919475,-0.012966805879495502,False,0.32219039655564347,ISKPL
0.0,-0.026707757357451345,False,1.1765627175274087,ISKPL
0.017196454016072726,-0.009900990789626807,False,1.4515974898862791,ISKPL
0.019557383207856383,-0.008749357267700653,False,0.6035842802191876,ISKPL
0.007179487698249831,-0.04358974312656272,False,0.5193045403361659,ISKPL
0.014150944388977793,-0.04926624714336214,False,0.8222156703767841,ISKPL
0.004343105619298404,-0.02280130450131712,False,2.285196643136698,ISKPL
0.002173913193300736,-0.013586957458129212,False,0.9286463798532228,ISKPL
0.005464481252977604,-0.03278688751786607,False,2.5534564401697057,ISKPL
0.050847457289812104,-0.0158192061926814,False,0.93720459149226,ISKPL
0.017505467819956433,-0.00820568984713399,False,0.5078282392218642,ISKPL
0.012756517813449664,-0.0016638936278413619,False,0.01643027664663193,ISKPL
0.014900663294452832,-0.01048565194794826,False,0.651581327633673,ISKPL
0.027397258317400253,-0.0005479452435531718,False,0.23181749610281813,ISKPL
0.0133689849141716,-0.026737966060972784,False,2.2053541995592028,ISKPL
0.0010982977151425821,-0.014827019154425858,False,0.9135404498202595,ISKPL
0.012074644089561826,-0.02140505088604161,False,0.16339068110702804,ISKPL
0.01138828329672581,-0.010303688344147188,False,0.3512765733897903,ISKPL
0.02720348008959861,-0.0027203483922561,False,0.3352544543638801,ISKPL
0.01866666799926442,-0.0042666669712603245,False,1.1420208704505477,ISKPL
0.008900524183966807,-0.013612566399008208,False,2.5986517811944077,ISKPL
0.0031185033354605984,-0.009875260562291932,True,3.4167523711576604,ISKPL
0.0155844130083449,-0.006753247222833103,False,0.17495050180921923,ISKPL
0.0,-0.04642857117183008,True,3.339169043064094,ISKPL
0.03195390111691809,-0.009952855595723453,False,1.4289062930892638,ISKPL
0.005141384906537816,-0.03701799740618594,False,0.6425273597811243,ISKPL
0.010498688401731515,-0.018372704703029985,False,1.2357861240457382,ISKPL
0.0,-0.016238869656180377,False,0.4891877637131271,ISKPL
0.0074270562303162535,-0.01591512049353483,False,0.006447952130460195,ISKPL
0.008606778457265873,-0.020979018699923135,False,0.09101221410295052,ISKPL
0.03615758491088039,-0.008094977894532285,False,0.2013413499590345,ISKPL
0.009424084430082358,-0.020942409844627807,False,0.7535235584016023,ISKPL
0.004158004447280872,-0.019750521124583864,False,0.030243629235413703,ISKPL
0.03878406611448937,-0.013626835337534393,False,0.04383135364888558,ISKPL
0.0070850207481159,-0.02226720450023223,False,2.106180297397478,ISKPL
0.0015408285368592178,-0.03954802531776447,False,1.275821333929276,ISKPL
0.04458598668952218,0.0,False,0.9114515710206018,ISKPL
0.02383419489395644,-0.00777202126441523,False,2.180914512922308,ISKPL
0.00975359048284452,-0.024127311719483235,False,0.4222841225627865,ISKPL
0.061538462372187075,-0.00358974023631331,False,0.5447665286306976,ISKPL
0.0,-0.04527162944354857,False,1.833749306710892,ISKPL
0.008970976886969462,-0.008970976886969462,False,1.237151248164409,ISKPL
0.013829788218713723,-0.01808510392329432,False,0.4227866336790572,ISKPL
0.09677419672510501,-0.003225806683757604,False,0.7560614752862787,ISKPL
0.07843137105930786,-0.025000001726711463,True,18.35782097649117,ISKPL
0.010989011762411405,-0.016983018178272413,False,0.35419709597045645,ISKPL
0.02482621472344726,-0.016881828390587716,False,0.8925054645399851,ISKPL
0.02955664882735909,-0.00492610871629906,False,0.04322766570600735,ISKPL
0.008737864705204101,-0.037378640041255684,False,0.08610656091038583,ISKPL
0.08157099921870214,0.0,False,2.328509312739356,ISKPL
0.01895734730077625,-0.04170616072285316,False,0.45182115671913264,ISKPL
0.03189493324282444,-0.03001876380915336,False,0.24838080305037935,ISKPL
0.038752362329027124,-0.0018903593004104824,False,0.8131289924407883,ISKPL
0.005535055746252793,-0.018450182571312035,False,1.0332361417760565,ISKPL
0.0,-0.07272727144636681,False,1.747350552471103,ISKPL
0.10358180117831872,0.0,False,0.6229989172322419,ISKPL
0.013392854924451303,-0.017857144092710664,False,1.5243791503684256,ISKPL
0.02727272599182129,-0.005454545838817326,False,0.2541298790574236,ISKPL
0.0,-0.009017133181948522,False,0.15897732652951607,ISKPL
0.03981900412966044,-0.004524887195163085,False,0.5216328832357,ISKPL
0.0,-0.07961504759861215,False,1.2707007977381672,ISKPL
0.06060606151579484,0.0,False,0.14380714879467685,ISKPL
0.013477086722293974,-0.020664871160305576,False,1.7185628017861863,ISKPL
0.041284403373243794,-0.007339450063091002,False,0.024371078135565816,ISKPL
0.02770330529434406,-0.016085791998717847,False,0.33737229745787645,ISKPL
0.0,-0.007142857637084332,False,0.06138372883772243,ISKPL
0.01690391262230806,-0.007117438213135707,False,0.32986042854323516,ISKPL
0.013333334293538224,0.0,False,0.3505186244955663,ISKPL
0.0,-0.09478260924699866,True,4.259987417427002,ISKPL
0.07048458342553232,-0.014096914202293087,False,0.49028134926625955,ISKPL
0.0475785900592971,0.0,False,0.7075228776294592,ISKPL
0.009828007623559953,-0.014742015762724603,False,1.2795799140734745,ISKPL
0.01828761265464629,-0.00831255253760721,False,2.436117250924354,ISKPL
0.01309328771228535,-0.009001637283957753,False,0.9980217821350293,ISKPL
0.019528073002186064,-0.0048820153844021386,False,0.03473738536651282,ISKPL
0.00807754500107194,-0.031502422658872375,True,4.881971789903634,ISKPL
0.012396692169853285,-0.03305785063819222,False,0.9221224995076301,ISKPL
0.00912863134583608,-0.016597511537883913,False,0.06845437910554972,ISKPL
0.014554792514297032,-0.06421233020532391,False,1.19436567213849,ISKPL
0.0,-0.03038427377535602,True,6.302575518568323,ISKPL
0.0,-0.08508691633011134,False,0.05556121456811723,ISKPL
0.007497657501986055,-0.05248359921259815,False,0.5942847348524553,ISKPL
0.10105871071276651,-0.010587103737394243,False,0.06096810534981729,ISKPL
0.0008904720115823217,-0.04808548548876601,True,3.9434801016089525,ISKPL
0.0009242144839387567,-0.047134935425343416,False,0.6741802795190283,ISKPL
0.06870229156448127,-0.020992367893944652,False,0.0013279820574944486,ISKPL
0.042611060543648716,0.0,False,0.5251047890841163,ISKPL
0.02780268935611918,-0.0062780273421654265,False,0.07545104653565636,ISKPL
0.0017196905755156866,-0.04815133308564035,False,1.2242360266227843,ISKPL
0.03303571342643297,-0.030357144957608106,False,0.9356383800580229,ISKPL
0.04188481664127708,-0.006108202875104829,False,0.11884650371536136,ISKPL
0.02772963494288483,-0.016464472559711507,False,0.08147860745649058,ISKPL
0.0,-0.04159733776550656,False,2.6329161687943845,ISKPL
0.021551722606526935,-0.021551725643157327,False,0.22616590175756593,ISKPL
0.009450172479061214,-0.030068730615195216,False,0.7735403515811745,ISKPL
0.01584507155257464,-0.036091548768968806,False,0.9031078013489842,ISKPL
0.057813912337657314,-0.049683830467703416,False,1.8136189976776746,ISKPL
0.011111108869829911,-0.026495728330437895,True,3.658068583646426,ISKPL
0.009958506922730148,-0.027385891114279137,True,7.804495450911583,ISKPL
0.0042337005570840525,-0.04995766060832141,False,0.16709503645768886,ISKPL
0.03222996436297332,-0.028745643559584755,False,0.9090968102094508,ISKPL
0.03999999975495716,-0.014782609737084451,False,0.30523247113187923,ISKPL
0.017781542339752487,-0.01608805913428435,False,0.7019170763855864,ISKPL
0.014394581894085379,-0.01947501957995168,False,0.12512226179712416,ISKPL
0.10686359827351644,0.0,False,0.17746923086398,ISKPL
0.0076013518941018265,-0.019425674087627742,False,0.16703389989204995,ISKPL
0.08361774720947235,-0.010238908557618331,False,0.15436629743311595,ISKPL
0.06456692806372333,-0.019685040735046844,False,0.5555367457356251,ISKPL
0.04615384669576783,-0.006923077410806444,False,0.4259584645989216,ISKPL
0.0007347539088027322,-0.038207200669574615,False,1.118502179689797,ISKPL
0.04866919955313698,-0.007604563267271658,False,0.4136626105111482,ISKPL
0.010181818912167406,-0.015272725806439347,False,0.5301282179905847,ISKPL
0.014503264271539695,-0.0464104405601653,False,0.9132545377796566,ISKPL
0.032477340975784585,-0.039274924527563204,False,1.8448779995966798,ISKPL
0.0,-0.01923077058356948,True,5.658073270013693,ISKPL
0.03706449221839225,-0.019273534700194217,False,0.06013656629090684,ISKPL
0.018050542801675507,-0.0014440434241340672,True,3.157886669834458,ISKPL
0.014409222925920728,-0.015129681534398864,False,0.0467530599278728,ISKPL
0.029390680556490523,-0.008602151145826631,False,0.03650648783786764,ISKPL
0.024390245638688635,-0.023693379022885486,False,0.9973570535409783,ISKPL
0.012345677461349291,-0.047325103780435196,False,0.7397646395603935,ISKPL
0.04800000088126333,-0.015272725806439347,False,1.9829505348319072,ISKPL
0.03546099289008353,-0.024822696771813035,False,0.1022958170820296,ISKPL
0.006155951182519992,-0.021203831850902133,False,0.2286360926225757,ISKPL
0.006868132349996614,-0.008241758819995892,False,0.00925165813169771,ISKPL
0.03063308346272753,-0.03403675966946251,False,1.4728380403681842,ISKPL
0.012253231946360632,-0.01837985151636712,False,0.01622877447140246,ISKPL
0.01496598503831148,-0.017006803902913648,False,0.8009466210886047,ISKPL
0.0034083165290845763,-0.03203817297224276,False,0.31337560831749667,ISKPL
0.006906077835270308,-0.010359116752905462,True,7.1265443204985095,ISKPL
0.013793104419997482,-0.012413793977998022,False,0.6872446522609895,ISKPL
0.06344827547338028,-0.017241378095692594,False,0.49521621451499503,ISKPL
0.011764706722008578,-0.03267973859218687,False,2.293278553189902,ISKPL
0.0,-0.06622073575443232,True,3.713028057508348,ISKPL
0.09540635960595911,-0.017667845754470113,False,2.013171716217911,ISKPL
0.012265978915048992,-0.0426081350098122,False,0.47771671271128774,ISKPL
0.014046823735380798,-0.09966555181582426,False,0.31331750921666857,ISKPL
0.07607843110169243,-0.01803921693221533,True,6.703034937066265,ISKPL
0.09435421623853579,0.0,False,0.20430846454932433,ISKPL
0.024602027804986992,-0.03328509389320511,False,0.47141702411362196,ISKPL
0.03403330907618085,0.0,False,0.43343799907966163,ISKPL
0.007857143410677114,-0.03428571418507165,False,0.10016493826504183,ISKPL
0.0,-0.05021834152375393,False,0.016677244676098574,ISKPL
0.0007496252408507598,-0.025487255548374832,False,0.47739135534574645,ISKPL
0.0930954239574402,-0.0015515904903818933,False,0.4544237046957598,ISKPL
0.04775687495496217,-0.008683066088218117,False,0.47513955601715596,ISKPL
0.03277545315592412,0.0,False,0.10156604105197198,ISKPL
0.07361111144066523,0.0,False,0.614779977945904,ISKPL
0.011333334131764738,-0.027333332910634445,False,0.16204488439900347,ISKPL
0.007457625246998001,-0.044067797273988574,True,10.324226742086793,ISKPL
0.033910034561588365,-0.022837369418960085,False,0.09496775543845058,ISKPL
0.05952381131512596,-0.0014005603242789322,False,0.03320709925393175,ISKPL
0.0,-0.03056478385876027,False,0.18056774527715955,ISKPL
0.01765105110699472,-0.008825526749183576,False,0.014749471713537795,ISKPL
0.029999999765167207,-0.002666666854532873,False,0.356145578210167,ISKPL
0.018555333623816228,-0.019218026528071586,False,1.5635611988778961,ISKPL
0.019041364733880517,-0.013131977273616813,False,0.88993941619237,ISKPL
0.026229507704462307,-0.02360655901286346,False,2.50474437452735,ISKPL
0.02390180819607224,-0.030361756972176135,False,0.3988214118400908,ISKPL
0.03977272787921682,-0.018308079887115136,False,1.7789841209105983,ISKPL
0.02153846086481126,-0.016000001109855666,False,2.4813909166097528,ISKPL
0.00425273420069705,-0.015188334291029393,False,1.185128033424011,ISKPL
0.015151516218936845,-0.016363635381608455,False,1.453152129923398,ISKPL
0.005934718522711879,-0.026112759409433584,True,4.502226076900791,ISKPL
0.03068592060439701,-0.004211793315035073,False,0.3365415309966156,ISKPL
0.09918319590938207,-0.0005834306125288569,False,1.593234725475108,ISKPL
0.0,0.0,True,20.12987483602571,ISKPL
0.0,-0.15227272679238757,True,38.59550342512544,ISKPL
0.054746650851330125,-0.022131626470930477,True,5.697187143252198,ISKPL
0.0323138232461635,-0.022504306057098744,False,0.04159452162999492,ISKPL
0.06786427145708585,-0.027944111776447067,False,0.019001107839189187,ISKPL
0.05133470225872694,-0.026694045174537995,False,0.026361582038986472,ISKPL
0.005917159763313418,-0.03550295857988173,False,0.03902247707228718,ISKPL
0.03754940711462451,-0.015810276679841695,False,0.015331806409271152,ISKPL
0.03824091778202665,-0.013384321223709472,False,0.010364380976084773,ISKPL
0.03321033210332103,-0.014760147601476037,False,0.007401896033027085,ISKPL
0.015789473684210575,-0.026315789473684292,False,0.010819260575667839,ISKPL
0.047368421052631504,-0.0491228070175439,False,0.017113719065263454,ISKPL
0.0,-0.03583617747440271,False,0.10726623301769975,ISKPL
0.11033274956217154,-0.015761821366024442,False,0.3177428640595979,ISKPL
0.017133956386292892,-0.026479750778816147,True,7.051926378600329,ISKPL
0.04489164086687314,-0.012383900928792602,False,0.5196659877556757,ISKPL
0.016417910447761086,-0.02985074626865669,False,2.204211379949671,ISKPL
0.032448377581120846,-0.07964601769911506,False,0.5177779230338563,ISKPL
0.007886435331230235,-0.03627760252365919,False,0.985821241822668,ISKPL
0.0,-0.0850722311396469,False,0.3857882692363787,ISKPL
0.014084507042253502,-0.03345070422535201,False,0.47702321459985275,ISKPL
0.08617594254937155,0.0,False,0.13482087059860057,ISKPL
0.07304347826086954,-0.029565217391304355,False,1.2597672222310154,ISKPL
0.03262642740619914,-0.06525285481239795,False,1.1630995228544478,ISKPL
0.04026845637583887,-0.020134228187919434,False,0.29240059311046324,ISKPL
0.08717948717948731,0.0,True,175.93103096428928,ISKPL
0.0641025641025641,-0.049679487179487225,False,0.02857574651788267,ISKPL
0.11450381679389321,0.0,False,0.4136604635060562,ISKPL
0.00657894736842124,-0.09078947368421042,False,1.03420769875229,ISKPL
0.008042895442359255,-0.04557640750670244,False,0.08093772331175157,ISKPL
0.04488078541374474,-0.02524544179523136,False,1.264739123650162,ISKPL
0.027100271002709952,-0.012195121951219523,False,0.020480596510987825,ISKPL
0.09189189189189184,-0.002702702702702786,False,0.10126429306213493,ISKPL
0.05415617128463457,-0.016372795969773368,False,0.015467736921450148,ISKPL
0.015075376884422065,-0.06407035175879394,False,0.01482290237714439,ISKPL
0.007957559681697646,-0.04774535809018576,False,0.025383322752903396,ISKPL
0.022662889518413554,-0.03257790368271951,False,0.3088555054736161,ISKPL
0.07558139534883734,-0.008720930232558044,False,0.24359200818137594,ISKPL
0.07172413793103449,-0.017931034482758568,False,0.596591278532223,ISKPL
0.0038610038610038533,-0.09523809523809512,False,0.417321785836106,ISKPL
0.09759547383309752,-0.016973125884017004,False,0.03806313360628587,ISKPL
0.05858854860186424,-0.02130492676431428,False,0.3006436396898612,ISKPL
0.026737967914438387,-0.022727272727272818,False,0.34880733970710237,ISKPL
0.013698630136986356,-0.021917808219178103,False,0.20551009174617058,ISKPL
0.022222222222222143,-0.01805555555555549,False,0.24664849511189674,ISKPL
0.05555555555555558,-0.012499999999999956,False,0.851052605605161,ISKPL
0.010695187165775222,-0.053475935828877,False,2.4875054045233997,ISKPL
0.05306122448979589,-0.017687074829931926,False,0.1932112223595469,ISKPL
0.08781127129750987,-0.013106159895150626,False,1.1626601505745608,ISKPL
0.031325301204819356,-0.01927710843373498,False,1.8872219849318146,ISKPL
0.05357142857142838,-0.010714285714285676,False,0.6630648439893466,ISKPL
0.03995433789954328,-0.010273972602739656,False,1.3460479177430582,ISKPL
0.0485875706214689,-0.004519774011299327,False,2.4611298861012987,ISKPL
0.012222222222222134,-0.03888888888888886,False,0.14323437100716171,ISKPL
0.04849884526558901,-0.013856812933025542,False,0.8230150909444446,ISKPL
0.008958566629339249,-0.024636058230682933,False,0.285638205102651,ISKPL
0.020571428571428463,-0.021714285714285686,False,0.2579654975856172,ISKPL
0.025374855824682907,-0.02076124567474047,False,1.3820742035219789,ISKPL
0.01912260967379087,-0.02137232845894277,False,0.23901816107326768,ISKPL
0.03825136612021862,-0.021857923497267895,False,0.34803253018134056,ISKPL
0.015957446808510634,-0.02872340425531905,False,0.7758174732599903,ISKPL
0.0414394765539805,0.0,False,0.3525352572040933,ISKPL
0.010582010582010692,-0.04550264550264549,True,3.1180002116296035,ISKPL
0.017505470459518557,0.0,True,14.333546481179816,ISKPL
0.03056768558951961,-0.004366812227074357,False,0.46205790292638677,ISKPL
0.026881720430107503,-0.032258064516129115,False,0.174483561068028,ISKPL
0.01783840503672618,-0.03357817418677844,False,1.1798203351605094,ISKPL
0.0010224948875254825,-0.036809815950920144,False,0.6145393963370127,ISKPL
0.0,-0.037190082644628086,False,0.1628621147376624,ISKPL
0.007470651013874008,-0.02774813233724649,False,0.06428892197877521,ISKPL
0.0,-0.02631578947368418,False,0.28751288931426,ISKPL
0.004282655246252709,-0.020342612419700146,False,0.4408053660467865,ISKPL
0.009761388286334105,-0.04663774403470733,False,0.05769224326337525,ISKPL
0.001098901098901095,-0.03516483516483515,False,0.05922899596010317,ISKPL
0.019736842105263275,-0.033991228070175294,False,0.19945018612441637,ISKPL
0.022547914317925688,-0.006764374295377573,False,0.09762401754293423,ISKPL
0.03333333333333344,0.0,False,0.1493243349784765,ISKPL
0.019522776572667988,-0.014099783080260386,False,1.1351123194478068,ISKPL
0.002178649237472685,-0.019607843137254832,False,0.3726538102443579,ISKPL
0.00967741935483879,-0.027956989247312047,False,1.1134899897756767,ISKPL
0.07500000000000018,-0.0625,False,1.1801124622312968,ISKPL
0.002955665024630516,-0.0620689655172415,True,4.02955780867017,ISKPL
0.0,-0.0780437044745057,False,1.313505222659229,ISKPL
0.022099447513812098,-0.04640883977900556,True,3.4739015969605727,ISKPL
0.0034482758620690834,-0.03563218390804579,False,1.0352625596179639,ISKPL
0.03686635944700467,-0.004608294930875445,False,0.5470378172560241,ISKPL
0.014908256880733939,-0.0401376146788992,False,0.9596066262678775,ISKPL
0.04055619930475074,0.0,False,1.1632954162071796,ISKPL
0.06504961411245858,-0.015435501653803807,False,0.2405533760066075,ISKPL
0.09297520661157033,-0.01446280991735538,False,2.153690546916811,ISKPL
0.06912878787878785,-0.019886363636363757,True,4.899634142705641,ISKPL
0.058348294434470205,-0.012567324955116699,False,1.2511922645873572,ISKPL
0.036658141517476484,-0.016197783461210702,False,1.9109037879857385,ISKPL
0.028029678483099785,-0.06430338004946423,False,2.0116471236326436,ISKPL
0.09405501330967181,-0.01153504880212941,True,3.943125579956696,ISKPL
0.028806584362139898,-0.009876543209876631,True,3.888139595953461,ISKPL
0.014766201804758072,-0.03035274815422473,False,0.8712460663151532,ISKPL
0.027272727272727337,-0.008264462809917328,False,0.2533002977123159,ISKPL
0.004938271604938205,-0.018930041152263377,False,0.23468788904904442,ISKPL
0.004938271604938205,-0.028806584362139898,False,0.5222708119144499,ISKPL
0.062551440329218,-0.013991769547325061,False,2.5569449056603775,ISKPL
0.02642113690952752,-0.014411529223378627,False,1.0504815463981065,ISKPL
0.009471191791633693,-0.012628255722178405,False,0.31554844450249386,ISKPL
0.01195219123505975,-0.0015936254980081221,False,1.4330306529830659,ISKPL
0.0015797788309637184,-0.028436018957345932,False,0.3090579015303349,ISKPL
0.027091633466135523,-0.017529880478087678,False,0.6077149013848666,ISKPL
0.0,-0.07630522088353409,False,0.5019949618759404,ISKPL
0.017123287671233056,-0.049657534246575374,False,0.2864570668105068,ISKPL
0.0,-0.048801369863013755,False,0.22380831448331254,ISKPL
0.0588235294117645,-0.009049773755656187,False,2.8446100585309493,ISKPL
0.05638766519823801,-0.004405286343612258,False,0.2557173999569118,ISKPL
0.015177065767284947,-0.030354131534569895,False,0.4704890200734584,ISKPL
0.011314186248912117,-0.015665796344647487,False,0.6651862659999539,ISKPL
0.006092254134029584,-0.0252393385552655,False,0.21808668371026355,ISKPL
0.004401408450704247,-0.027288732394366133,False,0.27224258655088485,ISKPL
0.026881720430107503,-0.0026881720430107503,False,0.2818946689052993,ISKPL
0.029824561403508865,-0.013157894736842146,False,0.2257582185614801,ISKPL
0.022123893805309658,-0.01415929203539823,False,2.157231830061725,ISKPL
0.006233303650934996,-0.014247551202137165,False,1.941001890811613,ISKPL
0.031333930170098556,-0.0017905102954342,False,0.5742647530020734,ISKPL
0.007130124777183555,-0.0062388591800356386,False,0.5407255090688634,ISKPL
0.04468275245755149,-0.022341376228775744,False,0.19946884188561131,ISKPL
0.09012875536480669,0.0,False,1.0221597096808333,ISKPL
0.005714285714285783,-0.041632653061224434,False,2.4042524861065364,ISKPL
0.04435146443514659,-0.002510460251045954,False,1.541026609401852,ISKPL
0.0016597510373443924,-0.021576763485477324,False,0.07658683418400733,ISKPL
0.009298393913778513,-0.036348267117497834,False,0.23007553878703532,ISKPL
0.04434782608695653,-0.013913043478260834,False,0.32859051328687083,ISKPL
0.0034632034632033903,-0.0181818181818183,False,0.5972299925838224,ISKPL
0.041048034934497935,-0.008733624454148492,True,5.745279934613813,ISKPL
0.020228671943711474,-0.004397537379067673,False,2.3845127507992854,ISKPL
0.003493449781659441,-0.018340611353711678,False,0.2257128888805318,ISKPL
0.012422360248447228,-0.017746228926353136,False,0.27200253763300414,ISKPL
0.019486271036315284,-0.024800708591674048,False,0.043828127474315845,ISKPL
0.0070796460176991705,-0.016814159292035558,True,3.4515149046128064,ISKPL
0.07397504456327986,0.0,False,1.8582027063645707,ISKPL
0.07906168549087744,-0.013032145960034769,False,0.6613257997837694,ISKPL
0.038174273858921026,-0.010788381742738662,False,1.9033206366265745,ISKPL
0.05328892589508749,-0.006661115736885881,False,0.8247565899037541,ISKPL
0.003984063745019917,-0.045418326693227096,False,2.749154017209707,ISKPL
0.03413821815154039,-0.0024979184013321776,False,0.3029050107592991,ISKPL
0.004088307440719419,-0.022076860179885527,False,0.07095010930521536,ISKPL
0.009083402146986108,-0.035507844756399676,False,0.07812189983902887,ISKPL
0.08166666666666678,0.0,True,3.2180207625512467,ISKPL
0.04299481097108959,-0.08673091178650849,True,12.554321980349638,ISKPL
0.07007874015748028,-0.020472440944881876,True,5.662942146089001,ISKPL
0.015079365079365026,-0.04999999999999993,False,0.9986261405860691,ISKPL
0.02335279399499579,-0.010008340283569672,False,0.4968478463025624,ISKPL
0.015151515151515138,-0.03198653198653201,False,0.29905989774909725,ISKPL
0.0,-0.05565693430656948,False,1.6672512555587307,ISKPL
0.005581395348837281,-0.037209302325581395,False,0.18449099794874538,ISKPL
0.032660902977905915,-0.05475504322766578,False,0.05337734640917098,ISKPL
0.09514170040485825,-0.013157894736842146,False,0.1104890222788411,ISKPL
0.05711695376246606,-0.02810516772438787,False,1.4440035600998016,ISKPL
0.03076923076923066,-0.0325791855203621,False,0.40096286924795194,ISKPL
0.006124234470691103,-0.03762029746281714,False,0.38780670074024426,ISKPL
0.04385964912280693,-0.021052631578947434,False,0.22359728682240443,ISKPL
0.010544815465729274,-0.020210896309314608,False,0.5320406909825666,ISKPL
0.011722272317403082,-0.03155996393146976,False,0.2680884814118172,ISKPL
0.025782688766114337,-0.01933701657458553,False,2.6610541593785273,ISKPL
0.09444444444444433,-0.03703703703703709,False,0.21348375844778722,ISKPL
0.04610226320201183,-0.04945515507124898,True,4.307485393326345,ISKPL
0.09749999999999992,-0.0050000000000000044,True,46.53038022677202,ISKPL
0.03834586466165413,-0.022556390977443663,False,1.6037215311971642,ISKPL
0.09351988217967588,-0.0022091310751104487,False,0.18243540801502928,ISKPL
0.004557291666666741,-0.06835937499999989,False,0.6504350062212058,ISKPL
0.021621621621621623,-0.04256756756756763,False,0.4312279752790933,ISKPL
0.04101161995898828,-0.03007518796992492,False,0.1775962801492453,ISKPL
0.09849521203830358,0.0,False,0.5975312820223557,ISKPL
0.09226006191950487,-0.04891640866873059,False,0.788503192468654,ISKPL
0.0263311878291399,-0.08191925102399067,False,0.21184411383470605,ISKPL
0.023543990086740907,-0.03159851301115235,False,0.1257132581684492,ISKPL
0.06422018348623837,-0.01590214067278295,False,0.36460449187270233,ISKPL
0.005851375073142373,-0.03218256290228205,False,0.49277602628807643,ISKPL
0.05294117647058805,-0.026470588235294024,False,1.310608398214329,ISKPL
0.010023584905660243,-0.050117924528301994,False,0.6241426054108932,ISKPL
0.010565568676196513,-0.021752641392169036,False,0.15640118025130306,ISKPL
0.046992481203007586,-0.013157894736842146,False,0.2630421501332588,ISKPL
0.0732919254658384,0.0,False,0.7490279011104097,ISKPL
0.05724299065420557,-0.014602803738317793,False,0.4550791722197974,ISKPL
0.009781357882623798,-0.026467203682393414,False,0.2694820997690627,ISKPL
0.010321100917431103,-0.013188073394495459,False,0.2263208080566819,ISKPL
0.02727800348229814,-0.020893789901334836,False,0.13274033981308367,ISKPL
0.03371428571428581,-0.014285714285714235,False,0.6715654664750647,ISKPL
0.08948545861297541,-0.0039149888143177325,False,0.0985872558543461,ISKPL
0.049844236760124394,-0.017653167185877505,False,0.6564353843051446,ISKPL
0.05154639175257736,-0.012886597938144284,False,0.9924267080132085,ISKPL
0.02153846153846173,-0.032820512820512904,False,2.7471967335041874,ISKPL
0.020997375328083878,-0.014173228346456623,False,0.5872595711011184,ISKPL
0.07905544147843946,-0.011293634496919891,False,0.39439241677565806,ISKPL
0.06380952380952376,-0.03809523809523818,False,2.4273530132863157,ISKPL
0.05047619047619034,-0.010476190476190417,True,5.354603621231478,ISKPL
0.06306306306306309,-0.017117117117117053,False,2.118641343151665,ISKPL
0.015358361774743923,-0.04436860068259396,False,1.245830647124305,ISKPL
0.01590106007067127,-0.01855123674911663,False,1.5044330377974802,ISKPL
0.047111111111111104,0.0,False,1.1052463875949021,ISKPL
0.0,-0.03418803418803407,False,1.3789420630256461,ISKPL
0.0,-0.07571801566579639,False,0.5160049291959709,ISKPL
0.009157509157509125,-0.03937728937728935,False,0.6138002280889993,ISKPL
0.021818181818181737,-0.018181818181818077,False,0.1789530619490081,ISKPL
0.029223744292237397,-0.0091324200913242,False,0.644467727824868,ISKPL
0.0,-0.04050405040504046,False,0.2717182269014472,ISKPL
0.0037037037037035425,-0.09722222222222232,True,3.508205228732174,ISKPL
0.0,-0.09536082474226792,False,0.7362021020879483,ISKPL
0.044303797468354444,0.0,False,0.7641222392576519,ISKPL
0.06041131105398456,-0.08611825192802058,False,2.901088209951985,ISKPL
0.007299270072992803,-0.06569343065693423,True,124.34270116148471,ISKPL
0.14426229508196742,-0.006557377049180357,False,0.9476394095735375,ISKPL
0.07544264819091606,-0.013086989992301734,False,0.16234297036129747,ISKPL
0.0,0.0,False,0.6272099419661971,ISKPL
0.0,0.0,False,0.44062766596627745,ISKPL
0.11045364891518727,0.0,True,3.0942663901503744,ISKPL
0.08503401360544216,-0.006122448979591688,False,,EFOR
0.011944260119442607,-0.049767750497677454,False,,EFOR
0.09595613433858818,-0.0006854009595612665,False,,EFOR
0.0954248366013073,-0.004575163398692905,False,,EFOR
0.0636982065553493,-0.013605442176870874,False,,EFOR
0.02840909090909083,-0.09375000000000011,False,,EFOR
0.02146464646464641,-0.03282828282828276,False,,EFOR
0.02901234567901234,-0.01666666666666672,False,,EFOR
0.013157894736842035,-0.025689223057644095,False,,EFOR
0.08521303258145352,-0.018170426065162948,False,,EFOR
0.08857142857142852,-0.0011428571428571122,False,1.0918492322789182,EFOR
0.07882534775888717,0.0,True,3.2723589212167026,EFOR
0.046363636363636385,-0.006363636363636349,False,1.5775999423124045,EFOR
0.037735849056603765,-0.11484823625922891,False,1.985167105710445,EFOR
0.06879194630872476,-0.026006711409396033,False,0.34345196415583273,EFOR
0.025941422594142338,-0.046861924686192435,False,0.5826337258619818,EFOR
0.04853556485355659,-0.011715481171548081,False,0.08938784047926811,EFOR
0.05896805896805901,-0.017199017199017175,False,0.14584345772102392,EFOR
0.08573717948717952,-0.0016025641025639858,False,0.32007034053078615,EFOR
0.0029761904761904656,-0.049851190476190466,False,0.5250881717982621,EFOR
0.04234527687296419,-0.04315960912052119,False,0.23185064442862546,EFOR
0.03729603729603714,-0.01631701631701632,False,0.6900208442897009,EFOR
0.06356589147286806,0.0,False,0.37525895899886025,EFOR
0.016812865497076057,-0.08625730994152059,False,0.965572728356309,EFOR
0.04743083003952564,-0.01897233201581039,False,0.8892168202182941,EFOR
0.041353383458646586,-0.009022556390977488,False,1.7175898914169547,EFOR
0.0021660649819494893,-0.06425992779783407,False,0.8037554998747729,EFOR
0.030280649926144765,-0.02584933530280631,False,0.99352316410926,EFOR
0.008023340627279385,-0.04814004376367631,False,1.2688837599664302,EFOR
0.03252032520325199,-0.0665188470066519,False,2.7792248089629763,EFOR
0.05320813771517985,-0.007042253521126751,False,0.6304940903525581,EFOR
0.02162565249813575,-0.015659955257270708,False,0.374410234107292,EFOR
0.0471976401179941,-0.01106194690265494,False,0.10340123372363864,EFOR
0.018050541516245522,-0.049819494584837476,False,0.46058162793436136,EFOR
0.022388059701492713,-0.01716417910447765,False,0.5617378361431918,EFOR
0.038291605301914666,-0.09646539027982326,False,0.5944011966295956,EFOR
0.04517133956386288,-0.002336448598130869,False,0.31714990269238974,EFOR
0.043997017151379714,-0.00521998508575694,False,0.16811901907918395,EFOR
0.0861823361823364,-0.013532763532763448,False,0.4658801404504978,EFOR
0.013022618231665728,-0.04866346812885525,False,0.3511211016731309,EFOR
0.015027322404371546,-0.02254098360655743,False,1.1761540109902329,EFOR
0.014583333333333393,-0.01041666666666674,False,0.2855977531612694,EFOR
0.0034530386740330155,-0.03038674033149169,False,0.6522811778596127,EFOR
0.008287292817679592,-0.03038674033149169,False,0.6336983337680321,EFOR
0.0056140350877191825,-0.01824561403508773,False,1.4678364114867517,EFOR
0.009893992932862306,-0.013427561837455748,False,0.6202466573461558,EFOR
0.011896431070678837,-0.01259622113365999,False,0.6686561134168418,EFOR
0.01665510062456632,-0.01179736294240108,False,1.2527220433503814,EFOR
0.006181318681318659,-0.02953296703296704,False,0.3207673313662811,EFOR
0.04670329670329676,-0.0027472527472526265,False,0.8211939079645888,EFOR
0.04652686762778524,-0.010484927916120546,False,2.02463013868178,EFOR
0.0,-0.028125000000000067,False,1.165497348317436,EFOR
0.0018844221105527303,-0.04648241206030146,False,0.7673614682673745,EFOR
0.0421994884910486,-0.0031969309462914763,False,0.41370807131267645,EFOR
0.03134796238244508,-0.019435736677115956,False,0.5610369919997532,EFOR
0.003696857670979714,-0.04559457794208266,False,0.2742792986163986,EFOR
0.008843967150979015,-0.013265950726468745,False,0.6085182744746137,EFOR
0.011874999999999858,-0.04937500000000006,False,1.0924172545413597,EFOR
0.02849740932642497,-0.0136010362694301,False,1.3594223165689092,EFOR
0.009505703422053369,-0.017110266159695686,False,2.3717095781111053,EFOR
0.0006305170239595537,-0.04854981084489285,False,0.3459348262747879,EFOR
0.0,-0.03757961783439501,False,0.6602429358852805,EFOR
0.013114754098360715,-0.09967213114754103,False,1.1537923110447712,EFOR
0.030042918454935785,-0.05436337625178833,False,1.1438107752956759,EFOR
0.06013986013986017,-0.0034965034965034336,False,0.4332832015298488,EFOR
0.011356045424181671,-0.012024048096192397,False,0.24537642683084007,EFOR
0.06666666666666665,-0.004666666666666597,False,0.3639164041482577,EFOR
0.03629536921151444,-0.006257822277847214,False,0.5697394105537104,EFOR
0.022397094430992803,-0.02300242130750607,False,0.5640914520971375,EFOR
0.004149377593360981,-0.04030823947836404,False,1.3603516211288584,EFOR
0.03648325358851667,-0.028110047846889974,False,0.7329330959440239,EFOR
0.005830903790087438,-0.033236151603498465,False,1.090662796323207,EFOR
0.04306220095693769,-0.0029904306220095433,False,0.4035105300484417,EFOR
0.0350877192982455,-0.0017543859649122862,False,1.01505072159476,EFOR
0.01769406392694073,-0.02340182648401834,False,0.6772269140448575,EFOR
0.0192634560906515,-0.016997167138810276,False,0.3839667664004709,EFOR
0.017997750281214753,-0.014060742407199012,False,1.3842108152073187,EFOR
0.0229949523275379,-0.0056085249579361784,False,0.5972596596297476,EFOR
0.041988950276243164,-0.002209944751381143,False,0.2974970921885944,EFOR
0.05375199574241618,-0.0047897817988291624,False,0.8857769969083611,EFOR
0.002525252525252597,-0.03080808080808084,True,3.559099108882718,EFOR
0.015568240788790932,-0.030098598858328995,False,0.44885273764721917,EFOR
0.02570694087403602,-0.00822622107969162,False,0.7154469805548579,EFOR
0.01624365482233503,-0.013197969543147225,False,0.6365029463340622,EFOR
0.0,-0.04020100502512558,False,0.8535917774550579,EFOR
0.03453608247422668,-0.011340206185567081,False,0.7806644046747636,EFOR
0.01155778894472359,-0.02010050251256279,False,0.9687769499006721,EFOR
0.021036428937916796,-0.027193432529502237,False,2.8193859971191864,EFOR
0.0,-0.05101010101010095,False,1.9388503149470548,EFOR
0.013333333333333197,-0.034666666666666734,False,1.4280390907670193,EFOR
0.040326975476839166,-0.009809264305177146,False,1.264432953177046,EFOR
0.026246719160104792,-0.0031496062992125706,False,0.19510830896538875,EFOR
0.03595622720166758,-0.006774361646691096,False,0.11975796989705559,EFOR
0.020865139949109324,-0.005597964376590325,False,0.19620563893954351,EFOR
0.0015000000000000568,-0.044499999999999984,False,0.09455053351895577,EFOR
0.01135776974703151,-0.0123902942694889,False,0.6836741092315685,EFOR
0.00512820512820511,-0.02564102564102566,False,0.7190932145370897,EFOR
0.028940568475452233,-0.0046511627906976605,False,0.5965932736984871,EFOR
0.029131089904570473,-0.016072325464590698,False,2.690688526559145,EFOR
0.04063429137760144,-0.010406342913776068,False,0.6316403213267727,EFOR
0.01619047619047631,-0.03428571428571425,False,2.1485909125420317,EFOR
0.00047303689687794304,-0.03263954588457907,False,1.6864069812449387,EFOR
0.008687258687258614,-0.021235521235521304,False,0.9572634737220387,EFOR
0.03277108433734943,-0.012530120481927698,False,1.9548815972581368,EFOR
0.02528089887640439,-0.0449438202247191,False,0.7233908670366616,EFOR
0.009732360097323589,-0.011678832116788329,False,1.0091785583692279,EFOR
0.0986328125,-0.00390625,False,0.35318943471808967,EFOR
0.047370708387657556,-0.021729682746631895,True,4.286142868352011,EFOR
0.059982862039417384,-0.041988003427592124,False,0.2178987018228185,EFOR
0.03609341825902335,-0.006369426751592355,False,0.4689303708279715,EFOR
0.024691358024691468,-0.013168724279835287,False,0.9462977468553007,EFOR
0.017944535073409318,-0.006525285481239984,False,0.3487273185483858,EFOR
0.01379310344827589,-0.009330628803245533,False,0.12669304360568215,EFOR
0.0028078620136380295,-0.014841556357801822,False,0.35083845267167835,EFOR
0.008474576271186418,-0.007667473769168653,False,0.6878499635688264,EFOR
0.006024096385542244,-0.007630522088353353,False,0.768779519268355,EFOR
0.0016057808109195548,-0.013247691690084107,False,0.3654858635270945,EFOR
0.0843373493975903,-0.013253012048192847,False,0.9939155463256133,EFOR
0.03969754253308122,-0.046313799621928164,False,1.85829791907806,EFOR
0.0,-0.046339202965709037,False,0.8442077429281504,EFOR
0.013513513513513375,-0.030888030888030826,False,1.6988266069321434,EFOR
0.021526418786692814,-0.007827788649706346,False,1.5685406296759996,EFOR
0.058195926285159905,0.0,False,0.8995780709009024,EFOR
0.050784856879039664,-0.006463527239150335,False,2.1921868749467714,EFOR
0.045333333333333226,-0.008000000000000118,False,1.074107579324782,EFOR
0.017918088737201243,-0.005119453924914641,False,0.9887400165844791,EFOR
0.039830508474576254,-0.012711864406779738,False,0.6319890378570198,EFOR
0.021189894050529956,-0.0317848410757946,False,2.5555677845736247,EFOR
0.02741935483870961,-0.003225806451612856,False,0.6461255148139623,EFOR
0.00556438791732905,-0.019872813990461147,False,1.7938773399524008,EFOR
0.0016025641025640969,-0.03685897435897423,False,0.7098820828550368,EFOR
0.018775510204081414,-0.01224489795918382,False,0.4739253446846022,EFOR
0.007246376811594235,-0.015297906602254496,False,0.46805478231823733,EFOR
0.003197442046362964,-0.022382094324540414,False,0.17502328993377314,EFOR
0.025101214574898778,-0.0032388663967610754,False,0.22220492058547997,EFOR
0.01671974522292996,-0.0007961783439490722,False,0.3035568677070353,EFOR
0.014218009478673022,-0.023696682464454888,False,0.5299850392794677,EFOR
0.018608414239482007,-0.016181229773462924,False,0.8926015497754513,EFOR
0.017656500802568198,-0.008025682182985494,False,0.43554129660779667,EFOR
0.03341288782816232,-0.022275258552108212,False,0.5966452869471583,EFOR
0.04357976653696505,-0.0038910505836575737,False,0.297283793604634,EFOR
0.0,-0.047583081570997,False,2.9495758398372947,EFOR
0.012598425196850505,-0.018897637795275535,False,1.7739008740824294,EFOR
0.004672897196261738,-0.02024922118380057,False,2.9361798005970514,EFOR
0.018720748829953227,-0.015600624024960985,False,0.5476883692839716,EFOR
0.0023622047244096223,-0.014960629921259794,False,0.5537814678801546,EFOR
0.009493670886075778,-0.008702531645569667,False,0.7966261368739186,EFOR
0.020634920634920784,-0.006349206349206216,False,0.6168936659728732,EFOR
0.035128805620608716,-0.005464480874316946,False,0.4538963113290329,EFOR
0.014383043149129415,-0.02876608629825883,False,0.3252632475236312,EFOR
0.018475750577367167,-0.006928406466512604,False,0.8060374399686511,EFOR
0.024390243902439046,-0.017530487804878092,False,0.9139135605187224,EFOR
0.038690476190476275,-0.0022321428571427937,False,1.2572329803013282,EFOR
0.0014471780028944004,-0.02026049204052094,False,0.7633966085626357,EFOR
0.0007230657989878431,-0.031091829356471368,False,0.4165481752320194,EFOR
0.005208333333333481,-0.029017857142857206,False,0.5318653398263423,EFOR
0.022271714922048824,-0.006681514476614803,False,0.8190726927015429,EFOR
0.013432835820895495,-0.008208955223880543,False,0.8618033948431217,EFOR
0.03417533432392261,-0.005943536404160565,False,1.2577962577963295,EFOR
0.011552346570397054,-0.0202166064981949,False,1.8773538193766313,EFOR
0.0404332129963898,-0.016606498194945862,False,1.3919520344421552,EFOR
0.002096436058700357,-0.020265548567435232,False,1.3424401245563677,EFOR
0.0035112359550562022,-0.02176966292134841,False,1.7957191519650344,EFOR
0.005706134094151105,-0.04778887303851642,False,0.673047160350082,EFOR
0.007485029940119681,-0.04865269461077859,False,1.9485066420616974,EFOR
0.0,-0.021132075471698153,False,0.38652044130028773,EFOR
0.018126888217522508,-0.018882175226586195,False,0.5499649215118405,EFOR
0.018004501125281402,-0.008252063015753985,False,0.4517823060203899,EFOR
0.01703703703703696,-0.006666666666666599,False,0.23838637663918102,EFOR
0.0,-0.025735294117646967,False,0.798991354466891,EFOR
0.023099850968703484,-0.014903129657227954,False,1.091679367621582,EFOR
0.032592592592592506,-0.010370370370370252,False,0.5267210024689866,EFOR
0.031159420289855078,-0.0007246376811594901,False,0.801877197570704,EFOR
0.04405594405594404,-0.00909090909090915,False,1.147018283873274,EFOR
0.05167785234899336,-0.020134228187919545,False,1.4524704966930786,EFOR
0.005802707930367523,-0.0341715022566087,True,3.635935689455587,EFOR
0.01025641025641022,-0.0064102564102563875,False,1.4635199710222373,EFOR
0.04698412698412713,-0.0031746031746031633,False,1.8667736549884755,EFOR
0.04166666666666674,-0.008578431372548989,False,0.6729759349742891,EFOR
0.010378510378510342,-0.0567765567765568,True,4.619771030799176,EFOR
0.03596214511040996,-0.032176656151419625,False,0.4179765365857621,EFOR
0.0,-0.09405940594059414,False,1.9577617270186545,EFOR
0.03425117528542643,-0.03626595030221624,False,0.9967508574126446,EFOR
0.05333333333333323,-0.004666666666666708,False,0.04415343153923422,EFOR
0.008243500317057784,-0.019023462270133185,False,0.3994026349526477,EFOR
0.01347017318794097,-0.007055805003207127,False,0.4294940121637506,EFOR
0.026366559485530683,-0.004501607717041889,False,0.16995309510582635,EFOR
0.0208860759493672,-0.015822784810126556,False,0.6881686750960114,EFOR
0.05384615384615388,-0.002564102564102555,False,0.2066865081086913,EFOR
0.020447284345047834,-0.005111821086261958,False,0.4132135249789237,EFOR
0.044303797468354444,-0.017721518987341645,False,2.450163200345237,EFOR
0.02463054187192104,-0.005541871921182384,False,0.6461846143236648,EFOR
0.012121212121211977,-0.013333333333333308,False,0.8591522524234266,EFOR
0.033033033033033066,-0.011411411411411332,False,1.2651889437843573,EFOR
0.008849557522123908,-0.046017699115044275,False,0.41621144319568437,EFOR
0.034070531978481755,-0.005379557680812996,False,1.341208954989738,EFOR
0.02352941176470602,-0.007058823529411784,False,0.6835538752362099,EFOR
0.016231884057970936,-0.013333333333333308,False,1.8614301160106104,EFOR
0.03608847497089629,-0.005238649592549605,False,0.18109922699883277,EFOR
0.0062749572162008604,-0.02452937820878487,False,0.2746272815940053,EFOR
0.0023242300987798004,-0.046484601975595674,False,0.6757421445518678,EFOR
0.00941176470588223,-0.040000000000000036,False,0.5130417587947543,EFOR
0.007067137809187329,-0.02473498233215543,False,0.7822402149033442,EFOR
0.009958992384299759,-0.016403046280023426,False,0.4338810641626553,EFOR
0.06134603930911253,-0.00655151876116733,False,0.7065431181432691,EFOR
0.0056116722783390305,-0.02974186307519633,False,2.913005842891132,EFOR
0.01026811180832854,-0.01083856246434678,False,0.6873752983061169,EFOR
0.014326647564469885,-0.0234957020057307,False,0.696184851145181,EFOR
0.023809523809523947,-0.007936507936507908,False,0.7348586810229593,EFOR
0.015143017386427315,-0.0044868199663489206,False,1.1932125314344704,EFOR
0.022321428571428603,-0.0033482142857143016,False,0.6886430839995027,EFOR
0.014908890115957973,-0.02374378796245169,False,0.7781907179115612,EFOR
0.013623978201634968,-0.016893732970027164,False,0.6137604008229958,EFOR
0.01788617886178856,-0.01192411924119241,False,0.587067433109263,EFOR
0.009066666666666778,-0.02080000000000004,False,0.6915356766418029,EFOR
0.000540540540540535,-0.028108108108108154,False,0.723973564832893,EFOR
0.014254385964912464,-0.009320175438596534,True,3.6747206282092577,EFOR
0.051742919389978326,-0.0038126361655773655,False,0.9625745276921743,EFOR
0.014128728414442682,-0.00366300366300365,False,2.1497139074099243,EFOR
0.011886304909560774,-0.006718346253229979,False,1.0354876712894865,EFOR
0.017480719794344513,-0.020051413881747915,False,0.6519579435383083,EFOR
0.04598281960586159,0.0,False,0.9324945159554052,EFOR
0.011787819253438192,-0.026031434184675795,False,1.9599546503624916,EFOR
0.0244140625,-0.003906249999999889,False,0.4059931476451913,EFOR
0.012621359223301098,-0.01747572815533982,True,4.223985733392702,EFOR
0.021674876847290525,-0.006896551724137945,False,0.47457097064228904,EFOR
0.009775171065493637,-0.011730205278592365,False,0.5018060356545997,EFOR
0.00877192982456143,-0.014619883040935866,False,0.935025380710707,EFOR
0.02818270165208947,-0.008746355685131157,False,0.39452484693949363,EFOR
0.032818532818532864,0.0,False,0.660819342252747,EFOR
0.05144995322731516,0.0,True,28.188001801439032,EFOR
0.014285714285714235,-0.03482142857142856,False,0.7603170287616164,EFOR
0.019538188277087087,-0.026642984014209614,False,0.12617596073313142,EFOR
0.01618705035971235,-0.0017985611510792365,False,0.12127242141266523,EFOR
0.005429864253393646,-0.03167420814479627,False,0.44635494062016356,EFOR
0.020128087831656094,-0.00731930466605657,False,0.24768476788987787,EFOR
0.031021897810219023,-0.018248175182481674,False,0.06162918665252956,EFOR
0.013513513513513598,-0.01981981981981984,False,0.10691979547233929,EFOR
0.02714932126696845,-0.009049773755656076,False,0.05270676531418205,EFOR
0.021778584392014633,-0.001814882032667997,False,0.46173661049692366,EFOR
0.023636363636363678,0.0,False,0.07995722246820412,EFOR
0.015178571428571486,-0.008928571428571619,False,1.6898345628210112,EFOR
0.01507092198581561,-0.0008865248226950229,False,0.5083031929374054,EFOR
0.011403508771929971,-0.012280701754385892,False,1.4298931123404277,EFOR
0.014847161572052459,-0.011353711790393128,False,1.0683263674358205,EFOR
0.037358818418766315,-0.019982623805386623,False,1.200885222814552,EFOR
0.01622544833475681,-0.01707941929974377,False,2.5877104850704042,EFOR
0.027918781725888353,-0.005922165820642866,False,1.500817527795959,EFOR
0.021630615640598982,-0.02079866888519144,False,1.518070511874988,EFOR
0.02308326463314092,-0.03215169002473206,False,2.7974494111522827,EFOR
0.028735632183908066,-0.004105090311986803,False,1.5770605226804069,EFOR
0.02429149797570851,-0.004048582995951455,False,1.472166938061705,EFOR
0.035313001605136396,-0.028089887640449507,False,2.5266749975967806,EFOR
0.02211690363349139,-0.0007898894154818592,False,0.9581757386394164,EFOR
0.027472527472527375,-0.02982731554160123,False,1.3892804112366675,EFOR
0.024162120031177015,-0.00623538581449723,False,0.2687535289823603,EFOR
0.023919753086419693,-0.012345679012345623,False,1.7457390332495268,EFOR
0.03069838833461236,-0.006139677666922583,False,1.1801718252895048,EFOR
0.011363636363636465,-0.046969696969696884,False,2.2352511859871345,EFOR
0.03144171779141103,-0.012269938650306678,False,0.1675913265333111,EFOR
0.025738077214231714,-0.00832702498107496,False,1.3162941888830193,EFOR
0.02400600150037513,-0.01275318829707428,False,0.43253786772603103,EFOR
0.012658227848101333,-0.03201787043931492,False,0.9132697162418151,EFOR
0.008314436885865417,-0.021164021164021163,False,1.3992455585300905,EFOR
0.022727272727272707,-0.015909090909090873,False,0.8346752549650805,EFOR
0.029739776951672958,-0.0007434944237918462,False,1.1984915969575058,EFOR
0.025454545454545396,-0.008727272727272806,False,0.5754117114960133,EFOR
0.023571428571428577,-0.007857142857142896,False,1.9386844846538198,EFOR
0.01760563380281699,-0.02605633802816898,False,1.818335642297399,EFOR
0.015320334261838653,-0.03760445682451252,False,2.7974233483620794,EFOR
0.033172080165860374,-0.007601935038009766,False,0.4332097812534432,EFOR
0.04008016032064132,-0.009352037408149605,False,0.7917293637145563,EFOR
0.016129032258064502,-0.0270967741935485,False,0.9388954423592404,EFOR
0.029088558500323325,-0.003232062055591456,False,1.338205212939057,EFOR
0.028205128205128105,-0.10320512820512817,False,1.5691064776740629,EFOR
0.0,0.0,False,0.799171675411318,EFOR
0.0,0.0,False,0.11710868738853449,EFOR
0.22135161606268383,0.0,False,0.6830537404786506,EFOR
0.03426294820717124,-0.10597609561752985,True,17.42753449597538,EFOR
0.008554319931565413,-0.07185628742514971,False,0.10179704033112577,EFOR
0.014842300556586308,-0.042671614100185384,False,0.3777598015068182,EFOR
0.009182736455463747,-0.03489439853076215,False,0.03112861815724394,EFOR
0.024276377217553824,-0.014939309056956063,False,0.14999908930898506,EFOR
0.008333333333333304,-0.02314814814814825,False,0.009981255540452158,EFOR
0.021657250470809908,-0.007532956685498915,False,0.0812210674513734,EFOR
0.08231992516370434,-0.004677268475210439,False,0.11092054342881127,EFOR
0.056034482758620774,-0.0017241379310343197,False,0.16588403429970983,EFOR
0.027966101694915313,-0.021186440677966156,False,0.1572755995476526,EFOR
0.06523534269199005,-0.005780346820809301,False,0.035773459858401434,EFOR
0.033333333333333215,-0.0046511627906976605,False,1.6454373711929018,EFOR
0.015801354401805856,-0.04815650865312271,False,2.015764258758725,EFOR
0.03596559812353406,-0.03440187646598902,False,0.7431947352677766,EFOR
0.00686498855835227,-0.02440884820747513,False,0.7636623748210972,EFOR
0.0030651340996168397,-0.034482758620689724,False,0.2571812810709448,EFOR
0.00952380952380949,-0.016666666666666607,False,0.1486082834258172,EFOR
0.013676588897827857,-0.03137570394207567,False,0.1735038042200386,EFOR
0.02139917695473259,-0.01399176954732495,False,0.12113716454327378,EFOR
0.006504065040650264,-0.04227642276422772,False,0.4862641112129395,EFOR
0.01001669449081799,-0.023372287145242088,False,0.11140537109592728,EFOR
0.04661016949152552,-0.005084745762711895,False,0.4948978442546753,EFOR
0.014790468364831666,-0.005751848808545623,False,0.2781181432192553,EFOR
0.01227495908346965,-0.018003273322422242,False,0.6464819575358953,EFOR
0.008163265306122325,-0.041632653061224545,False,0.6743317045125407,EFOR
0.040851063829787204,-0.01276595744680864,False,1.5442176870753195,EFOR
0.018806214227309992,-0.014717906786590351,False,2.9754623830226476,EFOR
0.006477732793522151,-0.010526315789473717,False,1.5894996688538021,EFOR
0.0161943319838056,-0.013765182186234792,False,0.7429862756986828,EFOR
0.047154471544715415,-0.005691056910569148,False,0.5368555602900303,EFOR
0.03294117647058825,-0.005490196078431375,True,4.4181607865815105,EFOR
0.013026819923371624,-0.011494252873563204,True,9.299754299754564,EFOR
0.015209125475285301,-0.012167300380228174,False,0.14465982685322784,EFOR
0.018910741301059186,-0.012102874432677768,False,0.9117403098168365,EFOR
0.0015313935681471325,-0.09954058192955595,False,0.47594893904824015,EFOR
0.08143607705779332,-0.024518388791593737,True,4.720528980266383,EFOR
0.019559902200489088,-0.008149959250203676,False,0.37053629492617607,EFOR
0.031451612903225845,0.0,False,0.23167904552366278,EFOR
0.012728719172633296,-0.008750994431185322,False,0.0699153813837858,EFOR
0.02065131056393965,-0.011119936457505863,False,0.25847650904659936,EFOR
0.02834645669291347,-0.006299212598425141,False,0.4315247810780376,EFOR
0.012509773260359625,-0.01798279906176703,False,0.722309575140685,EFOR
0.0046511627906977715,-0.015503875968992387,False,0.22607454474279712,EFOR
0.03987490226739654,-0.0015637216575450363,False,0.2001416527677862,EFOR
0.014615384615384697,-0.010769230769230642,False,0.44087929419876526,EFOR
0.021423106350420884,-0.016832440703902107,False,0.23656986164772767,EFOR
0.029657794676806182,-0.005323193916349722,False,0.8134365223117315,EFOR
0.02941176470588247,0.0,False,0.8221975841751747,EFOR
0.0326894502228825,-0.004457652303120341,False,0.37521352417969556,EFOR
0.01897810218978102,-0.0007299270072991249,False,1.5547002565901786,EFOR
0.02608695652173898,-0.0036231884057971175,False,0.215303080490462,EFOR
0.016475644699140535,-0.025071633237822355,False,1.0776413404961154,EFOR
0.04488078541374474,-0.014025245441795176,False,0.7306645938593249,EFOR
0.041258741258741294,-0.04055944055944061,True,18.636824456055223,EFOR
0.037931034482758585,-0.004137931034482789,False,0.6943785744176842,EFOR
0.02841677943166432,-0.005412719891745632,False,0.3160487070734285,EFOR
0.021361815754339153,-0.021361815754339042,False,0.7164430899838142,EFOR
0.00533333333333319,-0.02733333333333343,False,0.21027914094258254,EFOR
0.007644197359277349,-0.02710215427380125,True,4.596674711719156,EFOR
0.05714285714285716,-0.004285714285714337,False,0.28070044986413845,EFOR
0.010344827586206806,-0.04482758620689653,False,0.7160226452372308,EFOR
0.007919366450684029,-0.09935205183585316,False,0.22511023439310435,EFOR
0.01751824817518255,-0.027737226277372296,False,0.18059827676157494,EFOR
0.0007299270072993469,-0.09999999999999998,False,0.10852183912182504,EFOR
0.01526717557251911,-0.04885496183206095,False,0.6501251429100007,EFOR
0.05689102564102577,-0.008814102564102533,False,0.13540559134396726,EFOR
0.0717069368667187,-0.010132501948558081,False,1.0455592526233008,EFOR
0.04229607250755296,-0.0007552870090634656,False,1.3229437772414987,EFOR
0.01633259094283601,-0.022271714922049046,False,0.35256137966190365,EFOR
0.00805860805860803,-0.01758241758241752,False,1.9997939949527086,EFOR
0.043891733723482096,0.0,False,0.2703074804959084,EFOR
0.05340223944875122,-0.04565030146425486,False,1.4285273326168288,EFOR
0.02941176470588225,-0.011586452762923471,False,1.074509997068025,EFOR
0.0996503496503498,-0.0017482517482516613,False,0.8437572408571137,EFOR
0.07086614173228356,-0.015748031496062964,True,19.81756287610091,EFOR
0.09849624060150375,-0.003759398496240629,False,2.904297098710176,EFOR
0.0921501706484642,-0.01433447098976115,True,5.952123112734152,EFOR
0.05141065830721003,-0.04451410658307209,False,2.8181030717345434,EFOR
0.0037902716361339905,-0.04611497157296274,False,0.5851668069177297,EFOR
0.023225806451612874,-0.021935483870967776,False,0.2096604294341734,EFOR
0.03171521035598701,-0.012944983818770184,False,0.3094862171343991,EFOR
0.01654996817313803,-0.09993634627625714,False,0.19401568625188578,EFOR
0.07415254237288149,-0.043785310734463345,False,0.178291322159721,EFOR
0.0426116838487971,-0.029553264604811114,False,0.31109608415518614,EFOR
0.06445047489823597,-0.0027137042062416183,False,0.22404657063959996,EFOR
0.03776041666666674,-0.007161458333333259,False,0.47778701060972817,EFOR
0.009615384615384581,-0.02564102564102566,False,0.3419330229930721,EFOR
0.021019108280254883,-0.0484076433121019,False,0.4653727121805251,EFOR
0.006493506493506551,-0.10000000000000009,False,1.1531290338002582,EFOR
0.000723065798987621,-0.09616775126536514,False,0.6094630964412509,EFOR
0.08974358974358965,-0.007211538461538436,True,3.339615032357032,EFOR
0.027376425855513364,-0.04714828897338408,False,0.6937362252441871,EFOR
0.08830548926014314,-0.011933174224343701,False,0.40193594270988875,EFOR
0.04397270659590591,-0.0993176648976496,False,1.1518293446936474,EFOR
0.05097706032285476,-0.04587935429056922,False,0.9000547399542905,EFOR
0.07597027250206434,-0.04293971924029727,False,0.6253615642716649,EFOR
0.028061224489795977,-0.10034013605442171,False,0.6867141503852259,EFOR
0.05303030303030298,-0.045454545454545525,False,0.3911604821555188,EFOR
0.04458598726114649,-0.04458598726114649,False,1.1728071548655399,EFOR
0.09622302158273377,-0.008992805755395628,False,0.8798245375777495,EFOR
0.09982788296041312,-0.0103270223752151,False,0.439393789866014,EFOR
0.039565554693560934,-0.035686578743211905,False,2.9101981751968418,EFOR
0.09659969088098919,-0.0030911901081915882,False,0.6438788820330934,EFOR
0.00868306801736618,-0.04630969609261948,False,1.5195248015801501,EFOR
0.01589595375722541,-0.04696531791907521,False,0.3821743880578017,EFOR
0.03687635574837311,-0.049168474331164114,False,0.5228419679815526,EFOR
0.0,-0.04750957854406135,False,1.2620478072505983,EFOR
0.0,-0.04784688995215314,False,0.15487169578561716,EFOR
0.02833333333333332,-0.025000000000000022,False,1.344374813488511,EFOR
0.0826446280991735,-0.005785123966942196,False,0.2825361088321154,EFOR
0.03630623520126286,-0.09076558800315704,False,2.1944199223962717,EFOR
0.0,-0.08972125435540079,False,1.2192559372708298,EFOR
0.04912280701754401,-0.026315789473684292,False,0.645070277015025,EFOR
0.0076857386848847575,-0.043552519214346885,False,1.5991961870822629,EFOR
0.06964285714285734,-0.002678571428571419,False,0.5847415967571662,EFOR
0.02931034482758621,-0.037931034482758585,False,0.9248811938971181,EFOR
0.0,-0.04977777777777781,False,1.4388205673704593,EFOR
0.01980198019801982,-0.04860486048604851,False,0.46582335497916744,EFOR
0.004716981132075526,-0.049056603773584895,False,0.7450155105369703,EFOR
0.10000000000000009,0.0,False,0.5355130300990479,EFOR
0.05903083700440526,-0.02643171806167388,True,4.566724079056486,EFOR
0.03528399311531838,-0.033562822719449104,True,3.4849693352332642,EFOR
0.020683453237410054,-0.036870503597122184,False,1.902544466995821,EFOR
0.05812897366030878,-0.019073569482288777,False,1.766820311067398,EFOR
0.037634408602150504,0.0,False,1.1594073068829862,EFOR
0.04035087719298236,-0.0017543859649122862,False,0.42131589409656844,EFOR
0.01040763226366015,-0.033824804856894986,False,1.0761491815235433,EFOR
0.03524229074889873,-0.005286343612334821,False,0.35901533936476865,EFOR
0.030276816608996615,-0.026816608996539815,False,0.43110520118022205,EFOR
0.0,-0.03931623931623929,False,0.17111412633800693,EFOR
0.046288209606986985,-0.00524017467248894,False,0.2542867314043866,EFOR
0.024207011686143476,-0.027545909849749584,False,0.9955343316982527,EFOR
0.0008620689655172153,-0.08965517241379306,False,0.883452361461175,EFOR
0.008219178082191858,-0.04018264840182639,False,0.05304857395348126,EFOR
0.016759776536312776,-0.020484171322160183,False,0.4582630269750575,EFOR
0.01413760603204528,-0.005655042412818001,False,0.7476986875683559,EFOR
0.003883495145631022,-0.04951456310679625,False,1.8624039913346027,EFOR
0.028140703517588017,-0.04874371859296478,False,0.28298929834773656,EFOR
0.030612244897959107,-0.08163265306122458,False,0.5246724040998141,EFOR
0.03899572649572658,-0.019230769230769162,False,1.150320300419704,EFOR
0.060416666666666785,-0.03229166666666672,False,0.050593055855078714,EFOR
0.030016675931072934,-0.0483602001111727,False,2.3804424754359035,EFOR
0.08313953488372094,0.0,False,0.9557490686171812,EFOR
0.03297297297297286,-0.022702702702702804,False,1.0272448575949367,EFOR
0.008658008658008587,-0.023809523809523836,False,0.08758350985823692,EFOR
0.052077562326869664,-0.07645429362880884,False,0.8461011295725644,EFOR
0.028968713789107703,-0.104287369640788,True,10.601416064540794,EFOR
0.0,0.0,True,4.274564452545462,EFOR
0.0,0.0,False,1.6809062705650089,EFOR
0.0,0.0,True,46.963703196594416,EFOR
0.0,0.0,True,4.008377942149816,EFOR
0.050273224043715814,0.0,False,1.7216150396206598,EFOR
0.19404761904761902,0.0,True,13.67648423601573,EFOR
0.037837837837837895,-0.043243243243243246,False,0.2113148134180939,EFOR
0.027987082884822545,-0.027987082884822323,False,0.1559399743506333,EFOR
0.06695464362850978,-0.0356371490280778,False,0.09780734889609045,EFOR
0.010351966873705987,-0.03209109730848869,False,0.16256784657258166,EFOR
0.050672182006204824,-0.06411582213029987,False,0.06864316878319449,EFOR
0.005592841163311046,-0.08836689038031309,False,0.13429573124033287,EFOR
0.011568123393316254,-0.05655526992287918,False,0.4107432150406511,EFOR
0.05124653739612195,-0.06509695290858719,False,0.6704413361562709,EFOR
0.03333333333333344,-0.0986111111111111,False,0.24353192958182301,EFOR
0.03609022556390973,-0.018045112781954864,False,0.519706847559847,EFOR
0.053030303030303205,-0.10151515151515156,False,0.28527012194397505,EFOR
0.0016750418760469454,-0.10552763819095479,False,1.8820361706566693,EFOR
0.09284332688588015,0.0,True,5.590736903530747,EFOR
0.09285714285714297,-0.0017857142857142794,False,1.109559321442516,EFOR
0.03220858895705536,-0.0030674846625766694,True,5.991519727160144,EFOR
0.023513139695712226,-0.0567081604426003,True,4.295652088071506,EFOR
0.07814569536423854,-0.0013245033112582183,False,1.3120773585408958,EFOR
0.05418138987043575,-0.002355712603062332,False,1.2764580091231301,EFOR
0.047923322683705916,-0.09691160809371668,False,2.952967547973126,EFOR
0.06969696969696959,-0.022222222222222254,False,0.2615728371231761,EFOR
0.0740055504162811,-0.010175763182238784,False,0.27339719903146786,EFOR
0.09270386266094421,-0.0858369098712446,False,2.1225928015472904,EFOR
0.10857142857142854,-0.0019047619047618536,False,0.6877682726848825,EFOR
0.032727272727272716,-0.017272727272727217,False,0.15842895183104547,EFOR
0.08018018018018025,-0.013513513513513598,False,0.16451805179140008,EFOR
0.08547008547008539,-0.006837606837606813,False,0.5088194899893658,EFOR
0.019169329073482455,-0.0638977635782747,False,2.748753689501861,EFOR
0.05882352941176472,-0.0034100596760444635,False,0.6504276084016118,EFOR
0.07947019867549665,-0.0008278145695364003,False,0.25852441881523336,EFOR
0.07401574803149624,-0.023622047244094446,False,0.3915116365948947,EFOR
0.02798232695139924,-0.0625920471281296,False,1.0900509363552167,EFOR
0.011494252873563093,-0.01839080459770115,False,0.11277767903824122,EFOR
0.043276661514683123,-0.03863987635239563,False,0.20529515913114824,EFOR
0.007047768206734473,-0.02584181675802666,False,0.2963559725900833,EFOR
0.0,-0.11811023622047245,False,0.32716292462528657,EFOR
0.09142857142857141,-0.040000000000000036,False,2.1120124967395144,EFOR
0.09981167608286268,0.0,False,0.13569753491262587,EFOR
0.023116438356164393,-0.09931506849315075,False,1.0528889506750645,EFOR
0.05428571428571427,-0.049523809523809526,False,0.7804003610227708,EFOR
0.08309990662931832,-0.01867413632119519,False,0.166780337317348,EFOR
0.0786516853932584,-0.02074330164217808,True,45.20889892653075,EFOR
0.07413945278022949,-0.001765225066195919,False,0.17946413005758655,EFOR
0.011666666666666714,-0.02833333333333332,False,0.04935207564570178,EFOR
0.006711409395973256,-0.038590604026845554,False,0.04876502946707436,EFOR
0.041095890410958846,-0.001712328767123239,False,0.03191183790786741,EFOR
0.007874015748031704,-0.029133858267716528,False,0.6445619075782337,EFOR
0.0,0.0,False,,CGCAM
0.0,0.0,False,,CGCAM
0.0,0.0,False,,CGCAM
0.02318840579710124,-0.11594202898550732,False,,CGCAM
0.12282157676348526,0.0,False,,CGCAM
0.06285714285714294,-0.0014285714285714457,False,,CGCAM
0.03282828282828287,-0.04229797979797978,False,,CGCAM
0.04532248692620544,-0.09936083672283558,False,,CGCAM
0.09034267912772576,-0.04236760124610606,False,,CGCAM
0.06745562130177518,-0.010059171597633032,False,,CGCAM
0.02717391304347827,-0.04619565217391297,False,0.9400077673402022,CGCAM
0.007000538502961673,-0.09854604200323114,False,0.2054496898577909,CGCAM
0.04594594594594592,-0.07729729729729728,False,0.16960539136604247,CGCAM
0.01635514018691575,-0.052570093457944056,False,0.13517569475559055,CGCAM
0.03144266337854518,-0.019112207151664506,False,0.10627177643845712,CGCAM
0.004993757802746579,-0.0393258426966292,False,0.0971481260841087,CGCAM
0.014230271668822736,-0.036222509702457995,False,0.1264746199350898,CGCAM
0.08910891089108919,-0.0033003300330033403,False,0.15777309090875596,CGCAM
0.08164481525625722,-0.012514898688915421,True,3.859072879701392,CGCAM
0.0032017075773747017,-0.1259338313767342,False,1.62483165786608,CGCAM
0.04342507645259919,-0.01957186544342504,False,0.6619892477172135,CGCAM
0.0862385321100918,-0.021406727828746308,False,0.1225217197594119,CGCAM
0.012707182320441879,-0.07182320441988954,True,4.183121002508546,CGCAM
0.03641618497109822,-0.023699421965317935,False,0.3504776203911938,CGCAM
0.025353773584905648,-0.041273584905660354,False,0.1511056598407281,CGCAM
0.01582471089470494,-0.019476567255021338,False,0.17497147613297012,CGCAM
0.014778325123152802,-0.007389162561576179,False,0.08626252322646223,CGCAM
0.004929143561306137,-0.0369685767097967,False,0.05601077208998878,CGCAM
0.05969191270860086,-0.005134788189987138,False,0.14880607173825885,CGCAM
0.009469696969697017,-0.024621212121212155,False,0.2314841988786932,CGCAM
0.00571791613723005,-0.0311308767471411,False,0.6936302305251251,CGCAM
0.009829619921362998,-0.015072083879423381,False,0.2305489245692298,CGCAM
0.005921052631578938,-0.04078947368421049,False,0.1005167859104263,CGCAM
0.04445964432284555,-0.017783857729138153,False,0.5834700009906112,CGCAM
0.006788866259334725,-0.020366598778004175,False,0.8612502882539149,CGCAM
0.007601935038009655,-0.03455425017277125,False,0.7900078231905175,CGCAM
0.09533898305084754,-0.0035310734463277482,False,0.2881342470727058,CGCAM
0.04304635761589415,-0.027814569536423805,False,1.7676303956967279,CGCAM
0.010638297872340496,-0.04122340425531912,False,1.185151170435926,CGCAM
0.041982105987611984,-0.008258774948382563,False,0.4132191018027217,CGCAM
0.009688581314879041,-0.02837370242214532,False,2.3562552101448073,CGCAM
0.0078069552874378,-0.019872249822569188,False,1.1418235519710596,CGCAM
0.005050505050504972,-0.014430014430014348,False,0.5582416724956178,CGCAM
0.026753434562545086,-0.013015184381778733,False,0.4582744066067233,CGCAM
0.023454157782516027,-0.02061122956645356,True,3.35325941851805,CGCAM
0.0,-0.031473533619456484,False,0.266854790023131,CGCAM
0.014673514306676294,-0.008804108584005932,False,0.4914064505190979,CGCAM
0.002201027146001344,-0.04842259721203224,False,0.22292657157950344,CGCAM
0.032061068702289974,-0.007633587786259555,False,1.4296134965980742,CGCAM
0.024590163934426146,-0.015648286140089396,False,0.23982515808960395,CGCAM
0.006696428571428603,-0.019345238095238027,False,0.6304809735367973,CGCAM
0.02729340409401071,-0.015163002274450332,False,0.3489373659871592,CGCAM
0.009167303284950412,-0.007639419404125269,False,0.41244873244525326,CGCAM
0.034220532319391594,-0.0038022813688213253,False,0.5997204852705352,CGCAM
0.0,-0.04237918215613368,True,4.561557354306326,CGCAM
0.10000000000000009,0.0,True,13.461670531062879,CGCAM
0.008739985433357633,-0.024763292061179887,False,0.3459672116278542,CGCAM
0.003620564808110016,-0.025343953656770446,False,0.4544537966802932,CGCAM
0.07132459970887917,-0.0029112081513829047,False,0.9114491151198404,CGCAM
0.0,-0.04761904761904756,False,1.1401618193510543,CGCAM
0.0007072135785006761,-0.028995756718529053,False,0.19322579699380385,CGCAM
0.03154121863799286,-0.0021505376344085336,False,0.14543537392287814,CGCAM
0.03611111111111098,-0.014583333333333393,False,0.2939274412910296,CGCAM
0.008000000000000007,-0.038000000000000034,False,0.43169801218124626,CGCAM
0.017064846416382284,-0.024573378839590543,False,0.1753466743672337,CGCAM
0.05798192771084354,-0.012048192771084376,False,1.615695582013076,CGCAM
0.04885496183206106,0.0,False,1.330610253077542,CGCAM
0.0,-0.09057164068299928,False,0.1968002512343633,CGCAM
0.026378896882494063,-0.06394884092725805,False,1.1322622733913428,CGCAM
0.03265306122448974,-0.0008163265306122547,False,0.8811439126752071,CGCAM
0.10383386581469645,-0.01118210862619795,False,1.727025069457207,CGCAM
0.021593447505584562,-0.04169769173492188,False,0.44762339839797943,CGCAM
0.0,-0.03522205206738138,False,0.32388073396653905,CGCAM
0.10256410256410264,-0.0038850038850037905,False,0.5154909960167042,CGCAM
0.07202797202797195,-0.03146853146853157,True,6.700374158144176,CGCAM
0.029372496662216196,-0.022696929238985253,False,1.0702160835561771,CGCAM
0.07999999999999985,-0.03400000000000003,False,0.9978366862504644,CGCAM
0.00867410161090465,-0.042131350681536506,False,0.5754092684775082,CGCAM
0.05003088326127236,-0.015441630636195303,False,2.710106637056573,CGCAM
0.0018237082066869803,-0.06990881458966558,False,0.8425819519439153,CGCAM
0.04631441617742982,-0.024787997390737115,False,0.22073554030883474,CGCAM
0.013392857142857206,-0.029974489795918324,False,0.25558155399505117,CGCAM
0.038007863695937116,-0.017038007863695914,False,0.1306411544519272,CGCAM
0.01926910299003315,-0.049169435215946855,False,0.22522632175420662,CGCAM
0.01958041958041945,-0.012587412587412694,False,0.5324379062904929,CGCAM
0.05277777777777781,-0.011111111111111072,False,0.3620772927734978,CGCAM
0.008825526137135054,-0.025797691785471866,False,0.6276424700768177,CGCAM
0.02137931034482765,-0.03448275862068961,False,0.23919196140257568,CGCAM
0.024137931034482696,-0.01172413793103444,False,1.2345931531859125,CGCAM
0.07486263736263732,-0.008928571428571508,False,1.240187747835235,CGCAM
0.0559485530546624,0.0,True,5.9971989840101765,CGCAM
0.021518987341772045,-0.03797468354430389,False,0.6231435492490106,CGCAM
0.024936061381074293,-0.02813299232736577,False,2.1669296663660953,CGCAM
0.02405063291139231,-0.0132911392405064,False,0.5262185116396487,CGCAM
0.07864450127877243,-0.006393861892583175,False,0.8250286445149084,CGCAM
0.06587942821628334,-0.0049720323182099735,False,0.9051373261817411,CGCAM
0.021021021021021102,-0.01141141141141122,False,0.5816078083105647,CGCAM
0.027860106698280873,-0.02193242442205101,False,0.5338004024744727,CGCAM
0.045454545454545414,-0.0072727272727273196,False,0.7660528118731789,CGCAM
0.0,-0.04985673352435538,False,0.665455491424837,CGCAM
0.009041591320072317,-0.03194695599758901,False,0.2900537223100593,CGCAM
0.012422360248447228,-0.021739130434782705,False,0.1284317190997997,CGCAM
0.015743073047858935,-0.03652392947103278,False,0.5273819763890447,CGCAM
0.01679586563307489,-0.011627906976744207,False,0.6598844560291,CGCAM
0.014829142488717029,-0.02192134107027721,False,1.351945456213771,CGCAM
0.01187335092348274,-0.0237467018469657,False,1.9788677170828717,CGCAM
0.03905723905723901,-0.005387205387205385,False,1.2273375950579635,CGCAM
0.010471204188481575,-0.02814136125654454,False,0.7243023931696314,CGCAM
0.010000000000000009,-0.01200000000000001,False,1.0735218711789531,CGCAM
0.0033467202141901353,-0.03681392235609093,False,0.7154438173422267,CGCAM
0.002760524499654915,-0.02346445824706689,False,0.6086039958012291,CGCAM
0.01672473867595814,-0.020905923344947674,False,1.072222343039819,CGCAM
0.013494318181818121,-0.019886363636363535,False,0.33164539761077827,CGCAM
0.0035714285714285587,-0.046428571428571486,False,0.7530745126933601,CGCAM
0.0,-0.026466380543633816,False,1.5368965545643989,CGCAM
0.04814004376367609,-0.0007293946024800047,False,0.46498594889621675,CGCAM
0.016151685393258397,-0.0070224719101122934,True,17.355871954315937,CGCAM
0.025874125874125742,0.0,False,0.19928469506884347,CGCAM
0.0034364261168384758,-0.01718213058419249,False,0.13253243235108209,CGCAM
0.003528581510232831,-0.04798870853916726,False,0.290244741843894,CGCAM
0.03248259860788871,-0.018561484918793503,False,0.9592990690023171,CGCAM
0.03896103896103886,-0.013750954927425507,False,0.5811686281146187,CGCAM
0.005263157894736636,-0.015789473684210575,False,0.09135671072251715,CGCAM
0.0007587253414262918,-0.02200303490136568,False,0.6683829050959127,CGCAM
0.013803680981595123,-0.015337423312883347,False,0.030863870180834703,CGCAM
0.02010827532869297,0.0,False,0.8664347773598572,CGCAM
0.006211180124223503,-0.01940993788819878,False,0.22131659998476855,CGCAM
0.057034220532319324,-0.02357414448669204,True,3.3312697245314986,CGCAM
0.0,-0.045746962115796985,False,1.8739910102413593,CGCAM
0.0,-0.050291545189504516,False,0.5927720775125056,CGCAM
0.0015209125475283969,-0.016730038022813698,False,0.10594977173172543,CGCAM
0.016832440703901996,-0.007651109410864554,False,0.19370954678058677,CGCAM
0.006010518407212562,-0.013523666416228375,False,1.0089939723773513,CGCAM
0.006015037593984918,-0.021804511278195604,False,1.087089350461186,CGCAM
0.009737827715355918,-0.009737827715355696,False,1.4757531516586788,CGCAM
0.01427498121712989,-0.010518407212622094,False,0.9129602462979652,CGCAM
0.010566037735849187,-0.00905660377358486,False,1.433644107820672,CGCAM
0.04150943396226414,-0.0030188679245282124,False,0.42500055674150333,CGCAM
0.0007352941176470562,-0.019852941176470518,False,1.051495191725786,CGCAM
0.0044280442804427445,-0.011808118081180874,False,1.864855053674221,CGCAM
0.0029673590504450953,-0.022255192878338326,False,0.642109217260647,CGCAM
0.007535795026375247,-0.009796533534287777,False,0.4893552843742203,CGCAM
0.020454545454545503,-0.010606060606060508,False,0.3046624172467089,CGCAM
0.017358490566037776,-0.0007547169811320531,False,0.23910116174535745,CGCAM
0.04172876304023854,-0.005961251862891204,False,0.4078263969040668,CGCAM
0.04505813953488369,-0.0014534883720930258,False,2.469823358614059,CGCAM
0.003541076487252104,-0.021246458923512623,False,0.6351035732215746,CGCAM
0.007209805335256059,-0.015861571737562974,False,0.23712820715283298,CGCAM
0.0401167031363967,0.0,False,0.13628470880414675,CGCAM
0.0,-0.025316455696202667,False,1.6581366723009783,CGCAM
0.034383954154727725,0.0,False,0.4159695080590458,CGCAM
0.006896551724137945,-0.02965517241379312,False,1.8152378058885268,CGCAM
0.01477832512315258,-0.006333567909922677,False,0.5323095232066442,CGCAM
0.0056457304163726185,-0.014820042342978068,False,0.2773416727862045,CGCAM
0.0996441281138789,-0.004270462633451988,False,0.61409688244486,CGCAM
0.015595757953836609,-0.03181534622582671,True,37.99424823539961,CGCAM
0.011889862327910006,-0.021902377972465525,False,1.0818271367374521,CGCAM
0.0714285714285714,-0.0031055900621118626,False,1.1807995154451847,CGCAM
0.0930930930930931,0.0,False,0.5075136320783767,CGCAM
0.0464,-0.07466666666666655,True,8.400407896551647,CGCAM
0.07885714285714274,0.0,False,0.5549345017481205,CGCAM
0.0885154061624649,-0.034173669467787327,False,0.5525728838573606,CGCAM
0.006845708267509298,-0.03896787783043698,False,0.4519755592427552,CGCAM
0.03729729729729736,-0.009729729729729741,False,0.24988936259108688,CGCAM
0.06916578669482565,-0.013727560718057141,False,0.05933081336867951,CGCAM
0.06836734693877555,-0.001530612244898033,False,0.40732173496368035,CGCAM
0.06621880998080609,-0.01055662188099804,False,0.2925691193242476,CGCAM
0.04281207751239302,-0.023884632717440346,False,0.3146658796706544,CGCAM
0.016971279373368064,-0.02088772845953002,False,0.37557388165532,CGCAM
0.01091703056768556,-0.06462882096069855,False,0.230105510521381,CGCAM
0.009049773755656076,-0.02714932126696834,False,0.5965385741486009,CGCAM
0.04363974001857018,-0.01949860724233976,False,0.1076054695566614,CGCAM
0.03035795197100133,-0.014499320344358857,False,0.35533569600315024,CGCAM
0.08411633109619676,-0.024161073825503476,False,0.6859993854887559,CGCAM
0.03962505325948018,-0.015764806135492027,False,1.5031449098125564,CGCAM
0.0033305578684430515,-0.08534554537885097,False,1.263083538427901,CGCAM
0.024112829845313932,-0.09827115559599642,False,2.8193888006086225,CGCAM
0.048661800486617945,-0.028223844282238564,False,0.7773078721375305,CGCAM
0.03963705826170005,-0.0019102196752628364,False,0.45494816442359326,CGCAM
0.023996308260267663,-0.014766958929395502,False,0.25786533897246466,CGCAM
0.029523809523809508,-0.010000000000000009,False,0.6360786548874323,CGCAM
0.025471698113207486,-0.014150943396226467,False,0.29640871673897623,CGCAM
0.008494572911750708,-0.10382255781028804,False,0.14939823447340625,CGCAM
0.04144805876180491,-0.003672612801678965,False,1.307269230639691,CGCAM
0.012041884816753834,-0.039790575916230475,False,0.3460996541565262,CGCAM
0.06434316353887426,-0.022520107238605758,False,0.5066374818655487,CGCAM
0.0625630676084763,0.0,False,0.484495885659463,CGCAM
0.024154589371980784,-0.015942028985507117,False,1.7918602308730076,CGCAM
0.012596899224806002,-0.011143410852713198,False,0.2529009405154513,CGCAM
0.020437956204379493,-0.030170316301703193,False,0.43097518387216255,CGCAM
0.048316251830161194,-0.013177159590043952,False,1.359384854869228,CGCAM
0.020952380952381056,-0.0161904761904762,False,2.40037530996582,CGCAM
0.03273952816562353,-0.012518054886855978,False,0.24925869962849773,CGCAM
0.005228136882129197,-0.03517110266159684,False,0.5953470915056839,CGCAM
0.004852013585638026,-0.03056768558951961,False,0.27952163360496807,CGCAM
0.0,-0.037279596977330076,True,3.254862694134941,CGCAM
0.007767995857068888,-0.04971517348524068,False,0.5344581019818547,CGCAM
0.01684210526315799,-0.021052631578947323,False,0.6453262485966696,CGCAM
0.009973753280839714,-0.02887139107611547,False,0.5873864138062824,CGCAM
0.024784482758620774,-0.016163793103448176,False,0.37999105602759853,CGCAM
0.010804970286331761,-0.0410588870880606,False,0.16132134750772623,CGCAM
0.059693007390562824,0.0,True,3.5299309785990247,CGCAM
0.04254143646408837,-0.005524861878453136,False,0.7568522144028784,CGCAM
0.014999999999999902,-0.029999999999999916,True,7.053024701890083,CGCAM
0.006253553155201708,-0.017623649801023267,False,0.17036123212151585,CGCAM
0.019366197183098732,-0.017018779342723,True,3.780950840630608,CGCAM
0.011323003575685275,-0.04946364719904661,False,0.6139957312891379,CGCAM
0.011522134627046876,-0.023044269254093308,False,0.36162203462477405,CGCAM
0.02405291641611562,-0.009019843656043247,False,1.4167622353779872,CGCAM
0.0011990407673860837,-0.049160671462829764,False,0.2211587952980455,CGCAM
0.04629629629629628,-0.005555555555555536,False,0.49473474514838445,CGCAM
0.007194244604316502,-0.03776978417266186,False,0.16465361433792208,CGCAM
0.08231707317073189,-0.008536585365853444,False,0.2710312532726919,CGCAM
0.002272727272727204,-0.04772727272727273,False,0.6808510638297872,CGCAM
0.03442136498516302,-0.0017804154302670794,False,0.7918451400329489,CGCAM
0.009929906542055944,-0.016939252336448773,False,0.9755169696475638,CGCAM
0.007692307692307887,-0.020710059171597517,True,53.85232266419581,CGCAM
0.07701564380264725,0.0,False,0.24026044605009136,CGCAM
0.021264689423615035,-0.015668718522663716,False,0.36291602116974675,CGCAM
0.07006726457399104,0.0,False,0.24425943000730976,CGCAM
0.029242819843342094,-0.016710182767624038,False,0.15024864029422785,CGCAM
0.025454545454545396,-0.019740259740259725,False,0.1380901055539445,CGCAM
0.004761904761904745,-0.040740740740740744,False,0.07306760976760959,CGCAM
0.007115489874110592,-0.030103995621237,False,0.09713740949730745,CGCAM
0.003376477208778761,-0.039392234102419765,False,0.17202969881801924,CGCAM
0.034285714285714475,-0.023428571428571465,False,1.3667303438568268,CGCAM
0.0477512493059411,-0.03331482509716832,False,0.10111812736197645,CGCAM
0.020000000000000018,-0.04810810810810817,False,1.0521863946275696,CGCAM
0.0011204481792717047,-0.03809523809523807,False,1.0933071270532648,CGCAM
0.017919075144508634,-0.012716763005780507,False,0.23695660091387138,CGCAM
0.0907514450867053,-0.02774566473988438,False,0.5296587521231485,CGCAM
0.0038043478260869623,-0.04565217391304344,False,1.3680255439221802,CGCAM
0.000563063063062863,-0.028153153153153143,False,0.4088112991697087,CGCAM
0.006369426751592355,-0.025477707006369532,False,0.09021660039147561,CGCAM
0.0334900117508814,-0.000587544065804857,False,0.5308285957540304,CGCAM
0.005858230814294263,-0.03690685413005268,False,0.45306507075783625,CGCAM
0.02662721893491149,-0.020710059171597517,False,0.32767781585117156,CGCAM
0.0005903187721367775,-0.039551357733175974,False,0.19106975237169502,CGCAM
0.09981740718198417,-0.017650639074862973,False,0.396753628430619,CGCAM
0.07222222222222219,-0.0011111111111110628,True,10.190768677415562,CGCAM
0.031052631578947443,-0.023157894736842155,False,1.0297199466565061,CGCAM
0.004164497657469957,-0.060385216033316036,False,0.2847731990936105,CGCAM
0.01091703056768556,-0.06386462882096078,False,1.8554211244764383,CGCAM
0.02633085289066983,-0.012593016599885432,False,0.6022030641427679,CGCAM
0.022857142857142687,-0.03942857142857148,False,0.5437139144309378,CGCAM
0.011269276393831573,-0.009489916963226541,False,0.2547781275318431,CGCAM
0.010161386730424216,-0.010161386730424438,False,0.15455173498772204,CGCAM
0.03260869565217406,0.0,False,0.14149820410106717,CGCAM
0.0071428571428571175,-0.010714285714285676,False,0.31474416904090124,CGCAM
0.008955223880596996,-0.010746268656716351,False,0.34343185297048523,CGCAM
0.023423423423423406,-0.009009009009008917,False,1.137531427537309,CGCAM
0.005350772889417321,-0.015457788347205792,False,0.7091257143655596,CGCAM
0.03802051901025938,-0.0018105009052504784,False,2.1623449675268653,CGCAM
0.010688836104512989,-0.012470308788598672,False,2.590615516302233,CGCAM
0.009615384615384581,-0.041466346153846256,False,2.41274437809153,CGCAM
0.01552795031055898,-0.0031055900621118626,False,1.3861392226061509,CGCAM
0.004320987654321096,-0.01049382716049374,False,0.3647517434851677,CGCAM
0.05171339563862909,-0.0012461059190030932,False,0.4256884005482688,CGCAM
0.04987980769230749,-0.022235576923076983,False,0.35292574844409963,CGCAM
0.016073478760045834,-0.029850746268656914,False,1.280531419984807,CGCAM
0.06882352941176473,0.0,False,0.15216222364692986,CGCAM
0.033594624860022515,-0.02295632698768202,False,1.2269866577158681,CGCAM
0.027472527472527375,-0.049450549450549386,False,1.957719719950876,CGCAM
0.022285714285714242,-0.01657142857142857,False,1.1362271640120096,CGCAM
0.049014084507042366,-0.0033802816901408184,False,0.2043159108792429,CGCAM
0.030623608017817494,-0.03118040089086871,False,0.40981166267555497,CGCAM
0.0005720823798625041,-0.05606407322654461,False,0.5794051931712184,CGCAM
0.046650717703349276,-0.0011961722488037507,False,0.5902671005113169,CGCAM
0.005847953216374213,-0.016959064327485507,False,0.9487429600780355,CGCAM
0.01992966002344665,-0.008792497069167515,False,0.5539829616807521,CGCAM
0.009307737056428067,-0.016870273414776205,False,0.454593524799444,CGCAM
0.022471910112359383,-0.004139562389118834,False,2.6759783547546454,CGCAM
0.02448979591836742,-0.012244897959183487,False,0.30699997329273826,CGCAM
0.029259896729776358,-0.005737234652897438,False,2.7460108654798923,CGCAM
0.0226757369614512,-0.014172335600907027,False,0.8768431754238022,CGCAM
0.04313280363223604,-0.011350737797956811,False,0.6960110861110697,CGCAM
0.05524861878453047,-0.0016574585635359407,False,0.877856476623528,CGCAM
0.08742004264392311,-0.019189765458422325,False,1.1723981708266673,CGCAM
0.04499999999999993,-0.02400000000000002,False,2.64765266690735,CGCAM
0.014939759036144418,-0.033734939759036076,True,4.213680900307647,CGCAM
0.028956565152271407,-0.01947079380928607,False,0.4590384965341539,CGCAM
0.05597201399300333,-0.017991004497751262,False,0.40252117519818204,CGCAM
0.05503685503685496,-0.03636363636363649,False,0.9504529420832616,CGCAM
0.023333333333333206,-0.027142857142857135,False,1.5008251626055724,CGCAM
0.02142161635832518,-0.02434274586173324,False,0.7591518470129069,CGCAM
0.03169185763042415,-0.0029254022428084614,False,1.1367007068008874,CGCAM
0.0034146341463414664,-0.03658536585365857,False,0.41879664511961057,CGCAM
0.0,-0.06379746835443045,False,0.2935833754173859,CGCAM
0.08247978436657677,-0.008625336927223781,False,1.18661573839498,CGCAM
0.007656967840734996,-0.013782542113323082,False,0.9990178365728559,CGCAM
0.004117344312918325,-0.02573340195573859,False,0.20673426516926557,CGCAM
0.015057113187954219,-0.0036344755970924014,False,0.8248048705156862,CGCAM
0.004130098089829559,-0.013939081053174984,False,0.35245826686851656,CGCAM
0.03842159916926269,-0.0031152647975078995,False,0.39300736786255414,CGCAM
0.01422041645505323,-0.04977145759268664,False,0.6414456645602403,CGCAM
0.03282051282051279,-0.030256410256410238,False,1.7727739374443912,CGCAM
0.010526315789473717,-0.07894736842105265,False,0.5646215006533041,CGCAM
0.023098591549295833,-0.0011267605633802358,False,0.3509207854718937,CGCAM
0.0277777777777779,-0.007625272331154731,False,0.3903312054836209,CGCAM
0.02452316076294281,-0.013623978201634857,False,0.14324542066169116,CGCAM
0.003250270855904569,-0.044420368364030294,False,0.492354263583146,CGCAM
0.05115233277121978,-0.012928611579539062,False,1.1922292202608002,CGCAM
0.04121475054229928,-0.011388286334056419,False,2.1838459732331534,CGCAM
0.12382629107981225,0.0,True,12.82072198587419,CGCAM
0.007124681933842192,-0.07837150127226455,False,2.1171078477223833,CGCAM
0.02190580503833517,-0.006024096385542355,False,0.26137626865611746,CGCAM
0.026016260162601723,-0.0021680216802167918,False,0.4166376549227127,CGCAM
0.0,-0.040322580645161255,False,0.20173670872938307,CGCAM
0.027237354085603238,-0.04947192884936058,False,1.9083060563551029,CGCAM
0.01070663811563155,-0.007494646680942241,False,0.2985700087520211,CGCAM
0.0005327650506128379,-0.02503995737879594,False,0.171142945107485,CGCAM
0.017297297297297343,-0.015135135135135203,False,0.3105439494040943,CGCAM
0.0,-0.03804347826086951,False,0.2115113213258113,CGCAM
0.02952646239554313,-0.003899721448467952,False,1.364420557351338,CGCAM
0.02855573860516203,0.0,False,0.2453707451914736,CGCAM
0.00746268656716409,-0.042110874200426585,False,0.7662039318559178,CGCAM
0.023622047244094446,0.0,True,30.50734371540335,CGCAM
0.013966480446927276,-0.03296089385474865,False,0.3247042243073842,CGCAM
0.001107419712070845,-0.023255813953488302,False,0.27755589969299316,CGCAM
0.007847533632286963,-0.015134529147982079,False,0.10866449859941836,CGCAM
0.033258173618940345,-0.002818489289740489,False,0.06334094704312943,CGCAM
0.006640841173215284,-0.02877697841726612,False,0.13580591456314417,CGCAM
0.012899607403253022,-0.010656197420078395,False,0.26382234507893243,CGCAM
0.04916201117318453,-0.0027932960893852776,False,0.14166056607181907,CGCAM
0.03561643835616435,-0.014246575342465873,False,0.5649735677242926,CGCAM
0.004953219592735314,-0.020363236103467353,False,1.114881835716559,CGCAM
0.010579064587973086,-0.006124721603563477,False,0.07276985414428269,CGCAM
0.023398328690807935,-0.0011142061281337323,False,0.9396215828683645,CGCAM
0.016528925619834656,-0.04903581267217616,False,0.797698253432679,CGCAM
0.021099389228206533,-0.014436424208773002,True,5.554997294581433,CGCAM
0.0076796489303345705,-0.014262205156335805,False,0.3956402807523484,CGCAM
0.04972375690607733,-0.0022099447513813653,False,0.2725535926955141,CGCAM
0.0021333333333333204,-0.030399999999999983,False,1.7405193094104632,CGCAM
0.08256880733944949,0.0,True,3.6755518147874873,CGCAM
0.010669253152279179,-0.06353055286129983,True,12.38103276043843,CGCAM
0.07309644670050774,-0.0050761421319796,False,0.494741830944421,CGCAM
0.05719921104536496,-0.016272189349112565,False,0.6209683564426156,CGCAM
0.0395180722891566,-0.02120481927710849,False,0.47295306277485527,CGCAM
0.005578800557879848,-0.06136680613668066,False,0.4766613398061539,CGCAM
0.0334645669291338,-0.009842519685039353,False,0.3867179496185977,CGCAM
0.02174963750604153,-0.008699855002416657,False,0.11601046853695203,CGCAM
0.05238095238095242,0.0,False,0.8547796183497786,CGCAM
0.03899082568807333,-0.03348623853211008,False,0.49639446343518784,CGCAM
0.0061494796594134815,-0.0416272469252601,False,0.32382723655381024,CGCAM
0.02240623477837289,-0.014125669751583136,False,0.07638048385244381,CGCAM
0.04247876061969014,-0.010494752623688153,False,1.6229692227914319,CGCAM
0.05312346286276459,-0.0034431874077716085,False,0.17879191577852874,CGCAM
0.014025245441795287,-0.013557737260401992,False,0.3582545512081278,CGCAM
0.009808500700607237,-0.023353573096683844,False,0.18979178792528703,CGCAM
0.0808893093661307,-0.023178807947019986,False,0.2584009140611334,CGCAM
0.043867502238137845,-0.009400179051029633,False,0.9654788648214175,CGCAM
0.02428256070640189,-0.019426048565121312,False,1.1351694535653216,CGCAM
0.0,-0.07739130434782615,False,1.1717955911639308,CGCAM
0.030288909599254454,-0.00745573159366264,False,1.0651186269560828,CGCAM
0.0,-0.05417814508723595,False,0.7103898588112434,CGCAM
0.06359223300970873,-0.018932038834951537,False,1.2733817957616922,CGCAM
0.03308128544423439,-0.04962192816635169,False,1.6420249048690552,CGCAM
0.008461921353907442,-0.09905425584868088,False,0.6317034741597265,CGCAM
0.07025246981339195,-0.016465422612513603,True,3.2312774064066314,CGCAM
0.05822784810126569,-0.008101265822784809,False,0.5625679515316123,CGCAM
0.008742107819329714,-0.01651287032540072,True,25.926531574913028,CGCAM
0.04628736740597872,-0.008678881388621051,False,0.23748778817108912,CGCAM
0.07809523809523822,-0.018095238095238053,False,0.315738186020951,CGCAM
0.06161137440758302,-0.06376561826798799,True,4.038435025911888,CGCAM
0.03913043478260869,-0.040434782608695596,True,3.4190376426824005,CGCAM
0.08305853256389106,-0.0032976092333059093,False,1.4909663211255262,CGCAM
0.007777777777777883,-0.02777777777777779,False,,KLRHO
0.0,-0.044652701212789525,False,,KLRHO
0.025582717453098258,-0.04093234792495726,False,,KLRHO
0.028169014084507005,-0.04169014084507039,False,,KLRHO
0.0,-0.045112781954887105,False,,KLRHO
0.008353221957040358,-0.04534606205250602,False,,KLRHO
0.0,-0.042656916514320464,False,,KLRHO
0.0018303843807199183,-0.043319097010372176,False,,KLRHO
0.022222222222222365,-0.049249249249249116,False,,KLRHO
0.053614457831325124,-0.007831325301205005,False,,KLRHO
0.012202208018593952,-0.060429982568274254,False,0.0024913853617643048,KLRHO
0.028405797101449082,-0.02376811594202899,False,0.3243021346469622,KLRHO
0.006347374495095481,-0.03346797461050188,False,0.3192457199569928,KLRHO
0.008041355542791617,-0.03503733486502003,False,0.2697932425617751,KLRHO
0.026252983293555854,-0.0065632458233891855,False,1.0634472129463137,KLRHO
0.0052941176470588935,-0.044117647058823484,True,8.931025252074596,KLRHO
0.04712041884816753,-0.011052937754508552,False,0.09702675440703204,KLRHO
0.04571428571428582,-0.0017142857142857792,False,0.6746109907425645,KLRHO
0.003273322422258751,-0.04909983633387882,False,0.22389538339607687,KLRHO
0.01680672268907557,-0.010644257703081306,False,0.04876462938881664,KLRHO
0.0,-0.09162895927601811,False,0.18904109589041096,KLRHO
0.014943960149439661,-0.00996264009962633,True,13.804318305268875,KLRHO
0.012883435582822234,-0.013496932515337567,False,0.3623355642741749,KLRHO
0.025481665630826544,-0.02423865755127408,False,0.19389880114819608,KLRHO
0.01499063085571506,-0.013741411617739008,False,0.1779845133975823,KLRHO
0.013871374527112179,-0.029003783102143688,False,0.34250262047083485,KLRHO
0.052959501557632294,-0.0031152647975077885,False,2.1121551756670063,KLRHO
0.03687499999999999,0.0,False,0.6634476704082273,KLRHO
0.024848484848484897,-0.024242424242424176,False,1.7732843137254901,KLRHO
0.06445890005913668,-0.026020106445890034,False,1.3961449336423004,KLRHO
0.014176018901358667,-0.04666272888363843,False,0.30877485359812973,KLRHO
0.042042042042042205,-0.002402402402402304,False,0.1366891846094756,KLRHO
0.014628437682855377,-0.014628437682855489,False,1.5088648868962706,KLRHO
0.009291521486643362,-0.017421602787456303,False,0.8969274674771136,KLRHO
0.02052785923753664,-0.02052785923753675,False,0.03761493452215102,KLRHO
0.01557991921523394,-0.015002885170224967,False,2.752208935098116,KLRHO
0.0,-0.026210826210826266,False,0.3083966827919834,KLRHO
0.03626943005181338,-0.006908462867012188,False,0.1486656512813721,KLRHO
0.0,-0.032823995472552436,False,0.10092868407219205,KLRHO
0.0,-0.01942857142857146,False,0.11200347297590622,KLRHO
0.0,-0.04137931034482756,False,0.24178756044689012,KLRHO
0.008982035928143839,-0.011377245508981892,False,1.5685700912707699,KLRHO
0.01596071209330896,-0.008594229588704816,False,1.609974958263773,KLRHO
0.009815950920245342,-0.009815950920245453,False,0.04204398447606727,KLRHO
0.007371007371007154,-0.016584766584766597,False,0.9296730413325108,KLRHO
0.040416411512553596,-0.009185548071034777,False,0.18342892838889202,KLRHO
0.010053222945002771,-0.016558249556475557,False,4.4575471698113205,KLRHO
0.07485963817841546,-0.0642545227698067,False,0.5828018473718936,KLRHO
0.03427540589296463,-0.010823812387251941,True,7.430471151783799,KLRHO
0.01910447761194023,-0.010746268656716351,False,0.00041507554374896235,KLRHO
0.013165769000598404,-0.008976660682226356,False,0.016362492133417242,KLRHO
0.018072289156626287,-0.003012048192771122,False,0.36264345748538757,KLRHO
0.0,-0.08453038674033153,True,8.656978896704924,KLRHO
0.0,-0.05120659211300749,False,0.5460943375953583,KLRHO
0.05132962275819408,-0.0043290043290042934,False,0.2072327284791874,KLRHO
0.006195786864931607,-0.04275092936802982,False,0.04235086260652671,KLRHO
0.0030978934324659146,-0.030359355638166052,True,5.634262158213317,KLRHO
0.013862633900441068,-0.027095148078134845,False,0.32805531984039576,KLRHO
0.007556675062972307,-0.017632241813602123,False,0.008863833785388856,KLRHO
0.007019783024888371,-0.01723037651563497,False,0.017583467199235876,KLRHO
0.044871794871794934,-0.005769230769230749,False,0.1142027478004594,KLRHO
0.0012430080795524656,-0.03666873834679929,False,0.0006433074580777973,KLRHO
0.013513513513513598,-0.046975546975546845,False,1.5045755345403717,KLRHO
0.014009339559706513,-0.014009339559706513,False,0.44450986164262585,KLRHO
0.019595035924232507,-0.02090137165251471,False,0.029898047657487967,KLRHO
0.058940397350993434,-0.007947019867549643,False,0.026271574767068887,KLRHO
0.01065830721003147,-0.02006269592476484,False,0.2149549880580562,KLRHO
0.012618296529968598,-0.02208201892744477,False,0.2983425414364641,KLRHO
0.008403361344537785,-0.01616031027795739,False,0.467035634527624,KLRHO
0.015483870967741842,-0.022580645161290325,False,0.06523765144454799,KLRHO
0.0,-0.016233766233766267,False,0.05970706222595391,KLRHO
0.0006535947712418277,-0.019607843137254943,False,0.2418096723868955,KLRHO
0.008643617021276695,-0.00731382978723405,False,0.22759737167888774,KLRHO
0.0006540222367561466,-0.061478090255068674,False,0.6491820306413918,KLRHO
0.027874564459930307,-0.006968641114982521,False,4.75106136626785,KLRHO
0.028965517241379413,-0.0034482758620689724,False,0.008060182697474477,KLRHO
0.016960651289009476,-0.023066485753052923,False,0.06320417697169553,KLRHO
0.05669398907103829,-0.01297814207650283,False,0.28040540540540543,KLRHO
0.07032258064516128,-0.010322580645161339,True,124.26077265973255,KLRHO
0.02345276872964175,-0.02931596091205202,False,0.5790477258706747,KLRHO
0.0013003901170349774,-0.06306892067620284,False,0.2496215843003957,KLRHO
0.022805805114028965,-0.004837595024188013,False,0.8169620844470973,KLRHO
0.015785861358956765,-0.017844886753603295,False,0.00699925180411749,KLRHO
0.0,-0.021917808219178103,False,0.014797564466438639,KLRHO
0.016620498614958512,-0.01454293628808856,False,0.12282497441146367,KLRHO
0.007554945054945028,-0.011675824175824134,False,0.5468032847892426,KLRHO
0.052019164955509956,-0.00479123887748123,False,0.0338759762868166,KLRHO
0.015052356020942348,-0.032068062827225186,False,0.13089680733772785,KLRHO
0.023333333333333206,-0.01666666666666672,False,0.05637527839643653,KLRHO
0.0544692737430168,-0.0020949720670392358,False,0.38904607922392886,KLRHO
0.013860013860014009,-0.04088704088704087,False,1.2439143135345667,KLRHO
0.017566688353936266,-0.05204944697462588,False,1.1653410460351892,KLRHO
0.002053388090349051,-0.029431895961670063,False,0.1389570050678437,KLRHO
0.020480225988700473,-0.02824858757062154,False,3.0811598898428643,KLRHO
0.005669737774627981,-0.023387668320340227,False,0.04991265285749938,KLRHO
0.0007127583749109156,-0.03563791874554523,False,2.9139072847682117,KLRHO
0.009608277900960971,-0.051736881005173596,False,2.145507553670819,KLRHO
0.060377358490566024,-0.030188679245283012,False,1.292539629752799,KLRHO
0.04507888805409466,0.0,False,3.876830408142071,KLRHO
0.04494382022471899,0.0,False,0.14025459257565362,KLRHO
0.010174418604651292,-0.02761627906976738,False,0.030190431955411056,KLRHO
0.0,-0.039881831610044216,False,0.187683284457478,KLRHO
0.0,-0.01882530120481929,False,0.18048606147248034,KLRHO
0.008396946564885654,-0.04809160305343507,False,0.6614201078786807,KLRHO
0.027580772261623254,-0.011032308904649235,False,0.0413589364844904,KLRHO
0.014117647058823568,-0.008627450980392082,False,0.10633060943191887,KLRHO
0.024371069182389737,-0.007075471698113178,False,0.6187228766274023,KLRHO
0.0885296381832179,-0.0038491147036182616,False,1.5694744420446365,KLRHO
0.08005822416302766,-0.0181950509461426,True,12.883971466006697,KLRHO
0.10902777777777772,0.0,False,3.595027532120808,KLRHO
0.019350811485642883,-0.06054931335830205,True,6.648873440506486,KLRHO
0.0033222591362125353,-0.03654485049833889,False,0.34871565113500597,KLRHO
0.10304287690179792,-0.015905947441217205,False,0.7270677238670256,KLRHO
0.01958224543080922,-0.023498694516971286,False,1.196271892390154,KLRHO
0.007124352331606243,-0.04015544041450769,False,0.780104221924049,KLRHO
0.03480589022757696,-0.019410977242302452,False,0.13940008694392117,KLRHO
0.019430950728660523,-0.018043025676613422,False,1.649177131716268,KLRHO
0.002797202797202747,-0.0174825174825175,False,0.1026637761331639,KLRHO
0.029661016949152463,-0.014830508474576343,False,0.010899044432616023,KLRHO
0.031847133757961776,0.0,False,0.8301246492201266,KLRHO
0.01048218029350112,-0.0062893081761006275,False,0.04605103701395381,KLRHO
0.018181818181818077,-0.009790209790209836,False,0.06939132335263905,KLRHO
0.01747030048916831,-0.05310971348707194,False,0.4218348099456988,KLRHO
0.08487084870848705,-0.0036900369003690647,False,0.04989528150794628,KLRHO
0.04445964432284555,-0.01846785225718195,False,1.1037389743189447,KLRHO
0.04391891891891886,-0.01418918918918921,False,0.9108742004264392,KLRHO
0.03738953093133923,-0.014276002719238678,False,0.6051007147498375,KLRHO
0.0027303754266210234,-0.03754266211604096,False,3.143052703627652,KLRHO
0.02583798882681565,-0.025139664804469275,False,0.014147350092501905,KLRHO
0.008849557522123908,-0.023144996596324074,False,1.0918222513374822,KLRHO
0.01683501683501687,-0.03232323232323231,False,3.112278397898884,KLRHO
0.0,-0.031438127090300916,False,1.780349167681689,KLRHO
0.012422360248447228,-0.013112491373360902,False,1.8834393239829252,KLRHO
0.02754820936639124,-0.01308539944903575,False,0.27435480120902117,KLRHO
0.009756097560975618,-0.009756097560975507,False,0.5897085610200364,KLRHO
0.09958506224066377,0.0,False,0.7632187574766727,KLRHO
0.003039513677811634,-0.0462006079027355,True,32.94657225619569,KLRHO
0.014180024660912505,-0.036991368680641123,False,0.6448915996883847,KLRHO
0.020227560050569027,-0.020227560050568916,False,0.06495802855175238,KLRHO
0.07999999999999985,-0.000645161290322549,False,0.6165029687586704,KLRHO
0.09295261239368147,0.0,False,0.7059011277395559,KLRHO
0.057367829021372385,-0.023622047244094557,False,0.7476683848501043,KLRHO
0.012765957446808418,-0.060106382978723394,False,0.6217197557352698,KLRHO
0.016949152542373058,-0.041006014215418274,False,0.5389500763726988,KLRHO
0.01806888763410508,-0.035573122529644396,False,0.5472980227938582,KLRHO
0.011124121779859664,-0.04683840749414503,False,0.2040185926100259,KLRHO
0.06837098692033283,-0.024970273483947758,False,0.09310959745081417,KLRHO
0.009866511897852481,-0.037144515380150955,False,0.14694894146948942,KLRHO
0.00655151876116733,-0.016081000595592587,False,0.15602611049195989,KLRHO
0.004742145820983978,-0.019561351511559133,False,0.03178765844161005,KLRHO
0.013822115384615419,-0.021634615384615308,False,0.011864561467554987,KLRHO
0.03619631901840492,-0.025766871165644134,False,0.6024834344896709,KLRHO
0.022437841115827917,-0.003638568829593569,False,1.5995647442872687,KLRHO
0.009512485136742077,-0.03269916765755054,False,1.173150726164497,KLRHO
0.020884520884520974,-0.014127764127764175,True,6.34829505915101,KLRHO
0.0049474335188619545,-0.032776747062461364,False,1.9506107973203732,KLRHO
0.0012618296529969264,-0.03785488958990535,False,1.6901659825093698,KLRHO
0.01308900523560208,-0.011780104712041828,False,0.7442276337242939,KLRHO
0.05878552971576223,-0.011627906976744207,False,0.8473644766425181,KLRHO
0.023657289002557702,-0.02813299232736577,False,0.2880060040339603,KLRHO
0.013592233009708687,-0.015533980582524198,False,0.9152061501853291,KLRHO
0.0006430868167202064,-0.023151125401929318,False,0.4201116380576657,KLRHO
0.028387096774193488,-0.009677419354838679,False,0.8569864398214436,KLRHO
0.018087855297157507,-0.011627906976744207,False,0.2117034444491869,KLRHO
0.0006357279084552303,-0.021614748887476165,False,0.09165697934364661,KLRHO
0.03387622149837122,-0.006514657980456029,True,6.547502127938192,KLRHO
0.010834926704907488,-0.019120458891013326,False,1.2231538358068421,KLRHO
0.007096774193548372,-0.012258064516128986,False,0.006309148264984227,KLRHO
0.0012953367875647714,-0.016839378238341918,False,0.025494251767761798,KLRHO
0.012434554973822065,-0.0215968586387435,False,0.43507782304397785,KLRHO
0.007260726072607193,-0.017821782178217838,False,0.10999225406661503,KLRHO
0.002001334222815121,-0.03735823882588396,False,0.15018773466833543,KLRHO
0.022900763358778553,-0.007633587786259555,False,0.0712546760881183,KLRHO
0.02754820936639124,-0.006198347107438051,False,0.6840412702666488,KLRHO
0.008344923504867818,-0.02294853963838661,False,1.8192997217008609,KLRHO
0.018439716312056653,0.0,False,0.6302265049565265,KLRHO
0.0,-0.025964912280701746,False,1.1876019575856445,KLRHO
0.012921751615218913,-0.04881550610193819,False,0.9829342505622437,KLRHO
0.03783012134189856,-0.016416845110635236,False,2.3407335907335907,KLRHO
0.01754385964912286,-0.025964912280701746,False,0.7144963144963145,KLRHO
0.007857142857142785,-0.019999999999999907,False,0.06256827887575728,KLRHO
0.0,-0.02571428571428569,False,0.020163322915616493,KLRHO
0.021739130434782483,-0.007246376811594346,False,0.2780361757105943,KLRHO
0.021276595744680993,-0.019148936170212738,False,0.21885179153094464,KLRHO
0.008528784648187626,-0.018479033404406486,False,6.307385229540919,KLRHO
0.02710413694721825,-0.03708987161198285,False,0.4253888188314418,KLRHO
0.010948905109489093,-0.011678832116788329,True,95.66012607653379,KLRHO
0.0,-0.014587892049598872,False,0.06615046686964118,KLRHO
0.0,-0.04029304029304037,False,0.0003391267486222976,KLRHO
0.0410022779043282,-0.0060744115413818855,False,0.08093850742151809,KLRHO
0.00739098300073926,-0.031781226903178084,False,0.006625023660798788,KLRHO
0.09447004608294929,0.0,False,0.060220233998623536,KLRHO
0.018991964937910888,-0.022644265887509007,False,0.09040369483407458,KLRHO
0.02761194029850733,-0.008955223880597107,False,0.06439664253916472,KLRHO
0.019202363367799125,-0.014032496307237796,False,0.11551699351379692,KLRHO
0.022140221402213944,-0.040590405904059046,False,0.024488936091776457,KLRHO
0.018154311649016597,-0.016641452344931973,False,0.030166575785826107,KLRHO
0.030597014925373145,0.0,False,4.350309376487387,KLRHO
0.029304029304029422,-0.009523809523809601,False,2.486388384754991,KLRHO
0.005734767025089571,-0.022222222222222143,False,4.6083753392787905,KLRHO
0.0185185185185186,-0.03037037037037038,False,2.655862996249381,KLRHO
0.03712121212121211,-0.02196969696969686,False,2.274948054136014,KLRHO
0.0402429764616552,-0.005315110098709219,False,3.2417997920408355,KLRHO
0.009629629629629655,-0.014814814814814725,False,1.863872403560831,KLRHO
0.03728560775540646,-0.0007457121551081025,False,2.0306145322957696,KLRHO
0.0028985507246375164,-0.03188405797101457,False,0.6212363957792387,KLRHO
0.05058365758754868,-0.04747081712062251,False,1.5679031751021693,KLRHO
0.029341792228390284,-0.0475812846946867,False,0.30515360387090884,KLRHO
0.008103727714748654,-0.08833063209076175,False,0.5449315003890685,KLRHO
0.051259774109470024,-0.019982623805386623,False,1.0176960037501466,KLRHO
0.008994276369582943,-0.025347506132461173,False,0.47333917118311125,KLRHO
0.004905968928863302,-0.025347506132461173,False,0.505679012345679,KLRHO
0.024046434494195523,-0.009121061359867455,False,0.13247785541730525,KLRHO
0.014913007456503813,-0.02319801159900592,False,0.06252332960059724,KLRHO
0.008333333333333304,-0.010833333333333361,False,0.4563753476796955,KLRHO
0.02857142857142847,0.0,False,0.8974358974358975,KLRHO
0.011618257261410747,-0.020746887966805017,False,0.08554787040407717,KLRHO
0.10738255033557031,-0.02684563758389269,False,0.3510723777736572,KLRHO
0.018759018759018753,-0.03607503607503604,True,15.215444516547697,KLRHO
0.015162454873646203,-0.04548736462093861,True,3.289826520002189,KLRHO
0.003599712023037993,-0.03311735061195109,False,0.41874872815248604,KLRHO
0.10636704119850182,-0.01872659176029967,False,0.36321150661312646,KLRHO
0.0292553191489362,-0.034574468085106336,True,14.776769343601027,KLRHO
0.014150943396226578,-0.03975741239892183,False,0.17965351871816795,KLRHO
0.01971447994561526,-0.04758667573079545,False,0.08991292258158935,KLRHO
0.046099290780141855,-0.04893617021276597,False,0.09416489400718844,KLRHO
0.004240282685512353,-0.03604240282685511,False,0.06336959739490823,KLRHO
0.012142857142857233,-0.03928571428571437,False,0.1383146243312184,KLRHO
0.0498899486426998,-0.01687454145267797,False,0.07532389273877674,KLRHO
0.00880410858400582,-0.021276595744680882,False,0.36280996490420575,KLRHO
0.04663212435233177,-0.0037009622501850137,False,0.2896136349074133,KLRHO
0.0,-0.021481481481481435,False,0.732251443723468,KLRHO
0.006033182503770718,-0.015082956259426794,False,0.12266001501465139,KLRHO
0.010614101592115288,-0.028809704321455576,False,0.10614379084967321,KLRHO
0.07421875,-0.0007812500000000666,False,0.8203506754814602,KLRHO
0.06449221645663439,-0.017049666419570064,True,4.532204719995515,KLRHO
0.05800139762403922,-0.016771488469601636,False,2.3324095272522793,KLRHO
0.006688963210702337,-0.0635451505016722,False,0.8041573670008995,KLRHO
0.0007077140835103357,-0.03963198867657469,False,0.43354563383013806,KLRHO
0.11703703703703705,0.0,False,1.2058383947594367,KLRHO
0.0,-0.06907894736842102,True,5.433834070934364,KLRHO
0.01619718309859164,-0.021830985915492818,False,0.20122299570470364,KLRHO
0.09763101220387638,0.0,False,0.24889328435527927,KLRHO
0.0,0.0,True,12.942228076778322,KLRHO
0.0,0.0,True,25.780497076924657,KLRHO
0.0,0.0,True,4.1865688640537915,KLRHO
0.023340961098398116,-0.12402745995423348,True,10.01640716211888,KLRHO
0.09973166368515218,0.0,True,3.2863447012380864,KLRHO
0.006065507480792487,-0.09502628386575018,False,0.6546706754245338,KLRHO
0.012658227848101333,-0.048523206751054815,False,0.07273808183659611,KLRHO
0.08224543080939961,-0.02741514360313313,False,0.0460439622419,KLRHO
0.049038461538461586,-0.07692307692307687,False,0.7448074985894357,KLRHO
0.027884615384615508,-0.038461538461538436,False,0.1057450330784219,KLRHO
0.06727272727272737,-0.07454545454545458,False,0.309360499684326,KLRHO
0.05267938237965497,-0.031789282470481406,False,0.09124625520158498,KLRHO
0.09694323144104788,-0.013100436681222738,False,0.05414874197534807,KLRHO
0.0879032258064516,-0.041935483870967794,False,0.2030126725875617,KLRHO
0.09165424739195238,-0.01341281669150507,True,13.350044615411923,KLRHO
0.0055172413793105335,-0.05517241379310345,False,0.3407890896548064,KLRHO
0.020000000000000018,-0.06428571428571428,False,0.07964193369804415,KLRHO
0.10506134969325154,-0.00613496932515345,False,0.16026832194575832,KLRHO
0.08452950558213712,-0.0430622009569378,False,0.1899016122877836,KLRHO
0.052238805970149294,-0.05671641791044768,False,0.266128166568677,KLRHO
0.03233082706766921,-0.023308270676691722,False,0.06327764368426023,KLRHO
0.08518802762854949,0.0,False,0.02946959783916603,KLRHO
0.014022140221402246,-0.02583025830258301,False,0.1729602685379227,KLRHO
0.08731343283582071,-0.007462686567164201,False,0.02946242958266787,KLRHO
0.11575091575091578,-0.00366300366300365,False,0.19258534551530332,KLRHO
0.03527106466361851,-0.07184846505551923,False,0.6582354299119649,KLRHO
0.026859504132231482,-0.023415977961432355,False,0.5011527268604256,KLRHO
0.07351940095302911,-0.011572498298162093,False,0.5469799430453105,KLRHO
0.01420271142672691,-0.01355713363460298,False,0.5607118457667505,KLRHO
0.07175177763413076,-0.09954751131221706,False,0.2487895576340453,KLRHO
0.041369472182596345,-0.032810271041369465,False,2.0897187553637546,KLRHO
0.03391053391053411,-0.03463203463203446,False,0.2326515546291471,KLRHO
0.014285714285714235,-0.027142857142857246,False,0.04313412084122484,KLRHO
0.040411462160176326,-0.049963262307127,False,0.11346323470451447,KLRHO
0.027298850574712707,-0.028735632183908066,False,0.8740586004067946,KLRHO
0.03453343130051456,0.0,False,0.1561285414220267,KLRHO
0.019340974212034512,-0.015042979942693324,False,0.0631181548262776,KLRHO
0.010791366906474753,-0.04244604316546763,False,0.3032683846637335,KLRHO
0.04999999999999982,-0.011194029850746245,False,0.36571841229721713,KLRHO
0.037010159651668983,-0.005805515239477588,False,0.23221063327455846,KLRHO
0.0176678445229681,-0.023321554770318054,False,0.6914119359534208,KLRHO
0.011371712864250316,-0.01705756929637514,False,1.3773742683072512,KLRHO
0.021520803443328518,-0.0050215208034434244,False,0.3992901508429459,KLRHO
0.03056147832267242,-0.02771855010660962,False,0.5295007564296521,KLRHO
0.013768115942029091,-0.01449275362318836,False,0.6070620977561315,KLRHO
0.006460875807609234,-0.07465900933237624,False,0.9217362158538629,KLRHO
0.03076923076923066,-0.07307692307692304,True,16.68155500413565,KLRHO
0.00996932515337412,-0.026073619631901912,False,0.2173028149168676,KLRHO
0.07686274509803925,-0.0023529411764705577,True,8.129795396419437,KLRHO
0.05882352941176472,-0.04485294117647054,True,4.792917601099616,KLRHO
0.015683345780433067,-0.04406273338312172,False,2.535671966031401,KLRHO
0.014040561622465031,-0.04212168486739465,False,1.1817980558294927,KLRHO
0.02331189710610926,-0.020096463022508004,False,1.6500018380325698,KLRHO
0.09324758842443726,0.0,False,0.07248733057870903,KLRHO
0.008645533141210304,-0.056916426512968354,False,1.4155993496966572,KLRHO
0.0029850746268658135,-0.02462686567164185,False,0.0995115396996459,KLRHO
0.0,-0.05305821665438459,False,0.03491132523390588,KLRHO
0.0139211136890951,-0.03557617942768765,False,0.02444314944314944,KLRHO
0.028000000000000025,-0.008799999999999919,False,0.08728483273790191,KLRHO
0.039556962025316444,-0.007120253164557,False,0.14624765953140023,KLRHO
0.03875968992248069,-0.0007751937984495916,False,0.20135866249033887,KLRHO
0.0,-0.06203840472673561,False,0.16803496004827118,KLRHO
0.02698412698412711,-0.003968253968253954,False,0.49468836912415076,KLRHO
0.0,-0.034848484848484795,False,2.001281959974361,KLRHO
0.09976798143851484,-0.012374323279195742,False,0.047578382335000606,KLRHO
0.0028901734104047616,-0.09537572254335258,True,3.900225255068239,KLRHO
0.09535066981875495,-0.042553191489361764,False,2.9045452221483714,KLRHO
0.038132295719844445,-0.010116731517509692,True,4.9603880355699275,KLRHO
0.04988488104374511,0.0,False,1.6714791609915554,KLRHO
0.0037202380952381375,-0.049851190476190466,True,6.900241794546455,KLRHO
0.0,-0.046840148698884865,False,0.2389043948574817,KLRHO
0.02568093385214021,-0.0038910505836575737,False,0.23428934156616077,KLRHO
0.0,-0.02517162471395884,False,0.15595321403578927,KLRHO
0.0,-0.06392358559882427,True,17.930464296592838,KLRHO
0.014637904468412843,-0.043913713405238974,False,0.18770628166105885,KLRHO
0.07265625000000009,-0.028906250000000022,False,0.10446992548372518,KLRHO
0.020710059171597628,-0.022189349112425982,False,0.046728721263982406,KLRHO
0.002178649237472907,-0.03631082062454616,False,0.17639122174188396,KLRHO
0.009870918754745661,-0.0402429764616552,False,0.21029933455447614,KLRHO
0.04626865671641789,-0.052985074626865636,True,5737.469060279516,KLRHO
0.06344827586206891,0.0,False,0.015310277559858598,KLRHO
0.0,0.0,False,0.009625919696415804,KLRHO
0.0,-0.03592493297587129,False,0.006581790694971066,KLRHO
0.0,-0.12195121951219512,False,0.03416989093544851,KLRHO
0.08365384615384608,-0.050000000000000044,False,0.012942046875020844,KLRHO
0.12636363636363646,-0.030909090909090997,False,0.031053889848407065,KLRHO
0.07081174438687388,-0.049222797927461204,False,0.01717450509038935,KLRHO
0.04935064935064948,-0.0034632034632035014,False,0.04212466551843635,KLRHO
0.041880341880341954,-0.006837606837606813,False,0.005808813381202947,KLRHO
0.007377049180327999,-0.10901639344262293,False,0.005568397959354221,KLRHO
0.027027027027026973,-0.03063063063063065,False,0.029168111260503254,KLRHO
0.007194244604316502,-0.01618705035971224,False,0.006186045312781916,KLRHO
0.0803571428571428,-0.02857142857142858,False,0.07955420484524292,KLRHO
0.0076857386848847575,-0.07002561912894956,False,0.08254934700373698,KLRHO
0.040990606319385225,-0.026473099914602893,False,0.009384303589969643,KLRHO
0.029711375212224,-0.03650254668930386,False,0.36028414819278504,KLRHO
0.011570247933884392,-0.02892561983471076,False,0.27426781568160435,KLRHO
0.048060708263069074,0.0,False,0.028021609748613053,KLRHO
0.04979591836734687,-0.015510204081632728,False,0.30038537245344027,KLRHO
0.08786936236391929,-0.021772939346811793,False,0.7491843925355605,KLRHO
0.09710144927536235,-0.0028985507246377384,False,1.2975244359185165,KLRHO
0.02715231788079464,-0.033774834437086065,False,1.6949367088607594,KLRHO
0.06658047834518421,-0.09502262443438902,False,1.3633092740792427,KLRHO
0.10157367668097272,-0.010729613733905574,False,1.6753058406367314,KLRHO
0.021390374331550888,-0.0454545454545453,False,0.6805638353108594,KLRHO
0.05358338914936378,-0.02076356329537854,False,0.13175859360840936,KLRHO
0.03333333333333344,-0.02264150943396226,False,0.1697046847081739,KLRHO
0.02083333333333326,-0.03125,False,0.5779538569098112,KLRHO
0.014145141451414656,-0.0891758917589176,True,3.6039181623508973,KLRHO
0.007260726072607193,-0.08250825082508251,False,0.11418423389351136,KLRHO
0.03512396694214881,-0.01446280991735538,False,0.3217395582230531,KLRHO
0.010906612133606108,-0.011588275391956282,True,13.522157647573176,KLRHO
0.024288688410825765,-0.08188757807078406,False,0.2561590864721013,KLRHO
0.03869047619047605,-0.0014880952380953438,False,0.36524279454202146,KLRHO
0.002949852507374784,-0.08185840707964598,False,0.14913849002432542,KLRHO
0.09930715935334877,-0.02232486528098543,False,0.08886804709391492,KLRHO
0.011004126547455195,-0.11485557083906472,False,1.6028152997402916,KLRHO
0.05205905205905226,-0.06604506604506599,False,0.07871940867047589,KLRHO
0.05970149253731338,0.0,False,0.11906895583863976,KLRHO
0.007380073800737907,-0.030258302583025753,False,0.17681851037205726,KLRHO
0.06778370144706769,-0.0144706778370145,False,0.08710694241562236,KLRHO
0.016081871345029253,-0.09722222222222232,False,0.1882262593667096,KLRHO
0.022376543209876587,-0.023919753086419693,False,1.3564327906641693,KLRHO
0.028771384136858646,-0.046656298600311064,False,0.07530621850282972,KLRHO
0.044935262757044736,-0.0007616146230009502,False,0.07379216925756306,KLRHO
0.10051736881005158,-0.011086474501108667,False,0.11915042910347061,KLRHO
0.053763440860215006,-0.09811827956989261,False,0.7915628998747919,KLRHO
0.02684563758389258,-0.018120805369127413,False,1.8097624754848551,KLRHO
0.0270984798413747,-0.022471910112359605,True,4.898770611767001,KLRHO
0.10000000000000009,-0.007792207792207684,False,0.6582925049515271,KLRHO
0.018256772673733712,-0.09952885747938756,False,1.027342993467965,KLRHO
0.02857142857142847,-0.08695652173913049,False,0.7247457177881589,KLRHO
0.029900332225913706,-0.013289036544850474,False,0.3337897408495859,KLRHO
0.034708578912901134,-0.013097576948264522,False,0.2757516456146593,KLRHO
0.03806451612903228,-0.030967741935483906,True,3.4232777431421444,KLRHO
0.02460567823343851,-0.0050473186119874835,False,0.16069782077363268,KLRHO
0.03084515731030235,0.0,False,0.23970704093840273,KLRHO
0.08479709267110835,-0.02059357964869779,False,0.08613732306928235,KLRHO
0.04030373831775713,-0.028621495327102675,False,2.035891195173371,KLRHO
0.09887640449438195,-0.002808988764044895,False,1.36981929873549,KLRHO
0.0736842105263158,-0.000526315789473708,False,2.970103538343011,KLRHO
0.08977556109725682,-0.03690773067331676,False,1.0509906944356524,KLRHO
0.07129629629629641,-0.03981481481481475,False,2.0237113087053507,KLRHO
0.06457242582897038,-0.03141361256544495,False,0.39477972907784775,KLRHO
0.010464629552113802,-0.09543742151527845,False,0.3882094620471315,KLRHO
0.024463519313304705,-0.07725321888412018,False,0.30656385179612566,KLRHO
0.07684210526315782,-0.0008421052631578663,False,0.28301011413194765,KLRHO
0.048275862068965614,-0.00886699507389166,False,0.836404570617897,KLRHO
0.030592734225621365,-0.0497131931166348,False,0.4089331306118936,KLRHO
0.0,-0.050000000000000044,False,0.4485014252525086,KLRHO
0.09578544061302674,-0.017241379310344862,False,0.1402422849058272,KLRHO
0.09540636042402828,-0.01590106007067138,False,2.0526341134546855,KLRHO
0.0453074433656957,-0.012944983818770184,False,1.36677722498618,KLRHO
0.047095761381475754,-0.027472527472527486,True,3.8591291823620653,KLRHO
0.06602254428341392,-0.029790660225442855,False,0.9453508902550576,KLRHO
0.024812030075187952,-0.06541353383458648,False,1.7881930099975214,KLRHO
0.0,-0.07307692307692304,False,0.7078184820278337,KLRHO
0.08734693877551014,-0.01959183673469389,False,0.44645355344152216,KLRHO
0.08987915407854974,-0.02945619335347427,False,0.8857916152670631,KLRHO
0.06224899598393585,-0.03279785809906288,False,1.5415918824302952,KLRHO
0.09610552763819102,-0.0006281407035175768,False,1.7632500883874906,KLRHO
0.03910614525139655,-0.11229050279329611,False,2.2748428975899455,KLRHO
0.055523755008586084,-0.049799656554092686,False,1.6246219711017909,KLRHO
0.002272727272727204,-0.09090909090909094,False,0.8215294211795909,KLRHO
0.0,-0.08513341804320207,False,0.734106337644319,KLRHO
0.05555555555555558,-0.06666666666666665,False,0.7593119723621147,KLRHO
0.05945945945945952,-0.04729729729729726,False,0.5033149102029051,KLRHO
0.03034580098800288,-0.02470007057163015,False,0.11088028433409255,KLRHO
0.08767123287671241,-0.005479452054794498,False,0.28758036273469756,KLRHO
0.08864795918367352,-0.030612244897959218,False,0.2316393139353577,KLRHO
0.04294117647058826,-0.0252941176470588,False,0.4667229041829076,KLRHO
0.023321956769055685,-0.03640500568828209,False,0.3120030167396258,KLRHO
0.03688524590163933,-0.030444964871194413,False,0.9303177167474421,KLRHO
0.019540229885057547,-0.04367816091954024,False,1.3531440700451047,KLRHO
0.06611078022632522,-0.03037522334723053,False,0.2539040557240759,KLRHO
0.10061486864169922,-0.010061486864169966,False,0.4218167549538945,KLRHO
0.0973630831643002,-0.024847870182555742,True,3.344518142801405,KLRHO
0.09647495361781067,0.0,False,2.1562976214139007,KLRHO
0.09475465313028764,-0.08967851099830793,False,1.5225222709374737,KLRHO
0.09680284191829491,0.0,False,2.566199277126964,KLRHO
0.08753096614368294,-0.002477291494632494,False,1.3861092893862785,KLRHO
0.04469696969696968,-0.08484848484848484,False,2.1828815300719198,KLRHO
0.03524590163934427,-0.07786885245901642,False,0.7404990210351926,KLRHO
0.08540925266903909,-0.03558718861209964,False,1.4638424402385446,KLRHO
0.05810928013876837,-0.027753686036426695,False,0.810534269432988,KLRHO
0.06418039895923688,-0.09973980919340852,False,0.351330214988712,KLRHO
0.009463722397476282,-0.017350157728706628,False,0.8567860358397955,KLRHO
0.11241217798594838,-0.014637002341920335,False,1.5722918869919928,KLRHO
0.09953703703703698,-0.03877314814814814,False,0.6508960164364799,KLRHO
0.0973172014729089,-0.0005260389268806342,False,2.092835053036215,KLRHO
0.05996131528046411,-0.035299806576402304,False,0.9264412439424996,KLRHO
0.05954631379962194,-0.09971644612476371,False,1.1360255335262774,KLRHO
0.09281267685342387,-0.026598754951895898,False,1.8039386203607597,KLRHO
0.0771850170261068,-0.101589103291714,False,0.5695472218738241,KLRHO
0.19929824561403509,0.0,False,2.7273931239074005,KLRHO
0.0,0.0,True,10.157443954569944,KLRHO
0.0,0.0,False,0.45314632758058543,KLRHO
0.0,0.0,False,0.8488625263973545,KLRHO
0.0,0.0,False,0.3213273462628579,KLRHO
0.0,0.0,False,0.2174851762525145,KLRHO
0.10853227232537588,0.0,True,47.390250966326185,KLRHO
0.07169811320754715,-0.03962264150943395,False,1.1339359159979445,KLRHO
0.012526096033403045,-0.04331941544885165,False,0.6373319024842146,KLRHO
0.05622732769044725,-0.00241837968561065,False,1.6400742208532373,KLRHO
0.14571244358478408,0.0,False,1.4578655976530739,KLRHO
0.10000000000000009,0.0,False,0.25365898005030796,KLRHO
0.08890115958034239,0.0,False,0.6048111104117041,KLRHO
0.057532910775231594,-0.13456850316918578,False,1.255942683951582,KLRHO
0.007941356139279154,-0.023824068417837352,False,1.4406088519244158,KLRHO
0.0046948356807512415,-0.034875922199865794,False,0.4320339796794964,KLRHO
0.010324483775811188,-0.04424778761061943,False,0.6881685268121609,KLRHO
0.10388513513513509,-0.014358108108108114,True,36.95880898671589,KLRHO
0.10254237288135593,-0.08644067796610166,False,0.030153960230914878,KLRHO
0.016666666666666607,-0.0708333333333333,False,0.09752593606038291,KLRHO
0.034852546916890104,-0.03127792672028595,False,0.026943205400907493,KLRHO
0.0062893081761006275,-0.0835579514824798,False,0.01886170440535297,KLRHO
0.046738072054527624,-0.0331061343719572,False,0.012818391917522898,KLRHO
0.10000000000000009,-0.02710280373831786,False,0.03821848059114096,KLRHO
0.07296849087893875,-0.01990049751243772,False,0.15668420964920735,KLRHO
0.06831831831831847,-0.028528528528528385,False,0.21863027785262712,KLRHO
0.06180555555555567,-0.11041666666666672,False,0.15208981183787487,KLRHO
0.005426356589147252,-0.10000000000000009,False,0.05302257431352817,KLRHO
0.05391304347826087,-0.05217391304347829,False,0.7871688661163458,KLRHO
0.05229357798165135,-0.05504587155963303,False,1.0251301576166423,KLRHO
0.01192660550458724,-0.03027522935779814,False,0.8261082424617754,KLRHO
0.02171860245514634,-0.03682719546742219,False,0.28082366950920296,KLRHO
0.040423484119345376,-0.007699711260827802,False,0.23684754604154076,KLRHO
0.04277566539923949,-0.04467680608365021,False,0.5132083061385053,KLRHO
0.050182481751824826,-0.026459854014598494,False,0.7123006851570216,KLRHO
0.05234657039711199,-0.008122743682310363,False,0.9571272348779298,KLRHO
0.013550135501354976,-0.028906955736224038,False,0.47414528092761526,KLRHO
0.08212996389891702,-0.004512635379061325,False,0.5619527916595989,KLRHO
0.06075533661740562,-0.09523809523809523,True,6.566206441339983,KLRHO
0.008035714285714368,-0.048214285714285765,False,1.1951433749541356,KLRHO
0.0018099547511312153,-0.044343891402715,False,0.9681555086269863,KLRHO
0.011904761904761862,-0.027472527472527486,False,0.807872191625142,KLRHO
0.0,-0.049135577797998264,False,1.598976002664058,KLRHO
0.0,-0.03136531365313655,False,1.405601945058693,KLRHO
0.008458646616541277,-0.03383458646616544,False,0.703053955108437,KLRHO
0.0194363459669582,-0.008746355685131268,False,0.5483799112990632,KLRHO
0.026162790697674465,-0.019379844961240345,False,0.6338180698304832,KLRHO
0.019323671497584627,-0.0270531400966183,False,1.142974117107601,KLRHO
0.08268482490272366,-0.013618677042801508,False,0.6564666572175597,KLRHO
0.09579230080572976,-0.049239033124440446,False,1.7172198875326277,KLRHO
0.09967320261437895,-0.01225490196078427,False,2.4443751299646497,KLRHO
0.04897090134847404,-0.13981547196593325,True,3.108752285156158,KLRHO
0.0,-0.09196354598177303,False,0.24053440420882075,KLRHO
0.047315741583257465,-0.04367606915377631,False,0.3839101551080017,KLRHO
0.01495327102803734,-0.017757009345794494,False,0.09289808008713518,KLRHO
0.004739336492890933,-0.027488151658767834,False,0.2585483094684645,KLRHO
0.002912621359223211,-0.04951456310679603,False,0.1954319341381934,KLRHO
0.014851485148514865,-0.028217821782178132,False,0.25245151202204014,KLRHO
0.019000000000000128,-0.049000000000000044,False,0.0846723824665001,KLRHO
0.04524656837824104,-0.023894255210981097,False,0.6370577284740072,KLRHO
0.005870841487279899,-0.04207436399217224,False,0.16345730387995686,KLRHO
0.004081632653061273,-0.09846938775510206,True,35.04932980707405,KLRHO
0.09526493799323577,-0.0022547914317926354,False,0.550207529740497,KLRHO
0.05823293172690769,-0.02108433734939752,False,0.7341835579894687,KLRHO
0.042616451932606436,-0.025272547076313323,False,0.11230616592413166,KLRHO
0.07065750736015697,-0.010794896957801892,False,0.056471235782344434,KLRHO
0.05794392523364489,-0.01869158878504673,False,0.5931868679401203,KLRHO
0.004985044865403854,-0.015453639082751769,False,,ASTOR
0.025176233635448186,-0.02114803625377637,False,,ASTOR
0.0035017508754375815,-0.024012006003001574,False,,ASTOR
0.010172939979654183,-0.0050864699898270915,False,,ASTOR
0.029066802651708468,-0.004079551249362434,False,,ASTOR
0.02451225612806396,-0.016008004002001086,False,,ASTOR
0.005050505050504972,-0.023737373737373724,False,,ASTOR
0.004136504653567741,-0.0237849017580144,False,,ASTOR
0.0057894736842105665,-0.020000000000000018,False,,ASTOR
0.01668460710441333,-0.02260495156081821,False,,ASTOR
0.01673866090712761,-0.009179265658747271,False,0.5215018933954892,ASTOR
0.02049622437971954,-0.005393743257820938,False,1.1315706462908455,ASTOR
0.018997361477572472,-0.011081794195250683,False,1.6864959831270934,ASTOR
0.09768907563025198,-0.00945378151260512,False,0.9416293464564247,ASTOR
0.029126213592232997,-0.030097087378640697,False,2.962242454381208,ASTOR
0.04083665338645415,-0.01195219123505975,False,0.7432330239415972,ASTOR
0.015094339622641506,-0.0962264150943396,True,3.2463561947026727,ASTOR
0.03143006809848092,-0.014667365112624453,False,0.9164645698420468,ASTOR
0.01680672268907557,-0.012605042016806789,True,3.0324728960400624,ASTOR
0.00524109014675056,-0.05817610062893097,False,0.6013390872451385,ASTOR
0.01042810098792546,-0.016465422612513714,False,0.3271107772259256,ASTOR
0.007625272331154731,-0.02178649237472763,False,0.3588223273044807,ASTOR
0.01715550636413954,-0.0016602102933037655,False,0.42159197408414284,ASTOR
0.008743169398907069,-0.012021857923497192,False,0.5469468913730811,ASTOR
0.008214676889375605,-0.008214676889375716,False,0.46435229912134207,ASTOR
0.02564102564102555,-0.0016366612111293755,False,0.414716538602909,ASTOR
0.006465517241379448,-0.02155172413793105,False,1.032753690702616,ASTOR
0.04418985270049092,-0.004909983633387904,False,0.7033752083655369,ASTOR
0.004250797024442088,-0.011158342189160453,False,0.8234170833448438,ASTOR
0.004761904761904745,-0.013227513227513255,False,1.4829855115715573,ASTOR
0.013383297644539605,-0.004282655246252709,False,0.7388719790096989,ASTOR
0.017581246670218542,-0.0005327650506126158,False,0.714369931146584,ASTOR
0.02910052910052907,-0.014814814814814836,False,2.1371254583506594,ASTOR
0.005705394190871349,-0.020746887966805017,False,1.240283845449314,ASTOR
0.02059134107708549,-0.007391763463569179,False,0.6329823790835319,ASTOR
0.03623949579831942,-0.003676470588235392,False,0.7307590867717545,ASTOR
0.03697916666666656,-0.004687500000000067,False,1.001642196633497,ASTOR
0.01994884910485939,-0.007161125319693151,False,0.7707763730113584,ASTOR
0.041347626339969246,-0.019908116385911168,False,1.0463977852143311,ASTOR
0.026727181038829873,-0.02168431669188109,False,0.7556646753329022,ASTOR
0.004689942678478332,-0.04220948410630532,False,1.5825820127269865,ASTOR
0.020320855614973432,-0.0010695187165774556,False,0.7689992892651318,ASTOR
0.00701186623516703,-0.02049622437971954,False,1.043782502406141,ASTOR
0.047534165181224,-0.016042780748663166,False,2.1089413378972215,ASTOR
0.017816091954022895,-0.040804597701149414,False,1.5771020272515786,ASTOR
0.0011848341232227888,-0.023104265402843605,False,0.6546358242755241,ASTOR
0.017921146953405076,-0.007168458781362075,False,0.9170558451813924,ASTOR
0.007738095238095211,-0.04523809523809519,False,0.6116330041209601,ASTOR
0.003109452736318463,-0.04975124378109452,False,0.8216346041488017,ASTOR
0.007797270955165692,-0.04223521767381422,False,0.7156861944540467,ASTOR
0.021868787276341894,-0.01988071570576544,False,1.1982180374927514,ASTOR
0.013504388926401045,-0.01620526671168132,False,0.6717037202404098,ASTOR
0.004648074369190125,-0.0292164674634795,False,0.7092797254697363,ASTOR
0.06134969325153383,-0.013633265167007469,False,0.7655200094439853,ASTOR
0.022280471821756187,-0.014416775884665722,False,1.4714498534185847,ASTOR
0.013806706114398493,-0.020381328073635685,False,0.7673526866390689,ASTOR
0.013297872340425565,-0.01462765957446821,False,1.1097042399670225,ASTOR
0.005387205387205496,-0.027609427609427528,False,0.7349779064318778,ASTOR
0.009641873278236845,-0.023415977961432355,False,1.2517995392740882,ASTOR
0.041095890410958846,-0.007534246575342407,False,2.474625588361147,ASTOR
0.01866666666666683,-0.024666666666666615,False,0.9430791715222024,ASTOR
0.018206338503034214,-0.012811867835468727,False,0.7496909081105523,ASTOR
0.031746031746031855,0.0,False,0.8697832291907737,ASTOR
0.04871794871794877,0.0,False,1.0284807485053822,ASTOR
0.007042253521126973,-0.0172855313700383,False,0.9405668057117381,ASTOR
0.028368794326241176,-0.013539651837524147,False,1.1545696321349286,ASTOR
0.06202531645569631,-0.010759493670886022,False,0.8422590327250021,ASTOR
0.04077906269020071,-0.009738283627510835,False,1.1035320734248766,ASTOR
0.005995203836930418,-0.043165467625899345,False,0.6838930814084828,ASTOR
0.008130081300812941,-0.012507817385866149,False,0.5807826705004926,ASTOR
0.009993753903810187,-0.040599625234228554,False,0.7370796295653133,ASTOR
0.010210593490746822,-0.01340140395660494,False,0.6134333566313401,ASTOR
0.015161086544535518,-0.013897662665824484,False,0.8767072481768508,ASTOR
0.03250478011472269,-0.006373486297004516,False,0.7877871225489073,ASTOR
0.014962593516209433,-0.009351620947630868,False,0.7871232811159459,ASTOR
0.006744328632740659,-0.006744328632740659,False,1.3619364234228994,ASTOR
0.019547953573610277,-0.005497861942577731,False,1.1798546992341348,ASTOR
0.007172743574417106,-0.026300059772863205,False,1.423165599530516,ASTOR
0.004286589099816274,-0.02265768524188616,False,0.8427039214649366,ASTOR
0.02473716759431044,-0.010513296227581903,False,0.6076258726619476,ASTOR
0.008722741433021763,-0.03800623052959495,False,0.7823602839345932,ASTOR
0.026554404145077593,-0.006476683937823857,False,0.7356896878812283,ASTOR
0.017307692307692246,-0.010897435897435859,False,0.8223755674576015,ASTOR
0.0038461538461538325,-0.06538461538461526,False,0.7099038291526049,ASTOR
0.008867667121418954,-0.029331514324692942,False,0.8372375612477119,ASTOR
0.028792134831460592,-0.005617977528090012,False,0.6020897545078953,ASTOR
0.00277970813064643,-0.02710215427380125,False,1.1937964933043839,ASTOR
0.02083333333333326,-0.01666666666666672,False,1.1315969608284222,ASTOR
0.00909090909090926,-0.01538461538461533,False,0.9694550690440398,ASTOR
0.0035360678925036026,-0.03394625176803401,False,0.9712031735869029,ASTOR
0.027201145311381625,-0.017895490336435227,False,1.082679407669915,ASTOR
0.00435097897026826,-0.03190717911530094,False,0.9303635151562684,ASTOR
0.008233532934131649,-0.023203592814371232,False,1.0988733802196837,ASTOR
0.04214559386973171,-0.0015325670498083088,False,1.1618784538979956,ASTOR
0.03880597014925358,-0.0052238805970148405,False,0.8442573317004592,ASTOR
0.010122921185827805,-0.008676789587852562,False,1.016102207900996,ASTOR
0.02092352092352101,-0.025252525252525304,False,0.6807141365072734,ASTOR
0.009572901325478611,-0.008836524300441906,False,1.099908398380922,ASTOR
0.08727810650887591,0.0,False,1.0040953484365442,ASTOR
0.047552447552447585,-0.010489510489510523,False,2.017289704909772,ASTOR
0.022510231923601687,0.0,False,1.8461091894245423,ASTOR
0.05766621438263231,-0.005427408412483126,False,1.0777548170609614,ASTOR
0.049350649350649256,-0.00649350649350644,False,1.1843165054513394,ASTOR
0.021971123666038928,-0.008788449466415549,False,1.377250904064278,ASTOR
0.01751094434021261,-0.03377110694183871,True,3.8563458691705286,ASTOR
0.054881940012763364,-0.0063816209317166805,False,0.9392094191988993,ASTOR
0.016109045848822667,-0.022924411400247924,False,0.9933180964833316,ASTOR
0.0036652412950519686,-0.026878436163713992,False,0.7083007229906793,ASTOR
0.09497549019607843,-0.0006127450980392135,False,0.6776457818150488,ASTOR
0.050857142857142934,-0.010285714285714342,False,0.8335669963295108,ASTOR
0.04054054054054057,-0.006756756756756688,False,0.6395295370392778,ASTOR
0.043763676148796504,-0.001094091903720007,False,0.8582079511320558,ASTOR
0.00432198811453266,-0.02160994057266341,False,0.9201839408305463,ASTOR
0.020262869660460092,-0.014786418400876133,False,0.4706402082677878,ASTOR
0.046824542518837386,-0.0005382131324005446,False,0.5315271922832652,ASTOR
0.004110996916752319,-0.027749229188078095,False,1.0944341795540258,ASTOR
0.01628151260504196,-0.017331932773109293,False,0.9559372252719875,ASTOR
0.016877637130801704,-0.024789029535864926,False,0.6614187632555294,ASTOR
0.014062499999999867,-0.014583333333333393,False,1.264273762999663,ASTOR
0.025000000000000133,-0.012500000000000067,False,1.2120088570675185,ASTOR
0.008184143222506268,-0.025063938618925863,False,0.9740131885745079,ASTOR
0.009137055837563413,-0.026903553299492455,True,3.1236152310847434,ASTOR
0.02311557788944718,-0.008542713567839089,False,1.6860347131550835,ASTOR
0.004980079681274896,-0.05079681274900405,False,0.7843280394097194,ASTOR
0.0031746031746031633,-0.030687830687830764,False,1.0678758301071511,ASTOR
0.04312227074235819,-0.0005458515283842669,False,0.5994282733437662,ASTOR
0.005319148936170137,-0.017021276595744594,False,0.6531356045150245,ASTOR
0.03683929524826479,-0.011211959423385043,False,0.5923725922019915,ASTOR
0.006319115323854652,-0.011585044760400343,False,0.7742519238074101,ASTOR
0.004257583821181354,-0.021287919105907438,False,0.7231863861021908,ASTOR
0.006985491671144706,-0.008060182697474438,False,0.5926175544579523,ASTOR
0.08974358974358987,0.0,False,1.3895668035636213,ASTOR
0.011869436201780381,-0.02571711177052416,False,1.1160259954644165,ASTOR
0.0009823182711199419,-0.03388998035363455,False,2.2655654193194574,ASTOR
0.04957436154231343,-0.0020030045067600533,False,0.6665274228425397,ASTOR
0.035071090047393394,-0.01611374407582944,True,3.193529327063917,ASTOR
0.026119402985074647,-0.020522388059701524,False,0.9097802631495191,ASTOR
0.012380952380952381,-0.017142857142857126,False,0.6494725280497055,ASTOR
0.008604206500956169,-0.018164435946462665,False,0.4571526717557252,ASTOR
0.02843137254901973,-0.004901960784313708,False,0.9197745748653633,ASTOR
0.032818532818532864,-0.02316602316602312,False,0.47221101203846827,ASTOR
0.028971962616822333,-0.012149532710280297,False,0.6394409717099334,ASTOR
0.030985915492957705,-0.018779342723004744,False,0.39782481250126345,ASTOR
0.040968342644320144,-0.004655493482309092,False,0.7940350306567205,ASTOR
0.009856630824372825,-0.023297491039426466,False,0.9262846549605283,ASTOR
0.030222222222222372,-0.004444444444444473,False,1.1515015592884956,ASTOR
0.008673026886383273,-0.008673026886383384,False,0.9393210425822983,ASTOR
0.00519031141868509,-0.019031141868511958,False,0.6653911962151954,ASTOR
0.04828797190518008,-0.007901668129938644,False,1.0522281769022788,ASTOR
0.018425460636515734,-0.011725293132328396,False,0.8130357760514532,ASTOR
0.025704809286899,-0.00995024875621886,False,1.2000287239271552,ASTOR
0.004081632653061273,-0.026122448979591817,False,0.4728109100532994,ASTOR
0.003361344537815114,-0.02184873949579824,False,0.5274846611942298,ASTOR
0.020185029436501134,-0.00925147182506314,False,0.6495159953923569,ASTOR
0.019246861924686165,-0.006694560669456062,False,0.7692266660976989,ASTOR
0.017355371900826366,-0.005785123966942196,False,1.157146359401814,ASTOR
0.012366034624897049,-0.010717230008243983,False,1.0123698111849955,ASTOR
0.02238805970149249,-0.008291873963515717,False,0.8708448221863313,ASTOR
0.010509296685529579,-0.010509296685529468,False,1.9331455618248443,ASTOR
0.013866231647634564,-0.007340946166394691,False,0.6499847067538165,ASTOR
0.016260162601626105,-0.003252032520325243,False,0.7582516549918886,ASTOR
0.004823151125401992,-0.02250803858520911,False,0.8509155922252254,ASTOR
0.014754098360655776,-0.010655737704918011,False,0.7856468635574645,ASTOR
0.008914100486223653,-0.004862236628849326,False,0.7797923892763676,ASTOR
0.042003231017770704,0.0,False,0.5837585754545854,ASTOR
0.021909233176838683,-0.00704225352112664,False,1.3727419820298896,ASTOR
0.009374999999999911,-0.01171875,False,0.7258636139792846,ASTOR
0.001577287066246047,-0.014195583596214534,False,0.7442628170217758,ASTOR
0.01760000000000006,-0.0232,False,0.7876199617764866,ASTOR
0.005723630417007408,-0.04415372035977094,False,1.4515649585623862,ASTOR
0.04892703862660941,-0.011158798283261828,False,1.441888999161387,ASTOR
0.010797342192691017,-0.022425249169435224,False,0.9967164003024416,ASTOR
0.007537688442210921,-0.025125628140703515,False,0.8577436723317495,ASTOR
0.021793797150041927,-0.008382229673092989,False,0.6753014881970578,ASTOR
0.020033388981636202,-0.004173622704507496,False,0.6518537397937356,ASTOR
0.008298755186721962,-0.03070539419087137,False,0.7851447073274453,ASTOR
0.026248941574936513,-0.023708721422523227,False,0.6775164643276194,ASTOR
0.005181347150259086,-0.05785837651122627,False,1.3454697339932888,ASTOR
0.01187214611872145,-0.03835616438356171,False,1.744275413533544,ASTOR
0.011111111111111072,-0.024074074074074026,False,1.8637763297631054,ASTOR
0.005545286506469349,-0.02402957486136792,False,1.134867174353558,ASTOR
0.08617424242424243,-0.015151515151515138,False,1.384632765653699,ASTOR
0.03710247349823326,-0.010600706713780994,False,1.6321992256929456,ASTOR
0.01050788091068311,-0.05429071803852892,False,1.8657326522517175,ASTOR
0.00647548566142464,-0.026827012025901875,False,1.4284967299230145,ASTOR
0.013850415512465464,-0.008310249307479145,False,0.8065339771465099,ASTOR
0.009293680297397744,-0.021375464684014855,False,0.5322383123907004,ASTOR
0.007547169811320753,-0.02169811320754711,False,0.5238316574783923,ASTOR
0.06737247353224252,-0.002887391722810495,False,0.7397683323043166,ASTOR
0.01273885350318471,-0.020928116469517866,False,0.7217832321081961,ASTOR
0.04936014625228502,0.0,False,0.914260542761932,ASTOR
0.0027906976744185297,-0.028837209302325584,True,4.369869583296246,ASTOR
0.005639097744360777,-0.013157894736842146,False,0.6283236243367739,ASTOR
0.04433962264150937,0.0,False,0.9508628226575083,ASTOR
0.04215246636771308,-0.014349775784753271,False,1.0641943328172512,ASTOR
0.011255411255411296,-0.016450216450216493,False,1.4203292279795154,ASTOR
0.009649122807017463,-0.015789473684210464,False,0.5798173469902619,ASTOR
0.024691358024691246,-0.014991181657848296,False,0.8254419270540156,ASTOR
0.011216566005176842,-0.022433132010353796,False,0.7076909789696421,ASTOR
0.02142245072836335,-0.00428449014567267,False,1.7066350333401608,ASTOR
0.06637931034482758,-0.0060344827586207295,False,2.470896616182,ASTOR
0.0024630541871921707,-0.03612479474548436,False,0.6251751210837206,ASTOR
0.024478694469628248,-0.03717135086128731,False,1.8190017260474205,ASTOR
0.04429783223374173,-0.01979264844486328,False,0.509777542145635,ASTOR
0.006730769230769207,-0.08942307692307694,False,0.8609472771445758,ASTOR
0.05596620908130934,-0.012671594508975703,False,2.485885464875353,ASTOR
0.06955645161290325,-0.007056451612903247,False,0.7055553679375908,ASTOR
0.07736389684813738,-0.013371537726838634,False,0.44679271567486323,ASTOR
0.023214285714285632,-0.025000000000000022,False,0.6763532484837589,ASTOR
0.050458715596330306,-0.023853211009174258,False,0.33788399225447363,ASTOR
0.02131438721136769,-0.022202486678507993,False,0.4157205289599488,ASTOR
0.020909090909090988,-0.022727272727272707,False,0.4213932925074729,ASTOR
0.010204081632653184,-0.020408163265306145,False,0.45573513110919184,ASTOR
0.0676470588235294,-0.00588235294117645,False,1.024266746490378,ASTOR
0.0027649769585254003,-0.02488479262672816,False,0.8815786506443223,ASTOR
0.010476190476190528,-0.024761904761904763,False,0.5801845314136571,ASTOR
0.008348794063079756,-0.025974025974025983,True,4.516866439518373,ASTOR
0.0018885741265344258,-0.020774315391879128,False,0.7913753312337491,ASTOR
0.006603773584905603,-0.01981132075471692,False,0.7878799712661102,ASTOR
0.008637236084452882,-0.02303262955854135,False,0.6084204837640542,ASTOR
0.012707722385141729,-0.03665689149560114,False,0.5671906480859638,ASTOR
0.037411526794742134,0.0,False,0.6433477494692816,ASTOR
0.003984063745019917,-0.019422310756972094,False,0.6169120835139912,ASTOR
0.005025125628140614,-0.03015075376884424,False,0.5495425307264361,ASTOR
0.00411522633744843,-0.01851851851851849,False,0.6571458116764723,ASTOR
0.06292251690067596,-0.006240249609984483,False,0.8306875272031607,ASTOR
0.015686274509803866,-0.015686274509803866,False,0.8263251002478434,ASTOR
0.017664376840039298,-0.01962708537782143,False,1.3165524553122963,ASTOR
0.017821782178217838,-0.004950495049504955,False,1.1477749367632866,ASTOR
0.005928853754940677,-0.028656126482213495,False,0.6879027994658371,ASTOR
0.006542526421741357,-0.024660291897332542,False,1.8970744490248683,ASTOR
0.008217770929635382,-0.03441191576784797,False,1.1396648989468374,ASTOR
0.026063829787233983,-0.0021276595744681437,False,1.1083845141478395,ASTOR
0.015343915343915437,-0.025925925925925908,False,0.9179603248568766,ASTOR
0.015135135135135203,-0.010270270270270276,False,0.8304495562851563,ASTOR
0.06417112299465244,-0.0005347593582887278,False,0.8723627171851327,ASTOR
0.0748502994011977,0.0,False,2.60583273418746,ASTOR
0.010299625468164875,-0.02059925093632964,False,1.1271911347605605,ASTOR
0.022705771050141932,-0.02838221381267736,False,0.5196169121434863,ASTOR
0.0037771482530688516,-0.04910292728989618,False,0.7195324205927095,ASTOR
0.03277060575968216,-0.005958291956305928,False,0.5530971467513136,ASTOR
0.002938295788442735,-0.041625857002938305,False,1.061059632378415,ASTOR
0.002545824847250522,-0.03411405295315695,False,0.8411019181008127,ASTOR
0.015199161425576424,-0.008385744234800985,False,1.2506215599343387,ASTOR
0.0005192107995846129,-0.024922118380062197,False,0.992015539370023,ASTOR
0.005777310924369727,-0.015231092436974847,False,1.384953829878689,ASTOR
0.00952380952380949,-0.02910052910052907,False,0.5552279265864936,ASTOR
0.01946998377501341,-0.0005408328826392861,False,0.7266509855065714,ASTOR
0.005820105820105725,-0.015873015873015928,False,1.0312142058587508,ASTOR
0.017637626937466733,-0.014430785676109004,False,0.7345899591424941,ASTOR
0.0016034206306787535,-0.02084446819882424,False,1.0000320005973444,ASTOR
0.04684975767366728,0.0,False,1.1813326010357883,ASTOR
0.012092534174553249,-0.007360672975814775,False,0.7073917484419235,ASTOR
0.0005213764337852478,-0.011991657977059478,True,11.696987814971372,ASTOR
0.009937238493723966,-0.004707112970711136,False,1.1986147716667863,ASTOR
0.030793319415448828,-0.006263048016701411,False,0.36384670239874745,ASTOR
0.0015625000000001332,-0.0234375,False,0.5426867600321308,ASTOR
0.041103603603603656,-0.013513513513513598,False,0.7544429411312588,ASTOR
0.0027056277056276556,-0.023268398268398327,False,0.33184951530824475,ASTOR
0.014778325123152802,-0.01258894362342633,False,0.23220647683354803,ASTOR
0.0005549389567149898,-0.04384017758046599,False,0.3765115278954914,ASTOR
0.009200690051753835,-0.03622771707878092,False,0.17563043385271793,ASTOR
0.02645502645502651,-0.009406231628453776,False,0.5103257099786399,ASTOR
0.003556609365738206,-0.03141671606401886,False,0.49780962287821656,ASTOR
0.0331395348837209,-0.011627906976744207,False,2.037978644588111,ASTOR
0.02259887005649719,-0.012994350282485967,False,0.5762749372356202,ASTOR
0.005036373810856309,-0.02406267487409053,False,0.7232389151221739,ASTOR
0.012013729977116583,-0.024599542334096225,False,0.3340528748092449,ASTOR
0.062108262108262036,-0.005698005698005715,False,0.559125422480487,ASTOR
0.01774193548387104,-0.01236559139784954,False,0.8951242484452816,ASTOR
0.020900321543408484,-0.009110396570203627,False,0.7519179817269221,ASTOR
0.030687830687830653,-0.0010582010582009804,False,1.8040547610041127,ASTOR
0.0036439354502864063,-0.02134305049453411,False,0.8447829995356229,ASTOR
0.005945945945945885,-0.018378378378378413,False,1.4425819995367506,ASTOR
0.009708737864077666,-0.02049622437971954,False,1.439575940421287,ASTOR
0.04324028461959495,0.0,False,0.7001116931741312,ASTOR
0.012618296529968376,-0.01051524710830709,False,1.560730425304357,ASTOR
0.005252100840336116,-0.02258403361344541,False,1.2431784435128674,ASTOR
0.006413682522715236,-0.014430785676109004,False,0.9317720666271787,ASTOR
0.03089430894308931,-0.02981029810298108,False,0.7644328646185427,ASTOR
0.021798365122615904,-0.0021798365122616126,False,1.1403292335237907,ASTOR
0.0016059957173446548,-0.01177730192719495,False,0.47896568065353345,ASTOR
0.052969502407704594,0.0,False,0.888122536121155,ASTOR
0.007035175879396949,-0.0170854271356784,True,3.035167224505133,ASTOR
0.013265306122449028,-0.009183673469387865,False,0.6856450414821526,ASTOR
0.038775510204081653,0.0,False,0.7989116518817558,ASTOR
0.024752475247524774,-0.015841584158415745,False,1.0549306083251362,ASTOR
0.01642512077294689,-0.004830917874396157,True,4.372347576516348,ASTOR
0.004812319538017418,-0.019249278152069338,False,0.6446282736885449,ASTOR
0.016488845780795458,-0.007759456838021261,False,0.5805532283337599,ASTOR
0.012345679012345734,-0.013295346628679927,False,0.851607779759251,ASTOR
0.007648183556405508,-0.01338432122370925,False,0.5479803410012409,ASTOR
0.010426540284360186,-0.014218009478673022,False,1.0400606233344019,ASTOR
0.009569377990430672,-0.015311004784688942,False,0.8065706768900862,ASTOR
0.011516314779270731,-0.018234165067178565,False,0.5734541179177783,ASTOR
0.008530805687203769,-0.017061611374407537,False,1.1731832064009402,ASTOR
0.026923076923076827,-0.005769230769230749,False,0.4398535064169306,ASTOR
0.014897579143389184,-0.0065176908752327956,False,0.8014734668246632,ASTOR
0.003656307129798808,-0.014625228519195677,False,2.6696840454068704,ASTOR
0.03873873873873879,0.0,True,3.8954226295707692,ASTOR
0.03139013452914807,-0.00627802690582957,False,0.7069259279296772,ASTOR
0.009640666082384008,-0.021910604732690575,False,0.45672013233272063,ASTOR
0.009777777777777663,-0.022222222222222254,False,0.4927987294893347,ASTOR
0.057605760576057596,-0.013501350135013523,False,0.5690473159478249,ASTOR
0.014655172413793105,-0.018965517241379293,False,0.7300592100569907,ASTOR
0.012755102040816313,-0.007653061224489721,False,1.0788980384799653,ASTOR
0.005093378607810006,-0.021222410865874397,False,0.3742137759169886,ASTOR
0.007718696397941649,-0.006861063464837058,False,0.9177451530862462,ASTOR
0.016464471403812686,-0.006932409012131768,False,0.3137182231433088,ASTOR
0.004299226139294898,-0.03783319002579533,False,0.3277935011221998,ASTOR
0.024021352313167155,0.0,False,0.7517397794017873,ASTOR
0.02070750647109576,-0.0008628127696290733,False,2.03041591771791,ASTOR
0.017781541066892448,-0.00508044030482635,False,1.36267174369111,ASTOR
0.002527379949452291,-0.08003369839932606,False,0.5212008452774716,ASTOR
0.008928571428571397,-0.024107142857142883,False,0.6094023087519711,ASTOR
0.05520926090828149,-0.008904719501335756,False,0.3868970435684647,ASTOR
0.0,-0.04661016949152541,False,0.9300917986482397,ASTOR
0.014545454545454417,-0.01272727272727281,False,0.8601832443031984,ASTOR
0.053297199638663084,-0.0018066847335139746,False,0.7321827006387008,ASTOR
0.006993006993006867,-0.020104895104895215,False,0.7776582914878171,ASTOR
0.010471204188481797,-0.029668411867364686,False,0.610245412823571,ASTOR
0.06294964028776984,-0.004496402877697814,False,0.4835628019692285,ASTOR
0.05281385281385287,-0.0025974025974025983,False,0.9899313560757037,ASTOR
0.0074875207986688785,-0.030782029950083167,False,2.4360939359026097,ASTOR
0.022321428571428603,-0.015178571428571486,True,11.514772563860324,ASTOR
0.008873114463176623,-0.027506654835847466,False,1.0347679336837134,ASTOR
0.002712477396021873,-0.01446654611211573,False,0.7070708731319973,ASTOR
0.0009009009009008917,-0.033333333333333326,False,1.572521562691334,ASTOR
0.017890772128060117,-0.012241054613935987,False,0.6788312067988833,ASTOR
0.021780303030303205,-0.0179924242424242,False,0.67490377571803,ASTOR
0.005660377358490454,-0.02075471698113207,False,0.5524220339296185,ASTOR
0.006641366223908873,-0.0379506641366224,False,0.9559493610172562,ASTOR
0.001966568338249708,-0.049655850540806235,False,0.6694317864781921,ASTOR
0.016004130098089986,-0.0077439339184305345,False,0.5521710400869208,ASTOR
0.028688524590164022,-0.013319672131147486,False,0.3892998821280721,ASTOR
0.0030105368790767084,-0.03562468640240857,False,0.8039702094716313,ASTOR
0.0031023784901758056,-0.04033092037228547,False,0.8696239313947274,ASTOR
0.005344735435595993,-0.018172100481026243,False,0.8081521671772021,ASTOR
0.02329360780065004,0.0,False,0.509507606617784,ASTOR
0.0048000000000001375,-0.020266666666666766,False,0.7489180007966736,ASTOR
0.008077544426494443,-0.020463112547118967,False,1.1557732013585909,ASTOR
0.014778325123152802,-0.004378762999452612,False,0.7392307892388752,ASTOR
0.001656543346217676,-0.01711761457758143,False,1.107275192495438,ASTOR
0.015572858731924155,-0.018909899888765347,False,0.8139754917088622,ASTOR
0.04909706546275405,0.0,False,0.9586088202335225,ASTOR
0.01132686084142387,-0.01024811218985977,False,1.2246220892771371,ASTOR
0.04099244875943908,-0.01240560949298819,False,0.6708346543560241,ASTOR
0.00877192982456143,-0.018575851393188958,False,1.387394426764121,ASTOR
0.0010245901639345245,-0.023565573770491732,False,0.7019199043824279,ASTOR
0.009365244536940764,-0.020291363163371323,False,0.5271234780594444,ASTOR
0.008479067302596732,-0.009009009009008917,False,0.7527131127186795,ASTOR
0.04518872939925567,0.0,False,1.1829725888442904,ASTOR
0.006230529595015577,-0.011422637590861817,False,0.8414838336772473,ASTOR
0.007861635220125729,-0.003144654088050425,True,27.812790183670504,ASTOR
0.014136125654450105,-0.0005235602094240122,False,0.2382791970788233,ASTOR
0.013319672131147708,-0.009221311475409721,False,1.0477166964536073,ASTOR
0.025329280648429542,-0.0005065856129685686,False,0.2754392712811678,ASTOR
0.003992015968063756,-0.015469061876247525,False,0.2674848251376342,ASTOR
0.019568489713998938,-0.009031610637230347,False,0.2855859911473484,ASTOR
0.01990049751243772,-0.0009950248756218638,False,0.45829026082207464,ASTOR
0.0009813542688910104,-0.056918547595682156,False,0.16349842210720877,ASTOR
0.008726899383983522,-0.0462012320328542,False,0.15640047881000851,ASTOR
0.014369345396487487,-0.04204364023416718,False,1.1274519316892577,ASTOR
0.005923532579429347,-0.01453957996768973,False,0.2552756837772082,ASTOR
0.011904761904761862,-0.017316017316017396,False,0.8702631208366534,ASTOR
0.0010775862068965747,-0.03286637931034475,False,0.43653871343577866,ASTOR
0.027563395810363822,-0.006063947078280063,False,0.8628841855853737,ASTOR
0.01304347826086949,-0.010869565217391353,False,1.00840292443815,ASTOR
0.010182207931404008,-0.004287245444801635,False,0.571243996804371,ASTOR
0.015400955921401893,-0.007966011683483765,False,0.7692331506764496,ASTOR
0.0,-0.018143009605122717,False,0.4517523266947218,ASTOR
0.004859611231101457,-0.008639308855291516,False,0.9541214544070056,ASTOR
0.0320652173913043,-0.01521739130434785,False,0.7350365848980113,ASTOR
0.023243243243243228,-0.007027027027027066,False,0.6960169544689591,ASTOR
0.008047210300429208,-0.017167381974249052,False,0.8186215729900111,ASTOR
0.003814713896457711,-0.012534059945504161,False,1.313547624625642,ASTOR
0.060154525386313606,0.0,False,1.0405969043853365,ASTOR
0.03232533889468181,-0.005213764337851923,False,2.093000964259452,ASTOR
0.012748597654258065,-0.012748597654258065,False,1.8829162557363204,ASTOR
0.009137055837563413,-0.010659898477157315,False,0.9212101562828341,ASTOR
0.018274111675126825,-0.004568527918781706,False,1.2932101020287174,ASTOR
0.04499999999999993,-0.008000000000000007,False,1.4087012095060676,ASTOR
0.0009587727708533222,-0.02301054650047929,False,2.027718414085675,ASTOR
0.006842619745845546,-0.02052785923753664,False,1.0008572633024346,ASTOR
0.05341246290801194,-0.0009891196834816984,False,0.7157348528519213,ASTOR
0.010628019323671412,-0.009661835748792313,False,0.7288467964614221,ASTOR
0.09030418250950567,-0.002851711026615966,False,1.2688730747078714,ASTOR
0.010752688172043001,-0.025985663082437216,False,1.1572201891264362,ASTOR
0.023465703971119245,-0.032490974729241784,False,0.7699981587801081,ASTOR
0.02483900643974235,-0.009199632014719406,False,0.7959230866562242,ASTOR
0.0017953321364452268,-0.022441651705565557,False,0.7443268088978662,ASTOR
0.015178571428571486,-0.011607142857142816,False,1.7140270587326227,ASTOR
0.017841213202497874,-0.006244424620874156,False,0.6943192587830628,ASTOR
0.028193832599118895,-0.00528634361233471,False,1.1572686271693902,ASTOR
0.020000000000000018,-0.008695652173912993,False,1.236269272955885,ASTOR
0.03460207612456756,-0.01384083044982698,False,1.3519202025440014,ASTOR
0.0008438818565399409,-0.03206751054852319,False,1.5096387258057202,ASTOR
0.018213356461405095,-0.003469210754553309,False,0.48208842048388434,ASTOR
0.008547008547008517,-0.00512820512820511,False,0.44065784818361314,ASTOR
0.014480408858603022,-0.005110732538330609,False,0.8187489694763088,ASTOR
0.01965811965811959,-0.010256410256410331,True,3.404871982002491,ASTOR
0.011925042589437718,-0.0076660988074958025,False,0.49768326798791773,ASTOR
0.004194630872483174,-0.025167785234899376,False,0.9226859936753443,ASTOR
0.0818260120585701,-0.008613264427217882,False,1.37392741106884,ASTOR
0.04173354735152501,-0.008025682182985605,False,1.1172754370546067,ASTOR
0.040365575019040145,-0.004569687738004702,False,2.0216349070504855,ASTOR
0.061940298507462854,-0.005970149253731405,False,1.8966028402386435,ASTOR
0.04019746121297585,0.0,False,0.37164632107848244,ASTOR
0.03554340396445643,-0.007518796992481369,False,0.5383584494402165,ASTOR
0.040924092409240886,-0.005280528052805322,False,0.7517173741597218,ASTOR
0.03917790622992956,0.0,False,0.7449023119114493,ASTOR
0.01739130434782621,-0.0496894409937888,False,0.9594631041318197,ASTOR
0.019867549668874274,-0.08211920529801331,False,1.7082531379127102,ASTOR
0.04646464646464654,-0.019528619528619617,False,0.7202194398509069,ASTOR
0.02268431001890381,-0.03465658475110267,False,2.0987237919132817,ASTOR
0.033742331288343586,-0.004294478527607337,False,2.518118937423176,ASTOR
0.013431013431013383,-0.031135531135531247,False,1.0292318677973702,ASTOR
0.016687268232385533,-0.014215080346106412,False,0.4827416526008478,ASTOR
0.01913580246913571,-0.0037037037037036535,False,0.8814281216514042,ASTOR
0.0012202562538132788,-0.031116534472239166,False,0.6161641573927313,ASTOR
0.017088607594936578,-0.031012658227848156,False,0.7895586710330301,ASTOR
0.016731016731016624,-0.009009009009009028,False,0.7081149624626725,ASTOR
0.006218905472636926,-0.03358208955223885,False,2.303845076959395,ASTOR
0.0012499999999999734,-0.04125000000000001,False,0.40724313905026277,ASTOR
0.00903225806451613,-0.03870967741935483,False,0.22278367652807793,ASTOR
0.05013020833333348,-0.00455729166666663,False,1.0190395542563266,ASTOR
0.025308641975308577,-0.0012345679012345512,False,1.0369076670416175,ASTOR
0.0535931790499391,-0.006090133982947665,False,0.8673948068918038,ASTOR
0.05402298850574705,-0.010344827586206917,False,1.567933190564457,ASTOR
0.03901098901098887,-0.01978021978021971,False,0.7247541895986642,ASTOR
0.012527233115468439,-0.050108932461873534,False,1.105414515766173,ASTOR
0.0033879164313945775,-0.019198193111236606,False,0.6755882034741183,ASTOR
0.06777777777777771,-0.018888888888888955,True,3.438248694648928,ASTOR
0.004210526315789442,-0.052631578947368474,False,1.7212515819820613,ASTOR
0.00216216216216214,-0.018378378378378413,False,0.6431320928570757,ASTOR
0.03739316239316248,-0.00480769230769218,False,1.0808335563720415,ASTOR
0.01558441558441559,-0.01558441558441559,False,0.5378175684187044,ASTOR
0.015954709212557816,-0.026762738033968225,False,0.5430202788771102,ASTOR
0.0020997375328084544,-0.05564304461942249,False,0.2880576259432089,ASTOR
0.03336921420882666,-0.01076426264800856,False,0.4114947568790746,ASTOR
0.04430734716769469,-0.010095344924284988,False,1.2099761677137943,ASTOR
0.028089887640449396,-0.020786516853932513,False,0.5872164535710683,ASTOR
0.026750142287990997,-0.049516220830961855,False,0.2832673439785918,ASTOR
0.026627218934911268,0.0,False,0.7645176277353336,ASTOR
0.022517321016166214,-0.004618937644341736,False,0.49667849176010453,ASTOR
0.045060658578856216,-0.01906412478336217,False,0.7168604197550129,ASTOR
0.05783783783783769,-0.012432432432432527,False,2.8152344372726903,ASTOR
0.006670087224217358,-0.028732683427398653,False,0.4918291879458148,ASTOR
0.06552262090483607,-0.0031201248049923525,False,0.47644737499375595,ASTOR
0.006021073758153417,-0.022077270446563046,False,0.6983518235229504,ASTOR
0.004591836734693988,-0.06275510204081636,False,0.4891851915367961,ASTOR
0.004278074866310266,-0.02887700534759363,False,0.6913456039901386,ASTOR
0.025543478260869446,0.0,False,0.8163571037998956,ASTOR
0.03217011995637953,-0.0005452562704471031,True,12.808327017578172,ASTOR
0.054712892741061836,-0.008125677139761645,False,0.46287770673184875,ASTOR
0.025454545454545396,-0.021818181818181737,False,0.26363515659595993,ASTOR
0.07602040816326538,0.0,False,1.856540703691577,ASTOR
0.02198852772466542,-0.04588910133843205,False,0.679867862921315,ASTOR
0.01617647058823546,-0.03676470588235292,False,0.5146883015164592,ASTOR
0.0,-0.05472154963680398,False,0.3403531674095727,ASTOR
0.011224489795918391,-0.02346938775510199,False,0.39962082690463924,ASTOR
0.016633064516129004,-0.006048387096774244,False,0.7001179035764085,ASTOR
0.0809011776753712,-0.0020481310803891484,False,0.2397222764873356,ASTOR
0.01680268843014887,-0.012001920307249114,False,0.1529960352286455,ASTOR
0.030420086914534128,0.0,False,0.3608278513819216,ASTOR
0.005230622919638606,-0.03471231573941991,False,0.3063646713753474,ASTOR
0.0009280742459396585,-0.038051044083526664,False,2.146049003727431,ASTOR
0.027456647398844014,-0.024566473988439252,False,0.7499425277260761,ASTOR
0.015311004784688942,-0.013875598086124374,False,2.2693627660063127,ASTOR
0.021621621621621623,-0.027027027027026973,False,1.1674979610344216,ASTOR
0.03134328358208971,-0.003980099502487566,False,1.9681210945456462,ASTOR
0.028306742151312347,0.0,True,7.4865926818668544,ASTOR
0.0295918367346939,-0.030612244897959218,False,0.6840230858534915,ASTOR
0.023834196891191706,-0.01865284974093262,False,0.7374590844458865,ASTOR
0.06269270298047291,0.0,False,0.8386653991446759,ASTOR
0.060957910014513894,-0.0004837929366231508,False,0.4086916867050738,ASTOR
0.00046210720887240875,-0.049445471349353176,False,0.5772265407176453,ASTOR
0.07655502392344493,0.0,False,0.6939055956689392,ASTOR
0.08798570790531479,-0.0004466279589101507,False,1.2938005844453524,ASTOR
0.04225070084100935,-0.03163796555867027,False,1.9843117893817124,ASTOR
0.03125,-0.015625,False,0.8332484038927126,ASTOR
0.07575757575757569,-0.015151515151515138,False,0.5170960308726492,ASTOR
0.06113537117903922,-0.01834061135371179,False,1.2240168815929098,ASTOR
0.02996575342465757,-0.013698630136986356,False,0.6281689349569516,ASTOR
0.06856187290969906,-0.006688963210702337,False,0.6324256996640599,ASTOR
0.007800312012480548,-0.0475819032761311,False,0.7101606204821553,ASTOR
0.043749999999999956,-0.015625,False,0.9103615123509305,ASTOR
0.03915662650602414,-0.0007530120481927804,False,0.7468859947946938,ASTOR
0.021021021021021102,-0.033033033033033066,False,0.8297999085097513,ASTOR
0.009752438109527306,-0.06976744186046513,False,0.3074619540419397,ASTOR
0.022058823529411686,-0.028676470588235303,False,0.6662886114558432,ASTOR
0.008982035928143617,-0.0359281437125748,False,0.4094778007821486,ASTOR
0.01650943396226423,-0.030660377358490587,False,0.5722711818125765,ASTOR
0.08596214511041,-0.011829652996845463,False,0.9964700778251048,ASTOR
0.019774011299435124,-0.1137005649717514,False,1.8361867470332265,ASTOR
0.1004784688995215,-0.0007974481658692412,False,2.149761543237292,ASTOR
0.0193965517241379,-0.02155172413793105,False,1.504502167048675,ASTOR
0.0029197080291971655,-0.08686131386861318,True,15.839930932057495,ASTOR
0.06334125098970711,-0.013460015835312755,False,0.5720785219638993,ASTOR
0.08832335329341312,-0.006736526946107824,False,0.2739489695489939,ASTOR
0.05108991825613085,-0.032697547683923744,False,0.8409138883488114,ASTOR
0.007534246575342518,-0.11575342465753424,False,0.4122491118074108,ASTOR
0.017815646785437567,-0.05809450038729669,False,0.3018058474882951,ASTOR
0.02005730659025784,-0.02005730659025795,False,,QUAGR
0.008571428571428452,-0.03142857142857136,False,,QUAGR
0.04385964912280693,0.0,False,,QUAGR
0.03125,-0.0028409090909091717,False,,QUAGR
0.0,-0.03631284916201116,False,,QUAGR
0.02011494252873569,-0.005747126436781658,False,,QUAGR
0.008645533141210304,-0.023054755043227737,False,,QUAGR
0.0058651026392961825,-0.02346041055718473,False,,QUAGR
0.03003003003003002,-0.009009009009009028,False,,QUAGR
0.042424242424242475,-0.003030303030302939,False,,QUAGR
0.020648967551622377,-0.008849557522124019,False,0.7011800134738039,QUAGR
0.0058651026392961825,-0.008797653958944385,False,0.6459368136340801,QUAGR
0.011661807580174877,0.0,False,1.1890394063396557,QUAGR
0.01734104046242768,-0.005780346820809301,False,2.805830059145785,QUAGR
0.002949852507374562,-0.01179941002949858,True,3.166683552212217,QUAGR
0.0029673590504450953,-0.02670623145400597,False,0.5239335480797841,QUAGR
0.0,-0.024464831804281384,False,1.4272700588953517,QUAGR
0.09717868338557989,0.0,False,0.36505638050414374,QUAGR
0.04761904761904767,-0.008928571428571397,False,1.6742286281573346,QUAGR
0.00591715976331364,-0.053254437869822424,False,0.732958272641202,QUAGR
0.024922118380062308,0.0,False,0.38886364906151955,QUAGR
0.003058103975535076,-0.01834862385321101,False,0.5507172513424211,QUAGR
0.015432098765431945,-0.0030864197530865445,False,0.2279011078397403,QUAGR
0.012158054711246313,-0.003039513677811634,False,0.5172343551924564,QUAGR
0.033033033033033066,-0.006006006006005982,False,1.506047745066819,QUAGR
0.011976047904191711,-0.0479041916167664,False,0.8588467128962018,QUAGR
0.0030674846625766694,-0.018404907975460016,False,1.2521006085507664,QUAGR
0.09202453987730075,-0.006134969325153228,False,0.6383244370361992,QUAGR
0.01764705882352935,-0.0117647058823529,False,1.2159435815971547,QUAGR
0.011730205278592365,-0.008797653958944385,False,1.9094303794540635,QUAGR
0.02631578947368407,-0.011695906432748537,False,0.6870596862197299,QUAGR
0.029069767441860517,-0.0029069767441859407,False,1.6059272567792893,QUAGR
0.002865329512893977,-0.02005730659025795,False,0.4675849737441297,QUAGR
0.0028985507246375164,-0.049275362318840665,False,0.8136467274452167,QUAGR
0.012158054711246313,-0.00911854103343468,False,1.2235623060196013,QUAGR
0.012195121951219523,-0.0060975609756097615,False,1.2996688498913278,QUAGR
0.009146341463414753,-0.018292682926829174,False,0.9078028652750628,QUAGR
0.01846153846153853,-0.009230769230769154,False,0.710208060496167,QUAGR
0.0,-0.021472392638036797,False,0.5285417830783095,QUAGR
0.012461059190031154,-0.0031152647975076775,False,0.21790295805158802,QUAGR
0.0031152647975078995,-0.012461059190031154,False,0.46621470436958234,QUAGR
0.028124999999999956,-0.0031250000000000444,False,1.1139136527553257,QUAGR
0.015479876160990669,-0.015479876160990669,False,2.2764344695623335,QUAGR
0.040000000000000036,0.0,False,2.38600602500609,QUAGR
0.006514657980456029,-0.02280130293159599,False,0.884069400251453,QUAGR
0.013245033112582849,-0.0066225165562914245,False,2.0921899250637366,QUAGR
0.06229508196721323,-0.003278688524590123,False,1.3651021837220194,QUAGR
0.0031446540880502027,-0.03144654088050314,False,1.003309137252729,QUAGR
0.032154340836012985,-0.019292604501607746,False,0.27686192861333747,QUAGR
0.006493506493506551,-0.019480519480519543,False,0.22144622604649006,QUAGR
0.0032467532467532756,-0.019480519480519543,False,0.8575434359755313,QUAGR
0.009868421052631415,-0.013157894736842146,False,1.2935529925966087,QUAGR
0.006514657980456029,-0.01628664495113996,False,0.45848026695879757,QUAGR
0.03289473684210531,-0.00328947368421062,False,0.33624095831416984,QUAGR
0.013029315960912058,-0.006514657980456029,False,1.9816596128037405,QUAGR
0.022580645161290214,-0.03870967741935483,False,0.4256463931869675,QUAGR
0.0032894736842103978,-0.009868421052631637,False,0.3934794766549777,QUAGR
0.0,-0.02310231023102305,False,0.6076376223526423,QUAGR
0.0033444816053511683,-0.030100334448160626,False,1.6993263994313734,QUAGR
0.0068728522336769515,-0.010309278350515538,False,0.4806122424150995,QUAGR
0.03780068728522323,-0.0068728522336769515,False,1.0665296913690614,QUAGR
0.0033444816053511683,-0.026755852842809347,False,0.6688366334239366,QUAGR
0.013559322033898313,-0.003389830508474634,False,0.6638236318267587,QUAGR
0.02684563758389258,-0.006711409395973145,False,0.489973315660045,QUAGR
0.010067114093959662,-0.01342281879194629,False,0.7968694464677168,QUAGR
0.013377926421404451,0.0,False,0.20668487328058263,QUAGR
0.00996677740863805,-0.009966777408637828,False,0.4497071321924888,QUAGR
0.0033333333333331883,-0.029999999999999916,False,0.6920968350191092,QUAGR
0.0,-0.013651877133105783,False,1.0787098505946018,QUAGR
0.006920415224913601,-0.02076124567474047,False,1.7084152437035534,QUAGR
0.006968641114982521,-0.020905923344947785,False,0.714023537785008,QUAGR
0.09790209790209792,-0.006993006993006978,False,0.6446704508717799,QUAGR
0.013377926421404451,-0.006688963210702337,False,1.7146232015538332,QUAGR
0.0033333333333331883,-0.009999999999999898,False,0.48398911194912747,QUAGR
0.006688963210702115,-0.016722408026755953,False,1.764228797899648,QUAGR
0.01333333333333342,-0.00666666666666671,False,0.9990897852788551,QUAGR
0.0331125827814569,-0.009933774834437026,False,0.8723957357865795,QUAGR
0.006535947712418277,-0.013071895424836666,False,1.5604616986796642,QUAGR
0.006535947712418277,-0.016339869281045805,False,0.4191792840285653,QUAGR
0.0033003300330034513,-0.02310231023102305,False,0.9717165399541682,QUAGR
0.006711409395973256,-0.01342281879194629,False,1.0225684369737247,QUAGR
0.010204081632653184,-0.00340136054421758,False,1.0491569531384874,QUAGR
0.013605442176870763,-0.00340136054421758,False,1.4724107225731564,QUAGR
0.0,-0.05902777777777779,True,3.5635652218100513,QUAGR
0.0,-0.02573529411764719,False,1.1919739830555676,QUAGR
0.04150943396226414,0.0,False,0.6271274638552455,QUAGR
0.007407407407407307,-0.022222222222222254,False,0.2983901143247664,QUAGR
0.007352941176470562,-0.018382352941176516,False,0.3620531109316403,QUAGR
0.011111111111111072,-0.014814814814814836,False,1.4110127784003026,QUAGR
0.011235955056179803,-0.014981273408239737,False,0.6328933489180945,QUAGR
0.003759398496240518,-0.015037593984962405,False,0.8000032053336752,QUAGR
0.0038022813688214363,-0.026615969581748944,False,0.827924110079454,QUAGR
0.0,-0.027237354085603016,False,0.6868767223125969,QUAGR
0.019920318725099806,0.0,False,0.33066413254857774,QUAGR
0.015625,-0.0078125,False,0.9752557437813821,QUAGR
0.0347490347490349,-0.0038610038610037423,False,0.5681462217074255,QUAGR
0.011450381679389166,-0.011450381679389388,False,0.5260656238473619,QUAGR
0.007722007722007707,-0.015444015444015413,False,1.1039858156386624,QUAGR
0.015686274509803866,0.0,False,0.7088968824940048,QUAGR
0.007722007722007707,-0.015444015444015413,False,0.557982623529862,QUAGR
0.01953125,0.0,False,1.143756209709097,QUAGR
0.011494252873563315,-0.011494252873563093,False,0.10346351984353207,QUAGR
0.003816793893129722,-0.003816793893129833,False,1.8073033072728695,QUAGR
0.0076045627376426506,-0.0038022813688212143,False,1.1395858445684728,QUAGR
0.011363636363636243,-0.007575757575757569,False,0.3465553303241558,QUAGR
0.011363636363636243,0.0,False,0.3051842931672898,QUAGR
0.011278195488721776,-0.03383458646616555,False,1.2689554519490367,QUAGR
0.0038610038610038533,-0.019305019305019266,False,0.5523269557374724,QUAGR
0.01930501930501949,-0.0038610038610037423,False,0.9593204314862417,QUAGR
0.003831417624521105,-0.01532567049808431,True,3.473529509587082,QUAGR
0.011538461538461497,-0.0038461538461539435,False,0.22876694059205424,QUAGR
0.007575757575757569,-0.007575757575757569,False,0.6183168645625013,QUAGR
0.015503875968992276,-0.015503875968992276,True,3.6454273654590224,QUAGR
0.0,-0.027027027027026973,False,0.9601931041461735,QUAGR
0.027559055118110187,0.0,False,0.5115629703926373,QUAGR
0.01171875,0.0,False,0.588054954952312,QUAGR
0.011583011583011782,-0.015444015444015413,False,1.6289534985997658,QUAGR
0.011627906976744207,-0.03488372093023251,False,0.6174454224720921,QUAGR
0.0039525691699606735,-0.019762845849802257,False,0.4555346399247037,QUAGR
0.06827309236947787,0.0,False,0.5601307293152828,QUAGR
0.01538461538461533,-0.007692307692307665,False,1.826958053792113,QUAGR
0.037878787878787845,0.0,False,0.47834333458689643,QUAGR
0.011029411764705843,-0.011029411764705954,False,0.7317073170731708,QUAGR
0.0073260073260073,-0.01098901098901095,False,0.2135946683801889,QUAGR
0.01845018450184499,-0.0073800738007380184,False,2.341686998888568,QUAGR
0.025547445255474477,-0.0036496350364964014,False,0.9373512675433714,QUAGR
0.007092198581560183,-0.021276595744680882,False,2.9234860017779005,QUAGR
0.06428571428571428,0.0,False,1.4852468998333985,QUAGR
0.01041666666666674,-0.01736111111111105,False,2.8259797254647276,QUAGR
0.030927835051546282,-0.003436426116838587,False,1.4767682995474762,QUAGR
0.0033333333333331883,-0.020000000000000018,False,0.9249765119395653,QUAGR
0.0298013245033113,-0.0033112582781458233,False,2.2067768171331363,QUAGR
0.009740259740259605,-0.029220779220779147,False,1.1224311103037088,QUAGR
0.006535947712418277,-0.0326797385620915,False,0.2977386540092372,QUAGR
0.050167224080267525,-0.0033444816053512794,False,0.3420165234151795,QUAGR
0.01980198019801982,0.0,False,1.0367760879625936,QUAGR
0.006514657980456029,-0.009771986970683932,False,1.1581500510151717,QUAGR
0.019867549668874274,0.0,False,1.21621276487064,QUAGR
0.022950819672131306,-0.006557377049180357,False,0.607769833852235,QUAGR
0.026490066225165476,-0.009933774834437026,False,1.1563755528982418,QUAGR
0.003278688524590345,-0.013114754098360715,False,0.5322562082758243,QUAGR
0.026143790849673332,0.0,False,2.2968309742292736,QUAGR
0.028846153846153744,-0.012820512820512886,False,0.809518413039408,QUAGR
0.009374999999999911,-0.006249999999999978,False,1.0506243125268735,QUAGR
0.015673981191222763,-0.012539184952978122,False,0.5289703627880781,QUAGR
0.015822784810126445,-0.006329113924050667,False,0.48861353866355917,QUAGR
0.028391167192429068,0.0,False,1.3437036514167944,QUAGR
0.03154574132492116,-0.006309148264984188,False,0.6391213363579313,QUAGR
0.01238390092879249,-0.009287925696594312,False,2.3522721047263015,QUAGR
0.012345679012345512,0.0,False,0.4266516880453123,QUAGR
0.024316109422492405,0.0,True,4.486347497970036,QUAGR
0.0029761904761904656,-0.017857142857142905,False,1.8578424698697378,QUAGR
0.0,-0.008982035928143617,False,0.7110066296884858,QUAGR
0.0930930930930931,0.0,False,0.4603474063959912,QUAGR
0.045454545454545414,-0.008522727272727182,False,1.6590444547368188,QUAGR
0.0,-0.03651685393258419,False,0.5374986179870521,QUAGR
0.0057636887608070175,-0.01729106628242072,False,1.3262267912473278,QUAGR
0.03188405797101446,-0.005797101449275366,False,0.6597724535941886,QUAGR
0.01412429378531077,-0.011299435028248594,False,0.8929599287157554,QUAGR
0.025423728813559254,0.0,False,0.24629786628240707,QUAGR
0.0027855153203342198,-0.03342618384401108,False,0.37700965805654457,QUAGR
0.014326647564469885,-0.002865329512894088,False,2.5965460368332147,QUAGR
0.011363636363636465,-0.0028409090909091717,False,1.8453360313324512,QUAGR
0.0028248587570620654,-0.019774011299435013,False,2.3908923354270377,QUAGR
0.01139601139601143,-0.005698005698005604,False,1.4178512021775291,QUAGR
0.005698005698005604,-0.022792022792022637,False,0.6563743935342585,QUAGR
0.01744186046511631,-0.0029069767441859407,False,0.12599811677941644,QUAGR
0.014326647564469885,-0.014326647564469996,False,0.30155959514753783,QUAGR
0.014450867052023142,-0.005780346820809301,False,0.16990970172151004,QUAGR
0.008645533141210304,-0.008645533141210415,False,0.18242661813020405,QUAGR
0.0,-0.020289855072463836,False,0.6283246545803837,QUAGR
0.04385964912280693,0.0,False,0.13186055669108565,QUAGR
0.008450704225352101,-0.04225352112676051,False,0.8551887522112228,QUAGR
0.014577259475218707,-0.00291545189504383,False,0.14460049086446686,QUAGR
0.005797101449275477,-0.011594202898550732,False,0.7004266147743432,QUAGR
0.011627906976744207,-0.01744186046511631,False,2.1996185457710697,QUAGR
0.014749262536873031,-0.008849557522124019,True,3.428406174811265,QUAGR
0.011661807580174877,-0.014577259475218707,False,1.4484692988236494,QUAGR
0.0058651026392961825,-0.0058651026392961825,False,0.49968258376812746,QUAGR
0.0029239766081872176,-0.014619883040935644,False,0.5424061184389675,QUAGR
0.002941176470588225,-0.008823529411764675,False,0.9982058187684448,QUAGR
0.008823529411764675,-0.008823529411764675,False,0.5520758513123526,QUAGR
0.017595307917888547,-0.014662756598240567,False,1.4317925051721345,QUAGR
0.01479289940828421,-0.00591715976331364,False,0.5884619886212793,QUAGR
0.0,-0.0292397660818714,False,0.5065407529355287,QUAGR
0.026946107784431295,-0.0029940119760478723,False,1.7893751323557276,QUAGR
0.0029761904761904656,-0.017857142857142905,False,1.0611122329032863,QUAGR
0.024096385542168752,-0.0030120481927710108,False,0.8116392796055119,QUAGR
0.005934718100890191,-0.008902077151335397,False,0.2655567090494307,QUAGR
0.011869436201780381,-0.005934718100890191,False,0.6521515901698994,QUAGR
0.008902077151335286,-0.008902077151335397,False,1.5130323160503494,QUAGR
0.020958083832335328,-0.008982035928143617,False,1.0750532581991856,QUAGR
0.054054054054053946,-0.03903903903903905,False,2.5207273726395605,QUAGR
0.01724137931034475,-0.008620689655172376,False,1.5769110560663522,QUAGR
0.011299435028248705,-0.008474576271186529,False,2.3307365769464012,QUAGR
0.03910614525139677,-0.011173184357541888,True,3.544381092935091,QUAGR
0.019283746556473913,-0.02203856749311295,False,2.016905345112107,QUAGR
0.07123287671232892,-0.019178082191780743,False,1.650948536485885,QUAGR
0.03076923076923066,-0.01025641025641022,True,3.796674654514057,QUAGR
0.07035175879396971,0.0,False,0.5667281911465486,QUAGR
0.032863849765258246,-0.018779342723004744,False,1.0074204813615888,QUAGR
0.009345794392523477,-0.030373831775700855,False,0.23282811062476919,QUAGR
0.04081632653061229,-0.025510204081632626,True,4.8644076423316305,QUAGR
0.054263565891472965,0.0,False,0.5769712842577869,QUAGR
0.005115089514066584,-0.08184143222506401,False,0.4263081730758862,QUAGR
0.035135135135135,-0.037837837837837895,False,0.8433510341407805,QUAGR
0.0625,-0.01822916666666663,False,0.2314566500963691,QUAGR
0.024752475247524774,-0.014851485148514865,False,0.46497022187866766,QUAGR
0.029055690072639306,-0.007263922518159882,False,0.3526249604118053,QUAGR
0.004878048780487809,-0.02195121951219514,False,0.31218654716942373,QUAGR
0.019512195121951237,-0.014634146341463317,False,0.5211958269426868,QUAGR
0.06341463414634174,-0.0024390243902439046,False,0.23027010394171243,QUAGR
0.0277777777777779,-0.01851851851851849,False,0.67054158972598,QUAGR
0.05378973105134466,-0.009779951100244544,True,4.456036730566047,QUAGR
0.060324825986079134,-0.004640371229698292,False,0.36221315004770255,QUAGR
0.06666666666666665,-0.011111111111111072,False,1.1436962321357602,QUAGR
0.022964509394572064,-0.03131524008350739,False,2.79718286088323,QUAGR
0.031712473572938604,-0.010570824524313016,False,0.9339491947622918,QUAGR
0.07789473684210524,-0.012631578947368327,False,1.9561459332987352,QUAGR
0.02935420743639905,-0.013698630136986356,False,0.7002667855056578,QUAGR
0.005952380952380931,-0.037698412698412787,False,0.830491937654457,QUAGR
0.05906313645621175,-0.0020366598778003286,False,0.2631571912434204,QUAGR
0.011673151750972943,-0.011673151750972721,False,1.119764872681266,QUAGR
0.011764705882353121,-0.027450980392156765,False,1.210427459605118,QUAGR
0.01388888888888884,-0.003968253968254065,False,0.45651382794957324,QUAGR
0.027667984189723382,0.0,False,1.047560130546077,QUAGR
0.072265625,-0.009765625,False,0.3080260171145932,QUAGR
0.024118738404452778,-0.01298701298701288,False,2.426988415436088,QUAGR
0.02607076350093096,-0.009310986964618184,False,0.18607671480087612,QUAGR
0.005555555555555536,-0.020370370370370483,False,0.8361142401332019,QUAGR
0.04112149532710285,-0.005607476635513864,False,0.5283106278221544,QUAGR
0.011111111111111072,-0.007407407407407418,False,1.148602076506384,QUAGR
0.05340699815837935,-0.0055248618784529135,False,0.4697438228462538,QUAGR
0.014336917562723928,-0.02508960573476693,False,1.3242270906770774,QUAGR
0.0,-0.016245487364620947,False,0.6622901836212336,QUAGR
0.02564102564102555,-0.003663003663003539,False,2.3839469336805315,QUAGR
0.007155635062611854,-0.019677996422182376,False,2.239045567087002,QUAGR
0.012820512820512775,-0.012820512820512886,False,2.4319934558330987,QUAGR
0.07129798903107876,-0.001828153564899404,False,0.8077699275427721,QUAGR
0.022413793103448265,-0.010344827586206806,False,0.6979170971023213,QUAGR
0.034482758620689724,-0.006896551724137945,False,0.4197862790605417,QUAGR
0.005084745762711673,-0.016949152542372947,False,1.9080132828262404,QUAGR
0.008503401360544283,-0.022108843537414935,False,0.6233338936140923,QUAGR
0.01038062283737018,-0.01903114186851218,False,0.6714786842466322,QUAGR
0.008695652173912993,-0.008695652173912993,False,0.17591629114656582,QUAGR
0.07182320441988965,-0.018416206261510082,True,9.648429438811329,QUAGR
0.010471204188481575,-0.01919720767888311,False,0.1510503223622025,QUAGR
0.014059753954305698,-0.01405975395430581,False,0.27572256159932107,QUAGR
0.010544815465729274,-0.005272407732864748,False,0.5981252394789939,QUAGR
0.0035335689045936647,-0.019434628975265045,False,1.2214766712472214,QUAGR
0.010752688172043001,-0.010752688172043112,False,0.42518629551233056,QUAGR
0.03368794326241131,0.0,False,0.13534802456903675,QUAGR
0.012068965517241459,-0.006896551724137945,False,0.13120045407493677,QUAGR
0.029209621993127044,-0.001718213058419349,True,10.073372195656276,QUAGR
0.018425460636515956,-0.018425460636515845,False,0.15209602309965417,QUAGR
0.05564924114671155,0.0,False,0.0602791654659527,QUAGR
0.03273322422258573,0.0,False,0.33511429408725235,QUAGR
0.008333333333333304,-0.029999999999999916,False,1.1320116915429823,QUAGR
0.021666666666666723,-0.015000000000000013,False,0.7042027690447105,QUAGR
0.016393442622950838,-0.0016393442622950616,False,0.09887824922179106,QUAGR
0.0032414910858995505,-0.034035656401944836,False,0.36954968994513165,QUAGR
0.025125628140703515,-0.008375209380234505,False,0.21391444045692365,QUAGR
0.0066334991708125735,-0.009950248756218971,False,0.4936024060342682,QUAGR
0.008333333333333304,-0.021666666666666612,False,0.16544639858090324,QUAGR
0.011475409836065653,-0.00983606557377048,False,1.5834700600617706,QUAGR
0.011494252873563315,-0.003284072249589376,False,0.28730556481690545,QUAGR
0.02298850574712663,-0.0049261083743842304,False,0.12686691687634302,QUAGR
0.009836065573770592,-0.006557377049180357,False,1.0704661794509756,QUAGR
0.01477832512315258,-0.016420361247947435,False,0.3613312180568587,QUAGR
0.0,-0.016129032258064613,True,40.11950811977522,QUAGR
0.050000000000000044,-0.011290322580645218,False,0.179762721204804,QUAGR
0.009693053311793154,-0.024232633279483107,False,0.12429527302985857,QUAGR
0.006589785831960571,-0.011532125205930832,False,0.09318271673971426,QUAGR
0.0313014827018121,-0.00658978583196046,False,0.3890060739672214,QUAGR
0.009740259740259605,-0.008116883116883078,False,0.5712238777230192,QUAGR
0.03927986906710301,-0.0016366612111293755,False,0.21289245629244277,QUAGR
0.01587301587301604,-0.02857142857142858,False,0.06584865131195083,QUAGR
0.05348460291734192,-0.0032414910858994395,False,0.2358122396200877,QUAGR
0.037209302325581506,-0.0015503875968991832,False,0.24205694040361042,QUAGR
0.01185185185185178,-0.03851851851851851,False,0.7598466469010572,QUAGR
0.005979073243647326,-0.026905829596412634,False,2.691743232560481,QUAGR
0.0029940119760478723,-0.01646706586826341,False,0.718023885463948,QUAGR
0.025757575757575646,0.0,False,0.49113237936098225,QUAGR
0.04776119402985057,-0.010447761194029903,False,0.3756842670248394,QUAGR
0.0,-0.027104136947218138,False,0.438379012587933,QUAGR
0.007267441860465018,-0.007267441860465129,True,3.2761200519704,QUAGR
0.026124818577648812,-0.01741654571843254,False,0.2754342494483341,QUAGR
0.011594202898550732,-0.007246376811594346,False,0.37908272200805143,QUAGR
0.007225433526011571,-0.014450867052023031,False,0.07376965084339485,QUAGR
0.0,-0.011644832605531286,False,1.002091680633472,QUAGR
0.01764705882352935,-0.0117647058823529,False,0.5535330103817118,QUAGR
0.00723589001447178,-0.01157742402315487,False,0.5354900055379664,QUAGR
0.06060606060606055,-0.005772005772005762,False,1.6468770768120748,QUAGR
0.015047879616963078,-0.015047879616962967,False,0.3467804951149479,QUAGR
0.00547195622435015,-0.013679890560875485,False,0.9237938391031411,QUAGR
0.0193103448275862,0.0,False,0.675983146484055,QUAGR
0.025956284153005438,-0.009562841530054711,False,0.9129227961348426,QUAGR
0.014550264550264647,-0.006613756613756627,False,1.6308261094207475,QUAGR
0.003947368421052699,-0.014473684210526194,False,0.4167947042933147,QUAGR
0.005284015852047519,-0.021136063408190298,False,0.31585684214680054,QUAGR
0.0,-0.01733333333333331,False,0.49352975694122736,QUAGR
0.020270270270270174,-0.006756756756756799,False,1.4819438230176485,QUAGR
0.010738255033557076,-0.010738255033557076,False,0.6356706800893754,QUAGR
0.005390835579514919,-0.013477088948786964,False,0.679684823197673,QUAGR
0.03401360544217691,0.0,False,0.856266454121682,QUAGR
0.006738544474393482,-0.008086253369272156,False,0.8593417698392535,QUAGR
0.009333333333333416,-0.01200000000000001,False,0.705886997972236,QUAGR
0.006693440428380271,-0.008032128514056214,False,0.46881848041798596,QUAGR
0.0013280212483399723,-0.01726427622841964,False,1.0155303643965392,QUAGR
0.0,-0.019973368841544548,False,0.7870029421818977,QUAGR
0.013495276653171295,-0.005398110661268607,True,4.884984318933123,QUAGR
0.02281879194630876,-0.0013422818791946067,False,0.29967650430986503,QUAGR
0.062169312169312096,-0.002645502645502562,False,1.3067160915659701,QUAGR
0.03201024327784907,-0.015364916773367376,False,1.5228118116314284,QUAGR
0.06439393939393945,0.0,False,0.4620674439186191,QUAGR
0.09274673008323409,-0.00356718192627814,False,1.1074968330208648,QUAGR
0.018498367791077275,-0.04896626768226331,False,2.1243979743168775,QUAGR
0.05239179954441919,-0.004555808656036331,False,1.4964121125668763,QUAGR
0.03982777179763208,-0.017222820236813652,False,1.5211924547196518,QUAGR
0.028301886792452935,-0.01467505241090139,False,0.8280179806517425,QUAGR
0.02789256198347112,-0.05991735537190079,False,1.0623732226014109,QUAGR
0.0581270182992466,-0.01399354144241105,False,1.3185174105310797,QUAGR
0.08672376873661669,-0.0021413276231262435,False,2.6680267153406367,QUAGR
0.09819639278557113,-0.027054108216432837,False,2.8300640929442396,QUAGR
0.08485401459854014,0.0,False,0.7824711852023559,QUAGR
0.035776614310645494,-0.010471204188481797,False,1.51280692294692,QUAGR
0.01558441558441559,-0.10389610389610393,False,0.7467038092353664,QUAGR
0.028571428571428692,-0.03928571428571426,True,4.283283471169275,QUAGR
0.016216216216216273,-0.02972972972972976,False,0.28039310991088373,QUAGR
0.008086253369272267,-0.0341419586702606,False,0.16380667345775463,QUAGR
0.025431425976385036,-0.02361489554950047,False,0.29644103635475233,QUAGR
0.0018518518518517713,-0.05555555555555569,False,0.22709763195083402,QUAGR
0.0039215686274509665,-0.09313725490196068,False,0.305878606386628,QUAGR
0.024291497975708287,-0.007085020242915019,False,0.3402225842466803,QUAGR
0.06979062811565306,-0.02891326021934193,False,0.14842668044208107,QUAGR
0.004028197381671816,-0.09969788519637468,False,0.3298950916195239,QUAGR
0.02921348314606731,-0.020224719101123556,False,0.2501285417917859,QUAGR
0.08077360637087616,-0.00796359499431154,False,0.2799565963537859,QUAGR
0.03617021276595733,-0.03510638297872337,False,0.9499621678684156,QUAGR
0.011025358324145529,-0.02866593164277842,False,0.5715753243063354,QUAGR
0.0969560315670801,-0.0022547914317925244,False,0.9335605680760567,QUAGR
0.04600000000000004,-0.04499999999999993,True,11.987825577392407,QUAGR
0.045174537987679564,-0.07084188911704303,False,1.0825628738391875,QUAGR
0.005494505494505475,-0.04835164835164829,False,0.276426762126727,QUAGR
0.044724770642201594,-0.004587155963302836,False,0.1727329343331282,QUAGR
0.03571428571428581,-0.0011520737327188613,False,0.20020829382072755,QUAGR
0.031782065834279116,-0.013620885357548351,False,0.2009348615387269,QUAGR
0.0393258426966292,-0.0022471910112359383,False,1.293979992580088,QUAGR
0.0032751091703056012,-0.0393013100436681,False,0.15066294354915083,QUAGR
0.041526374859708115,-0.002244668911335568,False,0.17086904245657042,QUAGR
0.019629225736095934,-0.025081788440567077,False,0.11413755516281629,QUAGR
0.033695652173913127,-0.017391304347826098,False,0.5129120703946949,QUAGR
0.0010695187165774556,-0.04171122994652399,False,1.1253427217398262,QUAGR
0.00557413600891854,-0.018952062430323324,True,55.11087857833777,QUAGR
0.010192525481313774,-0.020385050962627327,False,0.10159986214644257,QUAGR
0.025229357798165042,-0.01146788990825709,False,0.20391334868775166,QUAGR
0.01452513966480451,-0.014525139664804398,False,0.7227046016681364,QUAGR
0.02262443438914019,-0.013574660633484115,False,0.4272525788029042,QUAGR
0.09183673469387754,-0.013605442176870874,False,0.6234672696684699,QUAGR
0.021208907741251393,-0.020148462354188656,False,0.3166624497855336,QUAGR
0.0010764262648010892,-0.09795479009687824,False,0.5368854123226597,QUAGR
0.0,0.0,False,0.23407235374086563,QUAGR
0.0,0.0,False,0.22006203228189394,QUAGR
0.0,0.0,False,0.8156401252843849,QUAGR
0.1120996441281139,-0.019572953736654908,True,101.41334220183596,QUAGR
0.043087971274685666,-0.09335727109515268,False,0.24859721291313605,QUAGR
0.0038387715930903177,-0.0575815738963531,False,0.12091516896826213,QUAGR
0.028455284552845406,-0.09959349593495936,False,0.11807270537115856,QUAGR
0.022883295194507935,-0.08009153318077811,False,0.09489471812760432,QUAGR
0.03971962616822422,-0.12616822429906538,False,1.3705211162468545,QUAGR
0.03664921465968596,-0.023560209424083767,False,0.29852743307179874,QUAGR
0.03183023872679058,-0.0450928381962864,False,0.25026586344908147,QUAGR
0.07161125319693107,-0.04092071611253201,False,0.3355085621033128,QUAGR
0.008000000000000007,-0.08799999999999997,False,0.0983880212261637,QUAGR
0.05232558139534893,-0.014534883720930147,False,0.0943977525439009,QUAGR
0.011527377521613813,-0.03746397694524506,False,0.2649638863542303,QUAGR
0.09850746268656718,0.0,False,0.5404589420616656,QUAGR
0.023809523809523947,-0.06349206349206349,False,1.463294883130396,QUAGR
0.0672268907563025,-0.0056022408963585235,False,0.1824067245088215,QUAGR
0.019178082191780854,-0.03835616438356171,False,0.3778537084060581,QUAGR
0.07122507122507127,-0.011396011396011319,False,0.440894687620819,QUAGR
0.04761904761904767,-0.04201680672268904,False,1.4216832729952265,QUAGR
0.01734104046242768,-0.049132947976878616,False,0.7733809472467087,QUAGR
0.08333333333333348,-0.017857142857142905,False,1.3162648337800524,QUAGR
0.011940298507462588,-0.04179104477611939,False,1.493160709123121,QUAGR
0.0,-0.09090909090909083,False,2.1387497664005486,QUAGR
0.03606557377049202,-0.01967213114754085,False,1.1736644818862596,QUAGR
0.009803921568627416,-0.06209150326797386,False,0.7487778213563121,QUAGR
0.0068728522336769515,-0.037800687285223455,False,1.023125249420436,QUAGR
0.06737588652482263,-0.007092198581560294,False,0.5994656366524974,QUAGR
0.010309278350515427,-0.024054982817869552,False,1.0828069826428608,QUAGR
0.02033898305084736,-0.027118644067796627,False,0.7313902301015882,QUAGR
0.00694444444444442,-0.01388888888888895,False,0.8917441421237234,QUAGR
0.0034965034965035446,-0.01748251748251739,False,0.28625965580161084,QUAGR
0.0035460992907803135,-0.024822695035460973,False,0.5923911524527339,QUAGR
0.010869565217391353,-0.0253623188405796,False,0.13056301914354046,QUAGR
0.007299270072992581,-0.03649635036496357,False,0.4394459667101472,QUAGR
0.07490636704119846,-0.041198501872659166,False,0.17065124311073954,QUAGR
0.03900709219858167,-0.014184397163120588,False,1.8918654873368974,QUAGR
0.102112676056338,-0.0035211267605632646,False,0.9885725486842522,QUAGR
0.010344827586207028,-0.048275862068965614,True,27.70499730099955,QUAGR
0.014336917562723928,-0.032258064516129004,False,0.3059069189698956,QUAGR
0.01098901098901095,-0.04761904761904756,False,0.07634267624174819,QUAGR
0.00766283524904221,-0.04980842911877392,False,0.11372919893908325,QUAGR
0.01976284584980248,-0.011857707509881354,False,0.1564039986094963,QUAGR
0.007843137254901933,-0.039215686274509665,False,0.09019632414713634,QUAGR
0.06938775510204076,-0.01224489795918382,False,0.21217001547221148,QUAGR
0.0,-0.03875968992248069,False,0.854463294541799,QUAGR
0.08064516129032273,0.0,False,0.6834355829150041,QUAGR
0.041825095057034245,-0.019011406844106404,False,0.3290575783991114,QUAGR
0.03396226415094361,0.0,False,0.07178384257008733,QUAGR
0.0074349442379182396,-0.02230483271375472,False,0.27697142958126536,QUAGR
0.018867924528301883,-0.01886792452830177,False,0.39091155009704126,QUAGR
0.02631578947368407,-0.007518796992481258,False,0.8542348683293184,QUAGR
0.0,-0.029520295202952074,False,0.47603547364526244,QUAGR
0.0074906367041198685,-0.01872659176029956,False,2.3785542512735924,QUAGR
0.014925373134328401,-0.014925373134328401,False,0.3678411779130569,QUAGR
0.029962546816479474,0.0,False,0.15429073163738882,QUAGR
0.007407407407407307,-0.014814814814814836,False,0.3580749214336101,QUAGR
0.0,-0.029739776951672847,False,0.26910837839637747,QUAGR
0.019157088122605526,-0.01532567049808431,False,1.5667236518622787,QUAGR
0.011406844106463865,-0.0076045627376425395,False,0.38640261581980573,QUAGR
0.015209125475285079,-0.0038022813688212143,False,1.089098034122765,QUAGR
0.02281368821292773,-0.0076045627376425395,False,0.6142449008117615,QUAGR
0.04868913857677892,-0.01872659176029956,False,0.5375194357335618,QUAGR
0.09293680297397766,0.0,False,1.2678822942975492,QUAGR
0.04123711340206171,-0.030927835051546504,False,2.9253784774232447,QUAGR
0.020408163265306145,-0.04081632653061229,True,3.4892434048334824,QUAGR
0.09090909090909105,-0.010489510489510412,False,0.4786071817889323,QUAGR
0.09708737864077688,-0.003236245954692518,True,8.610773167094166,QUAGR
0.046242774566473965,-0.06069364161849711,True,9.60006311860312,QUAGR
0.009036144578313365,-0.06024096385542166,False,0.6598535053260324,QUAGR
0.01552795031055898,-0.04658385093167716,False,0.14632232104227436,QUAGR
0.02265372168284796,-0.06148867313915851,False,0.3800367103864833,QUAGR
0.0,-0.027027027027027084,False,0.49328880187637736,QUAGR
0.027303754266211566,-0.020477815699658675,False,0.3515902245564696,QUAGR
0.0,-0.02777777777777779,False,0.28831123179772566,QUAGR
0.0035211267605634866,-0.03169014084507038,False,0.25762297088370445,QUAGR
0.02166064981949467,-0.0036101083032491488,False,0.3536012266713552,QUAGR
0.0535714285714286,-0.0071428571428571175,False,0.11434279955748727,QUAGR
0.04247104247104261,-0.019305019305019266,False,1.3259121027180922,QUAGR
0.03802281368821303,-0.0076045627376425395,False,0.4437742559249593,QUAGR
0.09398496240601495,0.0,False,0.4272927764638106,QUAGR
0.07023411371237454,-0.0033444816053512794,True,23.351026345891185,QUAGR
0.012499999999999956,-0.10000000000000009,True,9.000139280663829,QUAGR
0.07636363636363641,-0.0072727272727273196,False,0.4255892700177525,QUAGR
0.0034602076124565784,-0.02076124567474047,False,0.2737274717949292,QUAGR
0.09440559440559437,-0.010489510489510412,False,0.18253713374453484,QUAGR
0.047138047138046923,-0.006734006734006703,False,0.558929359615454,QUAGR
0.0490196078431373,-0.02287581699346397,False,0.22584877113206875,QUAGR
0.018987341772152,-0.02848101265822789,False,0.07489494451843837,QUAGR
0.025316455696202445,-0.015822784810126667,False,0.2921118848822281,QUAGR
0.0,-0.04375000000000007,False,0.11386782923963154,QUAGR
0.02622950819672143,-0.00983606557377048,True,5.707119566046084,QUAGR
0.006451612903225712,-0.048387096774193505,False,0.17149926668153076,QUAGR
0.0032679738562091387,-0.02941176470588236,False,0.13388920814489794,QUAGR
0.026755852842809347,-0.006688963210702337,False,0.30538103374505454,QUAGR
0.02970297029702973,-0.009900990099009799,False,0.2613615831779575,QUAGR
0.006557377049180246,-0.0360655737704918,False,0.1665569799977894,QUAGR
0.006849315068493178,-0.03767123287671226,False,0.43446821829642135,QUAGR
0.021201413427561766,-0.014134275618374548,False,0.20939434694036058,QUAGR
0.08219178082191791,0.0,False,0.1642512652047494,QUAGR
0.058641975308642014,-0.024691358024691357,True,6.131976284217091,QUAGR
0.04062499999999991,-0.012499999999999956,False,0.1908674019607177,QUAGR
0.08805031446540879,0.0,False,0.06492872657820348,QUAGR
0.0640243902439026,-0.018292682926829174,False,0.5488649010099452,QUAGR
0.026470588235294246,-0.0117647058823529,False,0.8692300679804791,QUAGR
0.030985915492957927,-0.025352112676056304,False,0.8059151960698314,QUAGR
0.016949152542372836,-0.02824858757062154,False,0.6730237613674799,QUAGR
0.014245014245014342,-0.031339031339031265,False,0.2575217561255572,QUAGR
0.05247813411078717,0.0,False,0.38109698980175816,QUAGR
0.0980392156862746,-0.0056022408963585235,False,0.4891675476207673,QUAGR
0.08010335917312661,-0.01033591731266148,False,0.8886707062143229,QUAGR
0.026634382566586012,-0.048426150121065326,False,1.5965321432610768,QUAGR
0.04488778054862852,-0.014962593516209433,False,0.7455675655386381,QUAGR
0.007462686567164312,-0.02487562189054715,False,0.21812256957079926,QUAGR
0.04239401496259343,-0.03740648379052369,False,0.09316870993068177,QUAGR
0.015424164524421524,-0.015424164524421635,False,0.22633706706850834,QUAGR
0.08974358974358987,0.0,False,0.5171516394712731,QUAGR
0.0,-0.09178743961352653,True,4.414577647842411,QUAGR
0.03539823008849541,0.0,False,1.246728118853912,QUAGR
0.07826086956521738,-0.0434782608695653,False,1.5896667444720556,QUAGR
0.02887139107611536,-0.04986876640419946,False,2.240501850686845,QUAGR
0.08579088471849872,-0.002680965147452974,False,0.5570358058003202,QUAGR
0.018181818181818077,-0.04415584415584417,False,0.8018862811591991,QUAGR
0.053763440860215006,-0.0026881720430108613,False,0.523681359764225,QUAGR
0.03598971722365052,-0.005141388174807249,False,0.9225981765314756,QUAGR
0.00995024875621886,-0.01990049751243772,False,0.9047936713726391,QUAGR
0.024752475247524774,-0.014851485148514865,False,0.3631107153794779,QUAGR
0.004975124378109541,-0.06716417910447747,False,0.2650089815807036,QUAGR
0.013297872340425565,-0.02659574468085102,False,0.36673561538609994,QUAGR
0.0,-0.04087193460490457,False,0.1358829873589649,QUAGR
0.09401709401709413,-0.002849002849002802,False,0.12387216950928459,QUAGR
0.032258064516129004,-0.034946236559139865,False,0.9537252587331694,QUAGR
0.02695417789757415,-0.10242587601078168,False,0.24669271640784388,QUAGR
0.08868501529051986,-0.003058103975535187,False,1.8412480687641628,QUAGR
0.08450704225352124,-0.005633802816901401,False,1.0591642811667774,QUAGR
0.0,-0.04846938775510201,True,86.75538484661072,QUAGR
0.07571801566579639,-0.0026109660574412663,False,0.2651467485155851,QUAGR
0.07178217821782185,-0.017326732673267342,False,0.09237150289584896,QUAGR
0.09601873536299776,-0.0023419203747072626,False,1.2608775365946847,QUAGR
0.015086206896551824,-0.11422413793103436,False,0.2991625095325022,QUAGR
0.05450236966824651,-0.011848341232227444,False,0.08338764388006491,QUAGR
0.0,-0.022525192503853653,False,,SARKY
0.01602373915698818,-0.03442136469529533,False,,SARKY
0.01818181796143259,-0.030303030541781517,False,,SARKY
0.035928143881100105,0.0,False,,SARKY
0.0011641448058701265,-0.04540162938468362,False,,SARKY
0.05585585590563524,0.0,False,,SARKY
0.002326934003528347,-0.03432228033331053,False,,SARKY
0.006027727475501399,-0.03074141036616529,False,,SARKY
0.005572755723912026,-0.014860680692041273,False,,SARKY
0.010664993469865713,-0.019447929748318993,False,,SARKY
0.04687500006835932,0.0,False,1.0602514559412692,SARKY
0.014371257672200599,-0.013772455044641196,False,0.7388252678241175,SARKY
0.002379535723651127,-0.015466983988384087,False,1.826245544226824,SARKY
0.007172743368266898,-0.02809324580544914,False,0.7917830075780741,SARKY
0.03374233087432699,-0.011042944772479246,False,2.6215608236716887,SARKY
0.05878824237312119,-0.010797840423636962,False,0.4271189661727752,SARKY
0.042857142914285884,0.0,True,4.462743723876693,SARKY
0.004444443945678778,-0.02333333349259281,False,0.5871681574877915,SARKY
0.007764836625283156,-0.012201885491580744,False,2.778045644487113,SARKY
0.006692694176305247,-0.0407138869698076,False,0.833120571902965,SARKY
0.018965517127427445,-0.013793103626635106,False,0.09563658099221523,SARKY
0.015306122148178947,-0.006802721458651684,False,0.7123335008795285,SARKY
0.06740947070584502,-0.007799443135605766,True,3.4739858839311912,SARKY
0.01473684203213299,-0.015263158025761836,False,1.9755682999303512,SARKY
0.007894736746537179,-0.024736842226869893,False,0.9417167598470797,SARKY
0.036266666328462316,-0.0069333333549510545,False,0.625611668262612,SARKY
0.0005144029772941039,-0.0390946504513201,False,1.0728618387882516,SARKY
0.009523809513731551,-0.014285714535147376,False,0.5193294485996025,SARKY
0.0048025610946969,-0.0330843116607763,False,0.25488811876960277,SARKY
0.014876032767342728,-0.009917355361883207,False,1.7830024254392474,SARKY
0.02002224692743515,-0.026140155309136937,False,0.45366573724810527,SARKY
0.012269938951409598,-0.012827663094285291,False,0.9939556042291506,SARKY
0.0011242269678002348,-0.0219224284016164,False,0.2567388953416099,SARKY
0.00513991975442929,-0.022844089383858734,False,0.5085192672299437,SARKY
0.01987142033584055,-0.002922267644877574,False,0.5314124109750983,SARKY
0.006968640914664537,-0.013937282410049212,False,0.20284726132096792,SARKY
0.005889281437595262,-0.010600706705456653,False,0.16648979662824243,SARKY
0.011242603772276816,-0.0065088753075870365,False,0.18452654922774953,SARKY
0.01679664059233743,-0.0011997599137639758,False,0.7696512766786219,SARKY
0.02625298333200443,-0.0035799524623920664,False,0.2917659636071228,SARKY
0.0017730491507803592,-0.02009456275533872,False,0.4661177960729999,SARKY
0.01565322039775663,0.0,False,0.7840016607277893,SARKY
0.012650602498185393,-0.009638554341704353,True,3.7188219052002496,SARKY
0.0018785223323005695,-0.030056355438284443,True,11.18948875105367,SARKY
0.020473448117024784,-0.040946897513640335,False,0.5390705038646161,SARKY
0.0,-0.015003261530946221,False,0.14172485374634047,SARKY
0.03618421075571354,-0.004605262971779656,False,0.1451981707314891,SARKY
0.0038363173456807953,-0.04092071600951064,False,0.5820024863728446,SARKY
0.015946844061765386,-0.017275747567466193,False,0.5454946185209832,SARKY
0.0033783783372898224,-0.012837838087107478,False,0.18209745174562544,SARKY
0.007412399103464917,-0.0229110513455294,False,0.07074900858296261,SARKY
0.024071526531183718,-0.008253094673139949,False,0.12409965981886784,SARKY
0.006666666586666592,-0.011999999989333321,False,0.6344351644907572,SARKY
0.004698002167842885,-0.01275165643059395,False,0.5398496566362562,SARKY
0.0007949125596184992,-0.038155802861685295,False,1.739608463484985,SARKY
0.005723630417007408,-0.01635322976287823,False,1.57027059641697,SARKY
0.0066334991708125735,-0.010779436152570376,False,1.0814529826573087,SARKY
0.020050125313283207,-0.02088554720133673,False,1.1041949179360668,SARKY
0.010126582278481067,-0.0641350210970465,False,0.5487495532361513,SARKY
0.04959422903516675,0.0,True,5.199489866310474,SARKY
0.011206896551724244,-0.011206896551724133,False,0.34017531242802634,SARKY
0.005982905982906184,-0.0196581196581197,False,1.228246745539087,SARKY
0.003352891869237151,-0.04945515507124898,False,1.1842834889477387,SARKY
0.011715481171548081,-0.008368200836819994,False,0.29873038707208144,SARKY
0.0016877637130801038,-0.011814345991561281,False,0.8004652638262238,SARKY
0.006756756756756799,-0.005912162162162171,False,0.3100043168572944,SARKY
0.011824324324324342,-0.012668918918918859,False,0.08376511226250713,SARKY
0.0,-0.026450511945392496,False,0.8698742313282898,SARKY
0.006102877070619073,-0.024411508282475958,False,0.5168030753961093,SARKY
0.0035714285714285587,-0.02857142857142858,False,0.32726377952692376,SARKY
0.014705882352941124,-0.012867647058823484,False,2.7900215699158575,SARKY
0.049769585253456095,0.0,False,0.0674381178626663,SARKY
0.04501323918799649,-0.0026478375992938785,True,7.068210833486875,SARKY
0.011139674378749076,-0.01799485861182515,False,2.2424297812703347,SARKY
0.008598452278590019,-0.010318142734307867,False,0.30151526805630335,SARKY
0.03489361702127658,-0.002553191489361728,False,2.813921563349187,SARKY
0.014190317195325486,-0.013355592654424098,False,0.23204752884494853,SARKY
0.0008271298593880427,-0.03556658395368062,False,1.6059522045594739,SARKY
0.006820119352088705,-0.019607843137254832,False,0.023839277131982996,SARKY
0.04137931034482767,-0.006896551724137945,False,0.12501981296600095,SARKY
0.038687973086627414,-0.000841042893187538,False,0.30696057075478667,SARKY
0.020990764063812062,-0.017632241813602012,False,0.9271232876711921,SARKY
0.05993150684931514,-0.0042808219178082085,False,0.37379979468182734,SARKY
0.0,-0.054545454545454564,False,1.2346672587000478,SARKY
0.0,-0.032173913043478275,False,0.6856470019925505,SARKY
0.012578616352201255,-0.010781671159029615,False,0.413244878277416,SARKY
0.007194244604316502,-0.03237410071942437,False,0.12273106406637081,SARKY
0.032727272727272716,0.0,False,3.1694526384775883,SARKY
0.0,-0.028622540250447304,False,0.7093700370557138,SARKY
0.0018214936247722413,-0.024590163934426257,True,3.8254059216802285,SARKY
0.010999083409715782,-0.01191567369385893,False,0.19574204797932285,SARKY
0.000914076782449813,-0.03564899451553927,False,0.40844543019217194,SARKY
0.004681647940074862,-0.04962546816479407,False,0.27487854568317344,SARKY
0.032258064516129004,0.0,False,0.3751010509290703,SARKY
0.007532956685499137,-0.0197740112994349,False,3.072441742655899,SARKY
0.01209302325581385,-0.013953488372092981,False,0.2224125708884951,SARKY
0.012025901942645634,-0.024976873265494914,False,0.05753878596114912,SARKY
0.0,-0.027077497665732975,False,0.3854642198507447,SARKY
0.013346043851287126,-0.009532888465204947,False,0.07664562669072962,SARKY
0.005747126436781436,-0.028735632183908177,False,1.2708349948171738,SARKY
0.012621359223301098,-0.001941747572815511,False,0.10683760683760683,SARKY
0.015564202334630295,0.0,False,1.6973691623018423,SARKY
0.00768491834774232,-0.003842459173871271,False,1.9352837795922804,SARKY
0.015355086372360827,0.0,False,0.7689191014279233,SARKY
0.013232514177693888,-0.020793950850661602,False,0.5175519529008785,SARKY
0.0009372071227742307,-0.018744142455482726,False,1.9271103055422159,SARKY
0.0028248587570620654,-0.043314500941619594,False,0.6750792213658499,SARKY
0.0019436345966956647,-0.023323615160349864,False,0.43375816643452203,SARKY
0.04747774480712175,-0.003956478733926794,False,2.0588719863788105,SARKY
0.008754863813229541,-0.012645914396887226,False,1.0421071986750903,SARKY
0.023210831721470093,-0.004835589941972862,False,0.12095612940387068,SARKY
0.008522727272727071,-0.007575757575757569,False,0.5949930592131152,SARKY
0.002870813397129357,-0.03540669856459322,True,5.347000679881319,SARKY
0.000988142292490224,-0.014822134387351804,False,0.997617280575837,SARKY
0.002955665024630516,-0.015270935960591148,False,0.9498241766560253,SARKY
0.020916334661354563,-0.0029880478087649376,False,0.48234404808966685,SARKY
0.003917727717923647,-0.019588638589618013,False,3.3166309669532836,SARKY
0.0019512195121951237,-0.044878048780487956,False,1.081137350543627,SARKY
0.00805639476334341,-0.031722054380664666,False,0.8832002633961643,SARKY
0.021276595744680993,0.0,False,1.3837458585064795,SARKY
0.007121057985757906,-0.00915564598168861,False,0.18617296737388986,SARKY
0.028197381671701827,-0.017119838872104776,True,3.9847007956604497,SARKY
0.009669211195928895,-0.012722646310432406,True,4.178288623898178,SARKY
0.010763710917478297,-0.015376729882111695,False,1.1238647637949248,SARKY
0.008342022940563076,-0.0036496350364962904,False,0.5498833968489023,SARKY
0.005208333333333481,-0.010937499999999933,False,0.3271530015762213,SARKY
0.000522739153162588,-0.01254573967590178,False,0.9176710142538318,SARKY
0.011572856391372843,-0.0010520778537612685,False,1.0650368546896198,SARKY
0.009911319770474547,-0.003651538862806447,False,0.6644228706283701,SARKY
0.009394572025052117,-0.0026096033402923657,False,1.2004665059228536,SARKY
0.004134366925064636,-0.006201550387596844,False,0.436629690818749,SARKY
0.006163328197226425,-0.004108885464817691,False,1.9854980251864724,SARKY
0.015306122448979664,-0.017857142857142794,False,1.9478300084260458,SARKY
0.02369912416280262,-0.008243173621844457,False,0.6026341314002911,SARKY
0.010341261633919352,-0.002585315408479727,False,2.9961038103413067,SARKY
0.004130098089829559,-0.008776458440888035,False,0.45232881639239964,SARKY
0.01801338136901709,-0.010293360782295369,False,0.5561660308511063,SARKY
0.0005186721991701226,-0.014522821576763434,False,0.47425887199341055,SARKY
0.0005221932114882755,-0.016187989556135762,False,0.4219482549053747,SARKY
0.0015915119363394403,-0.015384615384615441,False,1.8419579037517704,SARKY
0.0016051364365969878,-0.032637774210807935,False,0.24834839703318917,SARKY
0.004366812227074135,-0.03493449781659397,False,0.4834678575820263,SARKY
0.011229646266142534,-0.004491858506457058,False,0.07190387954619641,SARKY
0.02298850574712641,-0.013136288998357948,False,1.4700127119245583,SARKY
0.019427954668105762,-0.010253642741500313,False,0.5271026553589954,SARKY
0.002645502645502562,-0.011640211640211562,False,0.38588657220172384,SARKY
0.005333333333333412,-0.010666666666666602,False,2.105253553766902,SARKY
0.019924609585352915,-0.004846526655896577,False,0.12726944713201763,SARKY
0.00846560846560851,-0.012169312169312163,False,0.6481934446849043,SARKY
0.025329815303430037,-0.0036939313984168942,False,0.2399312979778891,SARKY
0.02346938775510199,-0.009183673469387754,True,5.542964154522686,SARKY
0.028084252758274753,-0.010030090270812475,False,0.3613916226503702,SARKY
0.007560483870967749,-0.019657258064516125,False,0.3594235848738439,SARKY
0.03172978505629476,0.0,False,0.12827826767324546,SARKY
0.018018018018018056,-0.008508508508508483,False,0.2870038190024635,SARKY
0.003012048192771122,-0.04568273092369468,False,1.7406281661606982,SARKY
0.02129870129870115,-0.004155844155844135,False,0.6583550094182675,SARKY
0.0,-0.03038105046343964,False,0.6387067128956665,SARKY
0.007792207792207684,-0.01090909090909098,False,0.3433014354066575,SARKY
0.014987080103359363,-0.010852713178294504,False,1.0290210080547157,SARKY
0.00766087844739527,-0.011235955056179803,False,1.0056027820709421,SARKY
0.0,-0.047987616099071206,False,0.1614617155681677,SARKY
0.0031779661016950733,-0.01906779661016944,False,1.81326536955187,SARKY
0.033119658119658,0.0,False,1.3726365106800789,SARKY
0.0015706806282722585,-0.01675392670157072,False,0.9104093216306486,SARKY
0.0026609898882385963,-0.01543374135178277,False,1.9664974137515334,SARKY
0.0,-0.018240343347639354,False,1.3101041965400058,SARKY
0.005997818974918356,-0.0070883315158123406,False,0.5685358255456295,SARKY
0.00933040614709113,0.0,False,1.134401114206128,SARKY
0.0010928961748635224,-0.014754098360655776,False,0.8188993404696724,SARKY
0.014412416851441234,-0.007206208425720617,False,1.0899611758176373,SARKY
0.005530973451327359,-0.0038716814159293067,False,0.04778599021995167,SARKY
0.0,-0.012154696132596676,False,0.02497187851518673,SARKY
0.0122154358689619,0.0,False,0.3504015286497792,SARKY
0.017014270032930767,-0.005488474204171312,False,0.01421989647858322,SARKY
0.02631578947368407,-0.0064446831364125545,False,0.8716860409875049,SARKY
0.014869888475836257,-0.021242697822623446,False,0.959861724601203,SARKY
0.003231017770597866,-0.014001077005923457,False,0.6507027589795288,SARKY
0.020551649540291983,-0.0027041644131963194,False,0.575441776167544,SARKY
0.01748807631160565,-0.005299417064122847,False,1.9275998482614443,SARKY
0.004237288135593209,-0.012711864406779627,False,2.094605718049488,SARKY
0.007510729613734002,-0.011802575107296098,False,0.17165878437548726,SARKY
0.00965147453083115,-0.014477211796246614,False,0.6880920555574619,SARKY
0.029284164859002093,-0.0032537960954446277,False,0.35886214441899794,SARKY
0.008510638297872353,-0.02393617021276595,False,1.249786677286677,SARKY
0.009184224743381986,-0.0016207455429497752,False,5.122173780796398,SARKY
0.00324324324324321,-0.038918918918918965,False,0.26811433636162196,SARKY
0.005617977528090012,-0.012921348314606784,False,0.7377988539822169,SARKY
0.019774011299435124,-0.001129943502824693,False,0.11218448114676596,SARKY
0.005019520356943641,-0.019520356943669714,False,1.2150668286755772,SARKY
0.01976284584980248,0.0,False,4.5626320805540495,SARKY
0.008375209380234505,-0.01340033500837523,False,0.335174130941339,SARKY
0.02422535211267607,-0.0005633802816901179,False,0.039584826855964865,SARKY
0.024752475247524774,0.0,False,0.5553406820091752,SARKY
0.02685284640171859,-0.004296455424274925,False,0.09971021718066253,SARKY
0.012598425196850505,-0.01207349081364828,False,1.934405612920585,SARKY
0.007936507936507908,-0.015343915343915326,False,0.36367839118453943,SARKY
0.0047897817988291624,-0.027142096860031883,False,0.9841451766943303,SARKY
0.03842049092849531,-0.002134471718249653,False,1.7125427763716918,SARKY
0.02266872746007209,-0.0015455950540959051,False,2.0381410256403845,SARKY
0.005533199195171035,-0.015090543259557498,True,3.2173963367003227,SARKY
0.035538005923000826,-0.0049358341559724295,True,24.46909164335042,SARKY
0.027692307692307683,-0.051794871794871744,False,1.9921650737903818,SARKY
0.04919786096256673,0.0,False,0.3018750924862501,SARKY
0.000526315789473708,-0.07052631578947366,False,0.48119384802817733,SARKY
0.022639425731640017,-0.04472667034787403,False,2.1608672058025777,SARKY
0.08067226890756296,-0.0011204481792717047,False,0.6284532327598462,SARKY
0.0733752620545074,-0.007337526205450695,False,0.8946053680573042,SARKY
0.035643564356435675,0.0,False,0.573451379899811,SARKY
0.028292682926829293,-0.044390243902439064,False,0.5743783696021662,SARKY
0.0,-0.0485714285714286,False,0.8175173657928599,SARKY
0.013671875,-0.03564453125,False,0.33488006788780156,SARKY
0.0025188916876572875,-0.04030226700251893,False,0.4149610778857059,SARKY
0.00789889415481837,-0.05213270142180093,False,0.9851484757228558,SARKY
0.012698412698412653,-0.007936507936507908,False,1.3371294515919396,SARKY
0.0,-0.03138297872340423,False,0.10270448277281945,SARKY
0.017148981779206984,-0.008574490889603492,False,1.4510963936374153,SARKY
0.02297008547008561,-0.00961538461538447,False,0.18208776196965257,SARKY
0.006777893639207555,-0.007820646506777829,False,1.125932110126601,SARKY
0.015112037519541488,-0.010943199583116181,False,0.7048558206439364,SARKY
0.03904216553878204,-0.016137428422696498,False,0.8026749235805438,SARKY
0.018134715025906578,-0.0036269430051812934,False,0.03863869545286283,SARKY
0.007070707070707005,-0.021212121212121238,False,0.5096211843462101,SARKY
0.029116465863453955,-0.012048192771084376,False,0.7259806228204818,SARKY
0.0,-0.038270377733598426,False,1.5859434283171039,SARKY
0.009778692743180661,-0.0036026762738033957,False,0.8354950740659864,SARKY
0.0031088082901553626,-0.013989637305699576,False,0.9203117077207355,SARKY
0.05049973698053645,-0.007890583903208848,False,0.4382830590866963,SARKY
0.008753861997940371,-0.025746652935118353,False,0.8450084242799661,SARKY
0.004132231404958775,-0.02892561983471076,False,0.5572339711310287,SARKY
0.02278749337572883,0.0,False,0.8288249296690822,SARKY
0.01242879337131031,-0.025893319523562996,False,1.3074286594530184,SARKY
0.017021276595744705,0.0,False,0.5735823196848482,SARKY
0.00794491525423724,-0.01536016949152541,False,1.8568517131466942,SARKY
0.01180257510729632,-0.007510729613733891,False,0.5793528008770624,SARKY
0.009047365620010739,-0.002128791910590677,False,0.5154600653896503,SARKY
0.027806925498425894,-0.0031479538300104304,True,6.5663822186948435,SARKY
0.0,-0.021616057642820263,True,4.8897246053198575,SARKY
0.027027027027026973,-0.0031185031185032575,False,0.4950120986967501,SARKY
0.009875259875259834,-0.02754677754677748,False,0.4709058998244649,SARKY
0.0042621204049013706,-0.014384656366542403,False,0.1470575223196406,SARKY
0.010700909577314066,-0.00856072766185123,False,0.5084345448432176,SARKY
0.0037533512064342744,-0.01823056300268089,False,0.2678850215815863,SARKY
0.004893964110929794,-0.014681892332789603,False,0.20625305414929848,SARKY
0.005494505494505475,-0.00879120879120876,False,0.132852173217639,SARKY
0.010491441192711282,-0.007730535615681933,False,0.6514268180423443,SARKY
0.0038845726970033745,-0.037735849056603765,False,1.191063326099799,SARKY
0.012665515256188753,-0.013241220495106454,False,0.12828648574638843,SARKY
0.032501450957632017,0.0,False,2.3646250455047495,SARKY
0.0022831050228309113,-0.011986301369863117,False,0.5575119773961164,SARKY
0.005733944954128267,-0.013761467889908285,False,2.543759307620706,SARKY
0.009184845005740572,-0.008610792192881744,False,0.5345661299750821,SARKY
0.023563218390804552,-0.008045977011494232,False,0.6279000705293908,SARKY
0.010674157303370846,-0.002808988764044895,True,17.750809657002463,SARKY
0.03288740245262001,-0.00557413600891854,False,0.5427671432033173,SARKY
0.014076881429344823,-0.003248511099079754,False,0.08595877841952079,SARKY
0.005449591280654031,-0.016348773841961872,False,0.4849839957944735,SARKY
0.0,-0.039171796306659235,False,0.211360543282521,SARKY
0.03746397694524495,-0.0005763688760807018,False,0.1716938927677106,SARKY
0.014582164890633686,-0.0044868199663488095,False,0.10918593828324061,SARKY
0.0,-0.027057497181510737,False,0.22083886995218932,SARKY
0.009764503159104043,-0.008615738081562352,False,0.08123689727478352,SARKY
0.020138089758342748,-0.006329113924050667,False,0.567929253404253,SARKY
0.0,-0.025380710659898442,False,0.20591854406229923,SARKY
0.031321184510250566,0.0,True,3.3678100263839856,SARKY
0.006681514476614803,-0.01837416481069043,False,0.06830985915491997,SARKY
0.03399433427762033,-0.0033994334277620553,False,1.4794494176535549,SARKY
0.002762430939226679,-0.030939226519337004,False,2.3649049881231643,SARKY
0.0219471018570625,0.0,False,0.35096697157674783,SARKY
0.0,-0.027493261455525664,True,30.181691732589748,SARKY
0.01154480483782283,-0.016492578339747044,False,0.14779749016966878,SARKY
0.012168141592920234,-0.0016592920353982743,False,0.3118391790658519,SARKY
0.006597031335898951,-0.009895547003848315,False,0.2115482990878401,SARKY
0.0,-0.030939226519337004,False,0.8212521084518134,SARKY
0.007932011331444722,-0.02039660056657222,False,1.6331145075402094,SARKY
0.06722222222222207,0.0,True,3.429377616393211,SARKY
0.07452054794520557,-0.004931506849314982,False,2.5274797263750033,SARKY
0.00462012320328542,-0.03182751540041062,False,1.7948201092418299,SARKY
0.019371727748691114,-0.0036649214659687512,False,0.4615291203186985,SARKY
0.017331932773109182,-0.02941176470588236,False,0.273061801876917,SARKY
0.019786096256684482,0.0,False,0.44160799093858794,SARKY
0.008403361344537785,-0.011554621848739455,False,0.10781722900129961,SARKY
0.044619422572178546,-0.002624671916010457,False,0.4252020281791865,SARKY
0.09732728189611706,-0.00655572365103374,False,0.34471748317414735,SARKY
0.04761904761904767,-0.07547169811320753,True,3.9257262463530114,SARKY
0.007692307692307665,-0.009615384615384692,False,0.22933176071652692,SARKY
0.019305019305019266,-0.035231660231660245,False,0.29518353986433593,SARKY
0.006822612085770174,-0.02680311890838205,False,0.12141743291929068,SARKY
0.004975124378109319,-0.008457711442786064,False,0.05155040713366084,SARKY
0.012974051896207595,-0.00499001996007975,False,0.533602854932411,SARKY
0.0009980039920161055,-0.015469061876247525,False,0.6704995259094464,SARKY
0.01106639839034207,-0.001006036217303885,False,0.14692014446238255,SARKY
0.010040160642570184,-0.0010040160642570406,False,0.5076438148191074,SARKY
0.03486055776892427,-0.003984063745019917,False,0.6628843973731918,SARKY
0.004854368932038833,-0.022330097087378653,False,0.1664349452717224,SARKY
0.03831041257367396,0.0,False,1.3522464133713665,SARKY
0.004761904761904745,-0.02285714285714291,False,0.4127720891087741,SARKY
0.014478764478764505,-0.008687258687258725,False,0.8643338271049573,SARKY
0.0028985507246377384,-0.032850241545893666,False,0.7918661574046265,SARKY
0.0029821073558649047,-0.008946322067594381,False,0.0484080941364274,SARKY
0.010000000000000009,-0.0050000000000000044,False,0.37828254203513967,SARKY
0.022110552763819236,0.0,False,0.6094850901827977,SARKY
0.016650342801175277,-0.0019588638589618235,False,1.3307647720686466,SARKY
0.0019607843137254832,-0.01764705882352946,False,2.8158819146291316,SARKY
0.007960199004975133,-0.004975124378109541,False,0.31439323624215293,SARKY
0.021760633036597588,-0.003956478733926794,False,0.7214498166975225,SARKY
0.006782945736434121,-0.011627906976744207,False,2.2618193105329625,SARKY
0.004784688995215447,-0.011483253588516651,True,4.236855708783769,SARKY
0.01056676272814605,-0.011527377521613813,False,0.5189918173553146,SARKY
0.09056244041944717,-0.020019065776930356,False,1.6633942181003867,SARKY
0.015971606033717833,-0.024844720496894346,False,2.8229968412156246,SARKY
0.0017621145374449032,-0.04493392070484581,False,0.7589230250428222,SARKY
0.02828467153284664,-0.009124087591240837,False,0.8017841971111164,SARKY
0.011659192825111964,-0.07623318385650235,False,0.44992499853332335,SARKY
0.0,-0.032558139534883734,False,0.2535193148820157,SARKY
0.04938271604938271,-0.007597340930674323,False,0.09414531005085658,SARKY
0.014787430683918634,-0.012939001848428777,False,1.1909743397290202,SARKY
0.009302325581395321,-0.040000000000000036,True,3.5338227095334784,SARKY
0.0019047619047620756,-0.018095238095238053,False,0.9408447893016642,SARKY
0.0031595576619272148,-0.019747235387045814,False,0.36923873640600724,SARKY
0.05919999999999992,-0.006399999999999961,False,0.5111892872593459,SARKY
0.020061728395061706,-0.020061728395061817,False,0.9299636967327433,SARKY
0.028726708074534146,-0.041149068322981486,False,0.19232105525433735,SARKY
0.030487804878048808,-0.0030487804878047697,False,1.3081977129545614,SARKY
0.040770941438102115,-0.002965159377316562,False,2.5808011864097993,SARKY
0.009187279151943395,-0.04593639575971731,False,0.5816159463603335,SARKY
0.0,-0.035260930888575515,False,1.0326516655397353,SARKY
0.010489510489510412,-0.032167832167832255,False,0.5167508751835808,SARKY
0.06483439041578576,-0.0211416490486257,False,0.7153897644982656,SARKY
0.025856044723969296,-0.034940600978336844,False,0.5007918285834219,SARKY
0.025850340136054584,-0.00340136054421758,False,1.013213618038687,SARKY
0.010673782521681163,-0.009339559706471046,False,2.3778475655384765,SARKY
0.01807228915662651,-0.0060240963855421326,False,1.2129702688630886,SARKY
0.009327115256495766,-0.005996002664890088,False,1.2544731417013497,SARKY
0.019320453031312468,-0.011325782811459018,False,0.4164930095100973,SARKY
0.011280690112806857,-0.00928998009289983,False,0.984928997829233,SARKY
0.005228758169934622,-0.045751633986928164,False,1.3506193011410055,SARKY
0.019849418206707714,-0.026694045174537884,False,0.38886393280258047,SARKY
0.04574243490499641,-0.009852216748768461,False,0.3115094183055348,SARKY
0.02249488752556239,-0.01499659168370826,False,0.8385822262940907,SARKY
0.06580732700135683,-0.0033921302578019397,False,1.3412086367419838,SARKY
0.004513217279174642,-0.024500322372662753,False,0.5071967461856192,SARKY
0.028820375335120607,-0.016756032171581725,False,1.694052331515921,SARKY
0.0027118644067796183,-0.05084745762711862,False,0.4178161754029331,SARKY
0.051408450704225395,-0.014084507042253502,False,1.1591401228200802,SARKY
0.0,-0.028801071667783007,False,2.5789943584700588,SARKY
0.0027285129604364133,-0.04092769440654842,False,0.20151631564675043,SARKY
0.023288637967536996,-0.004940014114326097,False,0.296648754023932,SARKY
0.018194541637508888,-0.0041987403778865895,False,0.32741568491945,SARKY
0.002044989775051187,-0.024539877300613466,False,0.19106654273632948,SARKY
0.009078212290502652,-0.0188547486033519,False,0.7173444501162725,SARKY
0.06167706167706166,0.0,False,0.47739188709741004,SARKY
0.015072083879423381,-0.03014416775884665,False,0.2691805326821512,SARKY
0.015343562374916742,-0.002001334222815121,True,11.656451596670793,SARKY
0.03708609271523189,0.0,False,0.7034314549234439,SARKY
0.013548387096774306,-0.016129032258064502,False,0.2195075766771379,SARKY
0.023948220064724968,-0.001941747572815511,False,0.5959476963292482,SARKY
0.01645569620253151,-0.03797468354430389,False,0.19839747206861527,SARKY
0.0050473186119874835,-0.021451104100946417,False,0.48055192777241496,SARKY
0.014102564102564052,-0.0064102564102563875,False,0.288831585454829,SARKY
0.014743589743589691,-0.01602564102564108,False,0.2816002816002816,SARKY
0.006472491909385258,-0.0297734627831715,False,0.3172718018323719,SARKY
0.010526315789473717,-0.03947368421052633,False,0.6811622962437988,SARKY
0.023004059539918797,-0.0027063599458727605,False,0.3605643239621551,SARKY
0.022147651006711344,0.0,False,1.3591580832960144,SARKY
0.019515477792732216,-0.008075370121130465,False,0.6125157144852633,SARKY
0.007910349373764003,-0.007910349373764003,False,0.4290872449408011,SARKY
0.01665556295802806,-0.01065956029313797,False,0.6702200397812034,SARKY
0.02257636122177953,0.0,False,0.279820104683111,SARKY
0.0006561679790026975,-0.022309711286089273,False,1.8055341913209935,SARKY
0.030810448760884235,-0.008707300736771506,False,1.1351292125158483,SARKY
0.0058290155440414715,-0.02266839378238339,False,2.609248852603039,SARKY
0.02715231788079464,-0.005298013245033095,False,2.0723900302698524,SARKY
0.007246376811594235,-0.012516469038208133,False,1.0570309631624035,SARKY
0.005280528052805211,-0.01650165016501648,False,1.0350885579749982,SARKY
0.006711409395973034,-0.005369127516778538,False,0.39419137729223563,SARKY
0.020721925133689645,-0.004679144385026812,False,1.5397457459438069,SARKY
0.01264138389886904,-0.006653359946773074,False,0.6388990459728086,SARKY
0.03810775295663604,-0.009855453350854138,False,0.5517873110728228,SARKY
0.006966434452184922,-0.017732742241925226,False,1.9881186867356935,SARKY
0.03868471953578334,0.0,False,1.3280387409200969,SARKY
0.003729024238657397,-0.013673088875077677,False,0.6492571324400693,SARKY
0.009351620947630979,-0.006857855361595999,False,0.27578383045368293,SARKY
0.013580246913580396,-0.0444444444444444,False,0.6001275140555266,SARKY
0.01318267419962349,-0.016949152542372836,False,0.8017631785520198,SARKY
0.060037523452157515,-0.0031269543464665928,False,0.39983659928450294,SARKY
0.012426035502958621,-0.023668639053254337,True,15.983783114632335,SARKY
0.002958579881656931,-0.03431952662721882,False,0.3194291097312683,SARKY
0.016304347826086918,-0.01268115942028969,False,0.17627419982120038,SARKY
0.01030303030303048,-0.00848484848484854,False,0.1517180284802232,SARKY
0.0012210012210012167,-0.015873015873015706,False,0.17438317767363534,SARKY
0.025091799265605896,-0.001223990208078285,False,0.4584073712328929,SARKY
0.003058103975535076,-0.02262996941896034,False,2.578505034402729,SARKY
0.06699751861042169,-0.007444168734491385,False,0.6285309734513275,SARKY
0.0471976401179941,0.0,False,0.7629934322659818,SARKY
0.024670109007458363,-0.018359150889271425,False,0.5052071792599158,SARKY
0.0473239436619719,-0.005070422535211283,False,2.984729272596946,SARKY
0.00983606557377037,-0.0169398907103826,False,1.6818342854612285,SARKY
0.0,-0.0376843255051883,False,0.7037313833814471,SARKY
0.036191536748329645,0.0,False,0.670098312001484,SARKY
0.08054054054054038,-0.011891891891891881,False,2.537536876403505,SARKY
0.07433102081268572,-0.015361744301288338,False,2.307345379130089,SARKY
0.07775768535262206,-0.001808318264014619,True,12.615932745724288,SARKY
0.012244897959183598,-0.12408163265306116,False,1.593053188086511,SARKY
0.09991311902693312,0.0,False,1.071802228905865,SARKY
0.08267716535433078,0.0,True,3.186467594572832,SARKY
0.008777852802160702,-0.09115462525320728,True,3.916258095860462,SARKY
0.07543391188251003,-0.002670226969292422,False,1.9136015138503943,SARKY
0.05476190476190457,0.0,True,3.410913730364468,SARKY
0.015957446808510634,-0.15159574468085113,True,4.527066891473232,SARKY
0.21866295264623958,0.0,True,9.200324877438678,SARKY
0.058193979933110374,-0.0461538461538461,False,0.3488314422306138,SARKY
0.08344459279038707,-0.04472630173564751,False,0.1057193051174264,SARKY
0.02750000000000008,-0.021874999999999978,False,0.15310863324752175,SARKY
0.09906542056074774,-0.015576323987538943,False,0.11731817846453753,SARKY
0.07479224376731297,-0.001108033240997175,False,0.6870521976525431,SARKY
0.06433915211970076,0.0,False,0.8776156194851397,SARKY
0.020878642888212395,-0.020878642888212173,False,1.4275252716375832,SARKY
0.013752455795677854,-0.07622789783889972,False,1.4967623629570732,SARKY
0.0,-0.052244897959183745,False,2.114535688061978,SARKY
0.0,0.0,False,0.2197588978956015,SARKY
0.0947619047619046,0.0,True,5.426195143923667,SARKY
0.05708908406524471,-0.10790464240903397,False,0.5986878975078812,SARKY
0.07069722086786934,-0.024865919063871367,False,0.9155807580433519,SARKY
0.04929233772571995,-0.04001952171791101,False,0.1255413355062201,SARKY
0.04483246814535158,-0.017932987258140742,False,0.15175851451730796,SARKY
0.0009442870632672129,-0.04627006610009443,False,0.11758407523179913,SARKY
0.03609756097560979,-0.013658536585365866,False,0.10893275788077038,SARKY
0.0,-0.035146846413095845,False,0.06850712624927562,SARKY
0.009713701431492971,-0.040388548057259666,False,0.2250770852378174,SARKY
0.0073490813648293685,-0.05301837270341214,False,0.23002539077653555,SARKY
0.03503010399562134,-0.033935413245758106,False,0.2862267526871071,SARKY
0.0664451827242527,-0.0005537098560353115,False,0.10275792480673926,SARKY
0.06852925672113863,-0.030047443331576162,False,0.15809738947395235,SARKY
0.026315789473684292,-0.032631578947368456,False,0.7350402806370941,SARKY
0.050724637681159424,-0.0031055900621117516,False,0.809199318568995,SARKY
0.001015744032503818,-0.047739969527679116,False,0.9952559575057154,SARKY
0.021522309711285992,-0.04986876640419946,False,0.5554577770434411,SARKY
0.006889242183359734,-0.027027027027027084,False,0.881462319777837,SARKY
0.016000000000000014,-0.022400000000000087,False,0.2380550438672711,SARKY
0.06775956284152995,-0.049180327868852625,True,3.6564042796756815,SARKY
0.034482758620689724,-0.06436781609195386,False,0.4451646739811018,SARKY
0.046979865771812124,-0.004270896888346587,False,0.8868281058008517,SARKY
0.03053435114503822,-0.0358191426893717,False,0.427669839154978,SARKY
0.008505467800729027,-0.05103280680437439,False,0.22591150127959525,SARKY
0.0758097863542384,0.0,False,2.4778192889389863,SARKY
0.06796116504854366,-0.011650485436893177,False,0.47234135868262556,SARKY
0.02784503631961255,-0.049031476997578594,False,0.8706737299646835,SARKY
0.002538071065989911,-0.029822335025380786,False,0.5421100243266401,SARKY
0.0,-0.028013029315960947,False,0.6582991273510437,SARKY
0.007973421926910307,-0.03654485049833889,False,0.19402278235514953,SARKY
0.004676018704074636,-0.01870407481629932,False,0.16524184822230237,SARKY
0.0013477088948787852,-0.025606469002695365,False,0.19034507890554617,SARKY
0.0,-0.05589638718473078,True,16.737056757675315,SARKY
0.09261939218523874,-0.06801736613603471,False,1.465081348420269,SARKY
0.004739336492890933,-0.06702775897088697,False,0.3285171839757772,SARKY
0.039971448965024914,-0.016416845110635236,False,0.7298974877458823,SARKY
0.02387843704775694,-0.01519536903039076,False,0.1865708632548308,SARKY
0.010108303249097617,-0.06137184115523464,False,0.1638105608075792,SARKY
0.04157218442932731,-0.016628873771730945,False,0.21807502105513205,SARKY
0.035153328347045765,-0.0029917726252803867,False,0.07821687719183881,SARKY
0.03889674681753874,-0.034653465346534684,False,0.6415182879859752,SARKY
0.012592592592592489,-0.022962962962962963,False,0.6424352536554951,SARKY
0.00290909090909075,-0.02472727272727271,False,0.22336636176846247,SARKY
0.021465581051073324,-0.011843079200592133,False,0.29523851082553326,SARKY
0.009687034277198192,-0.036512667660208664,False,0.21579190704967136,SARKY
0.0014285714285713347,-0.023571428571428577,True,4.066492789789451,SARKY
0.06642335766423368,-0.0021897810218978186,False,1.2027240694952073,SARKY
0.015602836879432758,-0.012056737588652444,False,0.3024159412099716,SARKY
0.007930785868781598,-0.03172314347512617,False,0.9633420672429415,SARKY
0.027349228611500687,-0.019635343618513268,False,0.722377390392415,SARKY
0.044179523141655075,0.0,False,0.46802734359124415,SARKY
0.022957461174881733,-0.04591492234976369,False,1.794842834069372,SARKY
0.07464788732394378,-0.014084507042253502,False,0.7913037622339948,SARKY
0.00745762711864395,-0.02169491525423728,False,2.9562613931392585,SARKY
0.013726835964310125,-0.032258064516129115,False,0.612719905986354,SARKY
0.014114326040931546,-0.028934368383909725,False,0.5262584349721279,SARKY
0.0,-0.025936599423631246,False,0.39616421686094244,SARKY
0.012518409425625876,-0.02356406480117823,False,0.8792458309598007,SARKY
0.008295625942684737,-0.014328808446455454,False,1.4075617378515841,SARKY
0.016819571865443583,-0.006116207951070374,False,0.3621095873859723,SARKY
0.018376722817764257,-0.013016845329249627,False,0.15843766898215547,SARKY
0.008301886792452695,-0.018867924528301883,False,0.4994134153835576,SARKY
0.01371951219512213,-0.009908536585365724,False,0.34567955541870116,SARKY
0.04020467836257313,-0.01608187134502914,False,1.426815567603224,SARKY
0.013571428571428568,-0.0050000000000000044,False,1.2282509009649043,SARKY
0.017780938833570348,-0.015647226173541973,False,1.1916424209483008,SARKY
0.05520169851380041,-0.007784854918612916,False,1.9342164311425354,SARKY
0.0,-0.06070713809206141,False,2.118868556465609,SARKY
0.05994550408719346,-0.0013623978201634523,True,8.433631227993565,SARKY
0.06737367436057373,-0.02308172177167811,True,13.051554202057497,SARKY
0.08065458796025715,-0.08123904149620098,True,7.4170970716252125,SARKY
0.0,-0.08698412698412694,False,0.30413022237796006,SARKY
0.0055172413793103114,-0.04689655172413787,False,0.1811689622538425,SARKY
0.010615711252653925,-0.0622788393489031,False,0.272271715125666,SARKY
0.09006928406466508,-0.0007698229407235857,False,0.23349872947725353,SARKY
0.06331727460426695,-0.00550584996558845,False,0.30508458723701837,SARKY
0.0026560424966799445,-0.04980079681274896,True,11.775545644569727,SARKY
0.04027777777777786,-0.01388888888888895,False,0.046051278046424365,SARKY
0.02915254237288134,-0.006101694915254252,False,0.3213134079152832,SARKY
0.10000000000000009,-0.020000000000000018,False,0.24715995353705833,SARKY
0.006715506715506692,-0.0506715506715506,False,1.1873963996057273,SARKY
0.001891551071879105,-0.06746532156368223,False,0.15565256512726663,SARKY
0.013445378151260456,-0.013445378151260456,False,,GESAN
0.03980099502487566,-0.01243781094527363,False,,GESAN
0.02310231023102305,-0.021452145214521545,False,,GESAN
0.009166666666666545,-0.006666666666666599,False,,GESAN
0.005008347245408995,-0.04006677796327207,False,,GESAN
0.02319587628865971,-0.00859106529209619,False,,GESAN
0.007765314926660771,-0.03106125970664375,False,,GESAN
0.008936550491510209,-0.025915996425379895,False,,GESAN
0.004496402877697925,-0.036870503597122406,False,,GESAN
0.004616805170821747,-0.029547553093259515,False,,GESAN
0.027881040892193232,-0.01951672862453524,False,0.31199728441341856,GESAN
0.008419083255378768,-0.025257249766136636,False,0.8658130532470697,GESAN
0.011070110701106861,-0.04151291512915134,False,1.0571891157883742,GESAN
0.037735849056603765,-0.008490566037735903,False,1.134114781549703,GESAN
0.036832412523020164,-0.02117863720073665,False,1.4818405548512192,GESAN
0.0037105751391466324,-0.036178107606678944,False,0.7517947248619136,GESAN
0.008637236084452882,-0.029750479846449185,False,1.0965724133529073,GESAN
0.006862745098039191,-0.019607843137254943,False,0.3900655268114307,GESAN
0.013565891472868241,-0.02713178294573637,False,1.2897255737236517,GESAN
0.0058422590068158975,-0.06718597857838371,False,1.1015989855565522,GESAN
0.0016638935108153063,-0.030782029950083167,False,1.135286013347886,GESAN
0.012256973795435222,-0.013102282333051551,False,1.5841095586604568,GESAN
0.0224957555178269,-0.005517826825127248,False,0.8711043386769911,GESAN
0.012701100762066098,-0.016088060965283812,False,1.1620335190813913,GESAN
0.016602809706258048,-0.004257130693912203,False,0.6753922614555957,GESAN
0.018915510718789275,-0.007145859604875904,False,1.1843705033965042,GESAN
0.006597938144329962,-0.03876288659793825,False,0.9601918774045038,GESAN
0.09769132107738354,-0.0008550662676357623,False,0.7518186966370448,GESAN
0.006819093461692738,-0.026073004412354495,True,3.6388274918429637,GESAN
0.023550724637681153,-0.022946859903381633,False,1.3075836592785746,GESAN
0.012772970745776657,-0.009476720230737534,False,0.5030341870198508,GESAN
0.01721311475409837,-0.0016393442622950616,False,0.8550840477629865,GESAN
0.016373311502251298,-0.015963978714695015,False,0.9907478313268138,GESAN
0.016626602564102422,-0.015224358974359031,False,2.3087373901724697,GESAN
0.039235412474849074,-0.010865191146881448,False,0.6728277798964277,GESAN
0.026418786692759433,-0.011741682974559686,False,1.1096178750824672,GESAN
0.007881773399014858,-0.02305418719211827,False,0.7025913294661463,GESAN
0.033306581059389995,-0.01805778491171761,False,0.6443602230644361,GESAN
0.03499999999999992,-0.01959999999999995,False,1.1570172194274155,GESAN
0.02976669348350769,-0.0016090104585679832,False,0.8697172213798889,GESAN
0.0009999999999998899,-0.03639999999999999,False,1.9145012382892672,GESAN
0.05397148676171071,-0.0016293279022402407,False,0.8163555967739264,GESAN
0.019038076152304573,-0.020440881763526986,False,0.8744725634806063,GESAN
0.039826839826839766,-0.029004329004329032,True,4.77303297949923,GESAN
0.012798634812286602,-0.03370307167235509,False,0.6404077919539279,GESAN
0.004780530204258948,-0.018252933507170832,False,0.1600924814457867,GESAN
0.0277777777777779,0.0,False,0.7211692647406746,GESAN
0.008095440988495906,-0.038346825734980716,False,0.14344595904128174,GESAN
0.01280353200883022,-0.026490066225165476,False,0.45134581117110356,GESAN
0.011738148984198782,-0.013544018058690654,False,0.277285170952581,GESAN
0.028660994178235644,-0.011195700850873291,False,0.2889780017659604,GESAN
0.0352144469525959,-0.008126410835214481,False,0.21993104252377702,GESAN
0.005309734513274211,-0.02433628318584069,False,0.5149216700928617,GESAN
0.05943268797838819,-0.013957676722197276,False,0.3741007727242419,GESAN
0.009154315605928387,-0.015693112467306092,False,1.4375757758315575,GESAN
0.017142857142857126,-0.022857142857142798,False,0.6221849298260891,GESAN
0.02582368655387346,-0.006233303650934996,False,1.445173618180964,GESAN
0.005357142857142838,-0.022321428571428603,False,1.1251410954057652,GESAN
0.012629679747406364,-0.04104645917907079,False,1.273395510591211,GESAN
0.007925407925408079,-0.01958041958041945,False,0.7872832645662906,GESAN
0.005149812734082326,-0.011704119850187267,False,1.9837114139287275,GESAN
0.031235210601041175,-0.004732607666824373,False,0.5376321203092856,GESAN
0.016988062442607754,-0.0027548209366392573,False,1.4268001437156121,GESAN
0.017663043478260976,-0.004981884057970953,False,0.801776910991928,GESAN
0.0004585052728107719,-0.018340210912425436,False,0.3718551933232048,GESAN
0.0272895467160037,-0.00046253469010182346,False,0.5730834050883507,GESAN
0.01867881548974948,-0.010022779043280083,False,0.6965082544217487,GESAN
0.013630168105406515,-0.027260336210813363,False,0.8632531878149372,GESAN
0.007921714818266423,-0.03401677539608572,False,0.8050578371556498,GESAN
0.008662175168431263,-0.04716073147256983,False,1.6416888550779765,GESAN
0.012468827930174564,-0.030423940149625905,False,0.6940011265490049,GESAN
0.04247876061969014,-0.005497251374313006,False,1.0552318556507263,GESAN
0.06169296987087525,-0.0019129603060735745,True,3.572796273934794,GESAN
0.06017865538316891,-0.009402914903620108,False,2.097731748231347,GESAN
0.004921700223713632,-0.019239373601789733,True,4.891905578061701,GESAN
0.046606334841628794,-0.0036199095022625416,False,0.3657735661917463,GESAN
0.016306743058616124,-0.011018069634200045,False,0.6429198981389396,GESAN
0.0,-0.024498886414253906,False,0.8320388857860932,GESAN
0.0009090909090909705,-0.02590909090909088,False,0.43399661196935607,GESAN
0.030288909599254454,-0.005125815470643058,False,0.3668083673555284,GESAN
0.007459207459207473,-0.02564102564102566,False,0.6014113000974071,GESAN
0.017200191113234675,-0.008122312470138504,False,0.28909119948889955,GESAN
0.022620169651272448,-0.029688972667294977,False,0.42853233523419426,GESAN
0.013037180106228785,-0.049734427812650917,False,0.6689761354888376,GESAN
0.007088607594936791,-0.030886075949367098,False,0.7434556142985547,GESAN
0.04715025906735759,-0.011398963730570033,False,0.5822066974694463,GESAN
0.001994017946161719,-0.032901296111665035,False,0.9541216222055151,GESAN
0.028000000000000025,-0.010999999999999899,False,1.7007583849604786,GESAN
0.023359840954274347,-0.02982107355864816,False,1.617073908633055,GESAN
0.014917695473251058,-0.012860082304526732,False,0.6284925492283129,GESAN
0.0765382691345673,-0.002501250625312479,False,2.2498089824431777,GESAN
0.006993006993007089,-0.02847152847152845,False,1.188818062896506,GESAN
0.001530612244897922,-0.038775510204081765,False,0.5205487209252941,GESAN
0.054239073196419296,0.0,False,0.6187058645685616,GESAN
0.020613373554549952,-0.006535947712418277,False,1.7828062374050968,GESAN
0.013379583746283341,-0.006442021803766074,False,0.2397045550066489,GESAN
0.006360078277886538,-0.023972602739726123,False,0.25049541957277555,GESAN
0.012006003001500787,-0.022011005502751257,False,1.619462437644256,GESAN
0.09381338742393508,-0.004563894523326617,False,0.4965170787271639,GESAN
0.022076092062001118,-0.03898543917332076,True,6.957899682276778,GESAN
0.04015481373971941,0.0,False,0.4706403571550285,GESAN
0.007180469123982736,-0.027285782671134573,False,1.6428271711822726,GESAN
0.07651331719128329,-0.009685230024213065,False,0.9070134312294514,GESAN
0.026363636363636367,-0.016363636363636358,True,4.276666837540719,GESAN
0.012009237875288736,-0.011085450346420278,False,0.4785093935343467,GESAN
0.03949814126394058,0.0,False,1.5217459231818797,GESAN
0.012334399269072538,-0.05162174508908168,False,1.2054826224256432,GESAN
0.008083689966714047,-0.032334759866856855,False,0.17468998427625496,GESAN
0.055179090029041644,-0.004840271055179146,False,0.24100942033968234,GESAN
0.011235955056179803,-0.02200374531835203,False,0.5475639109752342,GESAN
0.02744186046511632,-0.007441860465116301,False,0.6144810348856146,GESAN
0.045798132503334976,-0.00622498888394829,False,1.397937661120225,GESAN
0.0004282655246252709,-0.04368308351177741,False,1.4212710315289472,GESAN
0.03811659192825112,-0.0013452914798206539,False,0.6603383342594308,GESAN
0.0807860262008735,-0.0065502183406113135,False,0.5720122574055159,GESAN
0.054942810457516256,-0.008986928104575131,False,1.829191898099812,GESAN
0.03616813294232646,-0.00782013685239491,False,0.7935214145873469,GESAN
0.0037735849056603765,-0.04622641509433967,False,1.2852956677558764,GESAN
0.005649717514124131,-0.06327683615819213,False,1.1715583655130448,GESAN
0.0,-0.06756756756756754,False,0.3766230559484714,GESAN
0.006972111553784854,-0.03227091633466139,False,0.9301742008219078,GESAN
0.004088307440719419,-0.020032706459525818,False,1.0532504678837529,GESAN
0.0365099009900991,-0.006188118811881083,False,0.7402323319447248,GESAN
0.004985044865403854,-0.024925224327018936,False,1.1970081795092296,GESAN
0.004928131416837678,-0.049691991786447676,False,1.1234147228206428,GESAN
0.008137044967879925,-0.016274089935760294,False,0.6476548282087055,GESAN
0.0,-0.024568965517241415,False,1.4497118910424305,GESAN
0.013943355119825807,-0.006535947712418277,False,0.5066896915919191,GESAN
0.006547359231776406,-0.008293321693583655,False,0.8215539675327358,GESAN
0.019719544259421573,0.0,False,0.5901878833195745,GESAN
0.00910273081924573,-0.0030342436064152434,False,0.5852055729800081,GESAN
0.042771599657827286,-0.004277159965782595,False,2.2013016783380226,GESAN
0.005396430053964174,-0.02324616023246151,False,1.538385134296238,GESAN
0.005059021922428464,-0.02276559865092742,False,0.7464215841691347,GESAN
0.023225806451612874,-0.0017204301075268713,False,0.3206296469525668,GESAN
0.05595288178376112,-0.009676062263357155,False,0.880009518857032,GESAN
0.014734774066797574,-0.006876227897838927,True,4.102094240837697,GESAN
0.013658536585365866,-0.024390243902439046,False,0.5770754284284701,GESAN
0.0028901734104045396,-0.03179190751445082,False,0.828540920623912,GESAN
0.0,-0.035643564356435564,False,1.7298698485966253,GESAN
0.006150061500614923,-0.05863058630586304,False,0.9211178352079047,GESAN
0.006745362563237878,-0.0311973018549746,False,0.6556622780570472,GESAN
0.0013015184381777178,-0.034273318872017344,False,0.22186613315055465,GESAN
0.017935258092738326,-0.006561679790026198,False,0.9748454422037203,GESAN
0.04347826086956519,-0.00521739130434784,False,1.323862568384397,GESAN
0.03643216080402012,-0.008793969849246075,False,0.7087642311808563,GESAN
0.015573770491803307,-0.017622950819672134,False,0.818484358096855,GESAN
0.007086285952480287,-0.023759899958315844,False,0.25491215988512655,GESAN
0.005934718100890191,-0.013565069944891928,False,1.1106259042252238,GESAN
0.04788135593220333,-0.0016949152542373724,False,0.49399731061636054,GESAN
0.0101791530944626,-0.009771986970683932,False,2.4121991093071764,GESAN
0.0069843878389483915,-0.01396877567789645,False,1.3926452865035763,GESAN
0.016222961730449237,-0.009151414309484185,False,0.4344324638718625,GESAN
0.022194304857621416,-0.0008375209380234727,False,0.28491480794196816,GESAN
0.0004089979550103706,-0.041308793456032666,False,0.4765365613433097,GESAN
0.0,-0.03931623931623929,False,1.634436103000684,GESAN
0.0026525198938991412,-0.015473032714412138,False,0.46589236469453704,GESAN
0.022301516503122176,-0.000446030330062519,False,0.41989111236548377,GESAN
0.008733624454148492,-0.013973799126637543,False,0.8143605733055181,GESAN
0.0039079461571862595,-0.012592270950933626,False,0.4622165709053125,GESAN
0.00692340977931627,-0.017308524448290674,False,0.8049814955101883,GESAN
0.05506607929515428,-0.006167400881057272,False,0.8706321337112233,GESAN
0.005919661733615245,-0.016913319238900604,False,2.075255318427035,GESAN
0.016631130063965882,-0.008528784648187626,False,0.58239874921074,GESAN
0.03572947681837513,-0.008932369204593837,False,0.41430108613586514,GESAN
0.04511589403973515,-0.010347682119205337,True,3.7880635613214775,GESAN
0.054702495201535584,-0.02303262955854135,True,12.737992262830277,GESAN
0.06341463414634152,-0.011707317073170742,False,1.2205422289932977,GESAN
0.01073345259391778,-0.06797853309481217,True,3.773941562443515,GESAN
0.016917293233082775,-0.03665413533834594,False,0.3105565800202795,GESAN
0.03254437869822491,-0.009861932938856066,False,0.6827232618091806,GESAN
0.0283203125,-0.001953125,False,0.4685263232428339,GESAN
0.005819592628516057,-0.05683802133850635,False,0.3765484139042046,GESAN
0.0090543259557343,-0.011267605633802913,False,0.2217410147382841,GESAN
0.0008113590263691961,-0.016227180527383256,False,0.1326891896363456,GESAN
0.041073607157381176,0.0,False,0.33120598756590147,GESAN
0.01090188305252715,-0.02001982160555016,False,0.5500946596638187,GESAN
0.02829052969502399,-0.004414125200642216,False,0.3342848397269343,GESAN
0.05064548162859972,-0.009334657398212487,False,1.1219745587302248,GESAN
0.01041666666666674,-0.024621212121212044,False,0.9852844071314026,GESAN
0.0037383177570093906,-0.03457943925233653,False,2.5126050742864168,GESAN
0.028680688336520044,-0.006692160611854625,False,0.23851131657823108,GESAN
0.015962441314554043,-0.04319248826291078,False,1.2398343446017528,GESAN
0.000954198473282597,-0.04961832061068705,False,0.6325060648441514,GESAN
0.014811849479583694,-0.041232986389111326,False,0.9064204627849645,GESAN
0.005758946935417564,-0.02015631427396125,False,0.39670711302954037,GESAN
0.0,-0.045852438516048255,False,0.4506459721735064,GESAN
0.026200873362445476,-0.01091703056768556,False,0.25029816331398586,GESAN
0.043965517241379315,-0.005603448275862011,False,0.3626286164399298,GESAN
0.018410041841004254,-0.010460251046025104,False,0.4909305334727534,GESAN
0.0189473684210526,-0.006736842105263152,False,1.274318916225283,GESAN
0.005870020964360512,-0.020125786163522008,False,1.0052782953637998,GESAN
0.05197505197505192,-0.0020790020790021346,False,1.409234739332125,GESAN
0.016000000000000014,-0.008000000000000007,False,1.3905464210334315,GESAN
0.07532210109018833,-0.001982160555004997,False,2.625629015412856,GESAN
0.027829313543599188,-0.011131725417439675,True,3.3310487809057103,GESAN
0.11316872427983538,0.0,True,4.554622151391553,GESAN
0.004793863854266611,-0.04659635666347073,False,1.1585016818775284,GESAN
0.029239766081871288,0.0,False,1.1947483203254563,GESAN
0.03700189753320671,-0.007590132827324569,False,0.3407004584545679,GESAN
0.01930147058823528,-0.02573529411764708,False,1.3344107614803438,GESAN
0.037442922374429255,-0.0273972602739726,False,1.2909859619488353,GESAN
0.03942307692307678,-0.018269230769230815,False,2.8962667772738833,GESAN
0.051948051948051965,-0.0013986013986013734,False,0.8016968304836708,GESAN
0.0029880478087649376,-0.0916334661354582,False,0.2142188328865249,GESAN
0.08807082945013978,-0.03541472506989751,True,17.92243314578774,GESAN
0.03286170698311275,-0.016430853491556374,False,0.17802847279118786,GESAN
0.0018223234624146212,-0.02323462414578581,False,0.2270900395849094,GESAN
0.025000000000000133,-0.022272727272727222,False,0.23526931246274035,GESAN
0.030541416011105937,-0.016196205460434876,False,0.11805347422517833,GESAN
0.04563940352462725,-0.014008133755083585,False,0.31367840990861673,GESAN
0.01913662661326221,-0.013351134846461776,False,0.1375756234598694,GESAN
0.00995024875621886,-0.02758932609678877,False,0.12707730657967625,GESAN
0.0275958840037418,-0.049111318989709996,False,0.28662313323080285,GESAN
0.009099181073703333,-0.008189262966333044,False,0.1910195245770155,GESAN
0.017584451642757903,-0.012494215640906914,False,0.23612429768383622,GESAN
0.013266239707227845,-0.008234217749313766,False,1.7170510351377732,GESAN
0.011965025310630484,-0.012885411872986752,False,0.44338651028858483,GESAN
0.010449795547478269,-0.012267151294866108,False,0.5370404996073446,GESAN
0.013290559120073375,-0.005499541704858002,False,0.3322923372827204,GESAN
0.018289894833104725,-0.02560585276634675,False,0.572969051427064,GESAN
0.022048690858980313,-0.01607717041800638,False,0.3803572261344028,GESAN
0.004089050431621999,-0.023171285779191364,False,0.5499740508994057,GESAN
0.004582951420714965,-0.02108157653528875,False,0.6368050180436465,GESAN
0.005140186915888023,-0.024299065420560706,False,0.6919510834971582,GESAN
0.00766283524904221,-0.01532567049808431,False,1.117023502753248,GESAN
0.0028517110266161882,-0.018060836501901045,False,0.39420322915874584,GESAN
0.02163461538461542,-0.0033653846153846034,False,1.7948090314412324,GESAN
0.010451306413301609,-0.01995249406175781,False,1.3762767347067246,GESAN
0.0077481840193704965,-0.0213075060532687,False,1.5273671195213923,GESAN
0.0167652859960552,-0.01134122287968442,False,1.1969193661003321,GESAN
0.0009828009828010131,-0.019656019656019708,False,0.7539003175479774,GESAN
0.02849999999999997,0.0,False,0.7206096528365792,GESAN
0.002962962962962834,-0.02320987654320983,False,0.5288716588451337,GESAN
0.02066532258064524,-0.002016129032258007,False,0.5916868351438059,GESAN
0.019920318725099806,-0.006474103585657365,False,0.36886490865169025,GESAN
0.0324118207816968,-0.022878932316491962,True,3.434820619350492,GESAN
0.012719298245613908,-0.01403508771929829,True,14.364874165287105,GESAN
0.017636684303350858,-0.02689594356261016,False,0.8283831046542911,GESAN
0.022301516503122176,-0.005798394290811859,False,0.34028483042901186,GESAN
0.0663106364040944,0.0,False,0.3005176963306488,GESAN
0.014418999151823764,-0.01187446988973695,False,1.2598192743599859,GESAN
0.023126338329764407,-0.003854389721627438,False,0.17497491618334435,GESAN
0.012319456244689775,-0.025063721325403576,False,0.49264208598466713,GESAN
0.006501950585175553,-0.03554399653229301,False,0.12601689330857246,GESAN
0.005373936408419322,-0.022391401701746583,False,0.39758652160686087,GESAN
0.010054844606947055,-0.00822669104204754,False,0.12301987352570024,GESAN
0.014665444546287931,-0.036663611365719606,False,0.3347329946307652,GESAN
0.004690431519699834,-0.024390243902439046,False,0.9488585338185944,GESAN
0.03173076923076934,-0.017307692307692246,False,0.3005338941918783,GESAN
0.0,-0.028368794326241065,False,1.0847002765835092,GESAN
0.015556635877491454,0.0,False,1.8292083482789314,GESAN
0.0441747572815534,0.0,False,0.7276844946698998,GESAN
0.006077606358111165,-0.00654511453950446,True,12.950162878646047,GESAN
0.016439643024894313,0.0,False,0.46417876065422714,GESAN
0.0,-0.018604651162790642,False,0.38954866132963956,GESAN
0.004814636494944624,-0.01492537313432829,False,2.0999609743293974,GESAN
0.03922594142259417,-0.0036610878661087476,False,1.8127739965171836,GESAN
0.030901722391084352,-0.010638297872340274,False,0.30585254623764885,GESAN
0.008964143426295035,-0.016434262948207046,False,0.1438911525625013,GESAN
0.002539360081259323,-0.03199593702387016,False,0.267124511731216,GESAN
0.023255813953488413,-0.014987080103359363,False,0.19888224193585963,GESAN
0.0061570035915854415,-0.02001026167265252,False,0.45511851419277727,GESAN
0.017717561229807277,-0.00990099009901002,False,0.48748758662594455,GESAN
0.01569620253164561,-0.009620253164557058,True,5.515806114103742,GESAN
0.0,-0.014499999999999957,False,0.27729338608690857,GESAN
0.012121212121211977,-0.013636363636363669,False,0.16441731430106432,GESAN
0.008192524321556593,-0.016385048643113187,False,0.12623374107179453,GESAN
0.04703476482617597,-0.006134969325153228,False,0.32172491587641483,GESAN
0.02363367799113747,-0.01230920728705076,False,0.41510729613733904,GESAN
0.018858800773694506,-0.013056092843326872,False,0.20699897443835988,GESAN
0.07622677465459748,-0.008099094807050844,False,2.758512357130034,GESAN
0.0017391304347824654,-0.05608695652173912,True,12.086184247640693,GESAN
0.01073762838468717,-0.018207282913165312,False,0.5484677076394456,GESAN
0.009487666034155628,-0.02751423149905119,False,0.13717800505567326,GESAN
0.09820126397666495,-0.002916869227029606,False,0.18066729437209259,GESAN
0.05236051502145922,0.0,True,8.65545373790266,GESAN
0.0,-0.03410526315789464,False,1.7026862011459307,GESAN
0.020654044750430423,-0.0038726333907056487,False,0.3171463964816808,GESAN
0.09482020547945202,0.0,False,0.46520813443617404,GESAN
0.03986847513358005,0.0,False,0.6035776991780961,GESAN
0.004858299595141835,-0.021052631578947323,False,0.21626107474149298,GESAN
0.018798528810788806,-0.003269309358397976,False,0.1743352684010607,GESAN
0.036363636363636376,-0.014141414141414232,False,0.34900691228925274,GESAN
0.017699115044247815,-0.0193081255028158,False,0.32245040027845456,GESAN
0.011029411764705843,-0.0020424836601307117,False,0.3710642124337507,GESAN
0.0,-0.032105760151086016,False,2.4675062678096706,GESAN
0.022439024390243922,-0.013658536585365866,False,1.0808725982024407,GESAN
0.008910891089108919,-0.014653465346534666,False,0.4754631862045867,GESAN
0.012072434607645732,-0.0032193158953722767,False,0.3993304687739209,GESAN
0.027217741935483986,-0.0020161290322581182,False,0.4715647345984598,GESAN
0.010638297872340496,-0.0032115616218386656,False,0.44690518741750473,GESAN
0.006979062811565351,-0.009371884346959125,False,0.5670185615941687,GESAN
0.01885278780585642,0.0,False,0.6469008944676549,GESAN
0.044955044955044876,-0.018581418581418596,False,0.6010621752704399,GESAN
0.013725490196078383,-0.015686274509803866,False,1.023568345455461,GESAN
0.008973080757726848,-0.006979062811565351,False,0.46271051050654555,GESAN
0.030876494023904355,0.0,False,1.037842393012437,GESAN
0.01764705882352935,-0.020392156862745092,False,0.9506742095474272,GESAN
0.0117647058823529,-0.015686274509803866,False,1.0628491134881817,GESAN
0.008000000000000007,-0.022399999999999975,False,0.6186451151416191,GESAN
0.037755102040816446,-0.04979591836734687,False,0.5359129327843848,GESAN
0.03336604514229635,-0.00981354268891066,False,1.5447988147223954,GESAN
0.00484848484848488,-0.015757575757575748,True,7.378141807313513,GESAN
0.005714285714285783,-0.013877551020408108,False,0.38548783421347843,GESAN
0.04438110749185675,0.0,False,0.14680881816492417,GESAN
0.0283203125,-0.0068359375,False,0.3844315654964935,GESAN
0.01553398058252431,-0.003883495145631133,False,0.8254127063531765,GESAN
0.008737864077669855,-0.03300970873786413,False,0.4726029830446543,GESAN
0.0029999999999998916,-0.030400000000000094,False,0.2701296292479855,GESAN
0.010309278350515427,-0.020618556701030966,False,0.0733691332311249,GESAN
0.011676396997498006,-0.009591326105087616,False,0.15909173590491996,GESAN
0.0158995815899583,-0.010041841004184038,False,0.11068545903090769,GESAN
0.0037735849056603765,-0.0683438155136269,False,0.14084641930221645,GESAN
0.0030621172353455517,-0.02187226596675418,False,0.5800124825799612,GESAN
0.005260850504164916,-0.007452871547566797,False,0.5303939962476548,GESAN
0.004807692307692291,-0.027534965034964998,False,0.4874592603089131,GESAN
0.016697588126159735,-0.008348794063079756,True,6.617014164542681,GESAN
0.020027945971122563,0.0,False,0.48328046836781396,GESAN
0.008755760368663656,-0.011981566820276401,False,0.2746021463961204,GESAN
0.04091120409112037,-0.007438400743840057,False,0.5658206176500856,GESAN
0.002331002331002363,-0.02657342657342654,False,0.6657956339485002,GESAN
0.061553030303030276,-0.016098484848484862,False,0.650683400824193,GESAN
0.05555555555555558,-0.0048888888888888316,False,0.3562537407943929,GESAN
0.02383993188590905,-0.008514261387824629,False,0.5522795665257701,GESAN
0.01822806273844857,-0.007206443408223739,False,1.080370861852214,GESAN
0.011068539804172106,-0.01447424435930178,False,0.5873912505669402,GESAN
0.014553014553014387,-0.0029106029106029663,False,2.6799104099717597,GESAN
0.030833333333333268,-0.01416666666666666,True,3.023163197210083,GESAN
0.012927439532944174,-0.022101751459549623,False,0.2940766793188704,GESAN
0.0074349442379182396,-0.03139198678232147,False,0.6058605321912275,GESAN
0.011049723756906049,-0.0161495962600936,False,0.6844486577325807,GESAN
0.0073913043478262,-0.021304347826086922,False,1.128867702912405,GESAN
0.009734513274336276,-0.009734513274336387,False,0.45132909481175576,GESAN
0.018992932862190726,-0.01590106007067138,False,0.09971762807583703,GESAN
0.026979982593559715,-0.01653611836379454,False,0.5252617052071763,GESAN
0.0,-0.06056701030927836,False,1.1076013948164647,GESAN
0.002723558783477076,-0.024058102587380947,False,0.5832479269542533,GESAN
0.023084025854108958,-0.004616805170821858,False,0.5326081044329617,GESAN
0.03874202370100255,-0.014129443938012853,False,1.3123054092588822,GESAN
0.011004126547455417,-0.009628610729023213,False,1.5681133699042702,GESAN
0.018382352941176405,-0.003676470588235392,False,0.6987921330550813,GESAN
0.006957328385899908,-0.016697588126159513,False,2.600589708798664,GESAN
0.015544041450777035,-0.023080546396608614,False,0.4645503152947947,GESAN
0.039429928741092635,0.0,False,0.6421311415257036,GESAN
0.02961591855622392,-0.007866728366496933,False,0.5766383360731233,GESAN
0.012087401208739967,-0.026034402603440365,False,0.2695408217621364,GESAN
0.07410881801125702,-0.017354596622889407,False,0.990830876115846,GESAN
0.005550416281220993,-0.01803885291396856,False,0.9685058332441401,GESAN
0.010692701069269894,-0.003719200371920084,False,0.6119060282537911,GESAN
0.025023169601482875,-0.0013901760889711845,False,0.3059738404044845,GESAN
0.040109389243391025,-0.014129443938012853,True,4.4994317105512405,GESAN
0.04380867232901209,-0.007599463567277698,False,1.851354169079999,GESAN
0.06382978723404253,-0.0017730496453900457,True,317.56200303490135,GESAN
0.04592274678111585,-0.009012875536480669,False,0.1104134957580805,GESAN
0.008939974457215838,-0.013197105151128041,False,0.04143929365993886,GESAN
0.024810765349032815,-0.002102607232968956,False,0.06273580509298637,GESAN
0.0004149377593360981,-0.02199170124481331,False,0.03805758856199395,GESAN
0.0691691269506538,-0.009278785322648808,False,0.09686755297877203,GESAN
0.0004038772213246222,-0.026252019386106662,False,0.1575733223286491,GESAN
0.013104838709677491,-0.01653225806451608,False,0.07811808349921036,GESAN
0.016260162601625883,-0.021951219512195252,False,0.058190070785216784,GESAN
0.008606557377049295,-0.09098360655737703,False,0.26094401959527774,GESAN
0.01860053144375562,-0.023472099202834218,False,0.03952685010186128,GESAN
0.014020805065581232,-0.005427408412483126,False,0.12383155238659607,GESAN
0.01126633618747186,-0.024335286164939296,False,0.5413224195291294,GESAN
0.09541117673784627,0.0,False,1.1693747859507593,GESAN
0.04953031596925683,-0.020495303159692613,False,1.3902076730980164,GESAN
0.01852649719948296,-0.02929771650150792,False,0.2680531825780192,GESAN
0.009640666082383786,-0.00876424189307623,False,1.2313902806307935,GESAN
0.0035056967572304476,-0.02059596844872913,False,0.49229341071981136,GESAN
0.000888888888888939,-0.039555555555555566,False,0.9672715206343109,GESAN
0.022008253094910613,-0.007336084364970241,True,6.068192950697476,GESAN
0.020408163265306145,-0.0104308390022676,False,0.5012732524856389,GESAN
0.012311901504787892,-0.013679890560875596,False,0.33697901271061187,GESAN
0.010189902732746559,-0.004631773969430375,False,0.32382185988037643,GESAN
0.03384330088085297,0.0,False,0.6311447078703466,GESAN
0.028828828828828756,-0.0076576576576575794,False,0.8638942888667052,GESAN
0.017395182872435244,-0.012042818911686126,False,0.272085210868568,GESAN
0.002209456473707405,-0.01546619531595217,False,0.832113989323592,GESAN
0.035024696901661434,-0.004490345756623215,False,0.11888522765146699,GESAN
0.005652173913043512,-0.023913043478260954,False,1.1996151723942785,GESAN
0.004858657243816289,-0.017226148409894004,False,0.3768939779819754,GESAN
0.00223015165031204,-0.027653880463871627,False,0.9056578326252613,GESAN
0.01282638570774175,-0.0022904260192394554,False,0.47499016328939603,GESAN
0.024534302589731993,-0.007723761926397121,False,0.34892005399730014,GESAN
0.02315227070347281,-0.007123775601068583,False,1.7457896531974182,GESAN
0.00355239786856143,-0.01731793960923622,False,0.7229818548139413,GESAN
0.003108348134991168,-0.022202486678507993,False,1.4697828139754485,GESAN
0.02933212996389889,-0.0036101083032491488,False,1.236294942710391,GESAN
0.013215859030837107,-0.007048458149779724,False,1.1021669464367465,GESAN
0.0,-0.019565217391304346,False,1.4094983230691924,GESAN
0.00087374399300999,-0.04019222367846231,False,0.38765935557442377,GESAN
0.01317582916855975,-0.003180372557928246,False,0.7386795647534646,GESAN
0.013945119208277124,-0.0013495276653171517,False,0.30091913083752453,GESAN
0.05782160466158692,0.0,False,0.8347094231076546,GESAN
0.0008438818565401629,-0.03881856540084383,True,3.7797590637469214,GESAN
0.03900087642418937,-0.0035056967572305586,False,0.0810441228491629,GESAN
0.002134927412467791,-0.012809564474807855,False,0.37969949991069835,GESAN
0.031451960361913,-0.00043084877208110495,False,0.5288098428554026,GESAN
0.0008354218880535225,-0.02088554720133673,False,2.1771703001910545,GESAN
0.00794979079497904,-0.0071129707112970175,False,0.17946758148325898,GESAN
0.0058552906733584376,-0.017984107068172328,False,1.083063047202454,GESAN
0.02898550724637672,-0.023870417732310356,False,0.4829662755759959,GESAN
0.0020661157024792765,-0.0190082644628099,False,1.9650083080832763,GESAN
0.06320636249476763,-0.001674340728338164,False,0.4786936896675009,GESAN
0.042502004811547645,-0.01443464314354459,True,3.2993412971818032,GESAN
0.02935420743639927,-0.00391389432485334,False,0.9941810506404304,GESAN
0.03740157480314976,0.0,True,3.2927557997493433,GESAN
0.01712654614652731,-0.009514747859181716,False,0.25293682303826764,GESAN
0.024321796071094415,-0.002806361085126441,False,0.4586257750825171,GESAN
0.0,-0.0564663023679417,False,1.455902281967094,GESAN
0.00871248789932233,-0.029041626331074544,False,1.210162163899648,GESAN
0.05577299412915848,-0.011741682974559686,False,0.18756083465141746,GESAN
0.02425373134328357,-0.009328358208955279,False,0.89852422619825,GESAN
0.040983606557376984,-0.011839708561020013,False,2.1773920039120727,GESAN
0.028492647058823595,-0.007352941176470562,False,0.2038518676428462,GESAN
0.02357207615593837,-0.00906618313689933,False,0.6444852083383618,GESAN
0.01969561324977631,-0.0125335720680394,False,0.6918033051971153,GESAN
0.011617515638963294,-0.022341376228775744,False,0.32811773665522664,GESAN
0.022222222222222365,-0.01851851851851849,False,2.177062413958147,GESAN
0.03483043079743364,0.0,False,0.3962542748279461,GESAN
0.0,-0.05514403292181069,True,11.35066617841751,GESAN
0.006086956521739184,-0.02869565217391301,False,0.7609327867038098,GESAN
0.016071428571428514,-0.03035714285714286,False,0.12001044146145065,GESAN
0.033273381294964155,-0.003597122302158362,False,0.5643929533239495,GESAN
0.0,-0.03391304347826096,False,0.2493287683798464,GESAN
0.020572450805008913,-0.008944543828264706,False,0.36189540878959,GESAN
0.014795474325500324,-0.01218450826805928,False,0.8014649560734842,GESAN
0.006878761822871837,-0.018056749785038684,False,0.18941883558312197,GESAN
0.029914529914529808,-0.0034188034188035177,False,0.3758086070081245,GESAN
0.01651527663088359,-0.01734104046242768,False,0.6080651252144778,GESAN
0.013392857142857206,-0.03749999999999998,True,4.715235963403191,GESAN
0.009310986964618184,-0.09646182495344502,False,1.9505820003052206,GESAN
0.02750000000000008,-0.004166666666666763,True,7.0475602378639435,GESAN
0.03533278553820862,-0.004930156121610518,False,0.39884876965596683,GESAN
0.0008240626287596697,-0.036258755665430575,False,0.27805634194466383,GESAN
0.01487462813429663,-0.02719932001699965,False,0.08240025232613152,GESAN
0.024347826086956514,-0.0021739130434782483,False,0.5854252653792706,GESAN
0.00929054054054057,-0.03209459459459452,False,0.2968001417797756,GESAN
0.06691979117228297,0.0,False,1.3595672129260608,GESAN
0.015363759602349703,-0.015363759602349703,False,0.11360654572246602,GESAN
0.010454545454545494,-0.013181818181818183,False,0.09204516687059618,GESAN
0.06428248076052512,-0.0013580805794477513,False,0.028805606699530795,GESAN
0.01668862538427751,-0.022397891963109262,False,0.2545012097838665,GESAN
0.002711251694532457,-0.039765024853140485,False,0.3868640061728657,GESAN
0.017379679144384985,-0.014705882352941235,False,1.4272091690544413,GESAN
0.007874015748031482,-0.011373578302712128,False,0.24160689412775485,GESAN
0.029385964912280516,-0.0057017543859648745,False,0.26911824708527576,GESAN
0.006124234470691103,-0.03062117235345574,False,0.6642879257751634,GESAN
0.013771657041314889,-0.023100844069302684,False,0.17008433106659573,GESAN
0.0244122965641953,0.0,False,0.8028849079953744,GESAN
0.003971756398940762,-0.024713150926743088,False,0.5900233348344046,GESAN
0.0,-0.015144766146993338,True,54.35942876093355,GESAN
0.042105263157894646,-0.021052631578947434,False,0.3466598209788042,GESAN
0.0022172949002217113,-0.03325942350332589,False,0.1355536553946788,GESAN
0.04932126696832584,-0.002262443438914019,False,0.35874753946812665,GESAN
0.012026726057906334,-0.013808463251670289,False,0.36174290784153385,GESAN
0.00712060525144631,-0.027147307521139252,False,0.29257486650367054,GESAN
0.0424379232505645,-0.004514672686230181,False,0.11166770062685766,GESAN
0.024347056219566232,-0.004426737494466648,False,0.20187123720298628,GESAN
0.010362694300518172,-0.020725388601036343,False,0.33156612607305685,GESAN
0.06907171139463264,-0.00439947206335245,False,0.21832250309882434,GESAN
0.022926219258024183,-0.011671529804084924,False,0.3906183963306398,GESAN
0.0245833333333334,-0.004583333333333273,False,0.5509857683770727,GESAN
0.0032908268202387347,-0.043192102015631284,False,0.5075672782130517,GESAN
0.016000000000000014,-0.015600000000000058,True,11.836831625290003,GESAN
0.019789983844911152,-0.014943457189014575,False,0.6544124866484381,GESAN
0.016727126158807115,-0.004433696090286099,False,0.47171103975407636,GESAN
0.03939393939393954,-0.01898989898989889,False,1.2098968626296724,GESAN
0.005830903790087438,-0.02818270165208947,False,0.38185583685335056,GESAN
0.0,-0.04895104895104885,False,1.3386101385501954,GESAN
0.008368200836820217,-0.03179916317991627,False,0.6834968189998226,GESAN
0.02012847965738751,-0.0025695931477517364,False,0.2071922646910668,GESAN
0.021674458138546404,-0.004249893752656275,False,0.4371864204638921,GESAN
0.017090454355981777,-0.015839933305543896,False,0.257670445227685,GESAN
0.002102607232968845,-0.03448275862068961,False,0.332548188474944,GESAN
0.013015184381778733,-0.003470715835141025,False,0.9793949779577397,GESAN
0.07803095442820274,-0.002149613069647449,False,0.41197324692972925,GESAN
0.05135463000404372,-0.009704811969268201,True,3.7588933561257916,GESAN
0.02005672609400322,-0.034440842787682446,False,1.5205980723222103,GESAN
0.03443983402489614,-0.01742738589211623,False,0.12596795752217602,GESAN
0.041543026706231556,-0.012462908011869334,True,5.927373831734323,GESAN
0.06511175898930999,-0.0019436345966958868,False,1.4309281696235396,GESAN
0.034545454545454435,-0.030000000000000027,False,1.9185635439321884,GESAN
0.03427065026362053,-0.01493848857644997,False,0.5167394980848035,GESAN
0.07161125319693107,-0.01619778346121048,False,2.324509750219106,GESAN
0.03514376996805102,-0.025559105431309903,False,1.5073621541989717,GESAN
0.04859967051070835,-0.009884678747940745,False,0.722344658027961,GESAN
0.026807473598700282,-0.033306255077173,False,0.6557989592752129,GESAN
0.05528455284552858,-0.009756097560975618,False,0.42984596022722377,GESAN
0.013107170393215295,-0.1048573631457208,True,4.536038132306694,GESAN
0.028770706190061057,-0.03138622493461207,False,0.657532778610579,GESAN
0.05107084019769337,-0.004118616144975329,False,2.9614895872959344,GESAN
0.06287878787878798,-0.07727272727272727,True,3.3822479479295335,GESAN
0.0850891410048622,0.0,False,2.9210138920028434,GESAN
0.04471256210078067,-0.00709723207948898,True,4.44768182081941,GESAN
0.0,-0.09562500000000007,True,54.152504343509555,GESAN
0.045003309066843133,-0.09861019192587694,False,0.1941152536545511,GESAN
0.08698677800974242,-0.01043841336116913,False,0.05988799341546986,GESAN
0.06125000000000003,-0.015625,False,0.30434229531092005,GESAN
0.04507211538461542,-0.04507211538461542,False,0.04744459127499679,GESAN
0.004176610978520401,-0.04057279236276845,False,0.13031871739196463,GESAN
0.0,0.0,False,,ATATR
0.0,0.0,False,,ATATR
0.0,0.0,False,,ATATR
0.0,0.0,False,,ATATR
0.22086720867208665,0.0,False,,ATATR
0.03279569892473111,-0.12795698924731191,False,,ATATR
0.06258064516129025,-0.058064516129032295,False,,ATATR
0.04075471698113198,-0.008301886792452806,False,,ATATR
0.09224806201550373,-0.0364341085271318,False,,ATATR
0.04664031620553355,-0.031620553359683834,False,,ATATR
0.013621794871794934,-0.049679487179487225,False,0.37874071373016366,ATATR
0.051476793248945274,-0.04978902953586495,False,0.2398089806790791,ATATR
0.10178571428571437,-0.017857142857142794,False,0.16928625784279142,ATATR
0.07641196013289053,0.0,False,0.30944925886754854,ATATR
0.0,-0.05930138099106419,False,0.13227119590194114,ATATR
0.02512998266897748,-0.0121317157712304,False,0.1627831062315132,ATATR
0.014912280701754321,-0.0429824561403509,False,0.2771395860118141,ATATR
0.02361489554950036,-0.027247956403269713,False,0.6294317279349446,ATATR
0.03482142857142856,-0.02410714285714277,False,1.2826803561157267,ATATR
0.009963768115942129,-0.040760869565217295,False,0.32766977394389124,ATATR
0.030046948356807546,-0.013145539906103343,True,30.694607161466546,ATATR
0.024644549763033208,-0.06255924170616112,False,0.18946485694312368,ATATR
0.09786821705426352,-0.0019379844961240345,False,0.15164580377493173,ATATR
0.04366438356164393,-0.047945205479452135,False,1.6252347446182254,ATATR
0.04982517482517479,-0.02709790209790197,False,0.3352717850097284,ATATR
0.007901668129938422,-0.057945566286215944,False,0.08233558553831975,ATATR
0.11069767441860456,-0.049302325581395245,False,0.1917619471242253,ATATR
0.03061224489795933,-0.01883830455259028,True,3.314599470022006,ATATR
0.036611629576453586,-0.027279253409906556,False,1.9958781139695563,ATATR
0.11204481792717091,-0.02170868347338928,False,0.4897215489908875,ATATR
0.0717005076142132,-0.019670050761421365,False,0.24748784140780258,ATATR
0.07147415443522642,0.0,False,0.29222107233915623,ATATR
0.05240443896424174,-0.11405672009864365,False,0.1468214585189569,ATATR
0.03175675675675671,-0.08783783783783783,False,0.6331641955887841,ATATR
0.01938262742282837,-0.04881550610193819,False,0.164685229738519,ATATR
0.08782287822878221,-0.0022140221402214832,False,0.08879416479698496,ATATR
0.013981358189081305,-0.10519307589880156,False,1.046601990475896,ATATR
0.02298850574712641,-0.0193965517241379,False,0.1879394920966877,ATATR
0.059859154929577496,-0.00985915492957734,False,1.485388547860949,ATATR
0.04492939666238782,-0.03658536585365857,True,3.69084853752319,ATATR
0.07036114570361152,-0.019302615193026118,False,0.40555320160582947,ATATR
0.06844336765596593,-0.03573591762568151,False,0.3755386151782774,ATATR
0.02428393524283945,-0.043586550435865457,False,0.21724300932082605,ATATR
0.058520900321543445,-0.005144694533762095,False,0.17895404302355752,ATATR
0.005600497822028538,-0.033602986932171786,False,0.2520932638816588,ATATR
0.043533123028391074,-0.008201892744479466,False,0.1943801458060616,ATATR
0.005660377358490454,-0.06226415094339621,False,0.4417624416669342,ATATR
0.007348029392117539,-0.08082832331329326,False,0.3233896604345931,ATATR
0.06382978723404253,-0.025531914893616947,False,0.19242564005747875,ATATR
0.048797250859106356,-0.0013745704467355013,False,0.2867622491394421,ATATR
0.023255813953488413,-0.01926910299003326,False,0.82155242904507,ATATR
0.05472972972972956,0.0,False,0.7935536715504519,ATATR
0.03880983182406195,-0.02199223803363526,False,1.0062293070628885,ATATR
0.05065666041275807,-0.00500312695434646,False,1.07797016976273,ATATR
0.040742959856201244,-0.034751348112642355,False,2.101855347786632,ATATR
0.0,-0.05091770278271168,False,1.4683339070396257,ATATR
0.01304347826086949,-0.07142857142857151,False,1.2740221647755192,ATATR
0.09084924292297569,-0.0013166556945358732,False,0.7928907891945172,ATATR
0.0693538826318909,-0.03378778897451096,True,4.692030834402696,ATATR
0.05184331797235031,-0.0875576036866359,False,1.7643889407822781,ATATR
0.04268292682926855,-0.05060975609756091,False,0.95363969832705,ATATR
0.015762925598991284,-0.11601513240857497,False,0.7156441690142811,ATATR
0.10300429184549342,-0.023605150214592308,False,0.726621856534899,ATATR
0.08578745198463511,0.0,False,1.6344182894743766,ATATR
0.02049427365883072,-0.01748040988547317,True,21.071428304160552,ATATR
0.07546048722519338,0.0,False,0.19980639640505835,ATATR
0.018696581196581352,-0.049679487179487114,False,1.3050133379026845,ATATR
0.06795580110497212,-0.023204419889502836,False,0.1613106829982134,ATATR
0.032741398446170855,-0.03218645948945609,False,0.2284862612162823,ATATR
0.0033185840707965486,-0.05862831858407069,False,0.3206561233531306,ATATR
