2026-07-01 -> 2026-07-27 taranıyor (517 hisse)...
/Users/ahmetemreacar/Desktop/DailyVolume/DailyVolume/.venv/lib/python3.9/site-packages/urllib3/__init__.py:35: NotOpenSSLWarning: urllib3 v2 only supports OpenSSL 1.1.1+, currently the 'ssl' module is compiled with 'LibreSSL 2.8.3'. See: https://github.com/urllib3/urllib3/issues/3020
  warnings.warn(
you are using nologin method, data you access may be limited
WARNING:tvDatafeed.main:you are using nologin method, data you access may be limited
WARNING:tvDatafeed.main:you are using nologin method, data you access may be limited
WARNING:tvDatafeed.main:you are using nologin method, data you access may be limited
WARNING:tvDatafeed.main:you are using nologin method, data you access may be limited
WARNING:tvDatafeed.main:you are using nologin method, data you access may be limited
WARNING:tvDatafeed.main:you are using nologin method, data you access may be limited
WARNING:tvDatafeed.main:you are using nologin method, data you access may be limited
WARNING:tvDatafeed.main:you are using nologin method, data you access may be limited
WARNING:tvDatafeed.main:you are using nologin method, data you access may be limited
WARNING:tvDatafeed.main:you are using nologin method, data you access may be limited
WARNING:tvDatafeed.main:you are using nologin method, data you access may be limited
WARNING:tvDatafeed.main:you are using nologin method, data you access may be limited
WARNING:tvDatafeed.main:you are using nologin method, data you access may be limited
WARNING:tvDatafeed.main:you are using nologin method, data you access may be limited
WARNING:tvDatafeed.main:you are using nologin method, data you access may be limited
WARNING:tvDatafeed.main:you are using nologin method, data you access may be limited
WARNING:tvDatafeed.main:you are using nologin method, data you access may be limited
WARNING:tvDatafeed.main:you are using nologin method, data you access may be limited
ERROR:tvDatafeed.main:Connection to remote host was lost.
ERROR:tvDatafeed.main:no data, please check the exchange and symbol
  [15] AKFIS: AKFIS verisi cekilemedi:
  tvdatafeed: bos veri
  yfinance: TypeError: arg must be a list, tuple, 1-d array, or Series
WARNING:tvDatafeed.main:you are using nologin method, data you access may be limited
WARNING:tvDatafeed.main:you are using nologin method, data you access may be limited
WARNING:tvDatafeed.main:you are using nologin method, data you access may be limited
WARNING:tvDatafeed.main:you are using nologin method, data you access may be limited
WARNING:tvDatafeed.main:you are using nologin method, data you access may be limited
WARNING:tvDatafeed.main:you are using nologin method, data you access may be limited
WARNING:tvDatafeed.main:you are using nologin method, data you access may be limited
ERROR:tvDatafeed.main:The read operation timed out
ERROR:tvDatafeed.main:no data, please check the exchange and symbol
  [18] AKHAN: AKHAN verisi cekilemedi:
  tvdatafeed: bos veri
  yfinance: TypeError: arg must be a list, tuple, 1-d array, or Series
WARNING:tvDatafeed.main:you are using nologin method, data you access may be limited
WARNING:tvDatafeed.main:you are using nologin method, data you access may be limited
WARNING:tvDatafeed.main:you are using nologin method, data you access may be limited
ERROR:tvDatafeed.main:The read operation timed out
ERROR:tvDatafeed.main:no data, please check the exchange and symbol
WARNING:tvDatafeed.main:you are using nologin method, data you access may be limited
WARNING:tvDatafeed.main:you are using nologin method, data you access may be limited
WARNING:tvDatafeed.main:you are using nologin method, data you access may be limited
WARNING:tvDatafeed.main:you are using nologin method, data you access may be limited
WARNING:tvDatafeed.main:you are using nologin method, data you access may be limited
WARNING:tvDatafeed.main:you are using nologin method, data you access may be limited
WARNING:tvDatafeed.main:you are using nologin method, data you access may be limited
WARNING:tvDatafeed.main:you are using nologin method, data you access may be limited
WARNING:tvDatafeed.main:you are using nologin method, data you access may be limited
WARNING:tvDatafeed.main:you are using nologin method, data you access may be limited
WARNING:tvDatafeed.main:you are using nologin method, data you access may be limited
WARNING:tvDatafeed.main:you are using nologin method, data you access may be limited
WARNING:tvDatafeed.main:you are using nologin method, data you access may be limited
WARNING:tvDatafeed.main:you are using nologin method, data you access may be limited
WARNING:tvDatafeed.main:you are using nologin method, data you access may be limited
WARNING:tvDatafeed.main:you are using nologin method, data you access may be limited
WARNING:tvDatafeed.main:you are using nologin method, data you access may be limited
WARNING:tvDatafeed.main:you are using nologin method, data you access may be limited
WARNING:tvDatafeed.main:you are using nologin method, data you access may be limited
WARNING:tvDatafeed.main:you are using nologin method, data you access may be limited
WARNING:tvDatafeed.main:you are using nologin method, data you access may be limited
WARNING:tvDatafeed.main:you are using nologin method, data you access may be limited
WARNING:tvDatafeed.main:you are using nologin method, data you access may be limited
WARNING:tvDatafeed.main:you are using nologin method, data you access may be limited
WARNING:tvDatafeed.main:you are using nologin method, data you access may be limited
WARNING:tvDatafeed.main:you are using nologin method, data you access may be limited
WARNING:tvDatafeed.main:you are using nologin method, data you access may be limited
ERROR:tvDatafeed.main:The read operation timed out
ERROR:tvDatafeed.main:no data, please check the exchange and symbol
WARNING:tvDatafeed.main:you are using nologin method, data you access may be limited
WARNING:tvDatafeed.main:you are using nologin method, data you access may be limited
WARNING:tvDatafeed.main:you are using nologin method, data you access may be limited
WARNING:tvDatafeed.main:you are using nologin method, data you access may be limited
WARNING:tvDatafeed.main:you are using nologin method, data you access may be limited
WARNING:tvDatafeed.main:you are using nologin method, data you access may be limited
WARNING:tvDatafeed.main:you are using nologin method, data you access may be limited
WARNING:tvDatafeed.main:you are using nologin method, data you access may be limited
ERROR:tvDatafeed.main:The read operation timed out
ERROR:tvDatafeed.main:no data, please check the exchange and symbol
ERROR:yfinance:HTTP Error 404: {"quoteSummary":{"result":null,"error":{"code":"Not Found","description":"Quote not found for symbol: ALTINS1.IS"}}}
ERROR:yfinance:$ALTINS1.IS: possibly delisted; no price data found  (period=730d) (Yahoo error = "No data found, symbol may be delisted")
ERROR:yfinance:
1 Failed download:
ERROR:yfinance:['ALTINS1.IS']: possibly delisted; no price data found  (period=730d) (Yahoo error = "No data found, symbol may be delisted")
  [30] ALTINS1: ALTINS1 verisi cekilemedi:
  tvdatafeed: bos veri
  yfinance: bos veri
WARNING:tvDatafeed.main:you are using nologin method, data you access may be limited
WARNING:tvDatafeed.main:you are using nologin method, data you access may be limited
WARNING:tvDatafeed.main:you are using nologin method, data you access may be limited
WARNING:tvDatafeed.main:you are using nologin method, data you access may be limited
WARNING:tvDatafeed.main:you are using nologin method, data you access may be limited
WARNING:tvDatafeed.main:you are using nologin method, data you access may be limited
WARNING:tvDatafeed.main:you are using nologin method, data you access may be limited
WARNING:tvDatafeed.main:you are using nologin method, data you access may be limited
WARNING:tvDatafeed.main:you are using nologin method, data you access may be limited
ERROR:tvDatafeed.main:The read operation timed out
ERROR:tvDatafeed.main:no data, please check the exchange and symbol
WARNING:tvDatafeed.main:you are using nologin method, data you access may be limited
WARNING:tvDatafeed.main:you are using nologin method, data you access may be limited
WARNING:tvDatafeed.main:you are using nologin method, data you access may be limited
WARNING:tvDatafeed.main:you are using nologin method, data you access may be limited
WARNING:tvDatafeed.main:you are using nologin method, data you access may be limited
WARNING:tvDatafeed.main:you are using nologin method, data you access may be limited
WARNING:tvDatafeed.main:you are using nologin method, data you access may be limited
WARNING:tvDatafeed.main:you are using nologin method, data you access may be limited
WARNING:tvDatafeed.main:you are using nologin method, data you access may be limited
ERROR:tvDatafeed.main:The read operation timed out
ERROR:tvDatafeed.main:no data, please check the exchange and symbol
  [42] ASUZU: ASUZU verisi cekilemedi:
  tvdatafeed: bos veri
  yfinance: TypeError: arg must be a list, tuple, 1-d array, or Series
WARNING:tvDatafeed.main:you are using nologin method, data you access may be limited
WARNING:tvDatafeed.main:you are using nologin method, data you access may be limited
WARNING:tvDatafeed.main:you are using nologin method, data you access may be limited
WARNING:tvDatafeed.main:you are using nologin method, data you access may be limited
ERROR:tvDatafeed.main:The read operation timed out
ERROR:tvDatafeed.main:no data, please check the exchange and symbol
  [46] ATATR: ATATR verisi cekilemedi:
  tvdatafeed: bos veri
  yfinance: TypeError: arg must be a list, tuple, 1-d array, or Series
WARNING:tvDatafeed.main:you are using nologin method, data you access may be limited
WARNING:tvDatafeed.main:you are using nologin method, data you access may be limited
WARNING:tvDatafeed.main:you are using nologin method, data you access may be limited
WARNING:tvDatafeed.main:you are using nologin method, data you access may be limited
WARNING:tvDatafeed.main:you are using nologin method, data you access may be limited
WARNING:tvDatafeed.main:you are using nologin method, data you access may be limited
WARNING:tvDatafeed.main:you are using nologin method, data you access may be limited
WARNING:tvDatafeed.main:you are using nologin method, data you access may be limited
WARNING:tvDatafeed.main:you are using nologin method, data you access may be limited
WARNING:tvDatafeed.main:you are using nologin method, data you access may be limited
  ... 50/517
WARNING:tvDatafeed.main:you are using nologin method, data you access may be limited
WARNING:tvDatafeed.main:you are using nologin method, data you access may be limited
WARNING:tvDatafeed.main:you are using nologin method, data you access may be limited
WARNING:tvDatafeed.main:you are using nologin method, data you access may be limited
WARNING:tvDatafeed.main:you are using nologin method, data you access may be limited
WARNING:tvDatafeed.main:you are using nologin method, data you access may be limited
WARNING:tvDatafeed.main:you are using nologin method, data you access may be limited
WARNING:tvDatafeed.main:you are using nologin method, data you access may be limited
WARNING:tvDatafeed.main:you are using nologin method, data you access may be limited
WARNING:tvDatafeed.main:you are using nologin method, data you access may be limited
WARNING:tvDatafeed.main:you are using nologin method, data you access may be limited
WARNING:tvDatafeed.main:you are using nologin method, data you access may be limited
WARNING:tvDatafeed.main:you are using nologin method, data you access may be limited
WARNING:tvDatafeed.main:you are using nologin method, data you access may be limited
WARNING:tvDatafeed.main:you are using nologin method, data you access may be limited
WARNING:tvDatafeed.main:you are using nologin method, data you access may be limited
WARNING:tvDatafeed.main:you are using nologin method, data you access may be limited
WARNING:tvDatafeed.main:you are using nologin method, data you access may be limited
WARNING:tvDatafeed.main:you are using nologin method, data you access may be limited
WARNING:tvDatafeed.main:you are using nologin method, data you access may be limited
WARNING:tvDatafeed.main:you are using nologin method, data you access may be limited
WARNING:tvDatafeed.main:you are using nologin method, data you access may be limited
WARNING:tvDatafeed.main:you are using nologin method, data you access may be limited
WARNING:tvDatafeed.main:you are using nologin method, data you access may be limited
WARNING:tvDatafeed.main:you are using nologin method, data you access may be limited
WARNING:tvDatafeed.main:you are using nologin method, data you access may be limited
WARNING:tvDatafeed.main:you are using nologin method, data you access may be limited
WARNING:tvDatafeed.main:you are using nologin method, data you access may be limited
WARNING:tvDatafeed.main:you are using nologin method, data you access may be limited
WARNING:tvDatafeed.main:you are using nologin method, data you access may be limited
WARNING:tvDatafeed.main:you are using nologin method, data you access may be limited
ERROR:tvDatafeed.main:The read operation timed out
ERROR:tvDatafeed.main:no data, please check the exchange and symbol
WARNING:tvDatafeed.main:you are using nologin method, data you access may be limited
WARNING:tvDatafeed.main:you are using nologin method, data you access may be limited
WARNING:tvDatafeed.main:you are using nologin method, data you access may be limited
WARNING:tvDatafeed.main:you are using nologin method, data you access may be limited
WARNING:tvDatafeed.main:you are using nologin method, data you access may be limited
WARNING:tvDatafeed.main:you are using nologin method, data you access may be limited
WARNING:tvDatafeed.main:you are using nologin method, data you access may be limited
WARNING:tvDatafeed.main:you are using nologin method, data you access may be limited
WARNING:tvDatafeed.main:you are using nologin method, data you access may be limited
WARNING:tvDatafeed.main:you are using nologin method, data you access may be limited
WARNING:tvDatafeed.main:you are using nologin method, data you access may be limited
WARNING:tvDatafeed.main:you are using nologin method, data you access may be limited
WARNING:tvDatafeed.main:you are using nologin method, data you access may be limited
WARNING:tvDatafeed.main:you are using nologin method, data you access may be limited
WARNING:tvDatafeed.main:you are using nologin method, data you access may be limited
WARNING:tvDatafeed.main:you are using nologin method, data you access may be limited
WARNING:tvDatafeed.main:you are using nologin method, data you access may be limited
WARNING:tvDatafeed.main:you are using nologin method, data you access may be limited
ERROR:tvDatafeed.main:The read operation timed out
ERROR:tvDatafeed.main:no data, please check the exchange and symbol
WARNING:tvDatafeed.main:you are using nologin method, data you access may be limited
WARNING:tvDatafeed.main:you are using nologin method, data you access may be limited
WARNING:tvDatafeed.main:you are using nologin method, data you access may be limited
WARNING:tvDatafeed.main:you are using nologin method, data you access may be limited
WARNING:tvDatafeed.main:you are using nologin method, data you access may be limited
WARNING:tvDatafeed.main:you are using nologin method, data you access may be limited
WARNING:tvDatafeed.main:you are using nologin method, data you access may be limited
WARNING:tvDatafeed.main:you are using nologin method, data you access may be limited
WARNING:tvDatafeed.main:you are using nologin method, data you access may be limited
WARNING:tvDatafeed.main:you are using nologin method, data you access may be limited
WARNING:tvDatafeed.main:you are using nologin method, data you access may be limited
WARNING:tvDatafeed.main:you are using nologin method, data you access may be limited
WARNING:tvDatafeed.main:you are using nologin method, data you access may be limited
WARNING:tvDatafeed.main:you are using nologin method, data you access may be limited
WARNING:tvDatafeed.main:you are using nologin method, data you access may be limited
WARNING:tvDatafeed.main:you are using nologin method, data you access may be limited
WARNING:tvDatafeed.main:you are using nologin method, data you access may be limited
WARNING:tvDatafeed.main:you are using nologin method, data you access may be limited
WARNING:tvDatafeed.main:you are using nologin method, data you access may be limited
ERROR:tvDatafeed.main:The read operation timed out
ERROR:tvDatafeed.main:no data, please check the exchange and symbol
WARNING:tvDatafeed.main:you are using nologin method, data you access may be limited
WARNING:tvDatafeed.main:you are using nologin method, data you access may be limited
WARNING:tvDatafeed.main:you are using nologin method, data you access may be limited
WARNING:tvDatafeed.main:you are using nologin method, data you access may be limited
WARNING:tvDatafeed.main:you are using nologin method, data you access may be limited
WARNING:tvDatafeed.main:you are using nologin method, data you access may be limited
WARNING:tvDatafeed.main:you are using nologin method, data you access may be limited
WARNING:tvDatafeed.main:you are using nologin method, data you access may be limited
ERROR:tvDatafeed.main:The read operation timed out
ERROR:tvDatafeed.main:no data, please check the exchange and symbol
  [88] BNTAS: BNTAS verisi cekilemedi:
  tvdatafeed: bos veri
  yfinance: TypeError: arg must be a list, tuple, 1-d array, or Series
WARNING:tvDatafeed.main:you are using nologin method, data you access may be limited
WARNING:tvDatafeed.main:you are using nologin method, data you access may be limited
WARNING:tvDatafeed.main:you are using nologin method, data you access may be limited
WARNING:tvDatafeed.main:you are using nologin method, data you access may be limited
WARNING:tvDatafeed.main:you are using nologin method, data you access may be limited
WARNING:tvDatafeed.main:you are using nologin method, data you access may be limited
WARNING:tvDatafeed.main:you are using nologin method, data you access may be limited
WARNING:tvDatafeed.main:you are using nologin method, data you access may be limited
WARNING:tvDatafeed.main:you are using nologin method, data you access may be limited
WARNING:tvDatafeed.main:you are using nologin method, data you access may be limited
WARNING:tvDatafeed.main:you are using nologin method, data you access may be limited
WARNING:tvDatafeed.main:you are using nologin method, data you access may be limited
ERROR:tvDatafeed.main:The read operation timed out
ERROR:tvDatafeed.main:no data, please check the exchange and symbol
WARNING:tvDatafeed.main:you are using nologin method, data you access may be limited
WARNING:tvDatafeed.main:you are using nologin method, data you access may be limited
WARNING:tvDatafeed.main:you are using nologin method, data you access may be limited
WARNING:tvDatafeed.main:you are using nologin method, data you access may be limited
WARNING:tvDatafeed.main:you are using nologin method, data you access may be limited
WARNING:tvDatafeed.main:you are using nologin method, data you access may be limited
WARNING:tvDatafeed.main:you are using nologin method, data you access may be limited
WARNING:tvDatafeed.main:you are using nologin method, data you access may be limited
WARNING:tvDatafeed.main:you are using nologin method, data you access may be limited
WARNING:tvDatafeed.main:you are using nologin method, data you access may be limited
WARNING:tvDatafeed.main:you are using nologin method, data you access may be limited
WARNING:tvDatafeed.main:you are using nologin method, data you access may be limited
WARNING:tvDatafeed.main:you are using nologin method, data you access may be limited
WARNING:tvDatafeed.main:you are using nologin method, data you access may be limited
  ... 100/517
WARNING:tvDatafeed.main:you are using nologin method, data you access may be limited
WARNING:tvDatafeed.main:you are using nologin method, data you access may be limited
WARNING:tvDatafeed.main:you are using nologin method, data you access may be limited
ERROR:tvDatafeed.main:The read operation timed out
ERROR:tvDatafeed.main:no data, please check the exchange and symbol
  [103] BVSAN: BVSAN verisi cekilemedi:
  tvdatafeed: bos veri
  yfinance: TypeError: arg must be a list, tuple, 1-d array, or Series
WARNING:tvDatafeed.main:you are using nologin method, data you access may be limited
WARNING:tvDatafeed.main:you are using nologin method, data you access may be limited
WARNING:tvDatafeed.main:you are using nologin method, data you access may be limited
WARNING:tvDatafeed.main:you are using nologin method, data you access may be limited
WARNING:tvDatafeed.main:you are using nologin method, data you access may be limited
WARNING:tvDatafeed.main:you are using nologin method, data you access may be limited
WARNING:tvDatafeed.main:you are using nologin method, data you access may be limited
WARNING:tvDatafeed.main:you are using nologin method, data you access may be limited
ERROR:tvDatafeed.main:The read operation timed out
ERROR:tvDatafeed.main:no data, please check the exchange and symbol
WARNING:tvDatafeed.main:you are using nologin method, data you access may be limited
WARNING:tvDatafeed.main:you are using nologin method, data you access may be limited
ERROR:tvDatafeed.main:The read operation timed out
ERROR:tvDatafeed.main:no data, please check the exchange and symbol
WARNING:tvDatafeed.main:you are using nologin method, data you access may be limited
WARNING:tvDatafeed.main:you are using nologin method, data you access may be limited
WARNING:tvDatafeed.main:you are using nologin method, data you access may be limited
WARNING:tvDatafeed.main:you are using nologin method, data you access may be limited
WARNING:tvDatafeed.main:you are using nologin method, data you access may be limited
WARNING:tvDatafeed.main:you are using nologin method, data you access may be limited
WARNING:tvDatafeed.main:you are using nologin method, data you access may be limited
ERROR:tvDatafeed.main:The read operation timed out
ERROR:tvDatafeed.main:no data, please check the exchange and symbol
  [110] CEMZY: CEMZY verisi cekilemedi:
  tvdatafeed: bos veri
  yfinance: TypeError: arg must be a list, tuple, 1-d array, or Series
WARNING:tvDatafeed.main:you are using nologin method, data you access may be limited
WARNING:tvDatafeed.main:you are using nologin method, data you access may be limited
WARNING:tvDatafeed.main:you are using nologin method, data you access may be limited
WARNING:tvDatafeed.main:you are using nologin method, data you access may be limited
WARNING:tvDatafeed.main:you are using nologin method, data you access may be limited
WARNING:tvDatafeed.main:you are using nologin method, data you access may be limited
WARNING:tvDatafeed.main:you are using nologin method, data you access may be limited
WARNING:tvDatafeed.main:you are using nologin method, data you access may be limited
WARNING:tvDatafeed.main:you are using nologin method, data you access may be limited
WARNING:tvDatafeed.main:you are using nologin method, data you access may be limited
WARNING:tvDatafeed.main:you are using nologin method, data you access may be limited
WARNING:tvDatafeed.main:you are using nologin method, data you access may be limited
WARNING:tvDatafeed.main:you are using nologin method, data you access may be limited
ERROR:tvDatafeed.main:The read operation timed out
ERROR:tvDatafeed.main:no data, please check the exchange and symbol
  [115] CONSE: CONSE verisi cekilemedi:
  tvdatafeed: bos veri
  yfinance: TypeError: arg must be a list, tuple, 1-d array, or Series
WARNING:tvDatafeed.main:you are using nologin method, data you access may be limited
WARNING:tvDatafeed.main:you are using nologin method, data you access may be limited
WARNING:tvDatafeed.main:you are using nologin method, data you access may be limited
WARNING:tvDatafeed.main:you are using nologin method, data you access may be limited
WARNING:tvDatafeed.main:you are using nologin method, data you access may be limited
WARNING:tvDatafeed.main:you are using nologin method, data you access may be limited
ERROR:tvDatafeed.main:The read operation timed out
ERROR:tvDatafeed.main:no data, please check the exchange and symbol
  [119] CUSAN: CUSAN verisi cekilemedi:
  tvdatafeed: bos veri
  yfinance: TypeError: arg must be a list, tuple, 1-d array, or Series
WARNING:tvDatafeed.main:you are using nologin method, data you access may be limited
WARNING:tvDatafeed.main:you are using nologin method, data you access may be limited
WARNING:tvDatafeed.main:you are using nologin method, data you access may be limited
WARNING:tvDatafeed.main:you are using nologin method, data you access may be limited
WARNING:tvDatafeed.main:you are using nologin method, data you access may be limited
WARNING:tvDatafeed.main:you are using nologin method, data you access may be limited
WARNING:tvDatafeed.main:you are using nologin method, data you access may be limited
WARNING:tvDatafeed.main:you are using nologin method, data you access may be limited
WARNING:tvDatafeed.main:you are using nologin method, data you access may be limited
WARNING:tvDatafeed.main:you are using nologin method, data you access may be limited
WARNING:tvDatafeed.main:you are using nologin method, data you access may be limited
WARNING:tvDatafeed.main:you are using nologin method, data you access may be limited
WARNING:tvDatafeed.main:you are using nologin method, data you access may be limited
WARNING:tvDatafeed.main:you are using nologin method, data you access may be limited
WARNING:tvDatafeed.main:you are using nologin method, data you access may be limited
WARNING:tvDatafeed.main:you are using nologin method, data you access may be limited
WARNING:tvDatafeed.main:you are using nologin method, data you access may be limited
ERROR:tvDatafeed.main:The read operation timed out
ERROR:tvDatafeed.main:no data, please check the exchange and symbol
WARNING:tvDatafeed.main:you are using nologin method, data you access may be limited
WARNING:tvDatafeed.main:you are using nologin method, data you access may be limited
WARNING:tvDatafeed.main:you are using nologin method, data you access may be limited
WARNING:tvDatafeed.main:you are using nologin method, data you access may be limited
WARNING:tvDatafeed.main:you are using nologin method, data you access may be limited
WARNING:tvDatafeed.main:you are using nologin method, data you access may be limited
WARNING:tvDatafeed.main:you are using nologin method, data you access may be limited
WARNING:tvDatafeed.main:you are using nologin method, data you access may be limited
WARNING:tvDatafeed.main:you are using nologin method, data you access may be limited
WARNING:tvDatafeed.main:you are using nologin method, data you access may be limited
WARNING:tvDatafeed.main:you are using nologin method, data you access may be limited
WARNING:tvDatafeed.main:you are using nologin method, data you access may be limited
WARNING:tvDatafeed.main:you are using nologin method, data you access may be limited
WARNING:tvDatafeed.main:you are using nologin method, data you access may be limited
WARNING:tvDatafeed.main:you are using nologin method, data you access may be limited
ERROR:tvDatafeed.main:The read operation timed out
ERROR:tvDatafeed.main:no data, please check the exchange and symbol
WARNING:tvDatafeed.main:you are using nologin method, data you access may be limited
WARNING:tvDatafeed.main:you are using nologin method, data you access may be limited
WARNING:tvDatafeed.main:you are using nologin method, data you access may be limited
WARNING:tvDatafeed.main:you are using nologin method, data you access may be limited
WARNING:tvDatafeed.main:you are using nologin method, data you access may be limited
WARNING:tvDatafeed.main:you are using nologin method, data you access may be limited
WARNING:tvDatafeed.main:you are using nologin method, data you access may be limited
WARNING:tvDatafeed.main:you are using nologin method, data you access may be limited
WARNING:tvDatafeed.main:you are using nologin method, data you access may be limited
WARNING:tvDatafeed.main:you are using nologin method, data you access may be limited
ERROR:tvDatafeed.main:The read operation timed out
ERROR:tvDatafeed.main:no data, please check the exchange and symbol
ERROR:yfinance:HTTP Error 404: {"quoteSummary":{"result":null,"error":{"code":"Not Found","description":"Quote not found for symbol: DMLKTG.IS"}}}
ERROR:yfinance:$DMLKTG.IS: possibly delisted; no price data found  (period=730d) (Yahoo error = "No data found, symbol may be delisted")
ERROR:yfinance:
1 Failed download:
ERROR:yfinance:['DMLKTG.IS']: possibly delisted; no price data found  (period=730d) (Yahoo error = "No data found, symbol may be delisted")
  [135] DMLKTG: DMLKTG verisi cekilemedi:
  tvdatafeed: bos veri
  yfinance: bos veri
WARNING:tvDatafeed.main:you are using nologin method, data you access may be limited
ERROR:tvDatafeed.main:The read operation timed out
ERROR:tvDatafeed.main:no data, please check the exchange and symbol
ERROR:yfinance:$DMRGD.IS: possibly delisted; no price data found  (period=730d) (Yahoo error = "1h data not available for startTime=1711002600 and endTime=1785141029. The requested range must be within the last 730 days.")
ERROR:yfinance:
1 Failed download:
ERROR:yfinance:['DMRGD.IS']: possibly delisted; no price data found  (period=730d) (Yahoo error = "1h data not available for startTime=1711002600 and endTime=1785141029. The requested range must be within the last 730 days.")
  [136] DMRGD: DMRGD verisi cekilemedi:
  tvdatafeed: bos veri
  yfinance: bos veri
WARNING:tvDatafeed.main:you are using nologin method, data you access may be limited
WARNING:tvDatafeed.main:you are using nologin method, data you access may be limited
WARNING:tvDatafeed.main:you are using nologin method, data you access may be limited
WARNING:tvDatafeed.main:you are using nologin method, data you access may be limited
WARNING:tvDatafeed.main:you are using nologin method, data you access may be limited
WARNING:tvDatafeed.main:you are using nologin method, data you access may be limited
WARNING:tvDatafeed.main:you are using nologin method, data you access may be limited
WARNING:tvDatafeed.main:you are using nologin method, data you access may be limited
WARNING:tvDatafeed.main:you are using nologin method, data you access may be limited
WARNING:tvDatafeed.main:you are using nologin method, data you access may be limited
WARNING:tvDatafeed.main:you are using nologin method, data you access may be limited
WARNING:tvDatafeed.main:you are using nologin method, data you access may be limited
WARNING:tvDatafeed.main:you are using nologin method, data you access may be limited
WARNING:tvDatafeed.main:you are using nologin method, data you access may be limited
WARNING:tvDatafeed.main:you are using nologin method, data you access may be limited
WARNING:tvDatafeed.main:you are using nologin method, data you access may be limited
WARNING:tvDatafeed.main:you are using nologin method, data you access may be limited
WARNING:tvDatafeed.main:you are using nologin method, data you access may be limited
WARNING:tvDatafeed.main:you are using nologin method, data you access may be limited
WARNING:tvDatafeed.main:you are using nologin method, data you access may be limited
WARNING:tvDatafeed.main:you are using nologin method, data you access may be limited
WARNING:tvDatafeed.main:you are using nologin method, data you access may be limited
WARNING:tvDatafeed.main:you are using nologin method, data you access may be limited
WARNING:tvDatafeed.main:you are using nologin method, data you access may be limited
WARNING:tvDatafeed.main:you are using nologin method, data you access may be limited
WARNING:tvDatafeed.main:you are using nologin method, data you access may be limited
WARNING:tvDatafeed.main:you are using nologin method, data you access may be limited
WARNING:tvDatafeed.main:you are using nologin method, data you access may be limited
WARNING:tvDatafeed.main:you are using nologin method, data you access may be limited
ERROR:tvDatafeed.main:The read operation timed out
ERROR:tvDatafeed.main:no data, please check the exchange and symbol
  [147] DURKN: DURKN verisi cekilemedi:
  tvdatafeed: bos veri
  yfinance: TypeError: arg must be a list, tuple, 1-d array, or Series
WARNING:tvDatafeed.main:you are using nologin method, data you access may be limited
WARNING:tvDatafeed.main:you are using nologin method, data you access may be limited
WARNING:tvDatafeed.main:you are using nologin method, data you access may be limited
WARNING:tvDatafeed.main:you are using nologin method, data you access may be limited
WARNING:tvDatafeed.main:you are using nologin method, data you access may be limited
  ... 150/517
WARNING:tvDatafeed.main:you are using nologin method, data you access may be limited
WARNING:tvDatafeed.main:you are using nologin method, data you access may be limited
WARNING:tvDatafeed.main:you are using nologin method, data you access may be limited
ERROR:tvDatafeed.main:The read operation timed out
ERROR:tvDatafeed.main:no data, please check the exchange and symbol
WARNING:tvDatafeed.main:you are using nologin method, data you access may be limited
WARNING:tvDatafeed.main:you are using nologin method, data you access may be limited
WARNING:tvDatafeed.main:you are using nologin method, data you access may be limited
WARNING:tvDatafeed.main:you are using nologin method, data you access may be limited
ERROR:tvDatafeed.main:Connection to remote host was lost.
ERROR:tvDatafeed.main:no data, please check the exchange and symbol
  [153] EDATA: EDATA verisi cekilemedi:
  tvdatafeed: bos veri
  yfinance: TypeError: arg must be a list, tuple, 1-d array, or Series
WARNING:tvDatafeed.main:you are using nologin method, data you access may be limited
WARNING:tvDatafeed.main:you are using nologin method, data you access may be limited
WARNING:tvDatafeed.main:you are using nologin method, data you access may be limited
WARNING:tvDatafeed.main:you are using nologin method, data you access may be limited
WARNING:tvDatafeed.main:you are using nologin method, data you access may be limited
WARNING:tvDatafeed.main:you are using nologin method, data you access may be limited
WARNING:tvDatafeed.main:you are using nologin method, data you access may be limited
WARNING:tvDatafeed.main:you are using nologin method, data you access may be limited
WARNING:tvDatafeed.main:you are using nologin method, data you access may be limited
WARNING:tvDatafeed.main:you are using nologin method, data you access may be limited
WARNING:tvDatafeed.main:you are using nologin method, data you access may be limited
WARNING:tvDatafeed.main:you are using nologin method, data you access may be limited
ERROR:tvDatafeed.main:The read operation timed out
ERROR:tvDatafeed.main:no data, please check the exchange and symbol
  [163] EKGYO: EKGYO verisi cekilemedi:
  tvdatafeed: bos veri
  yfinance: TypeError: arg must be a list, tuple, 1-d array, or Series
WARNING:tvDatafeed.main:you are using nologin method, data you access may be limited
WARNING:tvDatafeed.main:you are using nologin method, data you access may be limited
WARNING:tvDatafeed.main:you are using nologin method, data you access may be limited
ERROR:tvDatafeed.main:The read operation timed out
ERROR:tvDatafeed.main:no data, please check the exchange and symbol
WARNING:tvDatafeed.main:you are using nologin method, data you access may be limited
WARNING:tvDatafeed.main:you are using nologin method, data you access may be limited
WARNING:tvDatafeed.main:you are using nologin method, data you access may be limited
ERROR:tvDatafeed.main:The read operation timed out
ERROR:tvDatafeed.main:no data, please check the exchange and symbol
  [167] ELITE: ELITE verisi cekilemedi:
  tvdatafeed: bos veri
  yfinance: TypeError: arg must be a list, tuple, 1-d array, or Series
WARNING:tvDatafeed.main:you are using nologin method, data you access may be limited
WARNING:tvDatafeed.main:you are using nologin method, data you access may be limited
WARNING:tvDatafeed.main:you are using nologin method, data you access may be limited
WARNING:tvDatafeed.main:you are using nologin method, data you access may be limited
WARNING:tvDatafeed.main:you are using nologin method, data you access may be limited
WARNING:tvDatafeed.main:you are using nologin method, data you access may be limited
WARNING:tvDatafeed.main:you are using nologin method, data you access may be limited
WARNING:tvDatafeed.main:you are using nologin method, data you access may be limited
WARNING:tvDatafeed.main:you are using nologin method, data you access may be limited
WARNING:tvDatafeed.main:you are using nologin method, data you access may be limited
WARNING:tvDatafeed.main:you are using nologin method, data you access may be limited
WARNING:tvDatafeed.main:you are using nologin method, data you access may be limited
WARNING:tvDatafeed.main:you are using nologin method, data you access may be limited
WARNING:tvDatafeed.main:you are using nologin method, data you access may be limited
WARNING:tvDatafeed.main:you are using nologin method, data you access may be limited
WARNING:tvDatafeed.main:you are using nologin method, data you access may be limited
WARNING:tvDatafeed.main:you are using nologin method, data you access may be limited
WARNING:tvDatafeed.main:you are using nologin method, data you access may be limited
WARNING:tvDatafeed.main:you are using nologin method, data you access may be limited
WARNING:tvDatafeed.main:you are using nologin method, data you access may be limited
WARNING:tvDatafeed.main:you are using nologin method, data you access may be limited
WARNING:tvDatafeed.main:you are using nologin method, data you access may be limited
WARNING:tvDatafeed.main:you are using nologin method, data you access may be limited
ERROR:tvDatafeed.main:The read operation timed out
ERROR:tvDatafeed.main:no data, please check the exchange and symbol
  [180] ESCAR: ESCAR verisi cekilemedi:
  tvdatafeed: bos veri
  yfinance: TypeError: arg must be a list, tuple, 1-d array, or Series
WARNING:tvDatafeed.main:you are using nologin method, data you access may be limited
WARNING:tvDatafeed.main:you are using nologin method, data you access may be limited
WARNING:tvDatafeed.main:you are using nologin method, data you access may be limited
WARNING:tvDatafeed.main:you are using nologin method, data you access may be limited
WARNING:tvDatafeed.main:you are using nologin method, data you access may be limited
WARNING:tvDatafeed.main:you are using nologin method, data you access may be limited
WARNING:tvDatafeed.main:you are using nologin method, data you access may be limited
WARNING:tvDatafeed.main:you are using nologin method, data you access may be limited
WARNING:tvDatafeed.main:you are using nologin method, data you access may be limited
WARNING:tvDatafeed.main:you are using nologin method, data you access may be limited
WARNING:tvDatafeed.main:you are using nologin method, data you access may be limited
WARNING:tvDatafeed.main:you are using nologin method, data you access may be limited
WARNING:tvDatafeed.main:you are using nologin method, data you access may be limited
WARNING:tvDatafeed.main:you are using nologin method, data you access may be limited
WARNING:tvDatafeed.main:you are using nologin method, data you access may be limited
WARNING:tvDatafeed.main:you are using nologin method, data you access may be limited
WARNING:tvDatafeed.main:you are using nologin method, data you access may be limited
WARNING:tvDatafeed.main:you are using nologin method, data you access may be limited
WARNING:tvDatafeed.main:you are using nologin method, data you access may be limited
WARNING:tvDatafeed.main:you are using nologin method, data you access may be limited
WARNING:tvDatafeed.main:you are using nologin method, data you access may be limited
WARNING:tvDatafeed.main:you are using nologin method, data you access may be limited
WARNING:tvDatafeed.main:you are using nologin method, data you access may be limited
WARNING:tvDatafeed.main:you are using nologin method, data you access may be limited
WARNING:tvDatafeed.main:you are using nologin method, data you access may be limited
WARNING:tvDatafeed.main:you are using nologin method, data you access may be limited
WARNING:tvDatafeed.main:you are using nologin method, data you access may be limited
WARNING:tvDatafeed.main:you are using nologin method, data you access may be limited
WARNING:tvDatafeed.main:you are using nologin method, data you access may be limited
WARNING:tvDatafeed.main:you are using nologin method, data you access may be limited
ERROR:tvDatafeed.main:The read operation timed out
ERROR:tvDatafeed.main:no data, please check the exchange and symbol
WARNING:tvDatafeed.main:you are using nologin method, data you access may be limited
WARNING:tvDatafeed.main:you are using nologin method, data you access may be limited
WARNING:tvDatafeed.main:you are using nologin method, data you access may be limited
WARNING:tvDatafeed.main:you are using nologin method, data you access may be limited
WARNING:tvDatafeed.main:you are using nologin method, data you access may be limited
WARNING:tvDatafeed.main:you are using nologin method, data you access may be limited
WARNING:tvDatafeed.main:you are using nologin method, data you access may be limited
WARNING:tvDatafeed.main:you are using nologin method, data you access may be limited
  ... 200/517
WARNING:tvDatafeed.main:you are using nologin method, data you access may be limited
WARNING:tvDatafeed.main:you are using nologin method, data you access may be limited
WARNING:tvDatafeed.main:you are using nologin method, data you access may be limited
WARNING:tvDatafeed.main:you are using nologin method, data you access may be limited
WARNING:tvDatafeed.main:you are using nologin method, data you access may be limited
WARNING:tvDatafeed.main:you are using nologin method, data you access may be limited
WARNING:tvDatafeed.main:you are using nologin method, data you access may be limited
WARNING:tvDatafeed.main:you are using nologin method, data you access may be limited
WARNING:tvDatafeed.main:you are using nologin method, data you access may be limited
WARNING:tvDatafeed.main:you are using nologin method, data you access may be limited
WARNING:tvDatafeed.main:you are using nologin method, data you access may be limited
WARNING:tvDatafeed.main:you are using nologin method, data you access may be limited
WARNING:tvDatafeed.main:you are using nologin method, data you access may be limited
ERROR:tvDatafeed.main:The read operation timed out
ERROR:tvDatafeed.main:no data, please check the exchange and symbol
  [213] GMTAS: GMTAS verisi cekilemedi:
  tvdatafeed: bos veri
  yfinance: TypeError: arg must be a list, tuple, 1-d array, or Series
WARNING:tvDatafeed.main:you are using nologin method, data you access may be limited
WARNING:tvDatafeed.main:you are using nologin method, data you access may be limited
WARNING:tvDatafeed.main:you are using nologin method, data you access may be limited
WARNING:tvDatafeed.main:you are using nologin method, data you access may be limited
WARNING:tvDatafeed.main:you are using nologin method, data you access may be limited
WARNING:tvDatafeed.main:you are using nologin method, data you access may be limited
WARNING:tvDatafeed.main:you are using nologin method, data you access may be limited
WARNING:tvDatafeed.main:you are using nologin method, data you access may be limited
WARNING:tvDatafeed.main:you are using nologin method, data you access may be limited
WARNING:tvDatafeed.main:you are using nologin method, data you access may be limited
WARNING:tvDatafeed.main:you are using nologin method, data you access may be limited
WARNING:tvDatafeed.main:you are using nologin method, data you access may be limited
WARNING:tvDatafeed.main:you are using nologin method, data you access may be limited
WARNING:tvDatafeed.main:you are using nologin method, data you access may be limited
WARNING:tvDatafeed.main:you are using nologin method, data you access may be limited
WARNING:tvDatafeed.main:you are using nologin method, data you access may be limited
WARNING:tvDatafeed.main:you are using nologin method, data you access may be limited
WARNING:tvDatafeed.main:you are using nologin method, data you access may be limited
WARNING:tvDatafeed.main:you are using nologin method, data you access may be limited
WARNING:tvDatafeed.main:you are using nologin method, data you access may be limited
WARNING:tvDatafeed.main:you are using nologin method, data you access may be limited
WARNING:tvDatafeed.main:you are using nologin method, data you access may be limited
WARNING:tvDatafeed.main:you are using nologin method, data you access may be limited
WARNING:tvDatafeed.main:you are using nologin method, data you access may be limited
WARNING:tvDatafeed.main:you are using nologin method, data you access may be limited
WARNING:tvDatafeed.main:you are using nologin method, data you access may be limited
ERROR:tvDatafeed.main:The read operation timed out
ERROR:tvDatafeed.main:no data, please check the exchange and symbol
  [227] HEDEF: HEDEF verisi cekilemedi:
  tvdatafeed: bos veri
  yfinance: TypeError: arg must be a list, tuple, 1-d array, or Series
WARNING:tvDatafeed.main:you are using nologin method, data you access may be limited
WARNING:tvDatafeed.main:you are using nologin method, data you access may be limited
WARNING:tvDatafeed.main:you are using nologin method, data you access may be limited
WARNING:tvDatafeed.main:you are using nologin method, data you access may be limited
WARNING:tvDatafeed.main:you are using nologin method, data you access may be limited
WARNING:tvDatafeed.main:you are using nologin method, data you access may be limited
WARNING:tvDatafeed.main:you are using nologin method, data you access may be limited
  [232] HTTBT: HTTBT verisi cekilemedi:
  tvdatafeed: WebSocketTimeoutException: The read operation timed out
  yfinance: TypeError: arg must be a list, tuple, 1-d array, or Series
WARNING:tvDatafeed.main:you are using nologin method, data you access may be limited
WARNING:tvDatafeed.main:you are using nologin method, data you access may be limited
WARNING:tvDatafeed.main:you are using nologin method, data you access may be limited
WARNING:tvDatafeed.main:you are using nologin method, data you access may be limited
WARNING:tvDatafeed.main:you are using nologin method, data you access may be limited
WARNING:tvDatafeed.main:you are using nologin method, data you access may be limited
WARNING:tvDatafeed.main:you are using nologin method, data you access may be limited
WARNING:tvDatafeed.main:you are using nologin method, data you access may be limited
WARNING:tvDatafeed.main:you are using nologin method, data you access may be limited
WARNING:tvDatafeed.main:you are using nologin method, data you access may be limited
WARNING:tvDatafeed.main:you are using nologin method, data you access may be limited
WARNING:tvDatafeed.main:you are using nologin method, data you access may be limited
WARNING:tvDatafeed.main:you are using nologin method, data you access may be limited
WARNING:tvDatafeed.main:you are using nologin method, data you access may be limited
WARNING:tvDatafeed.main:you are using nologin method, data you access may be limited
WARNING:tvDatafeed.main:you are using nologin method, data you access may be limited
WARNING:tvDatafeed.main:you are using nologin method, data you access may be limited
WARNING:tvDatafeed.main:you are using nologin method, data you access may be limited
WARNING:tvDatafeed.main:you are using nologin method, data you access may be limited
WARNING:tvDatafeed.main:you are using nologin method, data you access may be limited
WARNING:tvDatafeed.main:you are using nologin method, data you access may be limited
WARNING:tvDatafeed.main:you are using nologin method, data you access may be limited
WARNING:tvDatafeed.main:you are using nologin method, data you access may be limited
WARNING:tvDatafeed.main:you are using nologin method, data you access may be limited
WARNING:tvDatafeed.main:you are using nologin method, data you access may be limited
WARNING:tvDatafeed.main:you are using nologin method, data you access may be limited
WARNING:tvDatafeed.main:you are using nologin method, data you access may be limited
WARNING:tvDatafeed.main:you are using nologin method, data you access may be limited
WARNING:tvDatafeed.main:you are using nologin method, data you access may be limited
WARNING:tvDatafeed.main:you are using nologin method, data you access may be limited
WARNING:tvDatafeed.main:you are using nologin method, data you access may be limited
WARNING:tvDatafeed.main:you are using nologin method, data you access may be limited
WARNING:tvDatafeed.main:you are using nologin method, data you access may be limited
WARNING:tvDatafeed.main:you are using nologin method, data you access may be limited
WARNING:tvDatafeed.main:you are using nologin method, data you access may be limited
WARNING:tvDatafeed.main:you are using nologin method, data you access may be limited
WARNING:tvDatafeed.main:you are using nologin method, data you access may be limited
WARNING:tvDatafeed.main:you are using nologin method, data you access may be limited
  ... 250/517
WARNING:tvDatafeed.main:you are using nologin method, data you access may be limited
WARNING:tvDatafeed.main:you are using nologin method, data you access may be limited
WARNING:tvDatafeed.main:you are using nologin method, data you access may be limited
WARNING:tvDatafeed.main:you are using nologin method, data you access may be limited
WARNING:tvDatafeed.main:you are using nologin method, data you access may be limited
WARNING:tvDatafeed.main:you are using nologin method, data you access may be limited
WARNING:tvDatafeed.main:you are using nologin method, data you access may be limited
WARNING:tvDatafeed.main:you are using nologin method, data you access may be limited
WARNING:tvDatafeed.main:you are using nologin method, data you access may be limited
WARNING:tvDatafeed.main:you are using nologin method, data you access may be limited
WARNING:tvDatafeed.main:you are using nologin method, data you access may be limited
WARNING:tvDatafeed.main:you are using nologin method, data you access may be limited
WARNING:tvDatafeed.main:you are using nologin method, data you access may be limited
WARNING:tvDatafeed.main:you are using nologin method, data you access may be limited
WARNING:tvDatafeed.main:you are using nologin method, data you access may be limited
WARNING:tvDatafeed.main:you are using nologin method, data you access may be limited
ERROR:tvDatafeed.main:The read operation timed out
ERROR:tvDatafeed.main:no data, please check the exchange and symbol
  [262] ISSEN: ISSEN verisi cekilemedi:
  tvdatafeed: bos veri
  yfinance: TypeError: arg must be a list, tuple, 1-d array, or Series
WARNING:tvDatafeed.main:you are using nologin method, data you access may be limited
WARNING:tvDatafeed.main:you are using nologin method, data you access may be limited
WARNING:tvDatafeed.main:you are using nologin method, data you access may be limited
WARNING:tvDatafeed.main:you are using nologin method, data you access may be limited
WARNING:tvDatafeed.main:you are using nologin method, data you access may be limited
ERROR:tvDatafeed.main:The read operation timed out
ERROR:tvDatafeed.main:no data, please check the exchange and symbol
WARNING:tvDatafeed.main:you are using nologin method, data you access may be limited
WARNING:tvDatafeed.main:you are using nologin method, data you access may be limited
WARNING:tvDatafeed.main:you are using nologin method, data you access may be limited
WARNING:tvDatafeed.main:you are using nologin method, data you access may be limited
WARNING:tvDatafeed.main:you are using nologin method, data you access may be limited
WARNING:tvDatafeed.main:you are using nologin method, data you access may be limited
WARNING:tvDatafeed.main:you are using nologin method, data you access may be limited
WARNING:tvDatafeed.main:you are using nologin method, data you access may be limited
WARNING:tvDatafeed.main:you are using nologin method, data you access may be limited
WARNING:tvDatafeed.main:you are using nologin method, data you access may be limited
WARNING:tvDatafeed.main:you are using nologin method, data you access may be limited
WARNING:tvDatafeed.main:you are using nologin method, data you access may be limited
WARNING:tvDatafeed.main:you are using nologin method, data you access may be limited
WARNING:tvDatafeed.main:you are using nologin method, data you access may be limited
WARNING:tvDatafeed.main:you are using nologin method, data you access may be limited
WARNING:tvDatafeed.main:you are using nologin method, data you access may be limited
WARNING:tvDatafeed.main:you are using nologin method, data you access may be limited
ERROR:tvDatafeed.main:The read operation timed out
ERROR:tvDatafeed.main:no data, please check the exchange and symbol
  [270] KAREL: KAREL verisi cekilemedi:
  tvdatafeed: bos veri
  yfinance: TypeError: arg must be a list, tuple, 1-d array, or Series
WARNING:tvDatafeed.main:you are using nologin method, data you access may be limited
WARNING:tvDatafeed.main:you are using nologin method, data you access may be limited
WARNING:tvDatafeed.main:you are using nologin method, data you access may be limited
WARNING:tvDatafeed.main:you are using nologin method, data you access may be limited
WARNING:tvDatafeed.main:you are using nologin method, data you access may be limited
WARNING:tvDatafeed.main:you are using nologin method, data you access may be limited
WARNING:tvDatafeed.main:you are using nologin method, data you access may be limited
WARNING:tvDatafeed.main:you are using nologin method, data you access may be limited
WARNING:tvDatafeed.main:you are using nologin method, data you access may be limited
WARNING:tvDatafeed.main:you are using nologin method, data you access may be limited
WARNING:tvDatafeed.main:you are using nologin method, data you access may be limited
WARNING:tvDatafeed.main:you are using nologin method, data you access may be limited
WARNING:tvDatafeed.main:you are using nologin method, data you access may be limited
WARNING:tvDatafeed.main:you are using nologin method, data you access may be limited
WARNING:tvDatafeed.main:you are using nologin method, data you access may be limited
WARNING:tvDatafeed.main:you are using nologin method, data you access may be limited
WARNING:tvDatafeed.main:you are using nologin method, data you access may be limited
WARNING:tvDatafeed.main:you are using nologin method, data you access may be limited
WARNING:tvDatafeed.main:you are using nologin method, data you access may be limited
WARNING:tvDatafeed.main:you are using nologin method, data you access may be limited
WARNING:tvDatafeed.main:you are using nologin method, data you access may be limited
WARNING:tvDatafeed.main:you are using nologin method, data you access may be limited
WARNING:tvDatafeed.main:you are using nologin method, data you access may be limited
WARNING:tvDatafeed.main:you are using nologin method, data you access may be limited
WARNING:tvDatafeed.main:you are using nologin method, data you access may be limited
WARNING:tvDatafeed.main:you are using nologin method, data you access may be limited
WARNING:tvDatafeed.main:you are using nologin method, data you access may be limited
WARNING:tvDatafeed.main:you are using nologin method, data you access may be limited
ERROR:tvDatafeed.main:The read operation timed out
ERROR:tvDatafeed.main:no data, please check the exchange and symbol
WARNING:tvDatafeed.main:you are using nologin method, data you access may be limited
WARNING:tvDatafeed.main:you are using nologin method, data you access may be limited
WARNING:tvDatafeed.main:you are using nologin method, data you access may be limited
WARNING:tvDatafeed.main:you are using nologin method, data you access may be limited
WARNING:tvDatafeed.main:you are using nologin method, data you access may be limited
WARNING:tvDatafeed.main:you are using nologin method, data you access may be limited
WARNING:tvDatafeed.main:you are using nologin method, data you access may be limited
WARNING:tvDatafeed.main:you are using nologin method, data you access may be limited
ERROR:tvDatafeed.main:The read operation timed out
ERROR:tvDatafeed.main:no data, please check the exchange and symbol
  [288] KLYPV: KLYPV verisi cekilemedi:
  tvdatafeed: bos veri
  yfinance: TypeError: arg must be a list, tuple, 1-d array, or Series
WARNING:tvDatafeed.main:you are using nologin method, data you access may be limited
ERROR:tvDatafeed.main:The read operation timed out
ERROR:tvDatafeed.main:no data, please check the exchange and symbol
  [289] KMPUR: KMPUR verisi cekilemedi:
  tvdatafeed: bos veri
  yfinance: TypeError: arg must be a list, tuple, 1-d array, or Series
WARNING:tvDatafeed.main:you are using nologin method, data you access may be limited
WARNING:tvDatafeed.main:you are using nologin method, data you access may be limited
WARNING:tvDatafeed.main:you are using nologin method, data you access may be limited
WARNING:tvDatafeed.main:you are using nologin method, data you access may be limited
WARNING:tvDatafeed.main:you are using nologin method, data you access may be limited
WARNING:tvDatafeed.main:you are using nologin method, data you access may be limited
WARNING:tvDatafeed.main:you are using nologin method, data you access may be limited
WARNING:tvDatafeed.main:you are using nologin method, data you access may be limited
WARNING:tvDatafeed.main:you are using nologin method, data you access may be limited
WARNING:tvDatafeed.main:you are using nologin method, data you access may be limited
WARNING:tvDatafeed.main:you are using nologin method, data you access may be limited
WARNING:tvDatafeed.main:you are using nologin method, data you access may be limited
WARNING:tvDatafeed.main:you are using nologin method, data you access may be limited
WARNING:tvDatafeed.main:you are using nologin method, data you access may be limited
WARNING:tvDatafeed.main:you are using nologin method, data you access may be limited
WARNING:tvDatafeed.main:you are using nologin method, data you access may be limited
WARNING:tvDatafeed.main:you are using nologin method, data you access may be limited
WARNING:tvDatafeed.main:you are using nologin method, data you access may be limited
ERROR:tvDatafeed.main:The read operation timed out
ERROR:tvDatafeed.main:no data, please check the exchange and symbol
ERROR:yfinance:$KOTON.IS: possibly delisted; no price data found  (period=730d) (Yahoo error = "1h data not available for startTime=1715322600 and endTime=1785142053. The requested range must be within the last 730 days.")
ERROR:yfinance:
1 Failed download:
ERROR:yfinance:['KOTON.IS']: possibly delisted; no price data found  (period=730d) (Yahoo error = "1h data not available for startTime=1715322600 and endTime=1785142053. The requested range must be within the last 730 days.")
  [295] KOTON: KOTON verisi cekilemedi:
  tvdatafeed: bos veri
  yfinance: bos veri
WARNING:tvDatafeed.main:you are using nologin method, data you access may be limited
WARNING:tvDatafeed.main:you are using nologin method, data you access may be limited
WARNING:tvDatafeed.main:you are using nologin method, data you access may be limited
WARNING:tvDatafeed.main:you are using nologin method, data you access may be limited
WARNING:tvDatafeed.main:you are using nologin method, data you access may be limited
WARNING:tvDatafeed.main:you are using nologin method, data you access may be limited
WARNING:tvDatafeed.main:you are using nologin method, data you access may be limited
WARNING:tvDatafeed.main:you are using nologin method, data you access may be limited
WARNING:tvDatafeed.main:you are using nologin method, data you access may be limited
WARNING:tvDatafeed.main:you are using nologin method, data you access may be limited
WARNING:tvDatafeed.main:you are using nologin method, data you access may be limited
WARNING:tvDatafeed.main:you are using nologin method, data you access may be limited
WARNING:tvDatafeed.main:you are using nologin method, data you access may be limited
  ... 300/517
WARNING:tvDatafeed.main:you are using nologin method, data you access may be limited
WARNING:tvDatafeed.main:you are using nologin method, data you access may be limited
WARNING:tvDatafeed.main:you are using nologin method, data you access may be limited
WARNING:tvDatafeed.main:you are using nologin method, data you access may be limited
WARNING:tvDatafeed.main:you are using nologin method, data you access may be limited
WARNING:tvDatafeed.main:you are using nologin method, data you access may be limited
WARNING:tvDatafeed.main:you are using nologin method, data you access may be limited
WARNING:tvDatafeed.main:you are using nologin method, data you access may be limited
WARNING:tvDatafeed.main:you are using nologin method, data you access may be limited
WARNING:tvDatafeed.main:you are using nologin method, data you access may be limited
WARNING:tvDatafeed.main:you are using nologin method, data you access may be limited
WARNING:tvDatafeed.main:you are using nologin method, data you access may be limited
WARNING:tvDatafeed.main:you are using nologin method, data you access may be limited
WARNING:tvDatafeed.main:you are using nologin method, data you access may be limited
WARNING:tvDatafeed.main:you are using nologin method, data you access may be limited
WARNING:tvDatafeed.main:you are using nologin method, data you access may be limited
WARNING:tvDatafeed.main:you are using nologin method, data you access may be limited
WARNING:tvDatafeed.main:you are using nologin method, data you access may be limited
WARNING:tvDatafeed.main:you are using nologin method, data you access may be limited
WARNING:tvDatafeed.main:you are using nologin method, data you access may be limited
WARNING:tvDatafeed.main:you are using nologin method, data you access may be limited
WARNING:tvDatafeed.main:you are using nologin method, data you access may be limited
WARNING:tvDatafeed.main:you are using nologin method, data you access may be limited
WARNING:tvDatafeed.main:you are using nologin method, data you access may be limited
WARNING:tvDatafeed.main:you are using nologin method, data you access may be limited
WARNING:tvDatafeed.main:you are using nologin method, data you access may be limited
ERROR:tvDatafeed.main:The read operation timed out
ERROR:tvDatafeed.main:no data, please check the exchange and symbol
WARNING:tvDatafeed.main:you are using nologin method, data you access may be limited
WARNING:tvDatafeed.main:you are using nologin method, data you access may be limited
WARNING:tvDatafeed.main:you are using nologin method, data you access may be limited
WARNING:tvDatafeed.main:you are using nologin method, data you access may be limited
WARNING:tvDatafeed.main:you are using nologin method, data you access may be limited
WARNING:tvDatafeed.main:you are using nologin method, data you access may be limited
WARNING:tvDatafeed.main:you are using nologin method, data you access may be limited
WARNING:tvDatafeed.main:you are using nologin method, data you access may be limited
WARNING:tvDatafeed.main:you are using nologin method, data you access may be limited
WARNING:tvDatafeed.main:you are using nologin method, data you access may be limited
ERROR:tvDatafeed.main:The read operation timed out
ERROR:tvDatafeed.main:no data, please check the exchange and symbol
  [314] LINK: LINK verisi cekilemedi:
  tvdatafeed: bos veri
  yfinance: TypeError: arg must be a list, tuple, 1-d array, or Series
WARNING:tvDatafeed.main:you are using nologin method, data you access may be limited
ERROR:tvDatafeed.main:The read operation timed out
ERROR:tvDatafeed.main:no data, please check the exchange and symbol
  [315] LKMNH: LKMNH verisi cekilemedi:
  tvdatafeed: bos veri
  yfinance: TypeError: arg must be a list, tuple, 1-d array, or Series
WARNING:tvDatafeed.main:you are using nologin method, data you access may be limited
WARNING:tvDatafeed.main:you are using nologin method, data you access may be limited
WARNING:tvDatafeed.main:you are using nologin method, data you access may be limited
WARNING:tvDatafeed.main:you are using nologin method, data you access may be limited
WARNING:tvDatafeed.main:you are using nologin method, data you access may be limited
WARNING:tvDatafeed.main:you are using nologin method, data you access may be limited
WARNING:tvDatafeed.main:you are using nologin method, data you access may be limited
WARNING:tvDatafeed.main:you are using nologin method, data you access may be limited
WARNING:tvDatafeed.main:you are using nologin method, data you access may be limited
WARNING:tvDatafeed.main:you are using nologin method, data you access may be limited
WARNING:tvDatafeed.main:you are using nologin method, data you access may be limited
WARNING:tvDatafeed.main:you are using nologin method, data you access may be limited
WARNING:tvDatafeed.main:you are using nologin method, data you access may be limited
WARNING:tvDatafeed.main:you are using nologin method, data you access may be limited
WARNING:tvDatafeed.main:you are using nologin method, data you access may be limited
WARNING:tvDatafeed.main:you are using nologin method, data you access may be limited
WARNING:tvDatafeed.main:you are using nologin method, data you access may be limited
WARNING:tvDatafeed.main:you are using nologin method, data you access may be limited
WARNING:tvDatafeed.main:you are using nologin method, data you access may be limited
WARNING:tvDatafeed.main:you are using nologin method, data you access may be limited
WARNING:tvDatafeed.main:you are using nologin method, data you access may be limited
WARNING:tvDatafeed.main:you are using nologin method, data you access may be limited
WARNING:tvDatafeed.main:you are using nologin method, data you access may be limited
WARNING:tvDatafeed.main:you are using nologin method, data you access may be limited
WARNING:tvDatafeed.main:you are using nologin method, data you access may be limited
WARNING:tvDatafeed.main:you are using nologin method, data you access may be limited
WARNING:tvDatafeed.main:you are using nologin method, data you access may be limited
WARNING:tvDatafeed.main:you are using nologin method, data you access may be limited
WARNING:tvDatafeed.main:you are using nologin method, data you access may be limited
WARNING:tvDatafeed.main:you are using nologin method, data you access may be limited
WARNING:tvDatafeed.main:you are using nologin method, data you access may be limited
WARNING:tvDatafeed.main:you are using nologin method, data you access may be limited
WARNING:tvDatafeed.main:you are using nologin method, data you access may be limited
WARNING:tvDatafeed.main:you are using nologin method, data you access may be limited
WARNING:tvDatafeed.main:you are using nologin method, data you access may be limited
WARNING:tvDatafeed.main:you are using nologin method, data you access may be limited
WARNING:tvDatafeed.main:you are using nologin method, data you access may be limited
WARNING:tvDatafeed.main:you are using nologin method, data you access may be limited
WARNING:tvDatafeed.main:you are using nologin method, data you access may be limited
WARNING:tvDatafeed.main:you are using nologin method, data you access may be limited
WARNING:tvDatafeed.main:you are using nologin method, data you access may be limited
WARNING:tvDatafeed.main:you are using nologin method, data you access may be limited
WARNING:tvDatafeed.main:you are using nologin method, data you access may be limited
ERROR:tvDatafeed.main:The read operation timed out
ERROR:tvDatafeed.main:no data, please check the exchange and symbol
WARNING:tvDatafeed.main:you are using nologin method, data you access may be limited
WARNING:tvDatafeed.main:you are using nologin method, data you access may be limited
WARNING:tvDatafeed.main:you are using nologin method, data you access may be limited
WARNING:tvDatafeed.main:you are using nologin method, data you access may be limited
WARNING:tvDatafeed.main:you are using nologin method, data you access may be limited
WARNING:tvDatafeed.main:you are using nologin method, data you access may be limited
WARNING:tvDatafeed.main:you are using nologin method, data you access may be limited
WARNING:tvDatafeed.main:you are using nologin method, data you access may be limited
WARNING:tvDatafeed.main:you are using nologin method, data you access may be limited
ERROR:tvDatafeed.main:The read operation timed out
ERROR:tvDatafeed.main:no data, please check the exchange and symbol
WARNING:tvDatafeed.main:you are using nologin method, data you access may be limited
ERROR:tvDatafeed.main:The read operation timed out
ERROR:tvDatafeed.main:no data, please check the exchange and symbol
WARNING:tvDatafeed.main:you are using nologin method, data you access may be limited
WARNING:tvDatafeed.main:you are using nologin method, data you access may be limited
WARNING:tvDatafeed.main:you are using nologin method, data you access may be limited
ERROR:tvDatafeed.main:Connection to remote host was lost.
ERROR:tvDatafeed.main:no data, please check the exchange and symbol
  [345] MNDTR: MNDTR verisi cekilemedi:
  tvdatafeed: bos veri
  yfinance: TypeError: arg must be a list, tuple, 1-d array, or Series
WARNING:tvDatafeed.main:you are using nologin method, data you access may be limited
WARNING:tvDatafeed.main:you are using nologin method, data you access may be limited
WARNING:tvDatafeed.main:you are using nologin method, data you access may be limited
WARNING:tvDatafeed.main:you are using nologin method, data you access may be limited
WARNING:tvDatafeed.main:you are using nologin method, data you access may be limited
WARNING:tvDatafeed.main:you are using nologin method, data you access may be limited
ERROR:tvDatafeed.main:The read operation timed out
ERROR:tvDatafeed.main:no data, please check the exchange and symbol
WARNING:tvDatafeed.main:you are using nologin method, data you access may be limited
  ... 350/517
WARNING:tvDatafeed.main:you are using nologin method, data you access may be limited
WARNING:tvDatafeed.main:you are using nologin method, data you access may be limited
WARNING:tvDatafeed.main:you are using nologin method, data you access may be limited
ERROR:tvDatafeed.main:The read operation timed out
ERROR:tvDatafeed.main:no data, please check the exchange and symbol
  [353] MTRYO: MTRYO verisi cekilemedi:
  tvdatafeed: bos veri
  yfinance: TypeError: arg must be a list, tuple, 1-d array, or Series
WARNING:tvDatafeed.main:you are using nologin method, data you access may be limited
ERROR:tvDatafeed.main:The read operation timed out
ERROR:tvDatafeed.main:no data, please check the exchange and symbol
  [354] MZHLD: MZHLD verisi cekilemedi:
  tvdatafeed: bos veri
  yfinance: TypeError: arg must be a list, tuple, 1-d array, or Series
WARNING:tvDatafeed.main:you are using nologin method, data you access may be limited
WARNING:tvDatafeed.main:you are using nologin method, data you access may be limited
WARNING:tvDatafeed.main:you are using nologin method, data you access may be limited
WARNING:tvDatafeed.main:you are using nologin method, data you access may be limited
WARNING:tvDatafeed.main:you are using nologin method, data you access may be limited
WARNING:tvDatafeed.main:you are using nologin method, data you access may be limited
WARNING:tvDatafeed.main:you are using nologin method, data you access may be limited
WARNING:tvDatafeed.main:you are using nologin method, data you access may be limited
WARNING:tvDatafeed.main:you are using nologin method, data you access may be limited
WARNING:tvDatafeed.main:you are using nologin method, data you access may be limited
WARNING:tvDatafeed.main:you are using nologin method, data you access may be limited
WARNING:tvDatafeed.main:you are using nologin method, data you access may be limited
WARNING:tvDatafeed.main:you are using nologin method, data you access may be limited
WARNING:tvDatafeed.main:you are using nologin method, data you access may be limited
WARNING:tvDatafeed.main:you are using nologin method, data you access may be limited
WARNING:tvDatafeed.main:you are using nologin method, data you access may be limited
WARNING:tvDatafeed.main:you are using nologin method, data you access may be limited
ERROR:tvDatafeed.main:The read operation timed out
ERROR:tvDatafeed.main:no data, please check the exchange and symbol
WARNING:tvDatafeed.main:you are using nologin method, data you access may be limited
ERROR:tvDatafeed.main:The read operation timed out
ERROR:tvDatafeed.main:no data, please check the exchange and symbol
WARNING:tvDatafeed.main:you are using nologin method, data you access may be limited
ERROR:tvDatafeed.main:The read operation timed out
ERROR:tvDatafeed.main:no data, please check the exchange and symbol
WARNING:tvDatafeed.main:you are using nologin method, data you access may be limited
WARNING:tvDatafeed.main:you are using nologin method, data you access may be limited
WARNING:tvDatafeed.main:you are using nologin method, data you access may be limited
WARNING:tvDatafeed.main:you are using nologin method, data you access may be limited
WARNING:tvDatafeed.main:you are using nologin method, data you access may be limited
WARNING:tvDatafeed.main:you are using nologin method, data you access may be limited
WARNING:tvDatafeed.main:you are using nologin method, data you access may be limited
WARNING:tvDatafeed.main:you are using nologin method, data you access may be limited
WARNING:tvDatafeed.main:you are using nologin method, data you access may be limited
WARNING:tvDatafeed.main:you are using nologin method, data you access may be limited
ERROR:tvDatafeed.main:The read operation timed out
ERROR:tvDatafeed.main:no data, please check the exchange and symbol
WARNING:tvDatafeed.main:you are using nologin method, data you access may be limited
ERROR:tvDatafeed.main:The read operation timed out
ERROR:tvDatafeed.main:no data, please check the exchange and symbol
  [372] OSTIM: OSTIM verisi cekilemedi:
  tvdatafeed: bos veri
  yfinance: TypeError: arg must be a list, tuple, 1-d array, or Series
WARNING:tvDatafeed.main:you are using nologin method, data you access may be limited
WARNING:tvDatafeed.main:you are using nologin method, data you access may be limited
ERROR:tvDatafeed.main:The read operation timed out
ERROR:tvDatafeed.main:no data, please check the exchange and symbol
  [374] OYAYO: OYAYO verisi cekilemedi:
  tvdatafeed: bos veri
  yfinance: TypeError: arg must be a list, tuple, 1-d array, or Series
WARNING:tvDatafeed.main:you are using nologin method, data you access may be limited
WARNING:tvDatafeed.main:you are using nologin method, data you access may be limited
WARNING:tvDatafeed.main:you are using nologin method, data you access may be limited
WARNING:tvDatafeed.main:you are using nologin method, data you access may be limited
WARNING:tvDatafeed.main:you are using nologin method, data you access may be limited
WARNING:tvDatafeed.main:you are using nologin method, data you access may be limited
WARNING:tvDatafeed.main:you are using nologin method, data you access may be limited
ERROR:tvDatafeed.main:The read operation timed out
ERROR:tvDatafeed.main:no data, please check the exchange and symbol
WARNING:tvDatafeed.main:you are using nologin method, data you access may be limited
ERROR:tvDatafeed.main:The read operation timed out
ERROR:tvDatafeed.main:no data, please check the exchange and symbol
WARNING:tvDatafeed.main:you are using nologin method, data you access may be limited
WARNING:tvDatafeed.main:you are using nologin method, data you access may be limited
WARNING:tvDatafeed.main:you are using nologin method, data you access may be limited
WARNING:tvDatafeed.main:you are using nologin method, data you access may be limited
WARNING:tvDatafeed.main:you are using nologin method, data you access may be limited
WARNING:tvDatafeed.main:you are using nologin method, data you access may be limited
WARNING:tvDatafeed.main:you are using nologin method, data you access may be limited
ERROR:tvDatafeed.main:The read operation timed out
ERROR:tvDatafeed.main:no data, please check the exchange and symbol
WARNING:tvDatafeed.main:you are using nologin method, data you access may be limited
WARNING:tvDatafeed.main:you are using nologin method, data you access may be limited
WARNING:tvDatafeed.main:you are using nologin method, data you access may be limited
WARNING:tvDatafeed.main:you are using nologin method, data you access may be limited
WARNING:tvDatafeed.main:you are using nologin method, data you access may be limited
WARNING:tvDatafeed.main:you are using nologin method, data you access may be limited
WARNING:tvDatafeed.main:you are using nologin method, data you access may be limited
WARNING:tvDatafeed.main:you are using nologin method, data you access may be limited
WARNING:tvDatafeed.main:you are using nologin method, data you access may be limited
WARNING:tvDatafeed.main:you are using nologin method, data you access may be limited
WARNING:tvDatafeed.main:you are using nologin method, data you access may be limited
WARNING:tvDatafeed.main:you are using nologin method, data you access may be limited
WARNING:tvDatafeed.main:you are using nologin method, data you access may be limited
WARNING:tvDatafeed.main:you are using nologin method, data you access may be limited
WARNING:tvDatafeed.main:you are using nologin method, data you access may be limited
WARNING:tvDatafeed.main:you are using nologin method, data you access may be limited
WARNING:tvDatafeed.main:you are using nologin method, data you access may be limited
WARNING:tvDatafeed.main:you are using nologin method, data you access may be limited
WARNING:tvDatafeed.main:you are using nologin method, data you access may be limited
WARNING:tvDatafeed.main:you are using nologin method, data you access may be limited
WARNING:tvDatafeed.main:you are using nologin method, data you access may be limited
WARNING:tvDatafeed.main:you are using nologin method, data you access may be limited
WARNING:tvDatafeed.main:you are using nologin method, data you access may be limited
WARNING:tvDatafeed.main:you are using nologin method, data you access may be limited
WARNING:tvDatafeed.main:you are using nologin method, data you access may be limited
WARNING:tvDatafeed.main:you are using nologin method, data you access may be limited
WARNING:tvDatafeed.main:you are using nologin method, data you access may be limited
WARNING:tvDatafeed.main:you are using nologin method, data you access may be limited
WARNING:tvDatafeed.main:you are using nologin method, data you access may be limited
WARNING:tvDatafeed.main:you are using nologin method, data you access may be limited
WARNING:tvDatafeed.main:you are using nologin method, data you access may be limited
WARNING:tvDatafeed.main:you are using nologin method, data you access may be limited
WARNING:tvDatafeed.main:you are using nologin method, data you access may be limited
WARNING:tvDatafeed.main:you are using nologin method, data you access may be limited
WARNING:tvDatafeed.main:you are using nologin method, data you access may be limited
WARNING:tvDatafeed.main:you are using nologin method, data you access may be limited
WARNING:tvDatafeed.main:you are using nologin method, data you access may be limited
WARNING:tvDatafeed.main:you are using nologin method, data you access may be limited
WARNING:tvDatafeed.main:you are using nologin method, data you access may be limited
WARNING:tvDatafeed.main:you are using nologin method, data you access may be limited
WARNING:tvDatafeed.main:you are using nologin method, data you access may be limited
WARNING:tvDatafeed.main:you are using nologin method, data you access may be limited
WARNING:tvDatafeed.main:you are using nologin method, data you access may be limited
WARNING:tvDatafeed.main:you are using nologin method, data you access may be limited
WARNING:tvDatafeed.main:you are using nologin method, data you access may be limited
WARNING:tvDatafeed.main:you are using nologin method, data you access may be limited
WARNING:tvDatafeed.main:you are using nologin method, data you access may be limited
WARNING:tvDatafeed.main:you are using nologin method, data you access may be limited
WARNING:tvDatafeed.main:you are using nologin method, data you access may be limited
WARNING:tvDatafeed.main:you are using nologin method, data you access may be limited
WARNING:tvDatafeed.main:you are using nologin method, data you access may be limited
  ... 400/517
WARNING:tvDatafeed.main:you are using nologin method, data you access may be limited
WARNING:tvDatafeed.main:you are using nologin method, data you access may be limited
WARNING:tvDatafeed.main:you are using nologin method, data you access may be limited
WARNING:tvDatafeed.main:you are using nologin method, data you access may be limited
WARNING:tvDatafeed.main:you are using nologin method, data you access may be limited
WARNING:tvDatafeed.main:you are using nologin method, data you access may be limited
WARNING:tvDatafeed.main:you are using nologin method, data you access may be limited
WARNING:tvDatafeed.main:you are using nologin method, data you access may be limited
WARNING:tvDatafeed.main:you are using nologin method, data you access may be limited
WARNING:tvDatafeed.main:you are using nologin method, data you access may be limited
WARNING:tvDatafeed.main:you are using nologin method, data you access may be limited
WARNING:tvDatafeed.main:you are using nologin method, data you access may be limited
WARNING:tvDatafeed.main:you are using nologin method, data you access may be limited
ERROR:tvDatafeed.main:The read operation timed out
ERROR:tvDatafeed.main:no data, please check the exchange and symbol
  [405] PSDTC: PSDTC verisi cekilemedi:
  tvdatafeed: bos veri
  yfinance: TypeError: arg must be a list, tuple, 1-d array, or Series
WARNING:tvDatafeed.main:you are using nologin method, data you access may be limited
ERROR:tvDatafeed.main:The read operation timed out
ERROR:tvDatafeed.main:no data, please check the exchange and symbol
  [406] QNBFK: QNBFK verisi cekilemedi:
  tvdatafeed: bos veri
  yfinance: TypeError: arg must be a list, tuple, 1-d array, or Series
WARNING:tvDatafeed.main:you are using nologin method, data you access may be limited
WARNING:tvDatafeed.main:you are using nologin method, data you access may be limited
WARNING:tvDatafeed.main:you are using nologin method, data you access may be limited
WARNING:tvDatafeed.main:you are using nologin method, data you access may be limited
ERROR:tvDatafeed.main:The read operation timed out
ERROR:tvDatafeed.main:no data, please check the exchange and symbol
WARNING:tvDatafeed.main:you are using nologin method, data you access may be limited
WARNING:tvDatafeed.main:you are using nologin method, data you access may be limited
WARNING:tvDatafeed.main:you are using nologin method, data you access may be limited
WARNING:tvDatafeed.main:you are using nologin method, data you access may be limited
WARNING:tvDatafeed.main:you are using nologin method, data you access may be limited
WARNING:tvDatafeed.main:you are using nologin method, data you access may be limited
WARNING:tvDatafeed.main:you are using nologin method, data you access may be limited
WARNING:tvDatafeed.main:you are using nologin method, data you access may be limited
WARNING:tvDatafeed.main:you are using nologin method, data you access may be limited
WARNING:tvDatafeed.main:you are using nologin method, data you access may be limited
WARNING:tvDatafeed.main:you are using nologin method, data you access may be limited
WARNING:tvDatafeed.main:you are using nologin method, data you access may be limited
ERROR:tvDatafeed.main:The read operation timed out
ERROR:tvDatafeed.main:no data, please check the exchange and symbol
  [416] RYSAS: RYSAS verisi cekilemedi:
  tvdatafeed: bos veri
  yfinance: TypeError: arg must be a list, tuple, 1-d array, or Series
WARNING:tvDatafeed.main:you are using nologin method, data you access may be limited
WARNING:tvDatafeed.main:you are using nologin method, data you access may be limited
WARNING:tvDatafeed.main:you are using nologin method, data you access may be limited
ERROR:tvDatafeed.main:The read operation timed out
ERROR:tvDatafeed.main:no data, please check the exchange and symbol
WARNING:tvDatafeed.main:you are using nologin method, data you access may be limited
WARNING:tvDatafeed.main:you are using nologin method, data you access may be limited
WARNING:tvDatafeed.main:you are using nologin method, data you access may be limited
WARNING:tvDatafeed.main:you are using nologin method, data you access may be limited
WARNING:tvDatafeed.main:you are using nologin method, data you access may be limited
WARNING:tvDatafeed.main:you are using nologin method, data you access may be limited
WARNING:tvDatafeed.main:you are using nologin method, data you access may be limited
WARNING:tvDatafeed.main:you are using nologin method, data you access may be limited
WARNING:tvDatafeed.main:you are using nologin method, data you access may be limited
WARNING:tvDatafeed.main:you are using nologin method, data you access may be limited
WARNING:tvDatafeed.main:you are using nologin method, data you access may be limited
WARNING:tvDatafeed.main:you are using nologin method, data you access may be limited
WARNING:tvDatafeed.main:you are using nologin method, data you access may be limited
WARNING:tvDatafeed.main:you are using nologin method, data you access may be limited
WARNING:tvDatafeed.main:you are using nologin method, data you access may be limited
WARNING:tvDatafeed.main:you are using nologin method, data you access may be limited
WARNING:tvDatafeed.main:you are using nologin method, data you access may be limited
WARNING:tvDatafeed.main:you are using nologin method, data you access may be limited
WARNING:tvDatafeed.main:you are using nologin method, data you access may be limited
WARNING:tvDatafeed.main:you are using nologin method, data you access may be limited
WARNING:tvDatafeed.main:you are using nologin method, data you access may be limited
WARNING:tvDatafeed.main:you are using nologin method, data you access may be limited
WARNING:tvDatafeed.main:you are using nologin method, data you access may be limited
WARNING:tvDatafeed.main:you are using nologin method, data you access may be limited
WARNING:tvDatafeed.main:you are using nologin method, data you access may be limited
WARNING:tvDatafeed.main:you are using nologin method, data you access may be limited
WARNING:tvDatafeed.main:you are using nologin method, data you access may be limited
WARNING:tvDatafeed.main:you are using nologin method, data you access may be limited
ERROR:tvDatafeed.main:The read operation timed out
ERROR:tvDatafeed.main:no data, please check the exchange and symbol
  [435] SMART: SMART verisi cekilemedi:
  tvdatafeed: bos veri
  yfinance: TypeError: arg must be a list, tuple, 1-d array, or Series
WARNING:tvDatafeed.main:you are using nologin method, data you access may be limited
WARNING:tvDatafeed.main:you are using nologin method, data you access may be limited
WARNING:tvDatafeed.main:you are using nologin method, data you access may be limited
WARNING:tvDatafeed.main:you are using nologin method, data you access may be limited
WARNING:tvDatafeed.main:you are using nologin method, data you access may be limited
ERROR:tvDatafeed.main:The read operation timed out
ERROR:tvDatafeed.main:no data, please check the exchange and symbol
  [440] SODSN: SODSN verisi cekilemedi:
  tvdatafeed: bos veri
  yfinance: TypeError: arg must be a list, tuple, 1-d array, or Series
WARNING:tvDatafeed.main:you are using nologin method, data you access may be limited
WARNING:tvDatafeed.main:you are using nologin method, data you access may be limited
WARNING:tvDatafeed.main:you are using nologin method, data you access may be limited
WARNING:tvDatafeed.main:you are using nologin method, data you access may be limited
WARNING:tvDatafeed.main:you are using nologin method, data you access may be limited
ERROR:tvDatafeed.main:The read operation timed out
ERROR:tvDatafeed.main:no data, please check the exchange and symbol
  [443] SRVGY: SRVGY verisi cekilemedi:
  tvdatafeed: bos veri
  yfinance: TypeError: arg must be a list, tuple, 1-d array, or Series
WARNING:tvDatafeed.main:you are using nologin method, data you access may be limited
WARNING:tvDatafeed.main:you are using nologin method, data you access may be limited
WARNING:tvDatafeed.main:you are using nologin method, data you access may be limited
WARNING:tvDatafeed.main:you are using nologin method, data you access may be limited
WARNING:tvDatafeed.main:you are using nologin method, data you access may be limited
WARNING:tvDatafeed.main:you are using nologin method, data you access may be limited
WARNING:tvDatafeed.main:you are using nologin method, data you access may be limited
WARNING:tvDatafeed.main:you are using nologin method, data you access may be limited
WARNING:tvDatafeed.main:you are using nologin method, data you access may be limited
WARNING:tvDatafeed.main:you are using nologin method, data you access may be limited
WARNING:tvDatafeed.main:you are using nologin method, data you access may be limited
WARNING:tvDatafeed.main:you are using nologin method, data you access may be limited
WARNING:tvDatafeed.main:you are using nologin method, data you access may be limited
WARNING:tvDatafeed.main:you are using nologin method, data you access may be limited
WARNING:tvDatafeed.main:you are using nologin method, data you access may be limited
WARNING:tvDatafeed.main:you are using nologin method, data you access may be limited
WARNING:tvDatafeed.main:you are using nologin method, data you access may be limited
WARNING:tvDatafeed.main:you are using nologin method, data you access may be limited
WARNING:tvDatafeed.main:you are using nologin method, data you access may be limited
  ... 450/517
WARNING:tvDatafeed.main:you are using nologin method, data you access may be limited
WARNING:tvDatafeed.main:you are using nologin method, data you access may be limited
WARNING:tvDatafeed.main:you are using nologin method, data you access may be limited
WARNING:tvDatafeed.main:you are using nologin method, data you access may be limited
WARNING:tvDatafeed.main:you are using nologin method, data you access may be limited
WARNING:tvDatafeed.main:you are using nologin method, data you access may be limited
WARNING:tvDatafeed.main:you are using nologin method, data you access may be limited
WARNING:tvDatafeed.main:you are using nologin method, data you access may be limited
WARNING:tvDatafeed.main:you are using nologin method, data you access may be limited
WARNING:tvDatafeed.main:you are using nologin method, data you access may be limited
WARNING:tvDatafeed.main:you are using nologin method, data you access may be limited
ERROR:tvDatafeed.main:The read operation timed out
ERROR:tvDatafeed.main:no data, please check the exchange and symbol
  [457] TERA: TERA verisi cekilemedi:
  tvdatafeed: bos veri
  yfinance: TypeError: arg must be a list, tuple, 1-d array, or Series
WARNING:tvDatafeed.main:you are using nologin method, data you access may be limited
WARNING:tvDatafeed.main:you are using nologin method, data you access may be limited
WARNING:tvDatafeed.main:you are using nologin method, data you access may be limited
WARNING:tvDatafeed.main:you are using nologin method, data you access may be limited
WARNING:tvDatafeed.main:you are using nologin method, data you access may be limited
WARNING:tvDatafeed.main:you are using nologin method, data you access may be limited
WARNING:tvDatafeed.main:you are using nologin method, data you access may be limited
WARNING:tvDatafeed.main:you are using nologin method, data you access may be limited
WARNING:tvDatafeed.main:you are using nologin method, data you access may be limited
WARNING:tvDatafeed.main:you are using nologin method, data you access may be limited
WARNING:tvDatafeed.main:you are using nologin method, data you access may be limited
WARNING:tvDatafeed.main:you are using nologin method, data you access may be limited
WARNING:tvDatafeed.main:you are using nologin method, data you access may be limited
WARNING:tvDatafeed.main:you are using nologin method, data you access may be limited
WARNING:tvDatafeed.main:you are using nologin method, data you access may be limited
WARNING:tvDatafeed.main:you are using nologin method, data you access may be limited
WARNING:tvDatafeed.main:you are using nologin method, data you access may be limited
WARNING:tvDatafeed.main:you are using nologin method, data you access may be limited
WARNING:tvDatafeed.main:you are using nologin method, data you access may be limited
WARNING:tvDatafeed.main:you are using nologin method, data you access may be limited
WARNING:tvDatafeed.main:you are using nologin method, data you access may be limited
WARNING:tvDatafeed.main:you are using nologin method, data you access may be limited
WARNING:tvDatafeed.main:you are using nologin method, data you access may be limited
WARNING:tvDatafeed.main:you are using nologin method, data you access may be limited
WARNING:tvDatafeed.main:you are using nologin method, data you access may be limited
WARNING:tvDatafeed.main:you are using nologin method, data you access may be limited
WARNING:tvDatafeed.main:you are using nologin method, data you access may be limited
WARNING:tvDatafeed.main:you are using nologin method, data you access may be limited
WARNING:tvDatafeed.main:you are using nologin method, data you access may be limited
WARNING:tvDatafeed.main:you are using nologin method, data you access may be limited
WARNING:tvDatafeed.main:you are using nologin method, data you access may be limited
WARNING:tvDatafeed.main:you are using nologin method, data you access may be limited
WARNING:tvDatafeed.main:you are using nologin method, data you access may be limited
WARNING:tvDatafeed.main:you are using nologin method, data you access may be limited
WARNING:tvDatafeed.main:you are using nologin method, data you access may be limited
WARNING:tvDatafeed.main:you are using nologin method, data you access may be limited
ERROR:tvDatafeed.main:The read operation timed out
ERROR:tvDatafeed.main:no data, please check the exchange and symbol
  [475] TUCLK: TUCLK verisi cekilemedi:
  tvdatafeed: bos veri
  yfinance: TypeError: arg must be a list, tuple, 1-d array, or Series
WARNING:tvDatafeed.main:you are using nologin method, data you access may be limited
WARNING:tvDatafeed.main:you are using nologin method, data you access may be limited
WARNING:tvDatafeed.main:you are using nologin method, data you access may be limited
WARNING:tvDatafeed.main:you are using nologin method, data you access may be limited
WARNING:tvDatafeed.main:you are using nologin method, data you access may be limited
WARNING:tvDatafeed.main:you are using nologin method, data you access may be limited
WARNING:tvDatafeed.main:you are using nologin method, data you access may be limited
WARNING:tvDatafeed.main:you are using nologin method, data you access may be limited
WARNING:tvDatafeed.main:you are using nologin method, data you access may be limited
WARNING:tvDatafeed.main:you are using nologin method, data you access may be limited
WARNING:tvDatafeed.main:you are using nologin method, data you access may be limited
WARNING:tvDatafeed.main:you are using nologin method, data you access may be limited
WARNING:tvDatafeed.main:you are using nologin method, data you access may be limited
WARNING:tvDatafeed.main:you are using nologin method, data you access may be limited
WARNING:tvDatafeed.main:you are using nologin method, data you access may be limited
WARNING:tvDatafeed.main:you are using nologin method, data you access may be limited
WARNING:tvDatafeed.main:you are using nologin method, data you access may be limited
WARNING:tvDatafeed.main:you are using nologin method, data you access may be limited
WARNING:tvDatafeed.main:you are using nologin method, data you access may be limited
WARNING:tvDatafeed.main:you are using nologin method, data you access may be limited
WARNING:tvDatafeed.main:you are using nologin method, data you access may be limited
WARNING:tvDatafeed.main:you are using nologin method, data you access may be limited
WARNING:tvDatafeed.main:you are using nologin method, data you access may be limited
WARNING:tvDatafeed.main:you are using nologin method, data you access may be limited
WARNING:tvDatafeed.main:you are using nologin method, data you access may be limited
WARNING:tvDatafeed.main:you are using nologin method, data you access may be limited
WARNING:tvDatafeed.main:you are using nologin method, data you access may be limited
WARNING:tvDatafeed.main:you are using nologin method, data you access may be limited
WARNING:tvDatafeed.main:you are using nologin method, data you access may be limited
WARNING:tvDatafeed.main:you are using nologin method, data you access may be limited
WARNING:tvDatafeed.main:you are using nologin method, data you access may be limited
WARNING:tvDatafeed.main:you are using nologin method, data you access may be limited
WARNING:tvDatafeed.main:you are using nologin method, data you access may be limited
WARNING:tvDatafeed.main:you are using nologin method, data you access may be limited
WARNING:tvDatafeed.main:you are using nologin method, data you access may be limited
WARNING:tvDatafeed.main:you are using nologin method, data you access may be limited
WARNING:tvDatafeed.main:you are using nologin method, data you access may be limited
WARNING:tvDatafeed.main:you are using nologin method, data you access may be limited
WARNING:tvDatafeed.main:you are using nologin method, data you access may be limited
WARNING:tvDatafeed.main:you are using nologin method, data you access may be limited
WARNING:tvDatafeed.main:you are using nologin method, data you access may be limited
  ... 500/517
WARNING:tvDatafeed.main:you are using nologin method, data you access may be limited
WARNING:tvDatafeed.main:you are using nologin method, data you access may be limited
WARNING:tvDatafeed.main:you are using nologin method, data you access may be limited
WARNING:tvDatafeed.main:you are using nologin method, data you access may be limited
WARNING:tvDatafeed.main:you are using nologin method, data you access may be limited
WARNING:tvDatafeed.main:you are using nologin method, data you access may be limited
WARNING:tvDatafeed.main:you are using nologin method, data you access may be limited
WARNING:tvDatafeed.main:you are using nologin method, data you access may be limited
WARNING:tvDatafeed.main:you are using nologin method, data you access may be limited
WARNING:tvDatafeed.main:you are using nologin method, data you access may be limited
WARNING:tvDatafeed.main:you are using nologin method, data you access may be limited
WARNING:tvDatafeed.main:you are using nologin method, data you access may be limited
WARNING:tvDatafeed.main:you are using nologin method, data you access may be limited
WARNING:tvDatafeed.main:you are using nologin method, data you access may be limited
WARNING:tvDatafeed.main:you are using nologin method, data you access may be limited
WARNING:tvDatafeed.main:you are using nologin method, data you access may be limited
WARNING:tvDatafeed.main:you are using nologin method, data you access may be limited
WARNING:tvDatafeed.main:you are using nologin method, data you access may be limited
WARNING:tvDatafeed.main:you are using nologin method, data you access may be limited
WARNING:tvDatafeed.main:you are using nologin method, data you access may be limited
WARNING:tvDatafeed.main:you are using nologin method, data you access may be limited
WARNING:tvDatafeed.main:you are using nologin method, data you access may be limited
WARNING:tvDatafeed.main:you are using nologin method, data you access may be limited
WARNING:tvDatafeed.main:you are using nologin method, data you access may be limited
WARNING:tvDatafeed.main:you are using nologin method, data you access may be limited
WARNING:tvDatafeed.main:you are using nologin method, data you access may be limited
WARNING:tvDatafeed.main:you are using nologin method, data you access may be limited
WARNING:tvDatafeed.main:you are using nologin method, data you access may be limited
WARNING:tvDatafeed.main:you are using nologin method, data you access may be limited
========================================================================================
2026-07-01 -> 2026-07-27 | 5x+ DIP+KIRILIM | TP %3 SL %3 | evren_kucuk.csv
DIP+KIRILIM gunleri: 2026-07-01 .. 2026-07-27 (13 gun)
========================================================================================
            grup  olay  gun  son_tl  getiri_%  win_%  hedef  stop  gun_sonu  ort_getiri_%  ort_max_%  ort_min_%
     DIP+KIRILIM    45   13 97840.0     -2.16   48.9     18    16        11         -0.02       2.79      -3.49
ELENEN orta/tepe   183   18 98953.0     -1.05   49.2     75    71        37         -0.05       3.63      -3.52

## DIP+KIRILIM ISLEMLER (45)
     tarih hisse    grup  kat  giris    sebep  getiri_%  max_%  min_% cikis_saat   tf
2026-07-01 AKCNS kirilim 12.1 231.00     stop     -3.03  -0.13  -4.72      10:15 15dk
2026-07-01 AKYHO     dip  5.9   2.46 gun_sonu      0.37   1.63  -0.81      18:05  1dk
2026-07-01 ALCAR     dip  6.6 774.00    hedef      2.97   5.56  -2.39      10:15 15dk
2026-07-01 BIGTK     dip  8.8 274.50    hedef      2.97   7.29  -3.46      10:30 15dk
2026-07-02 KRTEK     dip 13.1  23.44 gun_sonu     -2.08   0.00  -2.39      18:08  1dk
2026-07-03 AKYHO     dip  9.4   2.63     stop     -3.03   0.38  -3.42      10:17  1dk
2026-07-03  ERCB     dip 17.4  51.95     stop     -3.03   1.83  -4.52      11:00 15dk
2026-07-06 BLUME     dip  5.4  38.20    hedef      2.97   4.61  -3.14      10:00 15dk
2026-07-06 EMKEL     dip  6.6  19.86    hedef      2.97   6.75  -3.63      10:00 15dk
2026-07-06 JANTS     dip 79.5  17.78     stop     -3.03   1.01  -7.14      10:15 15dk
2026-07-06 MERKO     dip  5.6   1.73    hedef      2.97   5.78  -3.47      10:00 15dk
2026-07-06 SUNTK     dip 10.9  29.70     stop     -3.03  -4.44  -6.87      15:11  1dk
2026-07-06 TKNSA     dip 15.0  19.46 gun_sonu     -0.29   1.75  -0.36      18:00 15dk
2026-07-09 EYGYO     dip  5.3   2.38 gun_sonu     -0.45   1.26  -1.26      18:08  1dk
2026-07-09 JANTS     dip 18.8  18.00    hedef      2.97   6.39  -8.33      10:02  1dk
2026-07-13 CEMTS     dip  5.9   9.58     stop     -3.03   0.00  -3.55      17:12  1dk
2026-07-13 DAPGM     dip  7.9   9.00 gun_sonu      0.08   1.44  -1.33      18:08  1dk
2026-07-13 GZNMI     dip 11.9  61.15     stop     -3.03   2.94  -5.15      15:58  1dk
2026-07-13 ISYAT     dip  6.3   7.95 gun_sonu     -0.91   0.00  -1.13      18:05  1dk
2026-07-13 MAKTK     dip  7.7  11.80     stop     -3.03   0.85  -4.92      15:36  1dk
2026-07-13 SUNTK     dip  8.0  31.66     stop     -3.03   2.97  -9.10      10:15  1dk
2026-07-14  EKIZ     dip 10.6  65.60    hedef      2.97   3.96   1.98      13:55  1dk
2026-07-14 TRILC     dip  7.9   1.51 gun_sonu     -0.03   0.00   0.00      18:05  1dk
2026-07-16 BEYAZ     dip 14.9  23.68    hedef      2.97   3.12  -2.87      12:28  1dk
2026-07-16 PKENT     dip  5.3 137.20    hedef      2.97   3.35   0.07      14:38  1dk
2026-07-16 TEKTU     dip 29.5  10.70     stop     -3.03   2.06 -11.96      10:15  1dk
2026-07-16 VKING     dip 53.1  25.96    hedef      2.97   5.86  -5.01      10:06  1dk
2026-07-16 VRGYO     dip  5.9   1.93    hedef      2.97   4.15   0.52      11:15  1dk
2026-07-20 ALKIM     dip  6.2  17.37 gun_sonu      0.66   2.01   0.06      18:05  1dk
2026-07-20 EYGYO     dip 45.9   2.74     stop     -3.03   1.09  -5.47      10:15  1dk
2026-07-20 YESIL     dip  9.1   1.31    hedef      2.97   6.11   0.00      10:00  1dk
2026-07-21 LRSHO     dip 49.1   3.24    hedef      2.97   3.09  -8.02      10:01  1dk
2026-07-21 SUWEN     dip  5.7   7.36    hedef      2.97   4.48  -2.17      17:59  1dk
2026-07-21 YESIL     dip  8.4   1.31     stop     -3.03   1.53  -3.05      16:50  1dk
2026-07-22 BIENY     dip 29.3  23.16    hedef      2.97   8.12  -3.45      10:11  1dk
2026-07-22 GZNMI     dip  8.6  62.95    hedef      2.97   9.05  -2.94      10:24  1dk
2026-07-22 PKENT     dip  6.3 141.40     stop     -3.03   0.14  -3.68      16:21  1dk
2026-07-22 PRKAB     dip 10.7  35.40    hedef      2.97   8.08  -0.34      10:36  1dk
2026-07-22 QUAGR     dip  8.2   3.76    hedef      2.97   8.51  -3.72      10:10  1dk
2026-07-23 BEYAZ     dip 26.9  27.02     stop     -3.03   2.59  -9.25      10:22  1dk
2026-07-23  CASA     dip  9.4  77.00     stop     -3.03  -2.60  -5.84      17:55  1dk
2026-07-23 INGRM     dip 30.8 399.50 gun_sonu     -1.91   0.31  -2.07      18:05  1dk
2026-07-23  USAK     dip  7.4   1.55     stop     -3.03   0.00  -7.10      11:22  1dk
2026-07-27  ALKA     dip 15.6   9.09 gun_sonu     -1.35   1.10  -1.54      11:02  1dk
2026-07-27 ALKIM     dip 14.4  16.71 gun_sonu      0.03   1.50   0.00      11:02  1dk

-> temmuz_2026_ozet.csv | temmuz_2026_dipkir.csv
