tarih,hisse,kova,grup,kat,pos52,giris,tf,sebep,cikis,cikis_saat,getiri_%,max_%,min_%,max_saat,min_saat,max_fiyat,min_fiyat
2026-01-02,AHSGY,elenen,tepe,7.2,0.923,16.7,15dk,stop,16.199,10:15,-3.03,1.86,-4.97,12:00,10:00,17.01,15.87
2026-01-02,ANELE,elenen,orta,17.0,0.238,16.69,15dk,stop,16.1893,11:30,-3.03,2.22,-4.97,10:15,10:00,17.06,15.86
2026-01-02,BMSCH,elenen,tepe,6.5,0.96,30.4,15dk,hedef,31.312,10:00,2.97,10.0,0.0,18:00,10:00,33.44,30.4
2026-01-02,DGATE,elenen,orta,20.2,0.552,70.7,15dk,stop,68.579,10:15,-3.03,0.78,-4.95,17:00,10:00,71.25,67.2
2026-01-02,DMSAS,elenen,orta,6.8,0.317,9.2,15dk,gun_sonu,9.08,18:00,-1.34,2.61,-1.41,10:00,11:15,9.44,9.07
2026-01-02,IZINV,elenen,orta,6.3,0.507,63.9,15dk,gun_sonu,64.45,18:00,0.83,1.8,-1.8,11:15,10:15,65.05,62.75
2026-01-02,KRVGD,elenen,tepe,5.0,0.96,2.76,15dk,gun_sonu,2.8,18:00,1.42,2.54,-1.81,16:45,10:15,2.83,2.71
2026-01-02,NTGAZ,elenen,tepe,8.2,0.804,10.58,15dk,stop,10.2626,13:00,-3.03,0.0,-3.21,10:00,18:00,10.58,10.24
2026-01-02,NUHCM,elenen,orta,15.4,0.206,220.5,15dk,gun_sonu,222.6,18:00,0.92,2.45,0.45,11:45,10:00,225.9,221.5
2026-01-02,PARSN,elenen,orta,5.1,0.784,104.0,15dk,gun_sonu,102.6,18:00,-1.38,0.0,-2.6,10:00,10:15,104.0,101.3
2026-01-02,RUBNS,elenen,orta,10.7,0.535,23.84,15dk,hedef,24.5552,10:00,2.97,6.8,-1.43,18:00,10:00,25.46,23.5
2026-01-02,SEGYO,elenen,orta,12.5,0.4,4.94,15dk,hedef,5.0882,10:00,2.97,4.05,-1.01,10:00,11:30,5.14,4.89
2026-01-02,SONME,elenen,tepe,6.3,1.064,179.9,15dk,hedef,185.297,10:00,2.97,3.34,-4.95,10:00,12:00,185.9,171.0
2026-01-02,TRHOL,elenen,orta,6.1,0.604,525.5,15dk,hedef,541.265,10:00,2.97,9.9,0.0,10:00,18:00,577.5,525.5
2026-01-05,ALCTL,elenen,orta,5.2,0.218,103.8,15dk,gun_sonu,105.3,18:00,1.41,2.5,-0.19,15:15,10:00,106.4,103.6
2026-01-05,BAYRK,elenen,orta,20.3,0.415,6.02,15dk,hedef,6.2006,10:00,2.97,3.49,-5.15,10:00,15:15,6.23,5.71
2026-01-05,BMSCH,elenen,tepe,11.2,1.0,33.44,15dk,stop,32.4368,10:15,-3.03,-0.06,-9.99,10:00,18:00,33.42,30.1
2026-01-05,BNTAS,elenen,orta,5.1,0.642,6.4,15dk,hedef,6.592,12:30,2.97,3.91,-0.16,12:30,10:00,6.65,6.39
2026-01-05,CEMZY,elenen,orta,13.6,0.793,8.41050984,15dk,hedef,8.6628,10:00,2.97,8.06,0.17,18:00,10:00,9.0887,8.4245
2026-01-05,DZGYO,elenen,orta,6.6,0.564,8.23,15dk,stop,7.9831,10:30,-3.03,0.73,-4.25,10:00,10:45,8.29,7.88
2026-01-05,GENIL,elenen,orta,6.3,0.681,12.3065436,15dk,hedef,12.6757,16:00,2.97,3.14,-1.19,16:00,10:00,12.6932,12.1599
2026-01-05,IHAAS,elenen,orta,20.1,0.798,42.3,15dk,hedef,43.569,10:15,2.97,6.24,-0.95,11:00,12:30,44.94,41.9
2026-01-05,ISSEN,elenen,orta,7.8,0.208,7.39,15dk,gun_sonu,7.24,18:00,-2.06,0.0,-2.71,10:00,15:00,7.39,7.19
2026-01-05,KAYSE,elenen,orta,5.6,0.531,4.591347,15dk,gun_sonu,4.6831,18:00,1.97,2.2,-0.72,16:30,14:15,4.6925,4.5584
2026-01-05,ORCAY,elenen,orta,21.6,0.505,3.71,15dk,gun_sonu,3.64,18:00,-1.92,0.54,-2.43,10:15,17:00,3.73,3.62
2026-01-05,OTTO,elenen,orta,7.8,0.653,489.25,15dk,hedef,503.9275,10:30,2.97,6.29,-0.05,10:45,10:00,520.0,489.0
2026-01-05,PCILT,elenen,orta,65.6,0.531,24.8,15dk,stop,24.056,11:30,-3.03,0.16,-4.27,10:00,10:00,24.84,23.74
2026-01-05,PENGD,elenen,orta,5.5,0.275,7.74,15dk,gun_sonu,7.8,18:00,0.74,1.29,-0.52,17:30,10:15,7.84,7.7
2026-01-05,RUBNS,elenen,orta,6.1,0.637,25.02,15dk,hedef,25.7706,10:15,2.97,11.91,-2.88,18:00,10:00,28.0,24.3
2026-01-05,SONME,elenen,tepe,10.0,0.992,185.0,15dk,hedef,190.55,10:00,2.97,5.35,-4.32,10:00,18:00,194.9,177.0
2026-01-05,TEHOL,elenen,orta,50.3,0.579,25.6,15dk,hedef,26.368,10:00,2.97,14.61,-0.23,10:45,18:00,29.34,25.54
2026-01-05,TNZTP,elenen,orta,25.8,0.432,23.26,15dk,hedef,23.9578,10:00,2.97,4.47,-1.55,10:00,15:30,24.3,22.9
2026-01-05,YGGYO,elenen,tepe,27.5,0.804,131.6,15dk,gun_sonu,134.4,18:00,2.09,2.74,-1.22,17:00,13:00,135.2,130.0
2026-01-05,YUNSA,elenen,orta,5.1,0.594,7.7,15dk,gun_sonu,7.68,18:00,-0.29,0.78,-1.3,17:15,16:45,7.76,7.6
2026-01-06,ACSEL,elenen,orta,5.7,0.217,103.0,15dk,hedef,106.09,10:00,2.97,6.21,-0.19,11:00,10:00,109.4,102.8
2026-01-06,ATEKS,elenen,orta,9.3,0.533,128.1,1dk,hedef,131.943,13:55,2.97,11.63,2.65,18:08,12:55,143.0,131.5
2026-01-06,BMSCH,elenen,orta,100.9,0.74,27.1,15dk,hedef,27.913,10:00,2.97,5.17,0.0,10:00,18:00,28.5,27.1
2026-01-06,CEMZY,elenen,tepe,24.5,0.898,9.263446,15dk,hedef,9.5413,10:00,2.97,3.21,-5.0,10:00,10:00,9.5606,8.8003
2026-01-06,DURKN,elenen,orta,47.3,0.467,16.45,15dk,hedef,16.9435,10:45,2.97,5.96,-4.92,11:00,15:15,17.43,15.64
2026-01-06,IDGYO,elenen,orta,6.6,0.666,4.02,15dk,hedef,4.1406,10:00,2.97,4.23,-9.2,10:00,17:45,4.19,3.65
2026-01-06,KUVVA,elenen,tepe,16.7,0.806,150.0,15dk,gun_sonu,147.9,18:00,-1.43,-0.47,-1.4,17:45,18:00,149.3,147.9
2026-01-06,MEKAG,elenen,orta,69.1,0.687,4.27,15dk,hedef,4.3981,10:00,2.97,3.28,-9.13,10:00,14:15,4.41,3.88
2026-01-06,MERKO,elenen,orta,21.7,0.219,1.88395691,15dk,gun_sonu,1.8826,18:00,-0.1,0.65,-1.01,17:15,12:45,1.8961,1.865
2026-01-06,NTHOL,elenen,orta,5.1,0.756,49.12,15dk,stop,47.6464,10:15,-3.03,-0.24,-3.05,10:00,10:45,49.0,47.62
2026-01-06,RUBNS,elenen,tepe,7.5,0.895,28.0,15dk,hedef,28.84,10:00,2.97,3.57,-2.93,10:15,18:00,29.0,27.18
2026-01-06,TEHOL,elenen,orta,16.2,0.516,23.0,15dk,hedef,23.69,10:00,2.97,4.17,0.0,10:00,18:00,23.96,23.0
2026-01-07,ADGYO,elenen,orta,8.6,0.698,49.8,15dk,hedef,51.294,10:45,2.97,6.43,-4.94,12:15,17:00,53.0,47.34
2026-01-07,ALCTL,elenen,orta,37.5,0.284,107.8,15dk,stop,104.566,16:45,-3.03,0.19,-3.53,10:00,18:00,108.0,104.0
2026-01-07,DAPGM,elenen,orta,54.3,0.569,14.1,15dk,stop,13.677,10:15,-3.03,-0.28,-11.91,10:00,18:00,14.06,12.42
2026-01-07,KSTUR,elenen,orta,10.5,0.244,3552.5,1dk,gun_sonu,3602.5,18:08,1.37,1.41,0.0,18:08,12:55,3602.5,3552.5
2026-01-07,KZBGY,elenen,orta,8.2,0.586,3.675,15dk,stop,3.5647,10:45,-3.03,0.41,-3.59,12:30,17:15,3.69,3.543
2026-01-07,METRO,elenen,orta,29.5,0.519,4.48,15dk,hedef,4.6144,10:00,2.97,5.8,-1.34,18:00,10:00,4.74,4.42
2026-01-07,NUGYO,elenen,orta,6.0,0.738,11.75,15dk,hedef,12.1025,11:45,2.97,3.66,-2.89,11:45,11:15,12.18,11.41
2026-01-07,SUNTK,elenen,orta,8.0,0.636,48.88,15dk,gun_sonu,48.88,18:00,-0.03,0.0,0.0,18:00,18:00,48.88,48.88
2026-01-07,TEHOL,elenen,orta,21.1,0.46,20.7,15dk,hedef,21.321,10:00,2.97,12.75,0.0,10:00,18:00,23.34,20.7
2026-01-08,AHSGY,elenen,tepe,10.2,1.061,19.86,15dk,hedef,20.4558,10:00,2.97,5.24,-1.46,18:00,10:00,20.9,19.57
2026-01-08,BMSCH,elenen,orta,6.8,0.531,22.0,15dk,gun_sonu,21.96,18:00,-0.21,2.73,-0.18,10:00,18:00,22.6,21.96
2026-01-08,BYDNR,elenen,tepe,8.1,1.027,29.44,15dk,hedef,30.3232,10:15,2.97,7.88,-3.19,10:45,10:00,31.76,28.5
2026-01-08,DAGI,elenen,orta,79.8,0.614,6.32,15dk,hedef,6.5096,10:00,2.97,4.91,0.0,10:30,10:00,6.63,6.32
2026-01-08,DURDO,elenen,orta,6.9,0.418,3.75,15dk,hedef,3.8625,10:00,2.97,3.2,-0.53,16:45,10:00,3.87,3.73
2026-01-08,GSDHO,elenen,orta,10.3,0.534,4.52,15dk,gun_sonu,4.5,18:00,-0.48,0.66,-2.21,17:30,13:45,4.55,4.42
2026-01-08,METRO,elenen,orta,14.9,0.611,4.88,15dk,hedef,5.0264,10:00,2.97,3.69,-9.43,10:00,14:00,5.06,4.42
2026-01-08,OZKGY,elenen,orta,6.1,0.723,14.25,15dk,hedef,14.6775,17:30,2.97,3.16,-1.54,17:30,11:00,14.7,14.03
2026-01-08,RYSAS,elenen,orta,5.7,0.325,15.5,15dk,gun_sonu,15.48,18:00,-0.16,2.58,-2.65,10:30,14:00,15.9,15.09
2026-01-08,TSPOR,elenen,orta,6.7,0.432,1.1,15dk,gun_sonu,1.08,18:00,-1.85,0.0,-2.73,10:15,17:45,1.1,1.07
2026-01-08,VAKKO,elenen,orta,5.4,0.245,57.0,15dk,gun_sonu,58.0,18:00,1.72,1.75,-1.05,18:00,14:00,58.0,56.4
2026-01-09,AHSGY,elenen,tepe,15.1,1.094,22.4,15dk,stop,21.728,10:15,-3.03,2.59,-6.96,12:00,13:30,22.98,20.84
2026-01-09,AVHOL,elenen,orta,9.3,0.35,39.88,15dk,stop,38.6836,10:15,-3.03,5.32,-3.61,15:15,10:15,42.0,38.44
2026-01-09,BEYAZ,elenen,orta,13.7,0.555,32.9,15dk,stop,31.913,10:30,-3.03,2.25,-4.98,15:45,18:00,33.64,31.26
2026-01-09,BMSCH,elenen,orta,6.8,0.439,19.77,15dk,hedef,20.3631,10:15,2.97,19.27,0.0,11:15,10:15,23.58,19.77
2026-01-09,CASA,elenen,orta,6.6,0.658,112.5,1dk,gun_sonu,114.0,18:09,1.3,2.93,0.0,17:55,12:55,115.8,112.5
2026-01-09,ERBOS,elenen,orta,10.6,0.659,186.0,15dk,hedef,191.58,15:00,2.97,3.44,0.0,17:30,10:00,192.4,186.0
2026-01-09,GENTS,elenen,orta,8.1,0.776,10.35,15dk,stop,10.0395,14:30,-3.03,1.06,-6.18,10:00,17:30,10.46,9.71
2026-01-09,GMTAS,elenen,tepe,70.4,1.104,27.07978131,15dk,gun_sonu,27.4776,18:00,1.44,1.47,-2.11,18:00,10:00,27.4776,26.5078
2026-01-09,KLGYO,elenen,orta,18.2,0.787,6.94,15dk,hedef,7.1482,10:00,2.97,8.79,-0.43,18:00,10:00,7.55,6.91
2026-01-09,KRDMB,elenen,orta,8.4,0.433,25.04,15dk,gun_sonu,25.3,18:00,1.01,2.32,-0.24,12:45,15:00,25.62,24.98
2026-01-09,LUKSK,elenen,orta,5.9,0.441,105.3,15dk,hedef,108.459,10:00,2.97,11.02,0.47,18:00,10:00,116.9,105.8
2026-01-09,OTTO,elenen,orta,43.1,0.719,507.5,15dk,stop,492.275,16:15,-3.03,1.28,-5.86,10:00,18:00,514.0,477.75
2026-01-09,QNBTR,elenen,orta,10.0,0.309,297.69322625,1dk,gun_sonu,299.825,18:09,0.68,0.72,0.72,18:09,18:09,299.825,299.825
2026-01-09,RGYAS,elenen,orta,5.5,0.634,141.3,15dk,gun_sonu,140.1,18:00,-0.88,0.14,-1.98,11:15,10:00,141.5,138.5
2026-01-09,SDTTR,elenen,orta,6.6,0.362,208.9,15dk,stop,202.633,10:15,-3.03,0.14,-4.93,10:00,10:15,209.2,198.6
2026-01-09,TNZTP,elenen,orta,5.7,0.645,27.08,15dk,stop,26.2676,10:15,-3.03,0.44,-7.75,10:00,17:15,27.2,24.98
2026-01-09,VKING,elenen,orta,18.1,0.398,33.56,15dk,stop,32.5532,10:15,-3.03,1.01,-4.53,10:00,11:45,33.9,32.04
2026-01-12,ADGYO,elenen,tepe,15.5,0.872,55.75,15dk,hedef,57.4225,12:00,2.97,5.65,-3.23,12:15,16:00,58.9,53.95
2026-01-12,ALKA,elenen,orta,7.2,0.653,13.36,15dk,hedef,13.7608,10:00,2.97,5.91,-0.52,18:00,10:00,14.15,13.29
2026-01-12,ALKIM,elenen,orta,8.4,0.537,19.7,15dk,hedef,20.291,10:00,2.97,8.43,0.1,17:00,10:00,21.36,19.72
2026-01-12,EGPRO,elenen,orta,6.6,0.594,26.0,15dk,hedef,26.78,16:45,2.97,4.0,-0.69,16:45,13:45,27.04,25.82
2026-01-12,FZLGY,elenen,tepe,5.7,0.805,15.3,15dk,hedef,15.759,10:00,2.97,4.51,-0.59,10:15,10:00,15.99,15.21
2026-01-12,GMTAS,elenen,tepe,22.0,1.082,29.34264641,15dk,stop,28.4624,10:15,-3.03,1.27,-11.36,10:00,13:00,29.7156,26.0105
2026-01-12,KIMMR,elenen,orta,10.1,0.607,13.63,15dk,stop,13.2211,10:15,-3.03,2.35,-3.3,15:30,10:00,13.95,13.18
2026-01-12,KLGYO,elenen,tepe,17.4,0.995,7.7,15dk,hedef,7.931,10:00,2.97,7.79,-0.39,16:15,10:00,8.3,7.67
2026-01-12,LUKSK,elenen,orta,19.8,0.641,120.0,15dk,hedef,123.6,10:15,2.97,4.17,-4.58,10:45,17:45,125.0,114.5
2026-01-12,MARBL,elenen,orta,104.8,0.436,13.75,15dk,hedef,14.1625,10:15,2.97,4.0,-4.44,10:30,17:30,14.3,13.14
2026-01-12,MNDRS,elenen,orta,6.5,0.526,14.27,15dk,hedef,14.6981,13:15,2.97,4.27,-2.24,13:15,12:00,14.88,13.95
2026-01-12,NTHOL,elenen,orta,6.6,0.633,46.7,15dk,gun_sonu,46.7,18:00,-0.03,0.94,-0.47,15:30,10:00,47.14,46.48
2026-01-12,PRDGS,elenen,orta,9.7,0.621,6.75,15dk,hedef,6.9525,10:30,2.97,3.41,-4.0,10:30,11:00,6.98,6.48
2026-01-12,QNBFK,elenen,orta,10.5,0.401,48.5568284,1dk,stop,47.1001,12:55,-3.03,0.0,-13.74,13:55,12:55,48.5568,41.8843
2026-01-12,QNBTR,elenen,orta,6.9,0.314,299.9773175,1dk,hedef,308.9766,17:55,2.97,7.61,1.52,18:09,12:55,322.8182,304.5455
2026-01-12,RNPOL,elenen,orta,7.3,0.464,1.906,15dk,stop,1.8488,12:30,-3.03,4.93,-4.93,15:00,12:45,2.0,1.812
2026-01-12,SOKE,elenen,orta,5.7,0.282,11.02,15dk,hedef,11.3506,10:30,2.97,3.09,-0.64,10:30,10:00,11.36,10.95
2026-01-12,TGSAS,elenen,orta,9.5,0.554,165.0,15dk,stop,160.05,16:00,-3.03,0.0,-3.33,10:00,16:45,165.0,159.5
2026-01-12,TLMAN,elenen,orta,6.7,0.511,96.0,15dk,gun_sonu,94.15,18:00,-1.96,0.0,-2.08,10:00,10:00,96.0,94.0
2026-01-12,ULUUN,elenen,orta,7.3,0.389,6.7,15dk,gun_sonu,6.74,18:00,0.56,1.94,-0.3,14:45,10:00,6.83,6.68
2026-01-13,A1YEN,elenen,orta,33.4,0.756,3.15701148,15dk,gun_sonu,3.1368,18:00,-0.67,1.63,-2.9,17:45,14:45,3.2083,3.0653
2026-01-13,ALKIM,elenen,orta,14.7,0.575,20.16,15dk,hedef,20.7648,10:00,2.97,3.77,-2.28,10:00,12:00,20.92,19.7
2026-01-13,ARSAN,elenen,tepe,5.4,1.011,3.98,15dk,hedef,4.0994,10:00,2.97,4.02,-2.01,12:00,17:15,4.14,3.9
2026-01-13,AYCES,elenen,orta,6.0,0.508,456.0,15dk,hedef,469.68,10:00,2.97,5.65,-1.26,10:30,15:45,481.75,450.25
2026-01-13,BIZIM,elenen,orta,6.2,0.668,27.44,15dk,gun_sonu,27.6,18:00,0.55,2.04,-0.73,10:00,13:30,28.0,27.24
2026-01-13,BLCYT,elenen,tepe,10.8,0.908,39.9,15dk,stop,38.703,10:15,-3.03,3.61,-5.96,17:45,10:30,41.34,37.52
2026-01-13,BNTAS,elenen,orta,5.1,0.675,6.57,15dk,gun_sonu,6.55,18:00,-0.34,0.15,-1.37,13:15,10:15,6.58,6.48
2026-01-13,CATES,elenen,orta,5.6,0.665,35.6,15dk,hedef,36.668,10:00,2.97,6.57,-1.85,10:00,10:00,37.94,34.94
2026-01-13,ECZYT,elenen,orta,7.0,0.643,315.0,15dk,stop,305.55,18:00,-3.03,0.48,-3.17,11:00,18:00,316.5,305.0
2026-01-13,GENTS,elenen,orta,5.3,0.691,9.67,15dk,hedef,9.9601,17:45,2.97,3.41,-2.48,17:45,13:45,10.0,9.43
2026-01-13,OBASE,elenen,orta,45.3,0.566,37.1,15dk,stop,35.987,11:15,-3.03,1.94,-6.9,10:00,17:45,37.82,34.54
2026-01-13,OSTIM,elenen,orta,6.4,0.342,2.31851598,15dk,gun_sonu,2.2889,18:00,-1.31,0.96,-2.24,17:15,11:00,2.3407,2.2667
2026-01-13,OTTO,elenen,tepe,28.9,0.902,558.0,15dk,stop,541.26,10:15,-3.03,0.0,-15.32,10:00,18:00,558.0,472.5
2026-01-13,VAKFN,elenen,orta,6.4,0.504,1.93,15dk,gun_sonu,1.92,18:00,-0.55,2.59,-1.04,17:15,17:45,1.98,1.91
2026-01-14,AHSGY,elenen,tepe,7.5,1.042,25.02,15dk,hedef,25.7706,10:00,2.97,6.31,-11.91,10:00,17:15,26.6,22.04
2026-01-14,AKGRT,elenen,orta,7.4,0.722,7.6,15dk,gun_sonu,7.46,18:00,-1.88,1.84,-2.11,10:30,17:45,7.74,7.44
2026-01-14,ATATP,elenen,orta,6.9,0.567,133.5,15dk,hedef,137.505,12:30,2.97,8.31,-0.37,18:00,10:00,144.6,133.0
2026-01-14,BLCYT,elenen,tepe,10.3,0.946,41.0,15dk,stop,39.77,10:15,-3.03,0.1,-4.54,10:00,10:30,41.04,39.14
2026-01-14,BOSSA,elenen,orta,7.4,0.346,6.55,15dk,hedef,6.7465,10:00,2.97,6.26,0.0,12:15,10:00,6.96,6.55
2026-01-14,EKOS,elenen,orta,9.4,0.608,6.2,15dk,hedef,6.386,10:00,2.97,4.35,-5.32,10:00,17:45,6.47,5.87
2026-01-14,GARFA,elenen,orta,44.8,0.687,30.56,15dk,hedef,31.4768,10:00,2.97,4.52,-2.81,10:00,18:00,31.94,29.7
2026-01-14,HTTBT,elenen,orta,7.2,0.49,44.7,15dk,stop,43.359,14:30,-3.03,0.04,-3.8,10:00,17:30,44.72,43.0
2026-01-14,IHEVA,elenen,orta,16.6,0.278,2.29,15dk,stop,2.2213,10:45,-3.03,-0.87,-3.93,10:00,18:00,2.27,2.2
2026-01-14,KLKIM,elenen,tepe,5.6,0.833,36.38,15dk,gun_sonu,36.2,18:00,-0.53,0.71,-2.25,17:00,10:00,36.64,35.56
2026-01-14,MTRKS,elenen,orta,7.2,0.33,21.64,15dk,gun_sonu,21.42,18:00,-1.05,0.09,-1.2,13:00,15:00,21.66,21.38
2026-01-14,NTGAZ,elenen,orta,6.7,0.753,10.24,15dk,stop,9.9328,17:15,-3.03,0.49,-3.32,11:45,17:15,10.29,9.9
2026-01-14,PRKAB,elenen,orta,30.0,0.465,35.2,15dk,hedef,36.256,10:30,2.97,4.09,-7.05,10:30,17:45,36.64,32.72
2026-01-14,RGYAS,elenen,orta,8.6,0.724,148.0,15dk,hedef,152.44,14:15,2.97,4.59,-1.49,14:15,11:00,154.8,145.8
2026-01-14,RNPOL,elenen,orta,7.1,0.578,2.112,15dk,hedef,2.1754,10:00,2.97,9.99,0.0,18:00,10:00,2.323,2.112
2026-01-14,SEGMN,elenen,orta,44.0,0.608,23.7,15dk,stop,22.989,10:15,-3.03,1.01,-5.32,18:00,10:15,23.94,22.44
2026-01-14,SILVR,elenen,orta,13.5,0.429,2.59,15dk,hedef,2.6677,10:00,2.97,6.18,2.32,17:45,10:00,2.75,2.65
2026-01-14,SKTAS,elenen,orta,11.1,0.566,4.12,15dk,stop,3.9964,10:15,-3.03,0.97,-6.55,10:00,18:00,4.16,3.85
2026-01-14,TRGYO,elenen,tepe,22.7,0.908,78.0,15dk,gun_sonu,77.25,18:00,-0.99,0.19,-1.73,10:00,11:00,78.15,76.65
2026-01-14,YGGYO,elenen,orta,5.0,0.745,127.0,15dk,gun_sonu,128.2,18:00,0.91,2.52,-0.31,11:00,10:00,130.2,126.6
2026-01-15,ADEL,elenen,orta,12.6,0.541,36.0,15dk,hedef,37.08,10:00,2.97,7.56,-0.5,18:00,10:00,38.72,35.82
2026-01-15,ADGYO,elenen,tepe,8.3,0.967,59.55,15dk,hedef,61.3365,10:45,2.97,10.92,-1.09,11:30,10:00,66.05,58.9
2026-01-15,AGYO,elenen,orta,18.5,0.607,7.28,15dk,gun_sonu,7.24,18:00,-0.58,0.0,-1.24,16:45,12:00,7.28,7.19
2026-01-15,ATAKP,elenen,tepe,13.9,0.996,57.9,15dk,hedef,59.637,11:00,2.97,6.48,-3.28,11:00,10:00,61.65,56.0
2026-01-15,ATATP,elenen,orta,6.7,0.695,147.4,15dk,hedef,151.822,10:00,2.97,7.87,-0.75,18:00,10:00,159.0,146.3
2026-01-15,AYCES,elenen,orta,8.8,0.655,481.0,15dk,stop,466.57,14:00,-3.03,1.4,-3.48,10:15,14:00,487.75,464.25
2026-01-15,BIOEN,elenen,orta,17.0,0.356,18.88,15dk,stop,18.3136,13:00,-3.03,2.12,-4.03,10:15,17:00,19.28,18.12
2026-01-15,DOFER,elenen,orta,19.2,0.215,31.72,15dk,hedef,32.6716,10:00,2.97,13.43,0.0,16:30,10:00,35.98,31.72
2026-01-15,ECZYT,elenen,orta,7.6,0.6,305.0,15dk,gun_sonu,306.0,18:00,0.29,2.7,-0.08,11:00,10:00,313.25,304.75
2026-01-15,IHGZT,elenen,orta,6.4,0.306,1.54,15dk,gun_sonu,1.55,18:00,0.62,1.3,-0.65,12:45,15:00,1.56,1.53
2026-01-15,KAPLM,elenen,orta,20.0,0.479,370.0,15dk,hedef,381.1,10:00,2.97,3.92,-0.34,18:00,10:00,384.5,368.75
2026-01-15,KRDMB,elenen,orta,6.5,0.61,26.7,15dk,gun_sonu,27.4,18:00,2.59,2.62,-0.75,18:00,10:00,27.4,26.5
2026-01-15,KRPLS,elenen,orta,46.0,0.767,9.51,15dk,hedef,9.7953,10:00,2.97,4.63,-3.26,10:00,13:15,9.95,9.2
2026-01-15,KRTEK,elenen,orta,10.8,0.223,26.3,15dk,hedef,27.089,11:15,2.97,4.49,0.0,17:00,10:00,27.48,26.3
2026-01-15,ONCSM,elenen,tepe,18.6,0.993,299.5,15dk,hedef,308.485,10:00,2.97,4.26,-2.92,13:30,10:30,312.25,290.75
2026-01-15,OYAYO,elenen,orta,7.9,0.708,50.15,15dk,hedef,51.6545,10:30,2.97,4.59,-1.3,11:15,10:00,52.45,49.5
2026-01-15,POLHO,elenen,orta,6.5,0.552,17.06,15dk,hedef,17.5718,11:45,2.97,3.17,-1.29,17:45,14:30,17.6,16.84
2026-01-15,RNPOL,elenen,orta,6.1,0.709,2.351,15dk,hedef,2.4215,11:15,2.97,3.02,-4.3,13:45,10:00,2.422,2.25
2026-01-15,SEGMN,elenen,orta,12.9,0.746,25.08,15dk,hedef,25.8324,10:00,2.97,4.94,-1.44,18:00,10:00,26.32,24.72
2026-01-15,TRENJ,elenen,tepe,5.5,0.87,96.15,15dk,hedef,99.0345,15:45,2.97,4.0,-0.68,16:30,10:00,100.0,95.5
2026-01-16,ADEL,elenen,orta,14.4,0.709,39.12,15dk,hedef,40.2936,10:00,2.97,7.36,-5.37,10:00,17:45,42.0,37.02
2026-01-16,ALVES,elenen,orta,10.4,0.39,3.086,15dk,stop,2.9934,16:30,-3.03,2.4,-3.31,10:00,16:30,3.16,2.984
2026-01-16,ATATP,elenen,tepe,9.0,0.856,164.9,15dk,stop,159.953,10:15,-3.03,3.03,-5.94,17:45,10:15,169.9,155.1
2026-01-16,EKSUN,elenen,orta,5.5,0.352,5.62,15dk,hedef,5.7886,17:15,2.97,6.41,-2.31,17:15,10:00,5.98,5.49
2026-01-16,FENER,elenen,orta,7.3,0.292,3.77,15dk,stop,3.6569,10:15,-3.03,1.06,-7.96,10:00,14:45,3.81,3.47
2026-01-16,GEREL,elenen,orta,7.0,0.605,19.6,15dk,gun_sonu,19.39,18:00,-1.1,0.0,-2.14,10:00,17:45,19.6,19.18
2026-01-16,GRNYO,elenen,tepe,39.0,0.922,17.65,15dk,stop,17.1205,10:15,-3.03,3.8,-3.68,18:00,10:45,18.32,17.0
2026-01-16,INTEM,elenen,tepe,23.7,0.877,320.0,15dk,stop,310.4,10:15,-3.03,0.94,-11.95,10:00,16:45,323.0,281.75
2026-01-16,KAPLM,elenen,orta,8.4,0.546,399.0,15dk,hedef,410.97,10:00,2.97,5.26,-9.15,10:00,17:30,420.0,362.5
2026-01-16,KARTN,elenen,orta,43.3,0.225,89.0,15dk,stop,86.33,10:15,-3.03,1.12,-6.74,10:00,17:45,90.0,83.0
2026-01-16,KLGYO,elenen,tepe,5.5,0.889,7.83,15dk,hedef,8.0649,10:00,2.97,4.85,-5.49,16:30,15:30,8.21,7.4
2026-01-16,KRDMB,elenen,orta,7.0,0.696,27.5,15dk,hedef,28.325,10:00,2.97,3.27,-0.73,10:00,12:00,28.4,27.3
2026-01-16,KRTEK,elenen,orta,6.8,0.264,27.06,15dk,hedef,27.8718,14:15,2.97,3.25,-0.81,14:15,10:15,27.94,26.84
2026-01-16,LIDFA,elenen,tepe,21.2,1.0,2.71,15dk,hedef,2.7913,10:00,2.97,5.54,-2.58,10:00,13:00,2.86,2.64
2026-01-16,LYDHO,elenen,orta,24.7,0.698,181.4,15dk,stop,175.958,13:00,-3.03,2.54,-4.96,10:00,17:45,186.0,172.4
2026-01-16,RYSAS,elenen,orta,5.8,0.557,17.88,15dk,stop,17.3436,17:45,-3.03,2.29,-3.3,10:00,17:45,18.29,17.29
2026-01-16,YYLGD,elenen,tepe,5.4,0.947,11.65,15dk,hedef,11.9995,10:15,2.97,9.01,-1.89,13:30,10:00,12.7,11.43
2026-01-19,AFYON,elenen,orta,5.5,0.475,13.88,15dk,gun_sonu,13.75,18:00,-0.97,0.86,-1.01,10:00,15:00,14.0,13.74
2026-01-19,ALBRK,elenen,orta,6.0,0.728,8.46,15dk,gun_sonu,8.55,18:00,1.03,2.6,0.0,15:30,10:15,8.68,8.46
2026-01-19,ARTMS,elenen,orta,25.6,0.431,39.02,15dk,hedef,40.1906,10:00,2.97,6.61,-0.21,10:15,10:00,41.6,38.94
2026-01-19,ATLAS,elenen,orta,5.6,0.701,6.3,15dk,gun_sonu,6.31,18:00,0.13,2.7,-0.63,11:45,15:00,6.47,6.26
2026-01-19,BARMA,elenen,tepe,17.6,0.895,37.0,15dk,hedef,38.11,13:00,2.97,3.3,-0.49,13:00,10:00,38.22,36.82
2026-01-19,FENER,elenen,orta,6.2,0.267,3.71,15dk,stop,3.5987,10:45,-3.03,0.27,-5.66,10:00,18:00,3.72,3.5
2026-01-19,GRNYO,elenen,tepe,7.9,0.984,18.32,15dk,stop,17.7704,10:15,-3.03,0.98,-6.6,10:00,18:00,18.5,17.11
2026-01-19,IHAAS,elenen,tepe,7.6,0.805,42.5,15dk,hedef,43.775,10:30,2.97,8.71,-2.31,11:15,11:45,46.2,41.52
2026-01-19,INTEM,elenen,orta,147.7,0.716,291.0,15dk,hedef,299.73,17:15,2.97,4.81,-1.8,17:45,16:15,305.0,285.75
2026-01-19,MEKAG,elenen,orta,7.3,0.697,4.33,15dk,hedef,4.4599,10:00,2.97,6.93,-0.46,18:00,10:00,4.63,4.31
2026-01-19,YAYLA,elenen,orta,7.3,0.325,28.0,15dk,hedef,28.84,10:45,2.97,3.57,-1.79,10:45,10:15,29.0,27.5
2026-01-19,YEOTK,elenen,orta,5.1,0.319,41.5,15dk,gun_sonu,41.14,18:00,-0.9,1.3,-2.02,11:30,14:45,42.04,40.66
2026-01-19,YIGIT,elenen,orta,9.6,0.332,26.12,15dk,gun_sonu,25.48,18:00,-2.48,1.38,-2.68,11:45,10:30,26.48,25.42
2026-01-19,ZRGYO,elenen,orta,13.1,0.652,23.88,15dk,hedef,24.5964,12:45,2.97,3.85,0.17,13:45,11:00,24.8,23.92
2026-01-20,AGYO,elenen,orta,8.2,0.789,7.8,15dk,stop,7.566,10:15,-3.03,1.15,-3.08,17:45,10:15,7.89,7.56
2026-01-20,BORSK,elenen,tepe,19.6,0.875,6.85,15dk,stop,6.6445,10:30,-3.03,1.75,-3.65,10:15,17:15,6.97,6.6
2026-01-20,EUKYO,elenen,orta,6.3,0.476,5.23332841,15dk,gun_sonu,5.1467,18:00,-1.69,0.19,-1.66,14:00,18:00,5.2433,5.1467
2026-01-20,GSDDE,elenen,orta,11.7,0.666,10.6,15dk,gun_sonu,10.49,18:00,-1.07,1.13,-1.6,10:00,17:15,10.72,10.43
2026-01-20,IHAAS,elenen,tepe,5.5,0.85,44.0,15dk,hedef,45.32,10:00,2.97,11.59,0.09,18:00,10:00,49.1,44.04
2026-01-20,INGRM,elenen,orta,16.5,0.541,488.5,15dk,stop,473.845,10:15,-3.03,2.3,-10.44,10:00,17:15,499.75,437.5
2026-01-20,KRDMB,elenen,tepe,6.2,0.857,29.0,15dk,gun_sonu,28.8,18:00,-0.72,0.34,-2.21,10:00,16:45,29.1,28.36
2026-01-20,MAKTK,elenen,orta,11.7,0.612,16.3,15dk,stop,15.811,10:15,-3.03,1.47,-7.3,10:15,10:00,16.54,15.11
2026-01-20,MEKAG,elenen,orta,10.3,0.774,4.77,15dk,stop,4.6269,10:15,-3.03,0.42,-10.69,10:00,17:30,4.79,4.26
2026-01-20,MZHLD,elenen,orta,39.3,0.785,7.8,15dk,stop,7.566,10:15,-3.03,0.38,-10.26,10:00,10:45,7.83,7.0
2026-01-20,NTGAZ,elenen,orta,10.9,0.759,10.28,15dk,gun_sonu,10.37,18:00,0.84,1.85,-2.14,15:45,10:00,10.47,10.06
2026-01-20,OYAYO,elenen,tepe,8.2,0.849,56.3,15dk,hedef,57.989,10:00,2.97,8.35,-3.02,13:30,10:00,61.0,54.6
2026-01-20,OZSUB,elenen,orta,5.2,0.207,17.51,15dk,hedef,18.0353,10:15,2.97,9.65,-0.91,17:30,10:00,19.2,17.35
2026-01-20,PRKAB,elenen,orta,14.2,0.626,38.9,15dk,hedef,40.067,10:15,2.97,3.65,-4.78,10:15,17:30,40.32,37.04
2026-01-20,PRKME,elenen,orta,8.1,0.267,19.08,15dk,stop,18.5076,10:15,-3.03,1.05,-6.18,10:00,17:30,19.28,17.9
2026-01-20,RUBNS,elenen,tepe,16.9,0.929,33.9,15dk,hedef,34.917,10:00,2.97,6.08,-0.29,13:00,11:30,35.96,33.8
2026-01-20,TDGYO,elenen,tepe,5.5,0.892,39.26,15dk,gun_sonu,38.98,18:00,-0.75,0.61,-3.87,10:00,10:00,39.5,37.74
2026-01-21,AKYHO,elenen,orta,8.6,0.275,3.01,15dk,hedef,3.1003,10:45,2.97,4.32,-3.99,10:45,13:45,3.14,2.89
2026-01-21,EKSUN,elenen,orta,14.1,0.434,5.82,15dk,stop,5.6454,10:15,-3.03,0.0,-3.95,10:00,10:00,5.82,5.59
2026-01-21,EUYO,elenen,orta,12.9,0.7,4.66332895,15dk,stop,4.5234,14:00,-3.03,-0.07,-3.5,10:00,10:00,4.66,4.5
2026-01-21,IHAAS,elenen,tepe,26.5,1.045,50.6,15dk,hedef,52.118,10:00,2.97,6.72,-1.58,18:00,10:00,54.0,49.8
2026-01-21,OBASE,elenen,tepe,5.8,0.802,42.46,15dk,stop,41.1862,10:15,-3.03,0.0,-11.21,10:15,17:00,42.46,37.7
2026-01-21,OZSUB,elenen,orta,7.7,0.285,18.53,15dk,stop,17.9741,11:00,-3.03,0.7,-4.16,10:00,17:45,18.66,17.76
2026-01-21,ULUSE,elenen,orta,6.9,0.405,173.8,15dk,stop,168.586,17:00,-3.03,0.0,-3.28,10:00,17:00,173.8,168.1
2026-01-21,UNLU,elenen,orta,73.5,0.517,15.36,15dk,gun_sonu,15.35,18:00,-0.1,1.56,-0.85,10:30,10:30,15.6,15.23
2026-01-21,YYLGD,elenen,tepe,14.6,1.018,13.26,15dk,hedef,13.6578,10:00,2.97,4.83,-2.64,10:15,14:15,13.9,12.91
2026-01-22,EGGUB,elenen,orta,7.0,0.446,91.3,15dk,gun_sonu,93.8,18:00,2.71,2.9,0.22,17:45,10:00,93.95,91.5
2026-01-22,GOKNR,elenen,orta,7.1,0.329,22.02,15dk,gun_sonu,22.02,18:00,-0.03,0.73,-1.0,17:15,14:00,22.18,21.8
2026-01-22,IHAAS,elenen,tepe,13.1,1.075,56.85,15dk,hedef,58.5555,10:15,2.97,3.43,-3.25,11:45,10:00,58.8,55.0
2026-01-22,IHLGM,elenen,orta,5.4,0.324,2.14,15dk,gun_sonu,2.13,18:00,-0.5,1.4,-0.93,13:45,10:00,2.17,2.12
2026-01-22,INGRM,elenen,orta,11.4,0.61,508.5,15dk,stop,493.245,10:15,-3.03,0.69,-4.97,10:45,14:00,512.0,483.25
2026-01-22,KGYO,elenen,tepe,6.9,0.948,6.67,15dk,gun_sonu,6.71,18:00,0.57,1.65,-2.4,17:45,13:00,6.78,6.51
2026-01-22,KLMSN,elenen,orta,12.0,0.344,32.56,15dk,stop,31.5832,11:00,-3.03,1.72,-7.92,10:00,14:00,33.12,29.98
2026-01-22,NETAS,elenen,orta,12.7,0.311,59.3,15dk,hedef,61.079,16:45,2.97,3.37,0.34,17:15,10:00,61.3,59.5
2026-01-22,OYYAT,elenen,orta,19.7,0.627,48.9,15dk,stop,47.433,10:15,-3.03,0.86,-9.9,10:15,15:15,49.32,44.06
2026-01-22,SEYKM,elenen,orta,12.4,0.595,5.83,15dk,hedef,6.0049,10:15,2.97,8.06,-3.6,10:15,10:00,6.3,5.62
2026-01-22,TGSAS,elenen,orta,5.2,0.585,171.5,15dk,stop,166.355,11:30,-3.03,0.99,-3.32,16:45,10:00,173.2,165.8
2026-01-22,TURGG,elenen,orta,15.4,0.21,29.0,15dk,stop,28.13,12:00,-3.03,2.55,-4.0,10:00,14:00,29.74,27.84
2026-01-22,VKGYO,elenen,tepe,5.8,0.937,3.13,15dk,stop,3.0361,15:45,-3.03,1.92,-3.19,17:45,15:45,3.19,3.03
2026-01-22,YAYLA,elenen,orta,15.1,0.541,34.16,15dk,hedef,35.1848,10:00,2.97,3.22,-8.9,10:00,12:15,35.26,31.12
2026-01-22,YESIL,elenen,orta,33.5,0.383,2.15,15dk,gun_sonu,2.12,18:00,-1.43,1.86,-2.79,10:15,12:45,2.19,2.09
2026-01-22,YYAPI,elenen,orta,13.4,0.521,1.97,15dk,hedef,2.0291,10:00,2.97,4.06,-1.52,10:15,12:45,2.05,1.94
2026-01-23,AVOD,elenen,orta,9.8,0.581,4.55,15dk,hedef,4.6865,10:00,2.97,7.03,-2.64,14:00,10:00,4.87,4.43
2026-01-23,BUCIM,elenen,orta,10.6,0.344,7.11,15dk,gun_sonu,7.08,18:00,-0.45,0.14,-0.84,10:00,17:30,7.12,7.05
2026-01-23,BVSAN,elenen,orta,6.6,0.649,129.4,15dk,hedef,133.282,10:00,2.97,6.26,-3.09,17:15,10:00,137.5,125.4
2026-01-23,DUNYH,elenen,orta,5.4,0.699,113.9,15dk,stop,110.483,16:00,-3.03,-0.09,-4.3,10:00,18:00,113.8,109.0
2026-01-23,ECZYT,elenen,orta,5.2,0.732,336.0,15dk,stop,325.92,10:30,-3.03,3.65,-3.35,17:30,10:30,348.25,324.75
2026-01-23,EUYO,elenen,tepe,8.9,0.84,5.04332859,15dk,hedef,5.1946,10:00,2.97,6.48,-0.46,10:00,10:00,5.37,5.02
2026-01-23,FADE,elenen,orta,6.9,0.552,14.84,15dk,gun_sonu,15.11,18:00,1.79,2.02,-2.96,17:00,10:45,15.14,14.4
2026-01-23,FORMT,elenen,orta,28.2,0.224,3.1,15dk,hedef,3.193,10:00,2.97,3.23,-3.55,10:00,12:30,3.2,2.99
2026-01-23,GOZDE,elenen,tepe,10.3,0.966,24.7,15dk,gun_sonu,25.16,18:00,1.83,1.86,-1.46,18:00,10:45,25.16,24.34
2026-01-23,HRKET,elenen,orta,5.2,0.608,77.0,15dk,gun_sonu,77.1,18:00,0.1,2.27,-0.13,11:45,10:00,78.75,76.9
2026-01-23,MNDTR,elenen,orta,63.4,0.653,7.53,15dk,hedef,7.7559,10:00,2.97,5.31,-1.2,10:00,17:30,7.93,7.44
2026-01-26,AKSGY,elenen,tepe,5.4,0.955,8.54,15dk,gun_sonu,8.54,18:00,-0.03,0.35,-1.52,13:30,11:00,8.57,8.41
2026-01-26,ALKA,elenen,tepe,10.3,0.805,15.0,15dk,stop,14.55,10:15,-3.03,2.0,-5.33,10:00,17:30,15.3,14.2
2026-01-26,ANGEN,elenen,orta,16.3,0.403,11.8,15dk,hedef,12.154,10:00,2.97,4.83,-1.69,10:00,10:00,12.37,11.6
2026-01-26,BESLR,elenen,orta,7.9,0.343,14.39,15dk,hedef,14.8217,10:30,2.97,3.89,-0.35,11:45,10:00,14.95,14.34
2026-01-26,CATES,elenen,tepe,10.5,0.978,41.02,15dk,hedef,42.2506,10:00,2.97,6.24,-1.46,10:15,10:00,43.58,40.42
2026-01-26,FMIZP,elenen,orta,7.3,0.492,335.5,15dk,gun_sonu,338.0,18:00,0.71,1.64,-0.75,13:15,10:00,341.0,333.0
2026-01-26,GEDZA,elenen,orta,5.3,0.428,29.7,15dk,gun_sonu,29.38,18:00,-1.11,0.0,-1.75,10:00,11:00,29.7,29.18
2026-01-26,GLCVY,elenen,tepe,22.0,0.824,77.0,15dk,gun_sonu,76.35,18:00,-0.88,1.56,-1.23,11:30,10:00,78.2,76.05
2026-01-26,HKTM,elenen,orta,9.6,0.264,12.43,15dk,hedef,12.8029,14:45,2.97,4.91,-2.33,15:00,10:00,13.04,12.14
2026-01-26,HLGYO,elenen,tepe,5.4,0.909,4.49,15dk,gun_sonu,4.5,18:00,0.19,0.67,-2.9,15:30,10:00,4.52,4.36
2026-01-26,INVEO,elenen,orta,11.2,0.331,8.75,15dk,hedef,9.0125,13:15,2.97,5.37,-1.03,17:45,10:00,9.22,8.66
2026-01-26,KAPLM,elenen,orta,6.9,0.655,446.0,15dk,gun_sonu,439.75,18:00,-1.43,2.58,-4.04,14:15,10:00,457.5,428.0
2026-01-26,KLKIM,elenen,tepe,5.7,0.973,41.26,15dk,gun_sonu,40.64,18:00,-1.54,1.11,-1.55,13:30,17:45,41.72,40.62
2026-01-26,KORDS,elenen,orta,9.2,0.218,52.8,15dk,hedef,54.384,10:00,2.97,3.69,-0.95,10:00,10:00,54.75,52.3
2026-01-26,LIDER,elenen,orta,6.7,0.753,78.0,15dk,hedef,80.34,11:00,2.97,4.49,-1.35,15:00,18:00,81.5,76.95
2026-01-26,MHRGY,elenen,orta,7.5,0.369,3.51,15dk,gun_sonu,3.5,18:00,-0.32,0.28,-1.14,12:00,12:30,3.52,3.47
2026-01-26,MOPAS,elenen,orta,8.2,0.676,47.0,15dk,hedef,48.41,11:15,2.97,8.51,-1.53,17:30,10:00,51.0,46.28
2026-01-26,OZSUB,elenen,orta,14.8,0.448,20.34,15dk,stop,19.7298,10:15,-3.03,0.79,-3.69,10:00,11:30,20.5,19.59
2026-01-26,PAGYO,elenen,orta,10.1,0.673,90.0,15dk,gun_sonu,89.05,18:00,-1.09,0.22,-2.28,10:00,10:15,90.2,87.95
2026-01-26,POLHO,elenen,orta,5.1,0.596,17.8,15dk,hedef,18.334,11:30,2.97,5.11,-2.08,12:00,10:00,18.71,17.43
2026-01-26,RTALB,elenen,orta,13.0,0.57,3.85,15dk,hedef,3.9655,10:00,2.97,4.16,-1.3,10:00,10:00,4.01,3.8
2026-01-26,SOKE,elenen,orta,8.3,0.464,11.75,15dk,hedef,12.1025,10:30,2.97,6.38,-1.7,11:30,10:15,12.5,11.55
2026-01-26,ULUUN,elenen,orta,6.7,0.506,7.12,15dk,hedef,7.3336,11:00,2.97,3.37,-0.56,15:00,10:00,7.36,7.08
2026-01-26,USAK,elenen,orta,35.5,0.424,2.25258389,15dk,stop,2.185,10:15,-3.03,-0.3,-10.45,10:00,17:00,2.2459,2.0172
2026-01-26,VAKKO,elenen,orta,5.1,0.456,63.8,15dk,gun_sonu,63.75,18:00,-0.11,1.18,-2.19,13:30,10:00,64.55,62.4
2026-01-27,AVOD,elenen,orta,8.1,0.782,5.35,15dk,hedef,5.5105,10:00,2.97,7.29,-2.06,18:00,10:00,5.74,5.24
2026-01-27,BAKAB,elenen,tepe,13.1,0.976,45.48,15dk,hedef,46.8444,10:15,2.97,6.16,-3.74,10:15,17:00,48.28,43.78
2026-01-27,BASCM,elenen,orta,6.9,0.672,16.48,1dk,gun_sonu,16.53,18:08,0.27,0.3,0.0,18:08,17:55,16.53,16.48
2026-01-27,BULGS,elenen,tepe,5.5,0.841,45.98,15dk,gun_sonu,45.16,18:00,-1.82,0.04,-2.52,15:15,17:45,46.0,44.82
2026-01-27,CONSE,elenen,orta,13.8,0.678,3.48,15dk,stop,3.3756,10:15,-3.03,0.86,-5.46,11:30,17:15,3.51,3.29
2026-01-27,DGATE,elenen,orta,10.1,0.739,79.9,15dk,gun_sonu,80.7,18:00,0.97,1.69,-1.94,15:15,10:00,81.25,78.35
2026-01-27,GOKNR,elenen,orta,5.3,0.289,21.68,15dk,gun_sonu,21.8,18:00,0.52,2.77,0.46,10:00,10:00,22.28,21.78
2026-01-27,GOODY,elenen,orta,5.8,0.368,2.8527537,15dk,hedef,2.9383,10:00,2.97,472.78,454.9,10:15,10:00,16.34,15.83
2026-01-27,IZMDC,elenen,orta,5.2,0.529,7.15,15dk,gun_sonu,7.22,18:00,0.95,1.68,-0.28,12:45,11:15,7.27,7.13
2026-01-27,KMPUR,elenen,orta,5.7,0.377,15.71,15dk,gun_sonu,15.66,18:00,-0.35,0.89,-0.38,14:45,17:30,15.85,15.65
2026-01-27,KORDS,elenen,orta,5.5,0.261,53.85,15dk,gun_sonu,53.65,18:00,-0.4,1.21,-1.86,10:15,13:00,54.5,52.85
2026-01-27,KRTEK,elenen,orta,5.6,0.348,28.62,15dk,gun_sonu,28.16,18:00,-1.64,1.12,-2.17,10:00,13:30,28.94,28.0
2026-01-27,SOKE,elenen,orta,9.1,0.628,12.41,15dk,stop,12.0377,16:30,-3.03,1.85,-3.87,10:00,10:00,12.64,11.93
2026-01-27,TATGD,elenen,orta,5.4,0.746,14.06,15dk,gun_sonu,13.91,18:00,-1.1,1.07,-1.92,10:30,17:30,14.21,13.79
2026-01-27,TSGYO,elenen,orta,15.6,0.35,7.31,15dk,gun_sonu,7.26,18:00,-0.72,1.64,-0.82,10:30,17:45,7.43,7.25
2026-01-27,ULUSE,elenen,orta,6.9,0.547,192.0,15dk,gun_sonu,191.2,18:00,-0.45,2.19,-2.86,15:45,10:30,196.2,186.5
2026-01-27,VBTYZ,elenen,orta,24.4,0.344,19.0,15dk,stop,18.43,11:15,-3.03,2.63,-4.84,10:00,17:30,19.5,18.08
2026-01-28,AFYON,elenen,orta,14.4,0.614,14.52,15dk,hedef,14.9556,10:00,2.97,3.99,0.07,17:00,10:00,15.1,14.53
2026-01-28,ALVES,elenen,tepe,15.1,0.956,4.15,15dk,gun_sonu,4.26,18:00,2.62,2.65,-0.48,18:00,10:00,4.26,4.13
2026-01-28,ATLAS,elenen,tepe,7.2,0.892,6.78,15dk,hedef,6.9834,10:00,2.97,8.26,0.0,18:00,10:00,7.34,6.78
2026-01-28,AVOD,elenen,tepe,6.2,0.912,5.87,15dk,stop,5.6939,10:15,-3.03,0.68,-11.93,10:00,17:00,5.91,5.17
2026-01-28,CEMTS,elenen,orta,6.9,0.4,12.34,15dk,gun_sonu,12.23,18:00,-0.92,0.32,-1.78,14:45,13:45,12.38,12.12
2026-01-28,CRFSA,elenen,tepe,5.3,0.832,127.5,15dk,gun_sonu,125.8,18:00,-1.37,1.65,-1.41,11:15,16:45,129.6,125.7
2026-01-28,CUSAN,elenen,orta,28.5,0.447,28.3,15dk,hedef,29.149,10:00,2.97,5.72,-0.71,18:00,10:00,29.92,28.1
2026-01-28,GEREL,elenen,orta,5.2,0.588,19.27,15dk,gun_sonu,18.8,18:00,-2.47,2.08,-2.44,10:15,18:00,19.67,18.8
2026-01-28,IZENR,elenen,orta,5.3,0.749,10.0,15dk,stop,9.7,10:15,-3.03,0.0,-6.6,10:00,13:00,10.0,9.34
2026-01-28,LKMNH,elenen,orta,6.8,0.507,17.99,15dk,gun_sonu,18.05,18:00,0.3,2.83,0.0,11:00,10:00,18.5,17.99
2026-01-28,MOPAS,elenen,tepe,7.8,0.828,52.5,15dk,gun_sonu,52.5,18:00,-0.03,2.57,-1.9,10:00,11:45,53.85,51.5
2026-01-28,NETAS,elenen,orta,16.5,0.514,69.8,15dk,stop,67.706,10:15,-3.03,3.08,-4.8,13:45,10:00,71.95,66.45
2026-01-28,PRKME,elenen,orta,15.7,0.435,21.38,15dk,hedef,22.0214,10:00,2.97,6.64,-0.37,18:00,16:30,22.8,21.3
2026-01-28,RODRG,elenen,orta,7.1,0.336,21.84,15dk,hedef,22.4952,17:45,2.97,3.21,-1.74,17:45,10:30,22.54,21.46
2026-01-28,SURGY,elenen,orta,21.0,0.348,47.32,15dk,hedef,48.7396,10:00,2.97,5.58,-0.72,11:15,10:00,49.96,46.98
2026-01-28,YIGIT,elenen,orta,6.7,0.445,27.0,15dk,hedef,27.81,10:15,2.97,5.56,-1.85,10:30,17:45,28.5,26.5
2026-01-29,ADESE,elenen,orta,79.1,0.284,1.55,15dk,stop,1.5035,12:15,-3.03,0.65,-9.03,10:15,18:00,1.56,1.41
2026-01-29,AKCNS,elenen,tepe,25.9,0.804,199.0,15dk,hedef,204.97,10:00,2.97,3.02,-4.77,10:00,16:00,205.0,189.5
2026-01-29,ALVES,elenen,tepe,22.7,1.152,4.55,15dk,stop,4.4135,10:15,-3.03,2.86,-4.62,18:00,10:30,4.68,4.34
2026-01-29,ARZUM,elenen,orta,6.2,0.297,2.32,15dk,hedef,2.3896,14:00,2.97,6.03,0.0,14:45,13:15,2.46,2.32
2026-01-29,ATLAS,elenen,tepe,12.5,1.175,7.83,15dk,hedef,8.0649,10:00,2.97,3.07,0.0,17:45,10:00,8.07,7.83
2026-01-29,BRLSM,elenen,orta,5.0,0.412,15.35,15dk,gun_sonu,14.97,18:00,-2.51,0.65,-2.87,10:00,15:45,15.45,14.91
2026-01-29,DOKTA,elenen,orta,13.9,0.599,28.68,15dk,hedef,29.5404,10:15,2.97,6.14,-3.49,16:30,10:30,30.44,27.68
2026-01-29,EGEGY,elenen,tepe,9.5,1.003,35.0,15dk,stop,33.95,11:00,-3.03,1.37,-6.29,10:00,17:45,35.48,32.8
2026-01-29,GLBMD,elenen,orta,56.4,0.562,12.95,15dk,stop,12.5615,15:30,-3.03,0.0,-5.02,10:00,15:30,12.95,12.3
2026-01-29,GLCVY,elenen,orta,7.0,0.776,75.0,15dk,gun_sonu,74.45,18:00,-0.77,1.13,-2.73,17:15,13:30,75.85,72.95
2026-01-29,GLRMK,elenen,tepe,5.5,0.834,191.1,15dk,gun_sonu,192.6,18:00,0.75,2.56,-0.63,15:00,11:00,196.0,189.9
2026-01-29,ISYAT,elenen,orta,19.5,0.718,9.82,15dk,hedef,10.1146,10:00,2.97,6.11,-6.82,10:00,18:00,10.42,9.15
2026-01-29,OZYSR,elenen,orta,5.0,0.776,10.73168844,15dk,hedef,11.0536,11:00,2.97,4.77,-3.82,11:30,17:45,11.2439,10.3219
2026-01-29,PRKAB,elenen,tepe,13.0,1.116,53.4,15dk,hedef,55.002,10:00,2.97,3.75,-7.49,18:00,10:30,55.4,49.4
2026-01-29,PRKME,elenen,orta,11.7,0.671,24.6,15dk,stop,23.862,10:15,-3.03,1.95,-8.29,18:00,10:30,25.08,22.56
2026-01-29,RTALB,elenen,orta,5.0,0.525,3.75,15dk,hedef,3.8625,17:00,2.97,3.73,-0.8,17:15,11:15,3.89,3.72
2026-01-29,RUZYE,elenen,orta,18.0,0.684,13.6,15dk,hedef,14.008,10:00,2.97,8.01,0.0,10:00,10:00,14.69,13.6
2026-01-29,TARKM,elenen,orta,5.1,0.345,364.0,15dk,hedef,374.92,10:00,2.97,9.96,0.0,18:00,10:00,400.25,364.0
2026-01-29,TUCLK,elenen,orta,52.3,0.394,5.3,15dk,hedef,5.459,10:00,2.97,5.85,-0.94,18:00,10:00,5.61,5.25
2026-01-29,YATAS,elenen,tepe,6.1,0.996,47.3,15dk,stop,45.881,11:45,-3.03,0.0,-3.17,10:00,12:00,47.3,45.8
2026-01-30,ARZUM,elenen,orta,5.9,0.343,2.43,15dk,hedef,2.5029,10:00,2.97,7.41,-1.23,11:00,10:00,2.61,2.4
2026-01-30,ATLAS,elenen,tepe,21.2,1.173,8.68,15dk,stop,8.4196,10:15,-3.03,2.19,-4.95,18:00,10:00,8.87,8.25
2026-01-30,CEMAS,elenen,orta,11.7,0.297,5.44,15dk,hedef,5.6032,10:00,2.97,9.38,-0.37,17:30,10:00,5.95,5.42
2026-01-30,CUSAN,elenen,orta,102.7,0.562,30.9,15dk,hedef,31.827,12:30,2.97,6.21,-4.14,12:30,18:00,32.82,29.62
2026-01-30,DOFER,elenen,orta,10.9,0.301,35.52,15dk,stop,34.4544,10:15,-3.03,5.57,-5.69,10:45,17:45,37.5,33.5
2026-01-30,EUHOL,elenen,orta,5.9,0.573,14.94,1dk,gun_sonu,14.5,18:09,-2.98,0.4,-2.95,13:55,18:09,15.0,14.5
2026-01-30,KENT,elenen,orta,10.2,0.371,533.284089,1dk,stop,517.2856,18:05,-3.03,-0.31,-3.06,17:55,18:08,531.6165,516.942
2026-01-30,KONKA,elenen,orta,12.4,0.665,15.58,15dk,stop,15.1126,14:45,-3.03,2.44,-3.34,10:00,14:45,15.96,15.06
2026-01-30,LRSHO,elenen,orta,8.4,0.426,4.47,15dk,stop,4.3359,12:45,-3.03,0.0,-4.92,10:00,18:00,4.47,4.25
2026-01-30,MEGMT,elenen,tepe,7.4,0.937,69.8,15dk,stop,67.706,10:30,-3.03,1.07,-5.95,10:15,17:30,70.55,65.65
2026-01-30,MOBTL,elenen,tepe,8.6,1.022,10.94,15dk,stop,10.6118,10:15,-3.03,0.37,-9.05,10:00,17:15,10.98,9.95
2026-01-30,PNSUT,elenen,orta,9.1,0.572,12.15,15dk,hedef,12.5145,10:00,2.97,6.67,0.0,18:00,10:00,12.96,12.15
2026-01-30,PRKAB,elenen,tepe,5.4,0.905,52.45,15dk,stop,50.8765,10:15,-3.03,0.0,-4.94,10:00,18:00,52.45,49.86
2026-01-30,PRKME,elenen,orta,13.6,0.625,23.98,15dk,stop,23.2606,10:15,-3.03,0.0,-5.84,10:00,18:00,23.98,22.58
2026-01-30,TARKM,elenen,orta,24.5,0.564,412.25,15dk,hedef,424.6175,10:00,2.97,6.79,-0.97,18:00,10:00,440.25,408.25
2026-01-30,TEKTU,elenen,orta,16.5,0.229,10.31,15dk,hedef,10.6193,10:00,2.97,3.39,-11.45,10:00,18:00,10.66,9.13
2026-01-30,TUCLK,elenen,orta,17.8,0.483,5.61,15dk,hedef,5.7783,10:00,2.97,6.6,-8.02,10:15,10:00,5.98,5.16
2026-02-02,AKFYE,elenen,orta,9.8,0.726,18.75,15dk,hedef,19.3125,10:00,2.97,9.65,-0.8,18:00,10:00,20.56,18.6
2026-02-02,ATLAS,elenen,tepe,6.7,1.092,9.27,15dk,hedef,9.5481,10:00,2.97,5.18,-7.01,17:45,11:45,9.75,8.62
2026-02-02,BAGFS,elenen,orta,7.0,0.517,29.5,15dk,hedef,30.385,10:00,2.97,8.47,-1.36,15:00,10:00,32.0,29.1
2026-02-02,BYDNR,elenen,tepe,5.3,0.976,34.02,15dk,hedef,35.0406,10:15,2.97,5.0,-5.06,10:30,10:00,35.72,32.3
2026-02-02,DOCO,elenen,orta,18.0,0.788,10287.5,15dk,gun_sonu,10175.0,18:00,-1.13,0.07,-1.97,10:00,10:30,10295.0,10085.0
2026-02-02,EGEPO,elenen,tepe,5.3,0.823,10.2,15dk,hedef,10.506,17:30,2.97,3.53,-1.57,17:45,10:30,10.56,10.04
2026-02-02,ELITE,elenen,orta,22.2,0.291,33.02,15dk,hedef,34.0106,10:45,2.97,8.36,-3.45,11:15,10:00,35.78,31.88
2026-02-02,ETILR,elenen,orta,7.2,0.295,4.09,15dk,hedef,4.2127,10:00,2.97,5.62,-2.2,10:15,10:00,4.32,4.0
2026-02-02,HTTBT,elenen,orta,11.7,0.52,45.24,15dk,gun_sonu,45.84,18:00,1.29,2.79,-0.09,13:30,10:00,46.5,45.2
2026-02-02,HURGZ,elenen,orta,30.8,0.385,5.79,15dk,stop,5.6163,17:15,-3.03,1.55,-3.45,10:00,17:30,5.88,5.59
2026-02-02,ICBCT,elenen,orta,11.0,0.375,14.29,15dk,stop,13.8613,11:00,-3.03,1.26,-3.08,16:45,11:00,14.47,13.85
2026-02-02,IHLGM,elenen,orta,6.7,0.268,2.02,15dk,gun_sonu,2.06,18:00,1.95,2.48,-0.99,17:15,10:00,2.07,2.0
2026-02-02,NIBAS,elenen,orta,7.8,0.395,3.6,15dk,hedef,3.708,16:30,2.97,6.39,-1.67,17:45,11:15,3.83,3.54
2026-02-02,NUHCM,elenen,orta,7.5,0.384,239.9,15dk,gun_sonu,236.5,18:00,-1.45,-0.33,-2.46,15:00,11:00,239.1,234.0
2026-02-02,OZKGY,elenen,tepe,8.2,0.878,15.23,15dk,gun_sonu,15.29,18:00,0.36,0.66,-2.69,15:45,11:15,15.33,14.82
2026-02-02,PETUN,elenen,orta,10.0,0.797,12.93,15dk,hedef,13.3179,10:00,2.97,6.19,-0.77,10:00,10:00,13.73,12.83
2026-02-02,PNSUT,elenen,orta,48.6,0.792,13.88,15dk,stop,13.4636,10:30,-3.03,2.67,-3.39,18:00,10:30,14.25,13.41
2026-02-02,PRKME,elenen,orta,8.4,0.386,20.7,15dk,hedef,21.321,12:45,2.97,8.5,-1.74,14:45,12:30,22.46,20.34
2026-02-02,SANKO,elenen,orta,16.4,0.42,22.4,15dk,gun_sonu,22.36,18:00,-0.21,1.25,-2.41,15:00,11:00,22.68,21.86
2026-02-02,TARKM,elenen,orta,15.0,0.695,441.0,15dk,stop,427.77,10:15,-3.03,7.48,-7.82,17:15,10:45,474.0,406.5
2026-02-02,TRENJ,elenen,orta,5.3,0.663,98.6,15dk,hedef,101.558,10:00,2.97,5.38,0.2,15:45,10:00,103.9,98.8
2026-02-02,TRGYO,elenen,tepe,13.0,1.027,84.45,15dk,gun_sonu,85.75,18:00,1.51,2.37,-2.01,15:30,10:00,86.45,82.75
2026-02-02,ULUFA,elenen,orta,38.3,0.65,2.05,15dk,stop,1.9885,11:00,-3.03,3.9,-4.63,15:45,10:00,2.13,1.955
2026-02-02,VAKKO,elenen,orta,5.3,0.429,62.25,15dk,gun_sonu,62.25,18:00,-0.03,1.77,-2.41,16:45,10:45,63.35,60.75
2026-02-03,AKFYE,elenen,tepe,13.0,0.944,20.2,15dk,hedef,20.806,10:00,2.97,6.44,-1.49,15:30,10:00,21.5,19.9
2026-02-03,AZTEK,elenen,orta,25.9,0.527,5.11,15dk,hedef,5.2633,10:00,2.97,4.7,-8.41,10:00,17:45,5.35,4.68
2026-02-03,ENSRI,elenen,tepe,7.1,0.99,26.6,15dk,stop,25.802,10:15,-3.03,0.3,-12.11,10:00,12:00,26.68,23.38
2026-02-03,FLAP,elenen,orta,6.6,0.439,9.24,15dk,gun_sonu,9.1,18:00,-1.55,2.27,-2.49,10:15,17:15,9.45,9.01
2026-02-03,FORMT,elenen,orta,25.8,0.342,3.33,15dk,hedef,3.4299,10:00,2.97,5.41,-9.31,10:00,11:30,3.51,3.02
2026-02-03,KRVGD,elenen,orta,5.1,0.789,2.99,15dk,gun_sonu,3.02,18:00,0.97,2.68,0.0,15:30,11:45,3.07,2.99
2026-02-03,MAALT,elenen,orta,6.4,0.408,925.0,15dk,gun_sonu,934.0,18:00,0.94,1.3,-0.54,17:45,10:30,937.0,920.0
2026-02-03,MACKO,elenen,orta,6.0,0.216,28.62,15dk,stop,27.7614,10:30,-3.03,1.26,-4.05,10:00,12:45,28.98,27.46
2026-02-03,OSTIM,elenen,orta,5.5,0.318,2.37036778,15dk,hedef,2.4415,10:15,2.97,5.0,-1.56,10:30,10:00,2.4889,2.3333
2026-02-03,PNSUT,elenen,tepe,6.7,0.909,14.8,15dk,stop,14.356,10:15,-3.03,1.08,-9.93,10:00,10:15,14.96,13.33
2026-02-03,TBORG,elenen,orta,13.1,0.616,176.0,15dk,gun_sonu,174.6,18:00,-0.83,0.57,-2.16,13:00,10:00,177.0,172.2
2026-02-03,TRCAS,elenen,tepe,8.6,0.996,48.32,15dk,hedef,49.7696,18:00,2.97,3.23,-1.12,18:00,11:30,49.88,47.78
2026-02-03,ULAS,elenen,orta,8.5,0.396,29.84,15dk,gun_sonu,30.0,18:00,0.5,2.21,-1.47,16:15,10:00,30.5,29.4
2026-02-03,YKSLN,elenen,orta,5.7,0.357,3.61,15dk,hedef,3.7183,11:45,2.97,4.16,-2.22,14:15,10:00,3.76,3.53
2026-02-04,AKMGY,elenen,orta,5.4,0.445,221.8,15dk,gun_sonu,222.0,18:00,0.06,1.44,-1.35,13:30,10:00,225.0,218.8
2026-02-04,BLCYT,elenen,tepe,7.8,1.015,45.02,15dk,hedef,46.3706,10:00,2.97,5.06,-10.44,17:15,10:30,47.3,40.32
2026-02-04,EYGYO,elenen,orta,14.0,0.447,3.56,15dk,stop,3.4532,11:15,-3.03,-0.28,-5.62,10:00,18:00,3.55,3.36
2026-02-04,FONET,elenen,tepe,7.5,1.022,3.64,15dk,hedef,3.7492,10:00,2.97,7.42,-7.42,10:00,16:00,3.91,3.37
2026-02-04,GWIND,elenen,orta,7.1,0.748,27.54,15dk,hedef,28.3662,10:00,2.97,3.2,-2.61,10:00,10:45,28.42,26.82
2026-02-04,ISGSY,elenen,orta,17.0,0.675,13.60776,15dk,hedef,14.016,10:00,2.97,524.28,483.12,18:00,10:00,84.95,79.35
2026-02-04,PRZMA,elenen,orta,10.0,0.567,12.6,15dk,hedef,12.978,10:00,2.97,3.65,-2.38,13:00,18:00,13.06,12.3
2026-02-04,SAYAS,elenen,orta,7.8,0.415,41.3,15dk,hedef,42.539,16:45,2.97,4.12,-3.15,16:45,10:00,43.0,40.0
2026-02-04,SURGY,elenen,orta,13.4,0.49,53.0,15dk,hedef,54.59,10:00,2.97,3.11,-0.09,17:30,13:00,54.65,52.95
2026-02-04,YEOTK,elenen,orta,10.2,0.51,46.98,15dk,stop,45.5706,10:30,-3.03,0.04,-6.13,10:00,18:00,47.0,44.1
2026-02-04,YKSLN,elenen,orta,13.1,0.354,3.6,15dk,stop,3.492,11:30,-3.03,0.0,-4.44,10:00,18:00,3.6,3.44
2026-02-04,ZEDUR,elenen,orta,7.4,0.434,8.32,15dk,hedef,8.5696,10:00,2.97,3.61,-0.12,10:00,10:00,8.62,8.31
2026-02-05,AYES,elenen,tepe,13.3,0.85,18.03,1dk,hedef,18.5709,12:55,2.97,16.47,9.82,18:08,12:55,21.0,19.8
2026-02-05,GUNDG,elenen,orta,5.3,0.799,248.1,15dk,hedef,255.543,10:00,2.97,4.7,0.0,18:00,10:00,259.75,248.1
2026-02-05,ISGSY,elenen,orta,17.6,0.782,15.02806995,15dk,hedef,15.4789,10:00,2.97,515.51,471.93,10:15,16:45,92.5,85.95
2026-02-05,ISSEN,elenen,orta,6.1,0.322,7.74,15dk,gun_sonu,7.53,18:00,-2.75,0.39,-2.97,10:00,17:15,7.77,7.51
2026-02-05,IZINV,elenen,orta,5.1,0.576,68.0,15dk,stop,65.96,17:45,-3.03,1.62,-3.82,10:00,18:00,69.1,65.4
2026-02-05,KLYPV,elenen,orta,19.6,0.794,71.1,15dk,hedef,73.233,10:00,2.97,5.34,-4.01,10:00,17:45,74.9,68.25
2026-02-05,MAALT,elenen,orta,20.9,0.58,1055.0,15dk,stop,1023.35,10:15,-3.03,3.79,-8.44,11:15,17:15,1095.0,966.0
2026-02-05,MOGAN,elenen,orta,5.7,0.535,9.31,15dk,stop,9.0307,17:15,-3.03,0.0,-3.22,10:00,18:00,9.31,9.01
2026-02-05,OZATD,elenen,orta,5.2,0.408,157.9,15dk,gun_sonu,155.6,18:00,-1.49,2.66,-1.65,10:00,17:00,162.1,155.3
2026-02-05,PNLSN,elenen,tepe,18.3,0.901,46.9,15dk,stop,45.493,10:15,-3.03,1.36,-9.17,10:00,18:00,47.54,42.6
2026-02-05,SEKUR,elenen,orta,7.9,0.444,4.51,15dk,hedef,4.6453,10:15,2.97,3.77,-4.66,18:00,10:00,4.68,4.3
2026-02-05,TDGYO,elenen,orta,22.9,0.448,25.7,15dk,gun_sonu,25.7,18:00,-0.03,0.0,0.0,18:00,18:00,25.7,25.7
2026-02-05,TSPOR,elenen,orta,6.8,0.409,1.08,15dk,gun_sonu,1.06,18:00,-1.88,0.93,-1.85,15:00,18:00,1.09,1.06
2026-02-06,ARTMS,elenen,orta,8.7,0.471,40.34,15dk,hedef,41.5502,10:00,2.97,3.22,-4.07,10:00,12:30,41.64,38.7
2026-02-06,AVGYO,elenen,orta,24.0,0.481,13.18,15dk,hedef,13.5754,10:00,2.97,3.03,-8.73,10:00,15:30,13.58,12.03
2026-02-06,CEMZY,elenen,tepe,14.5,0.896,10.48692,15dk,gun_sonu,10.6792,18:00,1.8,2.5,-2.5,16:15,10:00,10.7491,10.2247
2026-02-06,DAPGM,elenen,orta,13.6,0.398,11.86,15dk,stop,11.5042,10:15,-3.03,0.08,-7.17,10:00,10:15,11.87,11.01
2026-02-06,DOCO,elenen,orta,9.7,0.726,9887.5,15dk,hedef,10184.125,17:00,2.97,3.29,-0.23,17:45,10:00,10212.5,9865.0
2026-02-06,DURDO,elenen,orta,20.7,0.404,3.72,15dk,gun_sonu,3.67,18:00,-1.38,0.0,-1.88,10:30,17:00,3.72,3.65
2026-02-06,GUNDG,elenen,tepe,11.3,0.895,272.75,15dk,stop,264.5675,10:15,-3.03,2.66,-14.28,10:00,18:00,280.0,233.8
2026-02-06,HKTM,elenen,orta,24.4,0.452,13.8,15dk,hedef,14.214,10:00,2.97,8.33,-1.23,10:45,10:00,14.95,13.63
2026-02-06,MRGYO,elenen,orta,6.1,0.525,1.732082,15dk,gun_sonu,1.7059,18:00,-1.54,0.38,-2.26,10:30,16:15,1.7386,1.6929
2026-02-06,PRZMA,elenen,orta,19.1,0.389,10.9,15dk,hedef,11.227,10:00,2.97,7.89,-0.92,10:00,10:00,11.76,10.8
2026-02-06,TDGYO,elenen,orta,35.8,0.364,23.14,15dk,hedef,23.8342,10:45,2.97,19.79,0.0,11:00,10:45,27.72,23.14
2026-02-06,TSPOR,elenen,orta,7.2,0.386,1.06,15dk,gun_sonu,1.05,18:00,-0.98,0.94,-0.94,11:00,18:00,1.07,1.05
2026-02-09,AVOD,elenen,orta,7.2,0.732,5.15,15dk,hedef,5.3045,11:00,2.97,3.88,-2.14,11:00,10:15,5.35,5.04
2026-02-09,BINHO,elenen,orta,14.9,0.464,10.0,15dk,hedef,10.3,13:15,2.97,7.3,-1.5,18:00,10:00,10.73,9.85
2026-02-09,BRLSM,elenen,orta,5.7,0.465,15.76,15dk,gun_sonu,15.58,18:00,-1.18,1.4,-1.21,10:00,17:45,15.98,15.57
2026-02-09,DITAS,elenen,orta,31.5,0.786,46.0,15dk,hedef,47.38,10:00,2.97,4.3,-1.39,10:00,18:00,47.98,45.36
2026-02-09,EBEBK,elenen,tepe,5.8,0.947,62.45,15dk,gun_sonu,62.35,18:00,-0.19,2.08,-0.72,10:00,10:45,63.75,62.0
2026-02-09,ESCOM,elenen,tepe,11.1,0.937,3.84,15dk,gun_sonu,3.85,18:00,0.23,0.78,-1.82,17:15,10:00,3.87,3.77
2026-02-09,FORMT,elenen,orta,11.7,0.521,3.68,15dk,hedef,3.7904,10:00,2.97,5.16,-3.53,10:15,17:30,3.87,3.55
2026-02-09,HATSN,elenen,orta,6.2,0.31,41.5,15dk,hedef,42.745,11:00,2.97,5.16,-1.16,11:15,10:00,43.64,41.02
2026-02-09,HTTBT,elenen,orta,16.1,0.55,45.8,15dk,gun_sonu,44.98,18:00,-1.82,0.35,-2.01,10:00,16:15,45.96,44.88
2026-02-09,HUBVC,elenen,tepe,6.9,0.819,3.61,15dk,hedef,3.7183,10:00,2.97,8.59,-2.22,13:45,10:00,3.92,3.53
2026-02-09,KNFRT,elenen,orta,8.4,0.213,12.66,15dk,gun_sonu,12.44,18:00,-1.77,0.55,-2.53,10:30,17:45,12.73,12.34
2026-02-09,PRDGS,elenen,orta,5.8,0.683,7.0,15dk,hedef,7.21,11:45,2.97,7.71,0.14,12:00,10:00,7.54,7.01
2026-02-09,SOKE,elenen,tepe,7.0,0.875,13.4,15dk,gun_sonu,13.18,18:00,-1.67,0.75,-2.24,10:15,16:30,13.5,13.1
2026-02-09,TEZOL,elenen,orta,5.1,0.226,13.9,15dk,hedef,14.317,10:00,2.97,3.17,-1.22,10:45,10:00,14.34,13.73
2026-02-09,VERTU,elenen,orta,5.9,0.377,41.92,15dk,gun_sonu,42.3,18:00,0.87,1.96,-0.48,10:00,10:45,42.74,41.72
2026-02-10,ARZUM,elenen,orta,8.4,0.457,2.7,15dk,hedef,2.781,10:00,2.97,15.19,0.0,18:00,10:00,3.11,2.7
2026-02-10,AYGAZ,elenen,tepe,14.2,0.939,232.5,15dk,gun_sonu,228.2,18:00,-1.88,1.29,-2.11,10:00,17:00,235.5,227.6
2026-02-10,BIGTK,elenen,orta,10.5,0.344,324.5,15dk,stop,314.765,14:45,-3.03,1.54,-4.7,10:00,17:30,329.5,309.25
2026-02-10,BINBN,elenen,orta,18.3,0.582,208.9,15dk,hedef,215.167,10:00,2.97,8.62,-9.91,10:00,17:30,226.9,188.2
2026-02-10,BINHO,elenen,orta,7.8,0.591,10.95,15dk,hedef,11.2785,10:00,2.97,7.76,-1.19,18:00,10:15,11.8,10.82
2026-02-10,DOGUB,elenen,orta,6.6,0.379,37.3,15dk,hedef,38.419,10:00,2.97,3.81,-2.47,18:00,10:00,38.72,36.38
2026-02-10,ENDAE,elenen,orta,13.2,0.444,15.85,15dk,gun_sonu,15.56,18:00,-1.86,2.02,-1.89,10:00,16:00,16.17,15.55
2026-02-10,ETILR,elenen,orta,8.1,0.293,4.08,15dk,hedef,4.2024,11:30,2.97,6.13,-0.25,12:00,10:30,4.33,4.07
2026-02-10,GEREL,elenen,orta,6.6,0.618,19.85,15dk,hedef,20.4455,10:00,2.97,8.82,-0.76,18:00,11:00,21.6,19.7
2026-02-10,HDFGS,elenen,orta,5.4,0.451,3.48,15dk,stop,3.3756,11:00,-3.03,5.75,-3.16,17:30,11:15,3.68,3.37
2026-02-10,HEDEF,elenen,orta,6.5,0.702,45.0973692,15dk,hedef,46.4503,10:00,2.97,7.28,-4.76,17:30,11:45,48.379,42.953
2026-02-10,KUYAS,elenen,tepe,12.0,0.807,62.3,15dk,hedef,64.169,10:00,2.97,5.78,-0.16,12:15,10:00,65.9,62.2
2026-02-10,MAALT,elenen,orta,10.9,0.557,1038.0,15dk,stop,1006.86,15:30,-3.03,2.41,-3.66,10:00,10:00,1063.0,1000.0
2026-02-10,PENGD,elenen,orta,6.6,0.564,9.35,15dk,gun_sonu,9.3,18:00,-0.57,1.93,-2.25,10:00,13:00,9.53,9.14
2026-02-10,VAKKO,elenen,orta,34.7,0.597,67.6,15dk,gun_sonu,66.9,18:00,-1.07,0.67,-2.07,10:15,13:15,68.05,66.2
2026-02-10,YUNSA,elenen,tepe,12.3,1.033,10.27,15dk,stop,9.9619,10:15,-3.03,2.63,-4.09,17:00,10:00,10.54,9.85
2026-02-11,ADGYO,elenen,tepe,56.7,0.834,64.8,15dk,stop,62.856,11:00,-3.03,2.24,-4.55,10:00,11:45,66.25,61.85
2026-02-11,ARZUM,elenen,orta,7.0,0.65,3.16,15dk,hedef,3.2548,10:00,2.97,8.23,0.32,10:15,10:00,3.42,3.17
2026-02-11,BIGCH,elenen,orta,5.3,0.589,10.75,15dk,stop,10.4275,14:45,-3.03,1.21,-4.19,10:00,18:00,10.88,10.3
2026-02-11,BINBN,elenen,orta,5.7,0.48,189.0,15dk,stop,183.33,10:15,-3.03,0.95,-6.03,10:00,12:00,190.8,177.6
2026-02-11,BINHO,elenen,orta,8.6,0.696,11.74,15dk,hedef,12.0922,10:00,2.97,6.3,-9.11,10:00,18:00,12.48,10.67
2026-02-11,DOGUB,elenen,orta,19.6,0.449,41.48,15dk,stop,40.2356,10:45,-3.03,2.65,-4.77,18:00,10:45,42.58,39.5
2026-02-11,IMASM,elenen,orta,10.9,0.682,5.04,15dk,stop,4.8888,10:15,-3.03,0.99,-8.33,10:00,18:00,5.09,4.62
2026-02-11,ISGYO,elenen,orta,11.9,0.799,22.52,15dk,hedef,23.1956,10:15,2.97,4.35,-1.07,10:15,10:00,23.5,22.28
2026-02-11,KFEIN,elenen,orta,5.1,0.366,10.29,15dk,hedef,10.5987,10:00,2.97,5.54,-2.14,10:00,10:00,10.86,10.07
2026-02-11,LRSHO,elenen,orta,33.1,0.375,4.18,15dk,stop,4.0546,14:45,-3.03,0.72,-3.11,10:30,17:45,4.21,4.05
2026-02-11,LYDYE,elenen,orta,5.9,0.36,14095.0,15dk,hedef,14517.85,15:15,2.97,3.58,0.04,15:15,10:00,14600.0,14100.0
2026-02-11,NIBAS,elenen,orta,40.2,0.603,4.34,15dk,gun_sonu,4.43,18:00,2.04,2.07,-4.15,18:00,10:00,4.43,4.16
2026-02-11,ONRYT,elenen,orta,7.1,0.492,75.0,15dk,hedef,77.25,10:00,2.97,4.0,-3.07,10:00,18:00,78.0,72.7
2026-02-11,PCILT,elenen,orta,7.1,0.478,23.4,15dk,hedef,24.102,10:15,2.97,3.08,-0.85,10:15,10:00,24.12,23.2
2026-02-11,SAYAS,elenen,orta,13.6,0.584,46.9,15dk,hedef,48.307,10:00,2.97,5.46,-3.92,12:00,11:00,49.46,45.06
2026-02-11,SNICA,elenen,orta,21.5,0.454,4.59,15dk,hedef,4.7277,12:00,2.97,3.92,-1.53,12:00,10:00,4.77,4.52
2026-02-12,ATLAS,elenen,tepe,5.7,0.927,11.5,15dk,stop,11.155,12:45,-3.03,-7.65,-7.65,18:00,18:00,10.62,10.62
2026-02-12,BOSSA,elenen,orta,6.2,0.591,7.25,15dk,gun_sonu,7.25,18:00,-0.03,0.83,-0.97,12:00,11:00,7.31,7.18
2026-02-12,DURDO,elenen,orta,6.1,0.526,3.98,15dk,hedef,4.0994,11:00,2.97,5.03,-1.51,12:45,17:15,4.18,3.92
2026-02-12,DZGYO,elenen,tepe,13.3,1.015,9.95,15dk,hedef,10.2485,10:00,2.97,5.43,-4.32,10:15,17:15,10.49,9.52
2026-02-12,GEREL,elenen,tepe,20.1,0.893,25.26,15dk,hedef,26.0178,10:00,2.97,3.4,-1.03,18:00,10:00,26.12,25.0
2026-02-12,LUKSK,elenen,orta,6.0,0.553,113.5,15dk,stop,110.095,14:00,-3.03,0.0,-3.35,10:00,15:45,113.5,109.7
2026-02-12,NIBAS,elenen,orta,18.0,0.732,4.8,15dk,gun_sonu,4.87,18:00,1.43,1.46,-1.25,18:00,10:00,4.87,4.74
2026-02-12,ODINE,elenen,tepe,83.7,0.936,345.75,15dk,hedef,356.1225,10:00,2.97,8.75,0.0,18:00,10:00,376.0,345.75
2026-02-12,OZRDN,elenen,tepe,23.6,0.927,20.0,15dk,stop,19.4,10:15,-3.03,0.0,-10.4,10:00,10:15,20.0,17.92
2026-02-12,PLTUR,elenen,orta,11.4,0.383,25.0,15dk,hedef,25.75,10:00,2.97,4.48,-2.24,10:15,10:00,26.12,24.44
2026-02-12,SEGYO,elenen,orta,12.4,0.615,5.66,15dk,hedef,5.8298,10:00,2.97,4.95,-4.95,12:00,12:15,5.94,5.38
2026-02-12,SEKFK,elenen,orta,10.2,0.727,9.54,15dk,gun_sonu,9.6,18:00,0.6,1.26,-1.89,16:30,10:15,9.66,9.36
2026-02-12,ZEDUR,elenen,orta,8.4,0.519,8.71,15dk,gun_sonu,8.8,18:00,1.0,2.18,-0.11,12:45,17:45,8.9,8.7
2026-02-13,ATLAS,elenen,tepe,5.2,0.807,10.6,15dk,gun_sonu,10.35,18:00,-2.39,0.0,-2.36,12:45,18:00,10.6,10.35
2026-02-13,CELHA,elenen,orta,5.7,0.536,10.8,15dk,hedef,11.124,10:00,2.97,5.65,-0.46,10:15,10:00,11.41,10.75
2026-02-13,DENGE,elenen,orta,5.0,0.483,2.94,15dk,hedef,3.0282,10:00,2.97,7.48,-0.34,10:30,10:00,3.16,2.93
2026-02-13,DIRIT,elenen,orta,7.8,0.504,29.68,1dk,hedef,30.5704,18:05,2.97,4.11,-0.2,18:09,13:55,30.9,29.62
2026-02-13,DOCO,elenen,tepe,7.8,0.847,10667.5,15dk,hedef,10987.525,11:00,2.97,4.8,-2.41,17:45,10:00,11180.0,10410.0
2026-02-13,ENDAE,elenen,orta,11.6,0.374,15.05,15dk,hedef,15.5015,11:00,2.97,10.63,0.66,15:30,10:00,16.65,15.15
2026-02-13,GEDIK,elenen,orta,13.8,0.383,6.23,15dk,gun_sonu,6.24,18:00,0.13,2.41,-0.16,10:45,17:45,6.38,6.22
2026-02-13,KLSYN,elenen,tepe,8.8,1.035,8.94,15dk,hedef,9.2082,15:15,2.97,3.36,-1.68,15:15,10:45,9.24,8.79
2026-02-13,KOPOL,elenen,orta,31.9,0.556,6.62,15dk,stop,6.4214,11:45,-3.03,2.87,-6.34,10:15,16:00,6.81,6.2
2026-02-13,MRGYO,elenen,orta,7.2,0.579,1.830125,15dk,stop,1.7752,12:15,-3.03,0.36,-3.21,10:15,16:00,1.8367,1.7713
2026-02-13,NIBAS,elenen,tepe,13.6,0.849,5.22,15dk,stop,5.0634,10:15,-3.03,2.49,-7.28,10:00,11:00,5.35,4.84
2026-02-13,ODINE,elenen,tepe,8.6,1.013,380.0,15dk,hedef,391.4,10:30,2.97,5.2,-2.5,17:15,10:00,399.75,370.5
2026-02-13,OYAYO,elenen,tepe,5.8,0.898,58.4,15dk,hedef,60.152,11:45,2.97,6.68,-2.4,12:15,10:00,62.3,57.0
2026-02-13,TURGG,elenen,orta,32.9,0.293,31.54,15dk,stop,30.5938,10:15,-3.03,4.63,-7.61,17:15,12:30,33.0,29.14
2026-02-16,AKFIS,elenen,tepe,13.2,0.836,25.6,15dk,hedef,26.368,10:00,2.97,9.14,-0.78,18:00,10:00,27.94,25.4
2026-02-16,ASUZU,elenen,tepe,7.5,0.985,67.0,15dk,hedef,69.01,10:00,2.97,5.9,0.0,10:00,10:00,70.95,67.0
2026-02-16,BLCYT,elenen,orta,22.2,0.605,35.9,15dk,hedef,36.977,10:15,2.97,7.19,-1.39,13:15,10:00,38.48,35.4
2026-02-16,BMSTL,elenen,orta,10.2,0.65,48.425,15dk,hedef,49.8777,10:00,2.97,110.64,100.0,12:00,18:00,102.0,96.85
2026-02-16,BNTAS,elenen,orta,13.8,0.765,7.03,15dk,gun_sonu,7.09,18:00,0.82,1.56,-0.71,12:30,10:00,7.14,6.98
2026-02-16,BRLSM,elenen,orta,5.5,0.471,15.8,15dk,hedef,16.274,10:00,2.97,9.24,0.0,18:00,10:00,17.26,15.8
2026-02-16,CMBTN,elenen,orta,10.1,0.214,2040.0,15dk,hedef,2101.2,10:00,2.97,7.3,0.25,10:00,10:00,2189.0,2045.0
2026-02-16,CMENT,elenen,orta,6.4,0.421,371.25,1dk,hedef,382.3875,13:55,2.97,4.44,2.96,13:55,12:55,387.75,382.25
2026-02-16,DAPGM,elenen,orta,9.3,0.488,13.1,15dk,hedef,13.493,10:00,2.97,6.56,-1.83,13:15,10:00,13.96,12.86
2026-02-16,DURKN,elenen,tepe,22.2,1.059,22.46,15dk,hedef,23.1338,10:00,2.97,7.3,-0.45,18:00,10:00,24.1,22.36
2026-02-16,EUKYO,elenen,orta,6.5,0.71,6.1699942,15dk,hedef,6.3551,10:45,2.97,5.35,-1.19,11:00,17:30,6.5,6.0967
2026-02-16,FLAP,elenen,orta,12.9,0.769,11.07,15dk,hedef,11.4021,10:00,2.97,9.94,0.0,18:00,12:00,12.17,11.07
2026-02-16,HOROZ,elenen,orta,5.5,0.753,66.75,15dk,hedef,68.7525,10:00,2.97,4.34,0.0,11:00,10:00,69.65,66.75
2026-02-16,HUNER,elenen,orta,6.3,0.244,3.54,15dk,gun_sonu,3.54,18:00,-0.03,1.69,-0.56,10:00,15:45,3.6,3.52
2026-02-16,ICUGS,elenen,orta,6.4,0.412,3.0,15dk,hedef,3.09,11:30,2.97,8.67,-3.67,18:00,10:00,3.26,2.89
2026-02-16,IHGZT,elenen,orta,13.8,0.398,1.64,15dk,gun_sonu,1.64,18:00,-0.03,2.44,-1.22,10:00,11:00,1.68,1.62
2026-02-16,ISGSY,elenen,tepe,6.4,0.973,17.5710201,15dk,hedef,18.0982,10:00,2.97,494.73,446.64,10:00,16:30,104.5,96.05
2026-02-16,ISSEN,elenen,orta,5.5,0.384,7.93,15dk,gun_sonu,8.02,18:00,1.1,1.77,-0.38,12:00,10:00,8.07,7.9
2026-02-16,KAREL,elenen,orta,8.7,0.715,10.07,15dk,gun_sonu,10.19,18:00,1.16,1.99,-1.59,13:00,10:00,10.27,9.91
2026-02-16,KIMMR,elenen,tepe,18.8,1.047,18.8,15dk,stop,18.236,10:15,-3.03,0.11,-5.8,10:00,18:00,18.82,17.71
2026-02-16,KLGYO,elenen,tepe,8.2,0.835,7.6,15dk,stop,7.372,11:30,-3.03,1.45,-4.47,10:00,17:30,7.71,7.26
2026-02-16,KLNMA,elenen,orta,6.0,0.466,10.66,1dk,gun_sonu,10.78,18:05,1.09,1.13,1.13,18:05,18:05,10.78,10.78
2026-02-16,KLSER,elenen,orta,6.5,0.366,30.32,15dk,gun_sonu,30.06,18:00,-0.89,1.19,-1.45,10:00,15:45,30.68,29.88
2026-02-16,KZGYO,elenen,tepe,8.3,0.849,26.8,15dk,gun_sonu,26.34,18:00,-1.75,0.67,-2.31,10:00,15:45,26.98,26.18
2026-02-16,MAKIM,elenen,orta,24.8,0.286,17.23,15dk,gun_sonu,17.45,18:00,1.24,2.67,-0.46,17:45,10:00,17.69,17.15
2026-02-16,NTHOL,elenen,tepe,24.3,0.894,51.85,15dk,gun_sonu,51.4,18:00,-0.9,2.89,-0.87,10:00,18:00,53.35,51.4
2026-02-16,NUHCM,elenen,orta,11.0,0.499,252.5,15dk,hedef,260.075,10:00,2.97,5.64,0.2,10:00,16:15,266.75,253.0
2026-02-16,OSMEN,elenen,orta,6.7,0.359,8.71,15dk,hedef,8.9713,11:30,2.97,9.07,0.11,13:45,10:00,9.5,8.72
2026-02-16,PAGYO,elenen,tepe,5.5,0.837,98.0,15dk,gun_sonu,97.6,18:00,-0.44,1.02,-2.55,17:30,16:15,99.0,95.5
2026-02-16,SEGYO,elenen,orta,11.5,0.797,6.27,15dk,hedef,6.4581,11:15,2.97,5.1,-3.99,17:15,12:00,6.59,6.02
2026-02-16,SMART,elenen,orta,8.0,0.746,31.76,15dk,stop,30.8072,10:15,-3.03,7.05,-5.73,10:45,10:15,34.0,29.94
2026-02-16,SRVGY,elenen,orta,5.0,0.695,3.51,15dk,hedef,3.6153,10:00,2.97,4.56,0.0,14:00,10:00,3.67,3.51
2026-02-16,VKGYO,elenen,tepe,7.0,0.91,3.09,15dk,gun_sonu,3.09,18:00,-0.03,2.59,-1.62,10:00,12:45,3.17,3.04
2026-02-16,VRGYO,elenen,orta,5.5,0.236,2.7,15dk,gun_sonu,2.68,18:00,-0.77,1.85,-1.11,10:00,15:45,2.75,2.67
2026-02-16,YYAPI,elenen,orta,6.2,0.512,1.95,15dk,hedef,2.0085,10:00,2.97,4.62,-0.51,11:45,10:45,2.04,1.94
2026-02-17,ADGYO,elenen,tepe,13.9,0.832,64.7,15dk,stop,62.759,11:15,-3.03,0.0,-4.87,10:00,16:00,64.7,61.55
2026-02-17,AKFIS,elenen,tepe,12.6,1.054,28.5,15dk,hedef,29.355,10:00,2.97,7.79,0.07,18:00,10:00,30.72,28.52
2026-02-17,ALCAR,elenen,orta,6.5,0.316,997.0,15dk,stop,967.09,11:15,-3.03,1.1,-4.71,10:00,17:45,1008.0,950.0
2026-02-17,BOBET,elenen,orta,7.5,0.594,24.46,15dk,hedef,25.1938,11:30,2.97,4.33,-3.68,11:30,10:00,25.52,23.56
2026-02-17,DURKN,elenen,tepe,5.2,1.002,24.12,15dk,stop,23.3964,10:15,-3.03,2.82,-6.8,11:15,17:45,24.8,22.48
2026-02-17,EDIP,elenen,orta,38.7,0.79,43.0,15dk,stop,41.71,10:30,-3.03,3.02,-3.72,11:15,10:00,44.3,41.4
2026-02-17,ENDAE,elenen,orta,6.7,0.418,15.55,15dk,hedef,16.0165,10:15,2.97,3.86,0.0,10:30,10:00,16.15,15.55
2026-02-17,GSDHO,elenen,tepe,7.2,0.858,5.23,15dk,gun_sonu,5.35,18:00,2.26,2.87,-1.72,17:45,10:30,5.38,5.14
2026-02-17,ICUGS,elenen,orta,25.3,0.485,3.45,15dk,stop,3.3465,10:30,-3.03,0.0,-5.22,10:00,16:30,3.45,3.27
2026-02-17,IHGZT,elenen,orta,5.6,0.407,1.65,15dk,gun_sonu,1.65,18:00,-0.03,1.21,-2.42,17:00,10:30,1.67,1.61
2026-02-17,IHLGM,elenen,orta,30.8,0.427,2.36,15dk,stop,2.2892,10:15,-3.03,0.42,-5.93,10:00,10:15,2.37,2.22
2026-02-17,KRTEK,elenen,orta,5.1,0.358,28.82,15dk,hedef,29.6846,10:00,2.97,6.59,-1.04,13:45,10:00,30.72,28.52
2026-02-17,KUYAS,elenen,tepe,7.3,0.926,68.3,15dk,gun_sonu,68.5,18:00,0.26,1.46,-2.86,14:45,10:15,69.3,66.35
2026-02-17,LKMNH,elenen,orta,5.1,0.552,18.24,15dk,hedef,18.7872,15:15,2.97,3.12,-1.21,15:30,10:45,18.81,18.02
2026-02-17,MERKO,elenen,orta,10.8,0.76,2.45144644,15dk,gun_sonu,2.4691,18:00,0.69,2.38,-2.1,15:15,10:00,2.5097,2.4
2026-02-17,MSGYO,elenen,orta,8.5,0.761,6.45,15dk,gun_sonu,6.45,18:00,-0.03,1.4,-1.09,16:45,10:45,6.54,6.38
2026-02-17,QNBFK,elenen,orta,7.1,0.311,43.04996955,1dk,hedef,44.3415,12:55,2.97,6.44,4.39,12:55,18:09,45.8235,44.9392
2026-02-17,SAFKR,elenen,tepe,6.2,0.926,29.2,15dk,gun_sonu,29.58,18:00,1.27,2.4,-0.68,17:00,10:00,29.9,29.0
2026-02-17,SRVGY,elenen,tepe,5.9,0.802,3.69,15dk,hedef,3.8007,10:00,2.97,4.88,-0.54,17:15,10:00,3.87,3.67
2026-02-17,SURGY,elenen,tepe,8.9,0.837,66.95,15dk,stop,64.9415,10:15,-3.03,5.83,-4.85,18:00,10:00,70.85,63.7
2026-02-17,TGSAS,elenen,orta,24.1,0.641,182.9,15dk,hedef,188.387,14:45,2.97,5.9,-2.95,16:45,10:30,193.7,177.5
2026-02-18,A1CAP,elenen,tepe,5.3,0.973,18.1,15dk,hedef,18.643,11:30,2.97,3.04,-4.97,11:30,16:15,18.65,17.2
2026-02-18,AKFGY,elenen,tepe,6.7,0.96,3.11,15dk,gun_sonu,3.03,18:00,-2.61,2.57,-2.89,11:45,17:45,3.19,3.02
2026-02-18,AKFIS,elenen,tepe,6.6,1.023,31.02,15dk,hedef,31.9506,10:00,2.97,8.9,-2.32,18:00,10:00,33.78,30.3
2026-02-18,ATATP,elenen,tepe,7.4,1.032,189.0,15dk,stop,183.33,10:15,-3.03,0.95,-6.72,10:00,18:00,190.8,176.3
2026-02-18,BULGS,elenen,tepe,9.8,1.041,54.4,15dk,hedef,56.032,11:00,2.97,4.23,-9.63,11:15,17:00,56.7,49.16
2026-02-18,FLAP,elenen,tepe,9.3,0.893,12.0,15dk,stop,11.64,10:15,-3.03,0.0,-8.25,10:00,10:30,12.0,11.01
2026-02-18,GOKNR,elenen,orta,7.5,0.509,23.54,15dk,hedef,24.2462,10:15,2.97,8.24,-0.25,10:30,10:00,25.48,23.48
2026-02-18,INFO,elenen,orta,7.2,0.686,4.49,15dk,hedef,4.6247,10:30,2.97,5.12,-0.22,11:30,17:45,4.72,4.48
2026-02-18,KAREL,elenen,tepe,6.2,0.852,10.56,15dk,stop,10.2432,10:15,-3.03,0.0,-4.55,10:00,17:45,10.56,10.08
2026-02-18,KBORU,elenen,tepe,8.1,0.839,18.6,15dk,hedef,19.158,10:00,2.97,15.48,-0.7,11:30,10:00,21.48,18.47
2026-02-18,KLNMA,elenen,orta,7.6,0.581,11.76,1dk,stop,11.4072,13:55,-3.03,-2.21,-4.76,12:55,18:09,11.5,11.2
2026-02-18,KRONT,elenen,orta,9.3,0.748,16.8,15dk,stop,16.296,15:45,-3.03,0.18,-4.76,10:00,18:00,16.83,16.0
2026-02-18,LOGO,elenen,orta,8.3,0.64,162.0,15dk,stop,157.14,17:15,-3.03,2.1,-3.27,10:00,17:15,165.4,156.7
2026-02-18,MACKO,elenen,orta,5.3,0.577,37.6,15dk,hedef,38.728,10:30,2.97,7.77,-1.76,16:15,10:00,40.52,36.94
2026-02-18,MNDRS,elenen,orta,6.4,0.724,16.5,15dk,stop,16.005,15:45,-3.03,1.39,-3.09,11:00,15:45,16.73,15.99
2026-02-18,PENGD,elenen,orta,14.5,0.732,10.29,15dk,hedef,10.5987,10:30,2.97,4.37,-3.11,12:45,17:30,10.74,9.97
2026-02-18,PENTA,elenen,orta,32.2,0.493,15.75,15dk,hedef,16.2225,15:15,2.97,6.35,-1.84,15:15,17:45,16.75,15.46
2026-02-18,PKART,elenen,orta,23.9,0.71,84.25,15dk,stop,81.7225,10:15,-3.03,1.19,-8.13,10:00,18:00,85.25,77.4
2026-02-18,RAYSG,elenen,orta,7.8,0.214,250.0,15dk,stop,242.5,11:15,-3.03,1.2,-6.44,10:00,16:30,253.0,233.9
2026-02-18,SKTAS,elenen,orta,7.5,0.537,3.99,15dk,stop,3.8703,15:45,-3.03,0.0,-4.51,10:00,17:45,3.99,3.81
2026-02-18,TGSAS,elenen,orta,5.2,0.68,191.0,15dk,hedef,196.73,11:30,2.97,6.75,-1.52,12:00,17:45,203.9,188.1
2026-02-19,AKFIS,elenen,tepe,5.8,1.007,33.9,15dk,stop,32.883,10:15,-3.03,8.38,-8.08,17:45,10:15,36.74,31.16
2026-02-19,AKMGY,elenen,orta,6.8,0.472,224.3,15dk,stop,217.571,13:00,-3.03,-0.09,-3.48,10:00,15:00,224.1,216.5
2026-02-19,AYEN,elenen,orta,5.2,0.793,30.86,15dk,stop,29.9342,10:15,-3.03,0.84,-7.91,10:00,17:30,31.12,28.42
2026-02-19,AYGAZ,elenen,tepe,7.2,0.973,247.0,15dk,gun_sonu,250.5,18:00,1.38,2.13,0.04,16:00,10:00,252.25,247.1
2026-02-19,BALSU,elenen,orta,5.7,0.259,17.5,15dk,stop,16.975,11:15,-3.03,0.0,-8.51,10:00,14:30,17.5,16.01
2026-02-19,KAYSE,elenen,tepe,7.6,1.065,6.2,15dk,stop,6.014,10:15,-3.03,3.06,-4.84,12:30,11:15,6.39,5.9
2026-02-19,KGYO,elenen,tepe,256.3,0.914,7.4,15dk,stop,7.178,12:45,-3.03,2.16,-5.0,10:15,18:00,7.56,7.03
2026-02-19,MERKO,elenen,orta,5.5,0.768,2.45957278,15dk,stop,2.3858,10:30,-3.03,0.28,-9.75,10:00,17:45,2.4663,2.2198
2026-02-19,NIBAS,elenen,tepe,6.1,0.984,5.7,15dk,hedef,5.871,10:00,2.97,5.26,-4.21,18:00,13:15,6.0,5.46
2026-02-19,PNLSN,elenen,tepe,10.3,0.848,45.9,15dk,stop,44.523,10:15,-3.03,0.09,-9.67,10:00,14:45,45.94,41.46
2026-02-19,RNPOL,elenen,orta,8.3,0.785,2.49,15dk,stop,2.4153,10:15,-3.03,2.31,-7.63,10:00,18:00,2.5475,2.3
2026-02-19,SILVR,elenen,orta,5.7,0.583,2.86,15dk,stop,2.7742,13:30,-3.03,0.0,-5.24,10:00,17:30,2.86,2.71
2026-02-19,TATGD,elenen,tepe,20.0,1.048,17.8,15dk,hedef,18.334,10:00,2.97,7.36,-1.35,10:00,17:45,19.11,17.56
2026-02-19,TDGYO,elenen,orta,7.4,0.323,21.88,15dk,hedef,22.5364,13:15,2.97,8.14,0.0,13:15,18:00,23.66,21.88
2026-02-20,A1CAP,elenen,tepe,5.4,0.848,16.46,15dk,stop,15.9662,12:00,-3.03,1.88,-3.89,10:15,13:00,16.77,15.82
2026-02-20,BMSTL,elenen,orta,5.5,0.571,45.05,15dk,hedef,46.4015,10:00,2.97,105.88,90.12,17:45,10:00,92.75,85.65
2026-02-20,DERIM,elenen,orta,5.8,0.558,38.02,15dk,hedef,39.1606,12:00,2.97,3.37,0.63,12:30,10:00,39.3,38.26
2026-02-20,EBEBK,elenen,tepe,6.5,0.872,61.6,15dk,hedef,63.448,10:15,2.97,6.57,0.0,10:15,10:00,65.65,61.6
2026-02-20,EGSER,elenen,orta,6.8,0.227,3.09,15dk,gun_sonu,3.12,18:00,0.94,2.59,0.0,17:30,10:00,3.17,3.09
2026-02-20,GRSEL,elenen,tepe,6.8,0.914,382.5,15dk,gun_sonu,382.75,18:00,0.03,1.44,-1.44,10:15,17:15,388.0,377.0
2026-02-20,SDTTR,elenen,orta,25.1,0.627,240.0,15dk,stop,232.8,10:15,-3.03,4.79,-4.58,12:30,10:15,251.5,229.0
2026-02-20,UFUK,elenen,orta,10.2,0.625,1603.0,15dk,hedef,1651.09,10:15,2.97,9.79,-4.93,17:15,10:00,1760.0,1524.0
2026-02-23,AKFIS,elenen,orta,5.5,0.681,30.66,15dk,stop,29.7402,10:15,-3.03,0.65,-6.98,10:00,18:00,30.86,28.52
2026-02-23,CEMTS,elenen,orta,9.5,0.349,12.01,15dk,gun_sonu,11.8,18:00,-1.78,0.33,-2.08,10:00,10:30,12.05,11.76
2026-02-23,EKOS,elenen,tepe,12.6,0.923,7.18,15dk,stop,6.9646,10:15,-3.03,0.14,-7.94,10:00,10:45,7.19,6.61
2026-02-23,GLRYH,elenen,tepe,49.8,0.828,4.7,15dk,gun_sonu,4.74,18:00,0.82,0.85,-2.55,18:00,10:00,4.74,4.58
2026-02-23,IHGZT,elenen,orta,10.5,0.352,1.59,15dk,hedef,1.6377,10:00,2.97,3.77,0.63,17:15,10:00,1.65,1.6
2026-02-23,INFO,elenen,orta,5.9,0.688,4.5,15dk,hedef,4.635,10:15,2.97,4.22,-1.56,10:15,10:00,4.69,4.43
2026-02-23,ISKPL,elenen,tepe,17.3,1.05,13.49,15dk,hedef,13.8947,10:00,2.97,4.3,-8.67,10:00,10:45,14.07,12.32
2026-02-23,IZFAS,elenen,orta,11.5,0.774,54.6,15dk,stop,52.962,11:30,-3.03,0.73,-4.12,10:00,10:00,55.0,52.35
2026-02-23,MNDRS,elenen,orta,6.1,0.628,15.41,15dk,gun_sonu,15.37,18:00,-0.29,2.53,-0.52,11:45,17:45,15.8,15.33
2026-02-23,NUHCM,elenen,orta,10.0,0.691,273.5,15dk,stop,265.295,12:45,-3.03,0.73,-4.11,11:00,13:15,275.5,262.25
2026-02-23,PRDGS,elenen,tepe,7.1,0.808,7.5,15dk,stop,7.275,13:15,-3.03,0.8,-4.13,10:00,17:45,7.56,7.19
2026-02-23,RTALB,elenen,orta,9.8,0.756,4.26,15dk,gun_sonu,4.32,18:00,1.38,1.41,-1.41,18:00,10:00,4.32,4.2
2026-02-23,TLMAN,elenen,orta,7.0,0.578,99.2,15dk,gun_sonu,98.45,18:00,-0.79,2.12,-1.16,10:00,17:45,101.3,98.05
2026-02-23,UFUK,elenen,orta,7.8,0.731,1800.0,15dk,hedef,1854.0,10:00,2.97,6.89,-4.78,10:15,17:15,1924.0,1714.0
2026-02-23,YKSLN,elenen,orta,7.9,0.285,3.4,15dk,stop,3.298,13:15,-3.03,0.0,-3.82,10:00,18:00,3.4,3.27
2026-02-24,BAKAB,elenen,tepe,10.4,0.803,43.96,15dk,stop,42.6412,10:15,-3.03,-0.05,-5.14,10:00,14:45,43.94,41.7
2026-02-24,ENSRI,elenen,orta,6.0,0.79,27.78,15dk,gun_sonu,27.18,18:00,-2.19,2.09,-2.88,11:00,10:15,28.36,26.98
2026-02-24,ESCOM,elenen,tepe,62.0,1.167,4.8,15dk,gun_sonu,4.87,18:00,1.43,1.46,-3.12,18:00,10:00,4.87,4.65
2026-02-24,FZLGY,elenen,orta,16.1,0.48,12.0,15dk,gun_sonu,12.21,18:00,1.72,2.92,-0.42,12:15,10:00,12.35,11.95
2026-02-24,GLRYH,elenen,tepe,6.1,0.844,4.74,15dk,stop,4.5978,11:00,-3.03,2.74,-6.12,10:00,15:45,4.87,4.45
2026-02-24,INTEM,elenen,tepe,5.3,0.972,483.5,15dk,stop,468.995,13:30,-3.03,1.19,-3.72,10:15,13:30,489.25,465.5
2026-02-24,ISKPL,elenen,tepe,9.0,0.878,12.7,15dk,hedef,13.081,10:00,2.97,7.01,-2.05,13:30,15:00,13.59,12.44
2026-02-24,MANAS,elenen,tepe,27.1,1.066,13.48,15dk,hedef,13.8844,10:00,2.97,4.45,-1.11,18:00,10:00,14.08,13.33
2026-02-24,MERIT,elenen,orta,6.5,0.512,18.16,15dk,stop,17.6152,10:15,-3.03,-0.11,-6.88,10:00,14:30,18.14,16.91
2026-02-24,RTALB,elenen,orta,5.5,0.765,4.28,15dk,stop,4.1516,11:30,-3.03,2.8,-4.67,10:30,10:00,4.4,4.08
2026-02-24,TEHOL,elenen,orta,7.2,0.253,15.89,15dk,hedef,16.3667,10:00,2.97,5.66,-0.31,10:00,10:00,16.79,15.84
2026-02-25,ADGYO,elenen,orta,138.7,0.625,55.05,15dk,hedef,56.7015,10:00,2.97,3.91,-8.54,10:00,16:00,57.2,50.35
2026-02-25,AFYON,elenen,orta,5.6,0.721,15.01,15dk,gun_sonu,15.12,18:00,0.7,3.0,-0.93,10:00,17:00,15.46,14.87
2026-02-25,BESLR,elenen,orta,8.7,0.605,16.28,15dk,stop,15.7916,10:45,-3.03,1.47,-5.41,10:00,17:30,16.52,15.4
2026-02-25,EGPRO,elenen,orta,18.4,0.768,28.58,15dk,stop,27.7226,10:30,-3.03,0.0,-4.69,10:00,16:00,28.58,27.24
2026-02-25,ERSU,elenen,orta,20.5,0.681,21.3,15dk,stop,20.661,10:15,-3.03,1.41,-7.46,10:00,18:00,21.6,19.71
2026-02-25,ESCOM,elenen,tepe,8.4,1.079,5.08,15dk,hedef,5.2324,10:00,2.97,3.15,-7.28,10:00,17:45,5.24,4.71
2026-02-25,EYGYO,elenen,orta,30.6,0.46,3.61,15dk,hedef,3.7183,11:00,2.97,5.54,-2.77,18:00,10:00,3.81,3.51
2026-02-25,FONET,elenen,orta,6.1,0.723,3.33,15dk,hedef,3.4299,10:00,2.97,4.8,0.0,18:00,10:00,3.49,3.33
2026-02-25,GEDZA,elenen,orta,14.0,0.473,30.84,15dk,hedef,31.7652,10:30,2.97,9.86,-2.59,11:00,10:15,33.88,30.04
2026-02-25,HDFGS,elenen,orta,7.4,0.511,3.79,15dk,hedef,3.9037,10:00,2.97,4.75,-5.8,16:15,11:00,3.97,3.57
2026-02-25,IHAAS,elenen,tepe,52.9,0.884,70.0,15dk,hedef,72.1,10:00,2.97,14.29,0.0,18:00,10:00,80.0,70.0
2026-02-25,KLRHO,elenen,orta,11.6,0.54,382.5,15dk,gun_sonu,382.5,18:00,-0.03,0.0,0.0,18:00,18:00,382.5,382.5
2026-02-25,MAALT,elenen,orta,6.4,0.457,962.0,15dk,stop,933.14,11:30,-3.03,0.16,-3.12,10:00,11:45,963.5,932.0
2026-02-25,PNLSN,elenen,tepe,16.8,1.121,51.9,15dk,hedef,53.457,10:00,2.97,4.91,-2.12,18:00,11:00,54.45,50.8
2026-02-25,SEYKM,elenen,orta,6.0,0.449,5.07,15dk,hedef,5.2221,10:00,2.97,5.33,-4.34,10:00,12:15,5.34,4.85
2026-02-25,SKYMD,elenen,orta,7.4,0.207,12.75,15dk,hedef,13.1325,10:00,2.97,6.67,-1.25,10:30,10:00,13.6,12.59
2026-02-25,SUWEN,elenen,orta,7.0,0.214,9.59,15dk,hedef,9.8777,10:15,2.97,5.32,-1.67,10:30,10:00,10.1,9.43
2026-02-26,EUHOL,elenen,orta,8.9,0.755,17.61,1dk,stop,17.0817,12:55,-3.03,-4.88,-14.82,12:55,13:55,16.75,15.0
2026-02-26,EYGYO,elenen,orta,20.6,0.54,3.9,15dk,stop,3.783,10:15,-3.03,2.05,-7.44,11:15,12:00,3.98,3.61
2026-02-26,FONET,elenen,tepe,5.3,0.828,3.55,15dk,stop,3.4435,10:15,-3.03,1.13,-9.01,10:00,17:15,3.59,3.23
2026-02-26,MNDRS,elenen,orta,6.3,0.595,15.04,15dk,gun_sonu,15.04,18:00,-0.03,1.46,-2.93,14:00,11:00,15.26,14.6
2026-02-26,NTGAZ,elenen,tepe,15.0,0.951,12.54,15dk,stop,12.1638,11:00,-3.03,0.48,-6.78,10:00,17:45,12.6,11.69
2026-02-26,PNLSN,elenen,tepe,6.8,1.042,55.5,15dk,stop,53.835,10:15,-3.03,2.07,-11.53,11:15,17:30,56.65,49.1
2026-02-26,RGYAS,elenen,tepe,26.2,0.919,162.8,15dk,gun_sonu,159.0,18:00,-2.37,0.68,-2.83,10:00,15:45,163.9,158.2
2026-02-26,RTALB,elenen,orta,11.8,0.719,4.18,15dk,stop,4.0546,10:15,-3.03,0.24,-4.78,10:00,10:15,4.19,3.98
2026-02-26,SKYMD,elenen,orta,5.6,0.234,13.09,15dk,hedef,13.4827,10:00,2.97,4.2,-4.13,10:00,17:45,13.64,12.55
2026-02-27,BAGFS,elenen,orta,15.7,0.655,32.84,15dk,hedef,33.8252,10:45,2.97,6.21,-2.01,17:45,10:00,34.88,32.18
2026-02-27,BIZIM,elenen,tepe,10.0,0.858,32.34,15dk,stop,31.3698,10:15,-3.03,-3.4,-11.75,10:00,15:15,31.24,28.54
2026-02-27,FRIGO,elenen,orta,7.1,0.799,3.14279648,15dk,stop,3.0485,15:15,-3.03,0.44,-3.3,10:00,18:00,3.1566,3.039
2026-02-27,HOROZ,elenen,orta,11.0,0.64,63.25,15dk,gun_sonu,63.0,18:00,-0.43,2.69,-1.98,14:45,16:45,64.95,62.0
2026-02-27,KLMSN,elenen,orta,34.8,0.377,33.7,15dk,hedef,34.711,10:00,2.97,8.31,-1.07,11:00,10:00,36.5,33.34
2026-02-27,LRSHO,elenen,orta,10.1,0.348,4.05,15dk,stop,3.9285,10:15,-3.03,0.49,-8.89,10:00,17:15,4.07,3.69
2026-02-27,RYSAS,elenen,tepe,5.8,0.836,20.8,15dk,hedef,21.424,15:30,2.97,5.0,-5.0,16:00,17:45,21.84,19.76
2026-03-02,A1YEN,elenen,orta,9.1,0.201,2.42734216,15dk,hedef,2.5002,10:00,2.97,7.4,0.0,16:15,10:00,2.607,2.4273
2026-03-02,ADEL,elenen,orta,7.2,0.255,30.72,15dk,hedef,31.6416,10:00,2.97,6.97,0.07,10:00,10:00,32.86,30.74
2026-03-02,AHSGY,elenen,orta,10.9,0.541,16.62,15dk,hedef,17.1186,10:00,2.97,22.14,0.12,18:00,10:00,20.3,16.64
2026-03-02,AKGRT,elenen,orta,7.9,0.59,7.36,15dk,stop,7.1392,10:15,-3.03,2.58,-3.53,16:45,10:15,7.55,7.1
2026-03-02,ALCTL,elenen,orta,14.7,0.572,125.2,15dk,hedef,128.956,10:00,2.97,3.43,-0.8,10:00,10:45,129.5,124.2
2026-03-02,ALKLC,elenen,tepe,10.8,0.894,270.0,15dk,stop,261.9,10:15,-3.03,0.0,-5.0,10:00,11:30,270.0,256.5
2026-03-02,ARASE,elenen,orta,7.2,0.756,76.85,15dk,hedef,79.1555,10:00,2.97,9.5,-0.98,18:00,10:00,84.15,76.1
2026-03-02,ARTMS,elenen,orta,6.4,0.365,36.82,15dk,hedef,37.9246,10:00,2.97,8.2,0.0,16:30,10:00,39.84,36.82
2026-03-02,ATAKP,elenen,orta,5.8,0.597,52.35,15dk,hedef,53.9205,10:00,2.97,6.21,0.0,10:00,10:00,55.6,52.35
2026-03-02,ATATP,elenen,orta,24.7,0.509,132.3,15dk,hedef,136.269,10:00,2.97,13.15,0.0,14:15,10:00,149.7,132.3
2026-03-02,AVTUR,elenen,orta,7.1,0.582,17.05,15dk,hedef,17.5615,10:15,2.97,10.38,-4.99,18:00,10:00,18.82,16.2
2026-03-02,AYEN,elenen,orta,16.1,0.26,25.04,15dk,hedef,25.7912,10:00,2.97,10.86,0.0,13:30,10:00,27.76,25.04
2026-03-02,BAGFS,elenen,orta,7.4,0.572,30.82,15dk,hedef,31.7446,10:00,2.97,19.34,0.0,16:45,10:00,36.78,30.82
2026-03-02,BAKAB,elenen,orta,16.2,0.403,35.16,15dk,hedef,36.2148,10:00,2.97,7.22,0.06,10:00,10:00,37.7,35.18
2026-03-02,BARMA,elenen,orta,13.3,0.708,38.52,15dk,hedef,39.6756,10:15,2.97,10.8,0.0,17:45,10:15,42.68,38.52
2026-03-02,BEYAZ,elenen,orta,6.5,0.319,27.0,15dk,hedef,27.81,10:00,2.97,4.74,-0.52,16:15,10:00,28.28,26.86
2026-03-02,BIGCH,elenen,orta,7.1,0.229,7.02,15dk,hedef,7.2306,10:00,2.97,11.4,0.0,17:30,10:00,7.82,7.02
2026-03-02,BIZIM,elenen,orta,8.1,0.328,26.12,15dk,hedef,26.9036,10:00,2.97,7.66,0.0,16:15,10:00,28.12,26.12
2026-03-02,BLUME,elenen,orta,12.3,0.468,42.44,15dk,hedef,43.7132,10:00,2.97,9.43,0.09,10:00,10:00,46.44,42.48
2026-03-02,BMSCH,elenen,orta,5.8,0.276,15.8,15dk,hedef,16.274,10:00,2.97,16.9,0.0,14:00,10:00,18.47,15.8
2026-03-02,BMSTL,elenen,orta,9.0,0.324,33.5,15dk,hedef,34.505,10:00,2.97,119.7,100.0,10:00,18:00,73.6,67.0
2026-03-02,BORSK,elenen,orta,5.7,0.314,5.54,15dk,hedef,5.7062,10:00,2.97,8.12,0.0,10:00,10:00,5.99,5.54
2026-03-02,BRISA,elenen,orta,20.1,0.407,81.6,15dk,hedef,84.048,10:00,2.97,7.11,0.0,11:00,10:00,87.4,81.6
2026-03-02,BRLSM,elenen,orta,5.9,0.383,15.13,15dk,hedef,15.5839,10:00,2.97,12.36,0.07,16:15,10:00,17.0,15.14
2026-03-02,BVSAN,elenen,orta,7.9,0.249,99.5,15dk,hedef,102.485,10:00,2.97,5.83,0.0,16:15,10:00,105.3,99.5
2026-03-02,CASA,elenen,orta,10.3,0.505,99.95,1dk,gun_sonu,102.0,18:09,2.02,2.05,0.0,18:09,13:55,102.0,99.95
2026-03-02,CELHA,elenen,orta,9.1,0.326,9.13,15dk,hedef,9.4039,10:00,2.97,10.84,0.0,10:00,10:00,10.12,9.13
2026-03-02,CGCAM,elenen,orta,8.9,0.42,34.08,15dk,hedef,35.1024,10:00,2.97,12.38,0.0,12:15,10:00,38.3,34.08
2026-03-02,COSMO,elenen,orta,5.6,0.444,194.4,15dk,hedef,200.232,10:00,2.97,6.43,0.0,10:00,10:00,206.9,194.4
2026-03-02,DAGI,elenen,orta,6.5,0.232,5.48,15dk,hedef,5.6444,10:00,2.97,6.75,0.0,10:00,10:00,5.85,5.48
2026-03-02,DARDL,elenen,orta,5.8,0.253,1.97,15dk,hedef,2.0291,10:00,2.97,4.57,0.0,16:45,10:00,2.06,1.97
2026-03-02,DERIM,elenen,orta,5.7,0.251,32.12,15dk,hedef,33.0836,10:00,2.97,10.02,0.0,15:15,10:00,35.34,32.12
2026-03-02,DESA,elenen,orta,5.7,0.389,11.2,15dk,hedef,11.536,10:00,2.97,6.16,0.36,10:00,10:00,11.89,11.24
2026-03-02,DEVA,elenen,orta,24.3,0.519,66.95,15dk,gun_sonu,66.1,18:00,-1.3,0.07,-2.76,16:00,11:45,67.0,65.1
2026-03-02,DMRGD,elenen,orta,7.5,0.601,3.35,15dk,hedef,3.4505,10:00,2.97,8.36,-0.3,16:45,11:00,3.63,3.34
2026-03-02,DSTKF,elenen,tepe,6.7,0.948,1491.0,15dk,stop,1446.27,10:15,-3.03,0.6,-9.59,18:00,11:00,1500.0,1348.0
2026-03-02,EBEBK,elenen,orta,7.3,0.744,59.85,15dk,hedef,61.6455,10:00,2.97,6.68,0.08,16:15,10:00,63.85,59.9
2026-03-02,EGEGY,elenen,orta,6.4,0.582,26.7,15dk,hedef,27.501,10:00,2.97,6.37,-0.37,10:30,10:15,28.4,26.6
2026-03-02,EGEPO,elenen,orta,6.6,0.797,11.33,15dk,hedef,11.6699,10:00,2.97,7.59,0.0,14:00,10:00,12.19,11.33
2026-03-02,FORTE,elenen,orta,22.4,0.798,94.75,15dk,hedef,97.5925,11:15,2.97,3.96,-4.96,18:00,10:00,98.5,90.05
2026-03-02,FRIGO,elenen,orta,7.6,0.641,2.73783261,15dk,hedef,2.82,10:00,2.97,12.39,0.0,18:00,10:00,3.077,2.7378
2026-03-02,GEDIK,elenen,orta,5.2,0.281,5.49,15dk,gun_sonu,5.51,18:00,0.33,2.37,-2.0,10:00,12:00,5.62,5.38
2026-03-02,GENTS,elenen,orta,6.2,0.422,8.45,15dk,hedef,8.7035,10:00,2.97,10.77,0.0,17:45,10:00,9.36,8.45
2026-03-02,GLCVY,elenen,orta,39.5,0.548,65.3,15dk,hedef,67.259,10:00,2.97,10.72,-0.08,18:00,10:00,72.3,65.25
2026-03-02,GLYHO,elenen,tepe,10.7,0.91,15.48,15dk,gun_sonu,15.73,18:00,1.58,2.07,-3.42,16:15,10:00,15.8,14.95
2026-03-02,GMTAS,elenen,orta,7.6,0.735,24.52,15dk,hedef,25.2556,10:00,2.97,6.93,0.24,17:30,10:00,26.22,24.58
2026-03-02,GOZDE,elenen,orta,61.7,0.558,22.88,15dk,hedef,23.5664,10:00,2.97,5.68,0.0,16:15,10:00,24.18,22.88
2026-03-02,GRSEL,elenen,orta,9.4,0.749,345.0,15dk,gun_sonu,349.25,18:00,1.2,2.32,-4.35,16:30,10:00,353.0,330.0
2026-03-02,GSDDE,elenen,orta,5.9,0.396,9.2,15dk,hedef,9.476,10:00,2.97,6.96,-0.98,12:30,13:15,9.84,9.11
2026-03-02,HOROZ,elenen,orta,7.2,0.44,57.05,15dk,hedef,58.7615,10:00,2.97,7.98,0.0,13:30,10:00,61.6,57.05
2026-03-02,HRKET,elenen,orta,8.9,0.31,64.85,15dk,hedef,66.7955,10:00,2.97,7.17,0.0,16:15,10:00,69.5,64.85
2026-03-02,HUBVC,elenen,tepe,9.0,0.855,4.42,15dk,stop,4.2874,11:30,-3.03,6.33,-4.3,14:45,11:45,4.7,4.23
2026-03-02,ISGSY,elenen,orta,9.2,0.775,16.0741665,15dk,hedef,16.5564,10:00,2.97,544.51,486.34,18:00,10:00,103.6,94.25
2026-03-02,ISGYO,elenen,orta,14.0,0.555,20.0,15dk,hedef,20.6,10:00,2.97,9.0,0.0,17:45,10:00,21.8,20.0
2026-03-02,ISYAT,elenen,orta,5.2,0.247,8.1,15dk,hedef,8.343,10:00,2.97,3.09,-1.11,10:00,10:00,8.35,8.01
2026-03-02,KERVN,elenen,orta,7.5,0.324,2.45,1dk,hedef,2.5235,17:55,2.97,9.8,0.0,18:08,12:55,2.69,2.45
2026-03-02,KIMMR,elenen,orta,25.8,0.534,13.62,15dk,hedef,14.0286,10:00,2.97,10.72,0.66,16:30,10:00,15.08,13.71
2026-03-02,KOCMT,elenen,orta,5.1,0.27,2.35,15dk,hedef,2.4205,10:00,2.97,6.38,0.0,16:15,10:00,2.5,2.35
2026-03-02,KRDMB,elenen,tepe,7.2,0.868,34.5,15dk,hedef,35.535,10:00,2.97,6.49,-4.81,16:45,10:00,36.74,32.84
2026-03-02,KRONT,elenen,orta,9.3,0.535,14.15,15dk,hedef,14.5745,10:00,2.97,5.16,-1.13,16:15,10:00,14.88,13.99
2026-03-02,KRPLS,elenen,orta,9.4,0.23,7.23,15dk,hedef,7.4469,10:00,2.97,7.75,-0.41,16:30,10:00,7.79,7.2
2026-03-02,KRSTL,elenen,orta,26.9,0.47,9.08,15dk,hedef,9.3524,10:00,2.97,11.12,0.11,16:15,10:00,10.09,9.09
2026-03-02,KRVGD,elenen,orta,8.1,0.699,2.88,15dk,hedef,2.9664,10:00,2.97,5.9,-1.04,10:00,11:00,3.05,2.85
2026-03-02,KTSKR,elenen,orta,5.2,0.344,70.0,15dk,stop,67.9,10:30,-3.03,-0.14,-4.71,16:00,11:30,69.9,66.7
2026-03-02,KUTPO,elenen,orta,10.6,0.376,96.65,15dk,hedef,99.5495,10:00,2.97,6.67,0.0,16:00,10:00,103.1,96.65
2026-03-02,KZBGY,elenen,orta,9.8,0.422,3.08,15dk,hedef,3.1724,10:00,2.97,22.08,0.0,17:15,10:00,3.76,3.08
2026-03-02,KZGYO,elenen,orta,10.3,0.314,20.86,15dk,hedef,21.4858,10:00,2.97,5.66,0.0,10:00,10:00,22.04,20.86
2026-03-02,LIDFA,elenen,orta,7.8,0.71,2.89,15dk,hedef,2.9767,10:00,2.97,14.88,0.0,13:00,10:00,3.32,2.89
2026-03-02,LOGO,elenen,orta,7.4,0.283,131.5,15dk,hedef,135.445,10:00,2.97,5.02,-0.38,10:00,10:00,138.1,131.0
2026-03-02,LUKSK,elenen,orta,15.3,0.231,89.95,15dk,hedef,92.6485,10:00,2.97,6.89,0.0,16:15,10:00,96.15,89.95
2026-03-02,MACKO,elenen,orta,5.1,0.318,31.14,15dk,hedef,32.0742,10:00,2.97,7.19,0.13,10:00,10:00,33.38,31.18
2026-03-02,MAKTK,elenen,orta,6.3,0.418,13.05,15dk,hedef,13.4415,10:00,2.97,4.67,0.0,16:15,10:00,13.66,13.05
2026-03-02,MEPET,elenen,tepe,23.9,1.0,25.98,15dk,hedef,26.7594,10:00,2.97,9.93,0.0,18:00,10:00,28.56,25.98
2026-03-02,MERIT,elenen,orta,22.3,0.238,14.31,15dk,hedef,14.7393,10:00,2.97,10.2,0.0,16:15,10:00,15.77,14.31
2026-03-02,MOGAN,elenen,orta,8.2,0.469,9.6,15dk,hedef,9.888,10:00,2.97,7.4,0.0,10:00,10:00,10.31,9.6
2026-03-02,MSGYO,elenen,orta,21.8,0.496,5.51,15dk,hedef,5.6753,10:00,2.97,5.99,0.18,10:45,10:00,5.84,5.52
2026-03-02,NUGYO,elenen,orta,9.3,0.396,9.0,15dk,gun_sonu,9.0,18:00,-0.03,1.22,-3.0,10:00,10:00,9.11,8.73
2026-03-02,OBASE,elenen,orta,6.6,0.324,31.6,15dk,hedef,32.548,10:00,2.97,7.28,-0.19,16:15,10:00,33.9,31.54
2026-03-02,OFSYM,elenen,orta,9.9,0.529,59.2,15dk,hedef,60.976,10:00,2.97,9.54,0.0,17:45,10:00,64.85,59.2
2026-03-02,ONRYT,elenen,orta,8.3,0.309,68.0,15dk,hedef,70.04,10:00,2.97,6.1,-0.74,11:45,16:30,72.15,67.5
2026-03-02,ORCAY,elenen,orta,7.9,0.214,3.07,15dk,hedef,3.1621,10:00,2.97,7.49,0.0,16:30,10:00,3.3,3.07
2026-03-02,OZATD,elenen,orta,9.9,0.609,197.8,15dk,stop,191.866,11:00,-3.03,2.22,-3.84,15:30,10:00,202.2,190.2
2026-03-02,OZGYO,elenen,orta,9.1,0.528,1.82,15dk,hedef,1.8746,10:00,2.97,6.59,2.2,16:15,10:00,1.94,1.86
2026-03-02,OZSUB,elenen,orta,5.2,0.284,18.58,15dk,stop,18.0226,10:30,-3.03,1.61,-3.55,10:00,10:30,18.88,17.92
2026-03-02,OZYSR,elenen,orta,7.2,0.678,10.99998065,15dk,hedef,11.33,10:00,2.97,6.83,0.0,14:30,10:00,11.7512,11.0
2026-03-02,PAPIL,elenen,orta,18.3,0.244,19.98,15dk,hedef,20.5794,10:00,2.97,4.9,-2.4,12:00,10:00,20.96,19.5
2026-03-02,PCILT,elenen,orta,13.0,0.539,25.0,15dk,hedef,25.75,10:00,2.97,14.72,-1.2,17:30,10:00,28.68,24.7
2026-03-02,PKART,elenen,orta,12.2,0.52,76.05,15dk,hedef,78.3315,10:00,2.97,18.08,-0.39,11:15,10:00,89.8,75.75
2026-03-02,PNLSN,elenen,orta,5.9,0.668,47.7,15dk,hedef,49.131,10:00,2.97,8.81,0.0,14:15,10:00,51.9,47.7
2026-03-02,POLHO,elenen,orta,10.4,0.406,14.61,15dk,hedef,15.0483,10:00,2.97,7.39,0.0,14:00,10:00,15.69,14.61
2026-03-02,RGYAS,elenen,orta,5.9,0.767,156.0,15dk,hedef,160.68,10:00,2.97,6.28,-0.64,14:45,10:00,165.8,155.0
2026-03-02,RUZYE,elenen,orta,7.7,0.362,10.19,15dk,hedef,10.4957,10:00,2.97,9.03,0.0,18:00,10:00,11.11,10.19
2026-03-02,SDTTR,elenen,orta,10.7,0.738,253.0,15dk,hedef,260.59,10:00,2.97,4.84,-0.4,18:00,10:00,265.25,252.0
2026-03-02,SEKFK,elenen,orta,10.5,0.631,9.14,15dk,hedef,9.4142,10:00,2.97,9.3,0.0,10:00,10:00,9.99,9.14
2026-03-02,SELVA,elenen,orta,5.1,0.349,2.08,15dk,hedef,2.1424,10:00,2.97,21.15,0.0,17:45,10:00,2.52,2.08
2026-03-02,SEYKM,elenen,orta,11.3,0.319,4.39,15dk,hedef,4.5217,10:00,2.97,8.43,-0.23,12:45,10:00,4.76,4.38
2026-03-02,SNGYO,elenen,orta,5.9,0.552,4.28,15dk,hedef,4.4084,16:15,2.97,3.5,-1.64,16:15,12:00,4.43,4.21
2026-03-02,SOKE,elenen,orta,7.5,0.728,12.86,15dk,hedef,13.2458,12:45,2.97,8.55,-3.89,16:15,10:00,13.96,12.36
2026-03-02,SONME,elenen,orta,8.8,0.497,138.6,15dk,hedef,142.758,10:00,2.97,6.71,0.0,10:00,10:00,147.9,138.6
2026-03-02,TGSAS,elenen,orta,7.5,0.543,162.9,15dk,hedef,167.787,10:00,2.97,10.62,0.0,16:00,10:00,180.2,162.9
2026-03-02,TLMAN,elenen,orta,5.2,0.279,85.0,15dk,hedef,87.55,10:00,2.97,5.94,-0.12,16:15,10:00,90.05,84.9
2026-03-02,TMPOL,elenen,tepe,9.3,0.944,478.5,15dk,stop,464.145,10:15,-3.03,0.0,-9.14,10:00,18:00,478.5,434.75
2026-03-02,TRCAS,elenen,orta,10.1,0.751,48.24,15dk,hedef,49.6872,10:00,2.97,6.86,-4.68,11:45,18:00,51.55,45.98
2026-03-02,ULUFA,elenen,orta,5.1,0.337,1.805,15dk,hedef,1.8592,10:00,2.97,7.76,-0.28,16:30,10:00,1.945,1.8
2026-03-02,YATAS,elenen,orta,10.5,0.707,41.2,15dk,hedef,42.436,10:00,2.97,7.67,1.94,18:00,10:00,44.36,42.0
2026-03-02,YYAPI,elenen,orta,5.6,0.329,1.54,1dk,hedef,1.5862,10:01,2.97,10.39,0.65,16:20,12:10,1.7,1.55
2026-03-02,ZEDUR,elenen,orta,6.4,0.251,7.48,15dk,hedef,7.7044,10:00,2.97,7.62,-0.13,15:30,10:00,8.05,7.47
2026-03-03,AHSGY,elenen,orta,7.8,0.738,20.9,15dk,hedef,21.527,10:00,2.97,6.79,-0.77,18:00,10:00,22.32,20.74
2026-03-03,ALCTL,elenen,orta,5.1,0.617,127.9,15dk,stop,124.063,14:15,-3.03,0.94,-4.22,11:15,17:15,129.1,122.5
2026-03-03,AVTUR,elenen,tepe,7.3,0.824,20.2,15dk,gun_sonu,20.7,18:00,2.44,2.48,-4.95,18:00,10:00,20.7,19.2
2026-03-03,BASGZ,elenen,tepe,6.4,0.84,48.5,15dk,hedef,49.955,10:00,2.97,3.61,-2.06,10:00,17:15,50.25,47.5
2026-03-03,CASA,elenen,orta,5.8,0.53,102.0,1dk,gun_sonu,99.5,18:09,-2.48,0.0,-2.45,12:55,18:09,102.0,99.5
2026-03-03,DERIM,elenen,orta,12.1,0.505,37.0,15dk,gun_sonu,37.06,18:00,0.13,2.92,-3.41,17:00,10:00,38.08,35.74
2026-03-03,DMSAS,elenen,orta,14.0,0.24,8.55,15dk,hedef,8.8065,10:00,2.97,3.27,-2.69,10:00,14:00,8.83,8.32
2026-03-03,DZGYO,elenen,orta,8.3,0.526,7.98,15dk,stop,7.7406,13:45,-3.03,1.25,-5.39,11:00,14:00,8.08,7.55
2026-03-03,EGEGY,elenen,orta,10.6,0.689,28.96,15dk,hedef,29.8288,10:00,2.97,5.04,-1.45,18:00,10:00,30.42,28.54
2026-03-03,ERBOS,elenen,orta,7.8,0.339,163.9,15dk,hedef,168.817,10:00,2.97,7.2,1.28,11:00,10:00,175.7,166.0
2026-03-03,FORTE,elenen,tepe,7.7,0.89,98.8,15dk,stop,95.836,10:15,-3.03,0.0,-9.06,10:00,10:15,98.8,89.85
2026-03-03,INTEM,elenen,orta,38.0,0.506,332.0,15dk,gun_sonu,330.5,18:00,-0.48,1.36,-0.45,10:00,18:00,336.5,330.5
2026-03-03,LYDHO,elenen,tepe,13.6,0.891,210.0,15dk,stop,203.7,15:30,-3.03,1.9,-4.76,11:15,17:45,214.0,200.0
2026-03-03,LYDYE,elenen,orta,5.7,0.495,16052.5,15dk,hedef,16534.075,10:00,2.97,4.66,-6.9,10:00,10:45,16800.0,14945.0
2026-03-03,MEPET,elenen,tepe,8.6,1.115,31.0,15dk,stop,30.07,10:15,-3.03,1.29,-4.77,18:00,10:15,31.4,29.52
2026-03-03,SDTTR,elenen,tepe,9.4,0.985,282.0,15dk,stop,273.54,10:15,-3.03,2.84,-10.55,10:00,16:30,290.0,252.25
2026-03-03,VERTU,elenen,orta,5.7,0.25,37.4,15dk,hedef,38.522,10:45,2.97,7.86,-1.34,12:45,10:00,40.34,36.9
2026-03-03,VERUS,elenen,orta,40.4,0.277,270.0,15dk,stop,261.9,10:15,-3.03,7.78,-4.26,18:00,10:00,291.0,258.5
2026-03-03,YAYLA,elenen,orta,6.0,0.241,25.6,15dk,stop,24.832,10:15,-3.03,-0.55,-7.89,10:00,14:15,25.46,23.58
2026-03-04,AHSGY,elenen,tepe,7.4,0.848,23.3,15dk,hedef,23.999,10:00,2.97,5.32,-9.53,11:00,14:45,24.54,21.08
2026-03-04,AKSGY,elenen,orta,16.8,0.799,8.4,15dk,stop,8.148,11:30,-3.03,-0.12,-3.93,10:00,10:00,8.39,8.07
2026-03-04,AVTUR,elenen,tepe,7.1,0.901,21.2,15dk,hedef,21.836,10:00,2.97,7.08,-7.83,17:45,12:45,22.7,19.54
2026-03-04,BURCE,elenen,orta,10.9,0.627,58.25,15dk,hedef,59.9975,10:45,2.97,8.67,-4.38,14:00,10:00,63.3,55.7
2026-03-04,CATES,elenen,orta,28.7,0.755,40.12,15dk,hedef,41.3236,10:45,2.97,4.59,-3.69,14:30,10:00,41.96,38.64
2026-03-04,EDATA,elenen,tepe,6.3,1.119,14.88,15dk,gun_sonu,15.02,18:00,0.91,0.94,-3.09,18:00,10:00,15.02,14.42
2026-03-04,EGEGY,elenen,tepe,10.6,0.821,31.72,15dk,stop,30.7684,10:15,-3.03,1.01,-6.37,10:00,17:45,32.04,29.7
2026-03-04,EGPRO,elenen,orta,14.3,0.561,25.52,15dk,gun_sonu,25.36,18:00,-0.66,1.41,-1.1,14:15,17:15,25.88,25.24
2026-03-04,EKIZ,elenen,orta,11.4,0.481,100.6,1dk,hedef,103.618,17:55,2.97,6.76,0.0,18:09,12:55,107.4,100.6
2026-03-04,INGRM,elenen,orta,9.9,0.356,435.0,15dk,stop,421.95,10:15,-3.03,0.23,-7.07,10:00,12:00,436.0,404.25
2026-03-04,INTEM,elenen,orta,10.0,0.414,301.25,15dk,hedef,310.2875,10:00,2.97,9.46,-1.24,10:30,17:45,329.75,297.5
2026-03-04,KERVN,elenen,orta,6.1,0.618,3.16,1dk,gun_sonu,3.24,18:08,2.5,2.53,0.0,18:08,12:55,3.24,3.16
2026-03-04,KIMMR,elenen,tepe,7.0,0.829,16.91,15dk,hedef,17.4173,11:00,2.97,3.13,-4.97,11:00,17:45,17.44,16.07
2026-03-04,KLRHO,elenen,orta,67.2,0.305,226.2,15dk,hedef,232.986,10:00,2.97,10.85,0.0,10:00,18:00,250.75,226.2
2026-03-04,KRVGD,elenen,tepe,7.2,0.872,3.15,15dk,stop,3.0555,10:15,-3.03,-0.32,-5.71,10:00,10:15,3.14,2.97
2026-03-04,MEKAG,elenen,tepe,7.8,1.036,7.0,15dk,hedef,7.21,10:00,2.97,6.29,-8.57,18:00,10:45,7.44,6.4
2026-03-04,MEPET,elenen,tepe,9.3,1.08,33.32,15dk,stop,32.3204,10:15,-3.03,1.62,-13.57,10:00,12:45,33.86,28.8
2026-03-04,METRO,elenen,tepe,27.5,0.868,5.99,15dk,stop,5.8103,11:15,-3.03,5.18,-3.51,11:45,10:00,6.3,5.78
2026-03-04,NUGYO,elenen,orta,6.2,0.378,8.85,15dk,hedef,9.1155,14:30,2.97,3.28,-1.24,14:30,10:15,9.14,8.74
2026-03-04,UFUK,elenen,orta,36.0,0.569,1521.0,15dk,stop,1475.37,10:15,-3.03,4.21,-3.75,18:00,11:45,1585.0,1464.0
2026-03-04,VERUS,elenen,orta,17.8,0.362,301.0,15dk,hedef,310.03,10:00,2.97,6.31,-2.74,18:00,10:00,320.0,292.75
2026-03-05,EDATA,elenen,tepe,5.2,0.985,14.85,15dk,hedef,15.2955,10:00,2.97,11.04,-4.98,17:30,10:00,16.49,14.11
2026-03-05,FONET,elenen,tepe,5.4,1.07,4.4,15dk,hedef,4.532,10:00,2.97,5.68,-0.68,18:00,10:00,4.65,4.37
2026-03-05,KRDMB,elenen,tepe,37.6,0.951,36.6,15dk,hedef,37.698,10:00,2.97,6.56,0.0,17:45,10:00,39.0,36.6
2026-03-05,MOPAS,elenen,tepe,23.8,1.031,64.0,15dk,stop,62.08,10:15,-3.03,0.23,-11.72,10:00,18:00,64.15,56.5
2026-03-05,MTRKS,elenen,orta,10.5,0.317,21.46,15dk,gun_sonu,21.08,18:00,-1.8,1.96,-2.52,10:00,12:15,21.88,20.92
2026-03-05,SKYLP,elenen,tepe,6.3,0.802,303.75,15dk,stop,294.6375,10:15,-3.03,0.74,-10.04,10:00,10:45,306.0,273.25
2026-03-05,SKYMD,elenen,orta,8.5,0.217,12.77,15dk,stop,12.3869,10:15,-3.03,7.2,-4.93,13:30,10:00,13.69,12.14
2026-03-05,VERUS,elenen,orta,8.6,0.457,336.0,15dk,stop,325.92,10:15,-3.03,1.86,-3.57,10:15,12:30,342.25,324.0
2026-03-06,ATATP,elenen,tepe,7.0,0.815,168.8,15dk,stop,163.736,10:15,-3.03,0.0,-9.77,10:00,16:45,168.8,152.3
2026-03-06,KCAER,elenen,orta,8.0,0.292,11.89,15dk,hedef,12.2467,10:00,2.97,3.36,-4.96,10:00,17:00,12.29,11.3
2026-03-06,KORDS,elenen,orta,11.4,0.287,54.5,15dk,stop,52.865,10:30,-3.03,1.38,-7.43,10:00,17:15,55.25,50.45
2026-03-06,KRONT,elenen,orta,14.4,0.792,17.35,15dk,stop,16.8295,11:45,-3.03,0.06,-7.78,10:00,15:15,17.36,16.0
2026-03-06,KUVVA,elenen,orta,11.4,0.637,128.9,15dk,stop,125.033,10:15,-3.03,3.26,-4.58,18:00,10:00,133.1,123.0
2026-03-06,MNDRS,elenen,orta,6.1,0.564,14.7,15dk,stop,14.259,13:15,-3.03,2.04,-3.67,10:00,17:15,15.0,14.16
2026-03-06,MOPAS,elenen,orta,8.6,0.681,50.85,15dk,gun_sonu,50.85,18:00,-0.03,0.0,0.0,18:00,18:00,50.85,50.85
2026-03-06,UFUK,elenen,orta,9.4,0.613,1600.0,15dk,hedef,1648.0,16:15,2.97,6.25,-1.25,16:15,13:00,1700.0,1580.0
2026-03-06,VKFYO,elenen,orta,5.7,0.516,38.96,15dk,stop,37.7912,10:15,-3.03,1.64,-10.06,10:00,15:00,39.6,35.04
2026-03-09,AKMGY,elenen,orta,9.0,0.468,224.0,15dk,stop,217.28,10:15,-3.03,0.76,-4.91,12:45,10:00,225.7,213.0
2026-03-09,ARMGD,elenen,tepe,6.1,0.833,82.15,15dk,stop,79.6855,10:45,-3.03,0.06,-6.27,10:00,16:15,82.2,77.0
2026-03-09,ASGYO,elenen,orta,5.0,0.264,10.92,15dk,gun_sonu,11.04,18:00,1.07,1.65,-0.82,17:30,10:15,11.1,10.83
2026-03-09,AVTUR,elenen,orta,6.5,0.792,20.0,15dk,hedef,20.6,10:00,2.97,10.0,-1.35,18:00,10:00,22.0,19.73
2026-03-09,AYCES,elenen,tepe,9.1,1.06,600.0,15dk,hedef,618.0,10:00,2.97,5.83,-1.42,13:15,10:15,635.0,591.5
2026-03-09,BURCE,elenen,orta,10.0,0.501,49.24,15dk,stop,47.7628,10:15,-3.03,0.0,-9.67,10:00,18:00,49.24,44.48
2026-03-09,DEVA,elenen,orta,7.0,0.294,60.05,15dk,gun_sonu,59.05,18:00,-1.7,0.5,-2.83,10:00,10:30,60.35,58.35
2026-03-09,EDATA,elenen,orta,6.7,0.733,12.99,15dk,hedef,13.3797,10:00,2.97,4.62,-1.15,15:30,12:15,13.59,12.84
2026-03-09,EGEPO,elenen,tepe,5.4,0.968,13.25,15dk,stop,12.8525,10:15,-3.03,1.43,-3.4,13:45,10:15,13.44,12.8
2026-03-09,EGGUB,elenen,orta,16.9,0.594,103.0,15dk,hedef,106.09,10:00,2.97,6.8,-0.68,17:45,10:00,110.0,102.3
2026-03-09,INFO,elenen,orta,5.3,0.468,3.65,15dk,stop,3.5405,10:15,-3.03,0.82,-4.11,10:00,18:00,3.68,3.5
2026-03-09,KRDMB,elenen,tepe,26.7,0.962,38.5,15dk,hedef,39.655,17:30,2.97,3.48,-2.6,17:30,13:30,39.84,37.5
2026-03-09,MOPAS,elenen,orta,7.5,0.571,46.28,15dk,hedef,47.6684,10:00,2.97,10.2,-1.08,16:30,10:30,51.0,45.78
2026-03-09,OZKGY,elenen,orta,7.8,0.399,12.39,15dk,hedef,12.7617,10:00,2.97,5.73,1.69,18:00,10:15,13.1,12.6
2026-03-09,SNGYO,elenen,orta,8.8,0.471,4.07,15dk,hedef,4.1921,10:00,2.97,5.16,-0.49,10:00,12:00,4.28,4.05
2026-03-09,TCKRC,elenen,orta,9.7,0.777,90.9,15dk,stop,88.173,10:15,-3.03,3.41,-7.43,18:00,10:15,94.0,84.15
2026-03-09,TRCAS,elenen,orta,11.8,0.738,48.0,15dk,hedef,49.44,10:15,2.97,3.54,-7.5,10:15,16:15,49.7,44.4
2026-03-09,UFUK,elenen,orta,16.8,0.668,1700.0,15dk,stop,1649.0,10:15,-3.03,0.0,-5.0,10:00,16:30,1700.0,1615.0
2026-03-09,ULUUN,elenen,orta,9.7,0.628,7.56,15dk,hedef,7.7868,10:00,2.97,6.75,-0.26,18:00,10:00,8.07,7.54
2026-03-10,AKFYE,elenen,tepe,9.9,0.825,20.5,15dk,hedef,21.115,10:30,2.97,3.41,-0.88,10:30,10:00,21.2,20.32
2026-03-10,AVTUR,elenen,tepe,7.6,0.858,20.88,15dk,stop,20.2536,10:15,-3.03,1.63,-4.98,16:15,10:00,21.22,19.84
2026-03-10,AYDEM,elenen,tepe,7.2,0.921,27.94,15dk,stop,27.1018,12:45,-3.03,0.64,-3.79,10:00,14:15,28.12,26.88
2026-03-10,DESA,elenen,orta,6.5,0.405,11.35,15dk,gun_sonu,11.6,18:00,2.17,2.47,-0.18,17:30,11:00,11.63,11.33
2026-03-10,ERSU,elenen,orta,5.4,0.527,19.35,15dk,hedef,19.9305,10:15,2.97,13.18,-1.09,12:15,10:00,21.9,19.14
2026-03-10,GRSEL,elenen,orta,7.1,0.771,350.0,15dk,stop,339.5,13:15,-3.03,1.07,-6.57,10:15,13:45,353.75,327.0
2026-03-10,HLGYO,elenen,tepe,7.8,1.092,5.64,15dk,hedef,5.8092,10:00,2.97,4.26,-0.71,18:00,10:00,5.88,5.6
2026-03-10,ISYAT,elenen,orta,6.8,0.266,8.17,15dk,gun_sonu,8.38,18:00,2.54,2.94,-0.12,13:45,10:00,8.41,8.16
2026-03-10,KRDMB,elenen,tepe,13.9,0.987,39.6,15dk,gun_sonu,39.8,18:00,0.47,2.53,0.05,10:00,12:15,40.6,39.62
2026-03-10,KRPLS,elenen,orta,5.3,0.555,8.86,15dk,hedef,9.1258,10:00,2.97,6.09,-1.35,10:15,10:00,9.4,8.74
2026-03-10,KUTPO,elenen,orta,9.4,0.453,104.0,15dk,gun_sonu,105.6,18:00,1.51,2.88,-2.98,17:30,11:00,107.0,100.9
2026-03-10,MEPET,elenen,orta,8.7,0.779,28.0,15dk,stop,27.16,10:15,-3.03,3.36,-4.64,11:15,10:00,28.94,26.7
2026-03-10,MERIT,elenen,orta,6.2,0.579,19.1,15dk,stop,18.527,10:15,-3.03,2.62,-8.17,10:00,16:30,19.6,17.54
2026-03-10,OZSUB,elenen,orta,21.3,0.417,20.0,15dk,hedef,20.6,13:45,2.97,7.6,-2.7,18:00,12:15,21.52,19.46
2026-03-10,PINSU,elenen,orta,41.7,0.582,11.29,15dk,stop,10.9513,17:45,-3.03,2.75,-4.25,10:00,18:00,11.6,10.81
2026-03-10,RUZYE,elenen,orta,6.3,0.563,12.32,15dk,stop,11.9504,10:15,-3.03,-0.97,-8.44,10:00,17:45,12.2,11.28
2026-03-10,SOKE,elenen,tepe,7.0,0.987,15.3,15dk,stop,14.841,10:15,-3.03,-0.07,-4.97,18:00,10:00,15.29,14.54
2026-03-10,TMPOL,elenen,tepe,10.7,1.038,557.0,15dk,stop,540.29,10:15,-3.03,6.37,-4.76,17:45,12:45,592.5,530.5
2026-03-10,ULUUN,elenen,orta,22.2,0.692,7.79,15dk,hedef,8.0237,11:00,2.97,7.32,-4.36,11:30,10:00,8.36,7.45
2026-03-11,AYCES,elenen,tepe,30.1,1.019,640.0,15dk,hedef,659.2,11:00,2.97,9.14,-4.37,16:00,16:15,698.5,612.0
2026-03-11,BLUME,elenen,orta,7.7,0.533,46.34,15dk,gun_sonu,47.18,18:00,1.78,2.16,-0.78,12:15,10:30,47.34,45.98
2026-03-11,DGATE,elenen,orta,14.1,0.637,74.9,15dk,stop,72.653,10:15,-3.03,0.27,-4.94,10:00,10:45,75.1,71.2
2026-03-11,ETILR,elenen,orta,14.6,0.298,4.3,15dk,stop,4.171,10:15,-3.03,0.0,-7.91,10:00,13:00,4.3,3.96
2026-03-11,GEDZA,elenen,orta,8.6,0.578,32.0,15dk,stop,31.04,10:15,-3.03,1.56,-7.5,10:00,17:00,32.5,29.6
2026-03-11,HEDEF,elenen,tepe,28.3,0.968,73.429434,15dk,stop,71.2266,12:00,-3.03,0.27,-4.34,17:45,12:30,73.6244,70.2453
2026-03-11,KAPLM,elenen,orta,5.6,0.506,382.0,15dk,hedef,393.46,12:45,2.97,4.19,-3.86,16:45,10:00,398.0,367.25
2026-03-11,KRONT,elenen,tepe,8.5,0.875,18.39,15dk,hedef,18.9417,10:00,2.97,4.89,-1.09,18:00,10:00,19.29,18.19
2026-03-11,KRSTL,elenen,orta,26.7,0.586,10.0,15dk,hedef,10.3,10:00,2.97,3.0,-2.2,10:00,18:00,10.3,9.78
2026-03-11,OZSUB,elenen,orta,12.7,0.62,22.18,15dk,stop,21.5146,12:15,-3.03,0.99,-7.57,10:00,13:00,22.4,20.5
2026-03-11,PRDGS,elenen,tepe,5.2,0.815,7.53,15dk,hedef,7.7559,10:00,2.97,5.98,-7.04,10:00,17:45,7.98,7.0
2026-03-11,TATEN,elenen,orta,12.2,0.224,11.47,15dk,stop,11.1259,10:30,-3.03,3.57,-4.53,17:45,10:00,11.88,10.95
2026-03-11,TCKRC,elenen,tepe,10.5,0.95,104.1,15dk,stop,100.977,10:15,-3.03,0.86,-4.51,10:00,18:00,105.0,99.4
2026-03-11,TSPOR,elenen,orta,5.3,0.352,1.03,15dk,stop,0.9991,10:30,-3.03,2.91,-7.77,10:00,18:00,1.06,0.95
2026-03-11,ULUSE,elenen,orta,5.4,0.584,196.8,15dk,stop,190.896,10:15,-3.03,0.0,-4.22,10:00,10:30,196.8,188.5
2026-03-11,YUNSA,elenen,orta,19.4,0.648,8.91,15dk,gun_sonu,8.76,18:00,-1.72,2.69,-1.91,11:15,10:00,9.15,8.74
2026-03-12,BESLR,elenen,orta,13.0,0.498,15.57,15dk,stop,15.1029,10:15,-3.03,-0.39,-9.12,10:00,17:45,15.51,14.15
2026-03-12,BRKSN,elenen,orta,5.2,0.724,8.92,15dk,gun_sonu,9.0,18:00,0.86,2.35,-0.22,12:00,10:00,9.13,8.9
2026-03-12,BVSAN,elenen,orta,15.4,0.351,107.1,15dk,hedef,110.313,10:15,2.97,6.91,-2.61,11:00,10:00,114.5,104.3
2026-03-12,GOKNR,elenen,orta,9.0,0.303,21.8,15dk,gun_sonu,21.22,18:00,-2.69,0.83,-2.66,10:00,18:00,21.98,21.22
2026-03-12,GSDHO,elenen,orta,5.9,0.687,4.89,15dk,stop,4.7433,17:30,-3.03,0.41,-3.48,10:00,17:30,4.91,4.72
2026-03-12,HRKET,elenen,orta,7.7,0.342,66.15,15dk,hedef,68.1345,12:00,2.97,3.48,-0.08,12:00,10:00,68.45,66.1
2026-03-12,INVES,elenen,orta,8.7,0.263,354.75,15dk,stop,344.1075,10:15,-3.03,12.76,-3.1,16:15,10:15,400.0,343.75
2026-03-12,KMPUR,elenen,orta,16.3,0.286,15.0,15dk,gun_sonu,15.35,18:00,2.3,2.33,-1.47,18:00,10:00,15.35,14.78
2026-03-12,KONKA,elenen,orta,23.8,0.776,16.55,15dk,stop,16.0535,10:15,-3.03,4.41,-3.2,16:00,10:00,17.28,16.02
2026-03-12,KUYAS,elenen,tepe,6.6,0.843,70.0,15dk,hedef,72.1,14:00,2.97,5.21,-2.57,16:15,11:45,73.65,68.2
2026-03-12,KZBGY,elenen,orta,22.9,0.529,3.48,15dk,hedef,3.5844,10:00,2.97,3.45,-1.15,10:00,18:00,3.6,3.44
2026-03-12,PCILT,elenen,orta,12.4,0.635,27.5,15dk,stop,26.675,10:15,-3.03,2.33,-4.73,13:30,10:00,28.14,26.2
2026-03-12,POLHO,elenen,orta,13.6,0.736,20.14,15dk,hedef,20.7442,10:00,2.97,6.26,-1.34,10:00,13:00,21.4,19.87
2026-03-12,SNGYO,elenen,orta,15.6,0.51,4.17,15dk,gun_sonu,4.06,18:00,-2.67,1.68,-2.64,10:00,18:00,4.24,4.06
2026-03-12,TMSN,elenen,orta,5.3,0.473,109.0,15dk,hedef,112.27,10:00,2.97,5.5,-1.1,10:15,17:45,115.0,107.8
2026-03-12,TRGYO,elenen,orta,6.1,0.776,80.8,15dk,hedef,83.224,10:00,2.97,7.18,0.0,10:00,10:00,86.6,80.8
2026-03-13,BAHKM,elenen,tepe,6.1,0.813,124.0,15dk,hedef,127.72,10:00,2.97,7.66,0.0,10:00,12:30,133.5,124.0
2026-03-13,CUSAN,elenen,orta,16.3,0.302,25.0,15dk,stop,24.25,10:30,-3.03,1.04,-5.2,17:15,11:30,25.26,23.7
2026-03-13,ENSRI,elenen,tepe,5.3,0.995,34.14,15dk,hedef,35.1642,12:00,2.97,3.1,-3.4,12:00,13:30,35.2,32.98
2026-03-13,KMPUR,elenen,orta,18.7,0.391,15.81,15dk,hedef,16.2843,10:00,2.97,4.93,-2.59,10:00,17:45,16.59,15.4
2026-03-13,MEDTR,elenen,orta,18.4,0.297,31.0,15dk,stop,30.07,10:15,-3.03,0.06,-5.42,10:00,11:30,31.02,29.32
2026-03-13,PLTUR,elenen,orta,5.4,0.435,25.7,15dk,hedef,26.471,10:00,2.97,3.11,-4.44,10:00,11:00,26.5,24.56
2026-03-13,SNGYO,elenen,orta,12.7,0.421,3.94,15dk,gun_sonu,3.88,18:00,-1.56,2.03,-2.03,17:00,11:30,4.02,3.86
2026-03-13,UFUK,elenen,orta,13.2,0.583,1547.0,15dk,stop,1500.59,10:15,-3.03,1.42,-4.98,10:00,10:15,1569.0,1470.0
2026-03-16,AKMGY,elenen,orta,14.4,0.214,200.4,15dk,hedef,206.412,10:00,2.97,11.78,0.0,13:30,10:00,224.0,200.4
2026-03-16,EFOR,elenen,orta,9.4,0.262,17.26,15dk,stop,16.7422,10:15,-3.03,2.9,-10.43,10:00,18:00,17.76,15.46
2026-03-16,HURGZ,elenen,orta,31.0,0.595,6.84,15dk,stop,6.6348,10:15,-3.03,2.19,-13.3,10:00,18:00,6.99,5.93
2026-03-16,KRDMB,elenen,tepe,7.9,0.972,47.0,15dk,hedef,48.41,10:00,2.97,6.17,0.0,10:15,10:00,49.9,47.0
2026-03-16,RUZYE,elenen,orta,8.9,0.514,11.8,15dk,hedef,12.154,10:00,2.97,6.36,-1.69,18:00,10:00,12.55,11.6
2026-03-16,SERNT,elenen,orta,11.6,0.275,8.52,15dk,hedef,8.7756,10:00,2.97,5.4,-9.27,10:00,17:45,8.98,7.73
2026-03-17,BLUME,elenen,orta,38.9,0.56,48.0,15dk,gun_sonu,48.5,18:00,1.01,1.5,-1.12,10:00,13:15,48.72,47.46
2026-03-17,DOFER,elenen,orta,9.9,0.367,38.4,15dk,stop,37.248,10:15,-3.03,1.3,-5.0,15:15,10:00,38.9,36.48
2026-03-17,EPLAS,elenen,orta,5.7,0.588,6.39,15dk,gun_sonu,6.43,18:00,0.59,2.97,-1.1,10:00,12:15,6.58,6.32
2026-03-17,GIPTA,elenen,orta,17.6,0.235,74.4,15dk,hedef,76.632,10:00,2.97,4.1,-3.16,16:45,10:30,77.45,72.05
2026-03-17,GLRMK,elenen,orta,6.8,0.612,173.9,15dk,stop,168.683,15:45,-3.03,1.67,-4.26,17:45,10:00,176.8,166.5
2026-03-17,IDGYO,elenen,orta,7.2,0.488,3.5,15dk,hedef,3.605,10:00,2.97,9.71,0.0,17:45,10:00,3.84,3.5
2026-03-17,NUHCM,elenen,orta,5.8,0.774,318.0,15dk,stop,308.46,10:15,-3.03,0.0,-7.23,10:00,18:00,318.0,295.0
2026-03-17,PCILT,elenen,orta,6.4,0.73,29.98,15dk,hedef,30.8794,10:15,2.97,5.14,-1.6,15:15,10:00,31.52,29.5
2026-03-17,RUZYE,elenen,orta,11.3,0.631,13.04,15dk,hedef,13.4312,10:15,2.97,3.37,-3.37,14:45,17:45,13.48,12.6
2026-03-18,CRDFA,elenen,orta,7.9,0.256,8.38887228,15dk,hedef,8.6405,14:30,2.97,7.28,-2.32,14:45,10:15,9.0,8.1944
2026-03-18,DAPGM,elenen,orta,5.2,0.64,15.1,15dk,hedef,15.553,10:00,2.97,5.63,0.0,10:15,11:00,15.95,15.1
2026-03-18,DGATE,elenen,orta,7.9,0.741,80.0,15dk,hedef,82.4,10:00,2.97,4.37,-0.94,11:30,10:00,83.5,79.25
2026-03-18,DMRGD,elenen,tepe,7.4,0.941,4.41,15dk,hedef,4.5423,14:15,2.97,6.12,-2.04,14:15,10:00,4.68,4.32
2026-03-18,GRNYO,elenen,orta,10.5,0.614,16.24,15dk,hedef,16.7272,10:15,2.97,4.68,-2.28,10:15,15:30,17.0,15.87
2026-03-18,KZGYO,elenen,orta,5.5,0.456,22.5,15dk,gun_sonu,21.96,18:00,-2.43,2.67,-2.67,10:30,16:15,23.1,21.9
2026-03-18,MAALT,elenen,orta,7.5,0.725,1165.0,15dk,hedef,1199.95,10:15,2.97,5.67,-2.66,10:45,10:00,1231.0,1134.0
2026-03-18,ULAS,elenen,orta,7.7,0.565,33.7,15dk,gun_sonu,33.2,18:00,-1.52,1.19,-2.37,10:15,17:45,34.1,32.9
2026-03-19,A1YEN,elenen,orta,38.4,0.406,2.69684314,15dk,gun_sonu,2.6712,12:30,-0.98,0.2,-3.67,10:00,10:00,2.7023,2.5978
2026-03-19,AFYON,elenen,tepe,23.8,0.8,16.62,15dk,gun_sonu,17.0,12:30,2.25,2.65,-1.2,12:15,10:00,17.06,16.42
2026-03-19,AGESA,elenen,orta,67.2,0.745,221.4,15dk,hedef,228.042,12:30,2.97,3.07,-0.86,12:30,10:00,228.2,219.5
2026-03-19,AGYO,elenen,tepe,33.0,0.953,8.81,15dk,stop,8.5457,10:45,-3.03,0.68,-3.41,10:00,10:45,8.87,8.51
2026-03-19,AHSGY,elenen,orta,7.7,0.726,20.64,15dk,gun_sonu,20.48,12:30,-0.81,2.81,-1.65,10:00,11:30,21.22,20.3
2026-03-19,AKCNS,elenen,orta,8.5,0.798,201.0,15dk,gun_sonu,199.2,12:30,-0.93,0.2,-1.09,10:00,12:15,201.4,198.8
2026-03-19,AKFGY,elenen,orta,7.3,0.795,2.88,15dk,gun_sonu,2.89,12:30,0.31,0.35,-0.69,12:30,12:15,2.89,2.86
2026-03-19,AKFIS,elenen,tepe,47.5,0.97,39.3,15dk,hedef,40.479,11:15,2.97,3.46,-2.24,11:30,10:00,40.66,38.42
2026-03-19,AKFYE,elenen,tepe,16.3,0.944,21.9,15dk,gun_sonu,22.2,12:30,1.34,1.37,-2.1,12:30,10:45,22.2,21.44
2026-03-19,AKGRT,elenen,orta,19.3,0.781,7.99,15dk,gun_sonu,8.03,12:30,0.47,1.25,-1.13,12:00,10:00,8.09,7.9
2026-03-19,AKMGY,elenen,orta,7.3,0.444,221.7,15dk,gun_sonu,221.3,12:30,-0.21,0.14,-1.44,10:00,10:45,222.0,218.5
2026-03-19,AKSGY,elenen,tepe,5.0,0.898,8.7,15dk,gun_sonu,8.8,12:30,1.12,1.15,-0.11,12:30,10:00,8.8,8.69
2026-03-19,ALBRK,elenen,orta,11.8,0.526,8.21,15dk,gun_sonu,8.12,12:30,-1.13,0.37,-1.1,12:00,12:30,8.24,8.12
2026-03-19,ALCTL,elenen,orta,5.6,0.59,126.0,15dk,gun_sonu,127.1,12:30,0.84,1.98,-1.59,12:15,10:45,128.5,124.0
2026-03-19,ALGYO,elenen,orta,5.4,0.692,4.77,15dk,gun_sonu,4.64,12:30,-2.76,1.05,-2.73,11:30,12:30,4.82,4.64
2026-03-19,ALKA,elenen,orta,30.0,0.472,11.4,15dk,gun_sonu,11.28,12:30,-1.09,0.53,-1.14,10:30,12:00,11.46,11.27
2026-03-19,ALKIM,elenen,orta,288.2,0.45,18.64,15dk,stop,18.0808,12:00,-3.03,0.27,-4.94,10:30,12:30,18.69,17.72
2026-03-19,ALKLC,elenen,tepe,22.3,0.991,296.0,15dk,hedef,304.88,10:00,2.97,8.45,0.0,11:00,10:00,321.0,296.0
2026-03-19,ALVES,elenen,orta,9.3,0.278,3.0,15dk,gun_sonu,2.98,12:30,-0.7,0.33,-1.67,11:30,10:00,3.01,2.95
2026-03-19,ARASE,elenen,tepe,15.0,0.914,101.5,15dk,gun_sonu,102.5,12:30,0.95,2.46,-0.79,10:00,10:00,104.0,100.7
2026-03-19,ARMGD,elenen,orta,26.2,0.799,80.0,15dk,gun_sonu,81.0,12:30,1.22,2.38,0.31,11:15,10:00,81.9,80.25
2026-03-19,ARSAN,elenen,orta,26.7,0.714,4.15,15dk,hedef,4.2745,12:00,2.97,3.86,-0.96,12:00,10:00,4.31,4.11
2026-03-19,ARTMS,elenen,orta,28.5,0.411,38.34,15dk,hedef,39.4902,11:00,2.97,3.18,-1.3,11:15,10:00,39.56,37.84
2026-03-19,ARZUM,elenen,orta,13.9,0.423,2.62,15dk,gun_sonu,2.61,12:30,-0.41,0.38,-1.15,10:15,11:45,2.63,2.59
2026-03-19,ASGYO,elenen,orta,15.5,0.28,10.99,15dk,gun_sonu,10.89,12:30,-0.94,0.55,-1.18,10:00,12:15,11.05,10.86
2026-03-19,ATAKP,elenen,orta,13.9,0.594,52.25,15dk,gun_sonu,51.9,12:30,-0.7,1.34,-0.67,10:15,12:30,52.95,51.9
2026-03-19,AVGYO,elenen,orta,5.4,0.35,11.48,15dk,gun_sonu,11.41,12:30,-0.64,0.17,-0.96,10:00,12:15,11.5,11.37
2026-03-19,AVHOL,elenen,orta,15.8,0.222,36.34,15dk,gun_sonu,36.58,12:30,0.63,1.16,-0.5,12:15,10:00,36.76,36.16
2026-03-19,AVOD,elenen,orta,54.4,0.619,4.7,15dk,gun_sonu,4.72,12:30,0.39,1.7,-1.49,12:15,10:45,4.78,4.63
2026-03-19,AVTUR,elenen,orta,6.2,0.69,18.65,15dk,hedef,19.2095,10:00,2.97,4.08,0.0,10:00,10:00,19.41,18.65
2026-03-19,AYCES,elenen,orta,32.0,0.761,681.0,15dk,stop,660.57,10:15,-3.03,2.86,-4.99,12:15,10:30,700.5,647.0
2026-03-19,AYDEM,elenen,orta,10.9,0.8,26.3,15dk,hedef,27.089,12:00,2.97,3.12,-0.99,12:00,10:00,27.12,26.04
2026-03-19,AYEN,elenen,orta,21.1,0.531,28.0,15dk,gun_sonu,27.84,12:30,-0.6,0.57,-1.71,10:15,10:00,28.16,27.52
2026-03-19,AYGAZ,elenen,orta,28.2,0.783,241.5,15dk,hedef,248.745,12:15,2.97,3.62,-0.21,12:30,10:00,250.25,241.0
2026-03-19,BAGFS,elenen,tepe,52.8,0.907,39.48,15dk,gun_sonu,39.32,12:30,-0.44,1.17,-1.82,10:15,10:45,39.94,38.76
2026-03-19,BARMA,elenen,tepe,27.5,0.994,49.52,15dk,stop,48.0344,11:45,-3.03,0.24,-4.04,10:00,12:15,49.64,47.52
2026-03-19,BASGZ,elenen,tepe,21.4,0.949,51.55,15dk,stop,50.0035,10:15,-3.03,0.97,-3.59,12:30,10:30,52.05,49.7
2026-03-19,BESLR,elenen,orta,7.1,0.255,13.85,15dk,gun_sonu,13.7,12:30,-1.12,0.0,-1.52,11:30,10:30,13.85,13.64
2026-03-19,BEYAZ,elenen,orta,22.0,0.399,29.0,15dk,gun_sonu,28.46,12:30,-1.9,-0.07,-2.9,10:00,11:00,28.98,28.16
2026-03-19,BIGCH,elenen,orta,24.7,0.207,6.79,15dk,gun_sonu,6.79,12:30,-0.03,2.21,-0.59,10:00,10:45,6.94,6.75
2026-03-19,BINHO,elenen,orta,21.8,0.245,8.37,15dk,gun_sonu,8.41,12:30,0.44,0.84,-0.6,10:45,10:00,8.44,8.32
2026-03-19,BIOEN,elenen,orta,11.8,0.202,17.15,15dk,gun_sonu,17.03,12:30,-0.73,0.99,-1.05,10:15,12:00,17.32,16.97
2026-03-19,BLCYT,elenen,tepe,17.7,0.941,48.3,15dk,gun_sonu,49.14,12:30,1.71,2.61,-0.62,10:45,10:00,49.56,48.0
2026-03-19,BMSCH,elenen,orta,13.6,0.364,17.93,15dk,gun_sonu,17.75,12:30,-1.04,0.33,-1.0,11:45,12:30,17.99,17.75
2026-03-19,BMSTL,elenen,orta,28.4,0.494,42.65,15dk,hedef,43.9295,10:00,2.97,103.75,91.21,10:00,11:00,86.9,81.55
2026-03-19,BNTAS,elenen,orta,6.3,0.409,6.26,15dk,gun_sonu,6.25,12:30,-0.19,0.64,-0.64,11:30,10:00,6.3,6.22
2026-03-19,BORSK,elenen,orta,12.6,0.503,6.1,15dk,gun_sonu,6.01,12:30,-1.51,0.33,-1.48,11:15,12:30,6.12,6.01
2026-03-19,BOSSA,elenen,orta,6.2,0.266,6.32,15dk,gun_sonu,6.29,12:30,-0.51,0.16,-1.11,10:00,11:45,6.33,6.25
2026-03-19,BRISA,elenen,orta,10.6,0.511,85.55,15dk,gun_sonu,84.8,12:30,-0.91,0.0,-1.46,10:00,10:15,85.55,84.3
2026-03-19,BRKSN,elenen,orta,6.0,0.757,9.21,15dk,gun_sonu,9.25,12:30,0.4,0.43,-1.41,12:30,10:30,9.25,9.08
2026-03-19,BRKVY,elenen,orta,16.6,0.444,89.0,15dk,gun_sonu,89.2,12:30,0.19,0.84,-0.84,10:45,10:00,89.75,88.25
2026-03-19,BRLSM,elenen,orta,86.3,0.483,16.3,15dk,stop,15.811,10:15,-3.03,0.0,-5.77,10:00,10:00,16.3,15.36
2026-03-19,BULGS,elenen,orta,14.5,0.621,41.94,15dk,hedef,43.1982,10:30,2.97,6.53,-0.48,12:15,10:00,44.68,41.74
2026-03-19,BURCE,elenen,orta,12.1,0.348,38.36,15dk,gun_sonu,38.48,12:30,0.28,0.99,-1.93,11:00,10:00,38.74,37.62
2026-03-19,BVSAN,elenen,orta,7.7,0.323,105.0,15dk,gun_sonu,105.9,12:30,0.82,1.05,-0.29,12:00,10:45,106.1,104.7
2026-03-19,BYDNR,elenen,orta,8.9,0.662,33.2,15dk,gun_sonu,33.38,12:30,0.51,1.14,-1.81,12:00,10:00,33.58,32.6
2026-03-19,CATES,elenen,orta,28.7,0.726,45.16,15dk,hedef,46.5148,10:15,2.97,9.26,-0.49,11:45,10:00,49.34,44.94
2026-03-19,CELHA,elenen,orta,13.4,0.405,9.76,15dk,gun_sonu,9.76,12:30,-0.03,0.41,-0.92,12:15,10:15,9.8,9.67
2026-03-19,CEMAS,elenen,orta,20.3,0.21,4.6,15dk,gun_sonu,4.57,12:30,-0.69,0.43,-1.52,11:30,10:15,4.62,4.53
2026-03-19,CEMZY,elenen,tepe,38.1,0.908,10.836484,15dk,gun_sonu,11.0462,12:30,1.9,1.94,-1.53,12:30,11:30,11.0462,10.6704
2026-03-19,CGCAM,elenen,orta,22.6,0.478,35.56,15dk,gun_sonu,35.98,12:30,1.15,2.36,0.0,10:45,10:00,36.4,35.56
2026-03-19,CONSE,elenen,orta,27.1,0.649,3.43,15dk,gun_sonu,3.47,12:30,1.13,1.46,-1.17,11:30,10:00,3.48,3.39
2026-03-19,COSMO,elenen,orta,14.8,0.396,184.3,15dk,hedef,189.829,10:00,2.97,3.64,-0.16,11:00,10:00,191.0,184.0
2026-03-19,CRFSA,elenen,orta,18.5,0.681,121.9,15dk,gun_sonu,122.4,12:30,0.38,1.15,-1.15,12:15,10:15,123.3,120.5
2026-03-19,CUSAN,elenen,orta,8.7,0.227,23.3,15dk,gun_sonu,23.7,12:30,1.68,1.89,-1.72,12:15,10:00,23.74,22.9
2026-03-19,DAGI,elenen,orta,6.1,0.296,5.79,15dk,gun_sonu,5.82,12:30,0.49,0.52,-0.86,12:30,10:00,5.82,5.74
2026-03-19,DAPGM,elenen,orta,74.2,0.648,15.21,15dk,hedef,15.6663,10:00,2.97,3.55,-0.72,10:00,10:00,15.75,15.1
2026-03-19,DARDL,elenen,orta,6.2,0.279,2.01,15dk,gun_sonu,2.0,12:30,-0.53,0.5,-1.49,11:15,11:15,2.02,1.98
2026-03-19,DENGE,elenen,orta,16.4,0.306,2.49,15dk,gun_sonu,2.47,12:30,-0.84,0.4,-1.61,12:00,10:00,2.5,2.45
2026-03-19,DERIM,elenen,orta,25.1,0.646,39.7,15dk,stop,38.509,10:15,-3.03,0.86,-6.45,10:00,11:45,40.04,37.14
2026-03-19,DESA,elenen,orta,6.1,0.463,11.89,15dk,hedef,12.2467,12:15,2.97,3.45,-1.18,12:15,10:00,12.3,11.75
2026-03-19,DGATE,elenen,orta,15.0,0.773,81.55,15dk,gun_sonu,82.9,12:30,1.62,2.88,-1.29,12:15,11:45,83.9,80.5
2026-03-19,DITAS,elenen,orta,208.8,0.742,43.74,15dk,stop,42.4278,10:15,-3.03,0.46,-4.98,10:00,10:15,43.94,41.56
2026-03-19,DMRGD,elenen,tepe,43.8,0.906,4.38,15dk,gun_sonu,4.37,12:30,-0.26,2.51,-0.46,10:00,10:00,4.49,4.36
2026-03-19,DOCO,elenen,orta,17.5,0.59,9010.0,15dk,stop,8739.7,11:30,-3.03,-0.06,-4.0,10:00,11:45,9005.0,8650.0
2026-03-19,DOFER,elenen,orta,19.5,0.337,37.06,15dk,gun_sonu,37.04,12:30,-0.09,0.86,-1.78,11:30,10:15,37.38,36.4
2026-03-19,DOFRB,elenen,orta,47.1,0.303,100.7,15dk,stop,97.679,11:00,-3.03,2.48,-3.67,10:00,11:45,103.2,97.0
2026-03-19,DSTKF,elenen,tepe,12.3,0.982,1840.0,15dk,hedef,1895.2,11:15,2.97,5.11,-0.33,11:30,10:00,1934.0,1834.0
2026-03-19,DUNYH,elenen,orta,79.3,0.607,104.3,15dk,hedef,107.429,10:00,2.97,3.93,0.0,10:00,10:00,108.4,104.3
2026-03-19,DURDO,elenen,orta,27.8,0.38,3.67,15dk,gun_sonu,3.65,12:30,-0.58,0.82,-0.54,10:15,12:30,3.7,3.65
2026-03-19,DURKN,elenen,orta,21.9,0.44,18.09,15dk,gun_sonu,18.0,12:30,-0.53,0.66,-0.66,10:00,12:15,18.21,17.97
2026-03-19,DZGYO,elenen,orta,10.0,0.47,7.68,15dk,gun_sonu,7.71,12:30,0.36,1.95,-1.3,12:15,10:00,7.83,7.58
2026-03-19,EBEBK,elenen,tepe,7.8,0.861,63.1,15dk,stop,61.207,12:30,-3.03,0.71,-3.49,11:15,12:30,63.55,60.9
2026-03-19,ECZYT,elenen,orta,64.5,0.582,300.75,15dk,gun_sonu,295.25,12:30,-1.86,0.5,-2.83,10:00,11:15,302.25,292.25
2026-03-19,EDATA,elenen,tepe,13.5,0.826,14.21,15dk,gun_sonu,13.9,12:30,-2.21,0.99,-2.96,10:00,12:00,14.35,13.79
2026-03-19,EDIP,elenen,orta,25.2,0.577,36.1,15dk,gun_sonu,35.54,12:30,-1.58,0.0,-1.77,10:00,10:30,36.1,35.46
2026-03-19,EGEGY,elenen,orta,15.8,0.706,29.32,15dk,gun_sonu,29.0,12:30,-1.12,0.14,-1.5,10:00,12:15,29.36,28.88
2026-03-19,EGEPO,elenen,tepe,33.5,0.93,13.7,15dk,gun_sonu,14.02,12:30,2.3,2.63,-0.58,10:30,10:00,14.06,13.62
2026-03-19,EGGUB,elenen,tepe,39.2,0.897,126.9,15dk,hedef,130.707,10:15,2.97,3.47,-2.05,10:15,10:00,131.3,124.3
2026-03-19,EGPRO,elenen,orta,13.9,0.784,28.82,15dk,hedef,29.6846,10:00,2.97,3.05,-0.21,10:00,10:00,29.7,28.76
2026-03-19,EKGYO,elenen,orta,8.6,0.575,20.26,15dk,gun_sonu,20.16,12:30,-0.53,0.59,-0.59,10:15,12:15,20.38,20.14
2026-03-19,EKOS,elenen,orta,8.9,0.399,5.55,15dk,gun_sonu,5.53,12:30,-0.39,0.18,-1.08,10:00,10:00,5.56,5.49
2026-03-19,EKSUN,elenen,orta,7.0,0.221,5.3,15dk,gun_sonu,5.33,12:30,0.53,1.13,-0.19,11:30,10:00,5.36,5.29
2026-03-19,ENDAE,elenen,orta,13.2,0.335,14.6,15dk,gun_sonu,14.6,12:30,-0.03,1.37,-1.37,12:00,10:00,14.8,14.4
2026-03-19,ENERY,elenen,orta,18.2,0.636,8.71,15dk,gun_sonu,8.59,12:30,-1.41,0.0,-1.84,10:00,12:15,8.71,8.55
2026-03-19,ENSRI,elenen,orta,62.4,0.782,31.14,15dk,hedef,32.0742,10:15,2.97,8.22,-1.41,10:15,12:30,33.7,30.7
2026-03-19,ENTRA,elenen,orta,13.0,0.343,4.75342424,15dk,gun_sonu,4.7209,12:30,-0.72,0.2,-1.27,10:00,11:00,4.7627,4.693
2026-03-19,EPLAS,elenen,orta,8.9,0.522,6.17,15dk,gun_sonu,6.1,12:30,-1.17,0.49,-1.13,10:00,12:30,6.2,6.1
2026-03-19,ERBOS,elenen,orta,10.8,0.59,185.0,15dk,gun_sonu,183.0,12:30,-1.11,1.08,-1.08,10:30,12:30,187.0,183.0
2026-03-19,EUKYO,elenen,orta,11.1,0.634,5.86666115,15dk,hedef,6.0427,10:00,2.97,12.5,2.61,10:15,11:45,6.6,6.02
2026-03-19,EYGYO,elenen,orta,28.5,0.338,3.16,15dk,gun_sonu,3.15,12:30,-0.35,1.9,-2.53,10:00,11:30,3.22,3.08
2026-03-19,FADE,elenen,orta,16.1,0.314,13.6,15dk,gun_sonu,13.73,12:30,0.92,1.1,0.29,11:15,10:00,13.75,13.64
2026-03-19,FLAP,elenen,tepe,10.6,0.807,11.5,15dk,stop,11.155,10:15,-3.03,-1.48,-9.91,10:00,10:30,11.33,10.36
2026-03-19,FMIZP,elenen,orta,9.4,0.231,298.0,15dk,gun_sonu,298.0,12:30,-0.03,1.34,-1.01,10:00,10:45,302.0,295.0
2026-03-19,FONET,elenen,tepe,20.0,0.875,4.69,15dk,stop,4.5493,10:15,-3.03,1.71,-4.26,10:45,10:15,4.77,4.49
2026-03-19,FORTE,elenen,tepe,33.5,0.845,97.05,15dk,hedef,99.9615,10:15,2.97,9.94,-0.36,12:30,10:00,106.7,96.7
2026-03-19,FRIGO,elenen,tepe,10.3,0.802,3.14971894,15dk,hedef,3.2442,12:30,2.97,3.63,-0.11,12:30,10:00,3.2639,3.1463
2026-03-19,FZLGY,elenen,tepe,235.3,0.927,16.7,15dk,hedef,17.201,10:00,2.97,6.59,-0.18,12:30,10:00,17.8,16.67
2026-03-19,GARFA,elenen,orta,29.8,0.519,26.7,15dk,gun_sonu,27.14,12:30,1.61,2.25,-0.37,12:15,10:00,27.3,26.6
2026-03-19,GEDIK,elenen,orta,9.7,0.252,5.35,15dk,gun_sonu,5.35,12:30,-0.03,0.75,-0.93,11:15,10:00,5.39,5.3
2026-03-19,GEDZA,elenen,tepe,14.2,0.815,31.58,15dk,hedef,32.5274,10:30,2.97,3.36,-1.08,10:45,10:00,32.64,31.24
2026-03-19,GENIL,elenen,orta,12.6,0.292,9.4,15dk,gun_sonu,9.45,12:30,0.5,0.53,-2.02,12:30,12:15,9.45,9.21
2026-03-19,GENTS,elenen,orta,14.4,0.331,8.11,15dk,hedef,8.3533,12:00,2.97,4.07,-0.74,12:15,10:00,8.44,8.05
2026-03-19,GLCVY,elenen,orta,6.7,0.519,64.05,15dk,gun_sonu,64.7,12:30,0.98,1.48,-0.08,11:00,10:00,65.0,64.0
2026-03-19,GLRMK,elenen,orta,17.3,0.535,167.8,15dk,gun_sonu,170.1,12:30,1.34,1.37,-0.83,12:30,10:00,170.1,166.4
2026-03-19,GLYHO,elenen,orta,39.8,0.789,14.4,15dk,gun_sonu,14.4,12:30,-0.03,1.6,-0.97,10:00,10:00,14.63,14.26
2026-03-19,GMTAS,elenen,tepe,22.8,0.815,27.0,15dk,gun_sonu,26.48,12:30,-1.96,0.22,-1.93,10:45,12:30,27.06,26.48
2026-03-19,GOKNR,elenen,orta,9.7,0.201,20.94,15dk,gun_sonu,20.86,12:30,-0.42,0.96,-0.57,10:45,11:45,21.14,20.82
2026-03-19,GRSEL,elenen,orta,79.2,0.692,332.0,15dk,stop,322.04,10:15,-3.03,-0.08,-4.89,10:00,10:15,331.75,315.75
2026-03-19,GSDHO,elenen,orta,16.6,0.37,4.23,15dk,hedef,4.3569,10:00,2.97,3.07,-1.65,10:00,12:30,4.36,4.16
2026-03-19,GUNDG,elenen,tepe,5.2,0.884,676.5,15dk,hedef,696.795,10:00,2.97,5.99,-4.29,10:00,12:30,717.0,647.5
2026-03-19,GWIND,elenen,orta,16.5,0.597,25.86,15dk,gun_sonu,25.92,12:30,0.2,1.86,-0.62,10:15,10:00,26.34,25.7
2026-03-19,HDFGS,elenen,orta,9.4,0.382,3.12,15dk,gun_sonu,3.09,12:30,-0.99,0.32,-1.6,10:00,10:45,3.13,3.07
2026-03-19,HEDEF,elenen,tepe,12.4,0.889,69.530526,15dk,stop,67.4446,10:15,-3.03,-0.19,-6.45,10:00,10:30,69.4006,65.0468
2026-03-19,HKTM,elenen,orta,10.1,0.273,11.58,15dk,gun_sonu,11.6,12:30,0.14,1.73,-1.3,10:45,10:00,11.78,11.43
2026-03-19,HOROZ,elenen,orta,11.4,0.406,56.0,15dk,gun_sonu,55.7,12:30,-0.57,1.25,-0.89,10:00,10:00,56.7,55.5
2026-03-19,HRKET,elenen,orta,7.0,0.277,63.5,15dk,gun_sonu,63.55,12:30,0.05,0.79,-0.55,10:00,11:15,64.0,63.15
2026-03-19,HURGZ,elenen,orta,23.9,0.373,5.73,15dk,hedef,5.9019,11:15,2.97,9.6,-0.87,11:30,11:00,6.28,5.68
2026-03-19,ICBCT,elenen,orta,16.5,0.439,14.76,15dk,gun_sonu,14.72,12:30,-0.3,0.88,-0.54,10:00,12:15,14.89,14.68
2026-03-19,ICUGS,elenen,orta,6.6,0.594,2.79,15dk,gun_sonu,2.8,12:30,0.33,1.43,-0.36,12:00,10:00,2.83,2.78
2026-03-19,IMASM,elenen,orta,14.4,0.34,3.63,15dk,gun_sonu,3.66,12:30,0.79,1.1,-0.55,11:30,11:00,3.67,3.61
2026-03-19,INVES,elenen,orta,24.4,0.327,395.0,15dk,hedef,406.85,10:00,2.97,9.05,0.25,11:00,10:00,430.75,396.0
2026-03-19,ISDMR,elenen,orta,25.7,0.584,42.0,15dk,gun_sonu,42.3,12:30,0.68,1.29,-0.38,10:30,10:00,42.54,41.84
2026-03-19,ISFIN,elenen,orta,72.1,0.758,19.59,15dk,gun_sonu,19.86,12:30,1.35,2.81,-1.12,10:45,10:00,20.14,19.37
2026-03-19,ISGSY,elenen,tepe,16.5,0.98,24.9362202,15dk,hedef,25.6843,10:00,2.97,516.77,485.89,10:45,10:00,153.8,146.1
2026-03-19,ISGYO,elenen,orta,20.0,0.667,21.16,15dk,gun_sonu,21.0,12:30,-0.79,0.57,-2.36,12:00,11:15,21.28,20.66
2026-03-19,ISKPL,elenen,tepe,34.7,0.816,12.0,15dk,hedef,12.36,10:45,2.97,9.75,-0.5,12:30,10:00,13.17,11.94
2026-03-19,ISYAT,elenen,orta,10.7,0.337,8.43,15dk,gun_sonu,8.41,12:30,-0.27,0.47,-1.3,12:15,10:00,8.47,8.32
2026-03-19,IZENR,elenen,orta,7.7,0.68,9.53,15dk,gun_sonu,9.59,12:30,0.6,0.94,-2.1,11:00,10:00,9.62,9.33
2026-03-19,IZFAS,elenen,orta,132.5,0.731,52.7,15dk,hedef,54.281,12:00,2.97,6.26,-1.99,12:30,10:15,56.0,51.65
2026-03-19,IZMDC,elenen,orta,5.6,0.396,6.48,15dk,gun_sonu,6.37,12:30,-1.73,0.31,-1.7,10:00,12:30,6.5,6.37
2026-03-19,KAPLM,elenen,orta,7.3,0.593,419.5,15dk,gun_sonu,410.75,12:30,-2.12,0.24,-2.38,10:30,12:00,420.5,409.5
2026-03-19,KAREL,elenen,orta,23.0,0.307,8.61,15dk,gun_sonu,8.53,12:30,-0.96,0.35,-1.05,10:00,12:00,8.64,8.52
2026-03-19,KATMR,elenen,orta,20.7,0.518,2.87,15dk,hedef,2.9561,10:15,2.97,4.53,0.0,12:15,10:00,3.0,2.87
2026-03-19,KBORU,elenen,orta,11.8,0.575,17.93,15dk,gun_sonu,17.75,12:30,-1.04,0.39,-1.84,10:00,11:00,18.0,17.6
2026-03-19,KCAER,elenen,orta,15.8,0.229,11.5,15dk,hedef,11.845,11:30,2.97,4.52,-0.61,12:30,10:00,12.02,11.43
2026-03-19,KIMMR,elenen,tepe,5.2,0.81,18.98,15dk,gun_sonu,19.2,12:30,1.13,1.69,-0.32,10:30,11:00,19.3,18.92
2026-03-19,KLGYO,elenen,orta,15.6,0.374,5.66,15dk,gun_sonu,5.6,12:30,-1.09,0.35,-1.59,10:15,12:15,5.68,5.57
2026-03-19,KLKIM,elenen,orta,9.4,0.762,39.72,15dk,gun_sonu,39.64,12:30,-0.23,0.81,-1.56,10:15,11:30,40.04,39.1
2026-03-19,KLMSN,elenen,orta,6.2,0.24,28.98,15dk,gun_sonu,29.06,12:30,0.24,0.69,-0.48,12:15,10:00,29.18,28.84
2026-03-19,KLSYN,elenen,tepe,29.0,0.936,9.79,15dk,hedef,10.0837,10:00,2.97,4.19,0.0,10:00,10:00,10.2,9.79
2026-03-19,KMPUR,elenen,orta,20.3,0.519,16.63,15dk,hedef,17.1289,10:15,2.97,6.07,-2.1,12:30,10:00,17.64,16.28
2026-03-19,KOCMT,elenen,orta,14.3,0.444,2.54,15dk,gun_sonu,2.49,12:30,-2.0,0.0,-2.36,10:00,11:15,2.54,2.48
2026-03-19,KONKA,elenen,orta,10.9,0.641,15.37,15dk,gun_sonu,15.15,12:30,-1.46,0.0,-2.8,10:00,11:45,15.37,14.94
2026-03-19,KOPOL,elenen,orta,16.3,0.402,6.0,15dk,gun_sonu,5.9,12:30,-1.7,-0.17,-1.67,10:45,12:30,5.99,5.9
2026-03-19,KORDS,elenen,orta,9.2,0.395,57.15,15dk,gun_sonu,57.55,12:30,0.67,1.22,-1.4,12:00,11:15,57.85,56.35
2026-03-19,KRDMA,elenen,orta,17.0,0.208,30.38,15dk,gun_sonu,30.18,12:30,-0.69,1.78,-0.79,11:45,10:00,30.92,30.14
2026-03-19,KRONT,elenen,tepe,6.0,0.854,22.32,15dk,stop,21.6504,10:30,-3.03,1.52,-6.99,10:00,12:30,22.66,20.76
2026-03-19,KRPLS,elenen,orta,13.7,0.451,8.34,15dk,gun_sonu,8.26,12:30,-0.99,0.96,-1.08,10:00,12:15,8.42,8.25
2026-03-19,KRTEK,elenen,orta,8.1,0.219,26.22,15dk,gun_sonu,26.8,12:30,2.18,2.97,0.61,10:00,10:00,27.0,26.38
2026-03-19,KRVGD,elenen,orta,10.8,0.654,2.81,15dk,gun_sonu,2.77,12:30,-1.46,1.07,-1.42,10:15,12:30,2.84,2.77
2026-03-19,KTSKR,elenen,orta,26.7,0.543,79.0,15dk,gun_sonu,77.7,12:30,-1.68,0.13,-2.15,10:00,11:00,79.1,77.3
2026-03-19,KUTPO,elenen,orta,8.8,0.293,92.25,15dk,gun_sonu,92.0,12:30,-0.3,-0.05,-0.6,10:15,11:00,92.2,91.7
2026-03-19,KUYAS,elenen,tepe,11.5,0.954,76.45,15dk,hedef,78.7435,11:15,2.97,3.34,0.0,12:30,10:00,79.0,76.45
2026-03-19,KZBGY,elenen,orta,6.3,0.42,3.12,15dk,gun_sonu,3.12,12:30,-0.03,1.6,-1.28,10:30,10:00,3.17,3.08
2026-03-19,KZGYO,elenen,orta,13.9,0.411,21.98,15dk,gun_sonu,21.74,12:30,-1.12,0.55,-2.0,10:00,10:15,22.1,21.54
2026-03-19,LIDER,elenen,tepe,5.7,0.998,96.0,15dk,hedef,98.88,10:45,2.97,7.29,-0.89,12:15,10:00,103.0,95.15
2026-03-19,LIDFA,elenen,tepe,38.8,0.984,3.68,15dk,stop,3.5696,10:15,-3.03,0.0,-4.89,10:00,11:00,3.68,3.5
2026-03-19,LILAK,elenen,orta,5.8,0.736,31.72,15dk,hedef,32.6716,12:30,2.97,4.41,-1.77,12:30,11:00,33.12,31.16
2026-03-19,LKMNH,elenen,orta,8.6,0.271,16.01,15dk,gun_sonu,16.02,12:30,0.03,0.5,-0.44,10:15,10:30,16.09,15.94
2026-03-19,LOGO,elenen,orta,18.1,0.29,134.9,15dk,gun_sonu,135.0,12:30,0.04,0.52,-0.89,12:15,10:00,135.6,133.7
2026-03-19,LRSHO,elenen,orta,11.5,0.221,3.36,15dk,gun_sonu,3.35,12:30,-0.33,0.89,-1.19,11:30,10:00,3.39,3.32
2026-03-19,LUKSK,elenen,orta,6.7,0.34,97.9,15dk,gun_sonu,96.15,12:30,-1.82,-0.46,-1.79,10:00,12:30,97.45,96.15
2026-03-19,MAALT,elenen,orta,35.4,0.692,1140.0,15dk,gun_sonu,1166.0,12:30,2.25,2.81,-1.58,12:15,10:00,1172.0,1122.0
2026-03-19,MACKO,elenen,orta,11.1,0.352,32.0,15dk,gun_sonu,31.5,12:30,-1.6,0.75,-3.06,11:30,10:00,32.24,31.02
2026-03-19,MAKTK,elenen,orta,16.0,0.348,13.33,15dk,gun_sonu,13.32,12:30,-0.11,1.2,-0.83,10:00,10:15,13.49,13.22
2026-03-19,MARBL,elenen,orta,15.6,0.297,12.55,15dk,gun_sonu,12.26,12:30,-2.34,0.0,-2.47,10:00,10:00,12.55,12.24
2026-03-19,MARKA,elenen,orta,88.7,0.235,33.8,15dk,hedef,34.814,10:00,2.97,4.79,0.0,12:30,10:00,35.42,33.8
2026-03-19,MEGMT,elenen,tepe,82.7,0.834,69.7,15dk,hedef,71.791,10:00,2.97,3.44,-0.43,12:15,10:00,72.1,69.4
2026-03-19,MEKAG,elenen,tepe,12.5,0.81,6.65,15dk,hedef,6.8495,11:30,2.97,3.16,-2.26,11:30,10:00,6.86,6.5
2026-03-19,MERIT,elenen,orta,19.5,0.385,16.37,15dk,gun_sonu,16.15,12:30,-1.38,0.12,-1.95,10:30,12:00,16.39,16.05
2026-03-19,MERKO,elenen,orta,14.3,0.511,2.19004912,15dk,gun_sonu,2.1873,12:30,-0.16,0.56,-1.05,10:45,12:15,2.2022,2.167
2026-03-19,METRO,elenen,orta,23.8,0.759,5.52,15dk,gun_sonu,5.47,12:30,-0.94,2.36,-0.91,10:15,12:30,5.65,5.47
2026-03-19,MHRGY,elenen,orta,10.5,0.345,3.45,15dk,gun_sonu,3.47,12:30,0.55,0.87,-2.03,11:45,10:00,3.48,3.38
2026-03-19,MNDRS,elenen,orta,6.4,0.494,13.91,15dk,gun_sonu,13.97,12:30,0.4,0.86,-0.5,10:45,10:00,14.03,13.84
2026-03-19,MNDTR,elenen,orta,18.2,0.212,5.64,15dk,gun_sonu,5.64,12:30,-0.03,0.18,-0.71,12:00,11:00,5.65,5.6
2026-03-19,MOBTL,elenen,tepe,8.1,0.842,10.35,15dk,stop,10.0395,10:45,-3.03,-0.1,-3.77,10:00,12:15,10.34,9.96
2026-03-19,MOGAN,elenen,orta,35.6,0.748,10.76,15dk,stop,10.4372,10:15,-3.03,0.09,-3.16,10:00,10:15,10.77,10.42
2026-03-19,MOPAS,elenen,orta,6.7,0.372,38.0,15dk,gun_sonu,38.3,12:30,0.76,2.47,-1.16,12:15,10:00,38.94,37.56
2026-03-19,MRGYO,elenen,orta,12.4,0.349,1.41,15dk,gun_sonu,1.4,12:30,-0.74,0.71,-1.42,11:15,12:15,1.42,1.39
2026-03-19,MSGYO,elenen,tepe,211.7,1.028,8.6,15dk,hedef,8.858,10:00,2.97,4.3,-6.16,10:00,11:00,8.97,8.07
2026-03-19,MTRKS,elenen,orta,7.3,0.298,21.2,15dk,hedef,21.836,11:30,2.97,3.4,-0.28,11:45,10:15,21.92,21.14
2026-03-19,MTRYO,elenen,orta,6.5,0.469,9.76,15dk,hedef,10.0528,10:00,2.97,4.0,-2.46,10:00,10:00,10.15,9.52
2026-03-19,NETAS,elenen,orta,15.2,0.287,58.05,15dk,gun_sonu,58.0,12:30,-0.12,0.17,-0.95,12:00,10:00,58.15,57.5
2026-03-19,NTGAZ,elenen,tepe,45.0,0.881,12.9,15dk,hedef,13.287,10:00,2.97,4.26,-0.23,10:00,11:00,13.45,12.87
2026-03-19,NTHOL,elenen,orta,108.7,0.38,41.78,15dk,gun_sonu,41.3,12:30,-1.18,0.96,-1.77,10:00,12:15,42.18,41.04
2026-03-19,NUGYO,elenen,orta,6.0,0.416,9.16,15dk,gun_sonu,9.08,12:30,-0.91,-0.66,-1.75,12:15,10:00,9.1,9.0
2026-03-19,NUHCM,elenen,orta,119.1,0.31,246.0,15dk,hedef,253.38,10:00,2.97,7.93,-2.24,10:30,10:00,265.5,240.5
2026-03-19,OBASE,elenen,orta,10.5,0.408,33.5,15dk,gun_sonu,33.56,12:30,0.15,1.31,0.18,10:00,12:30,33.94,33.56
2026-03-19,ODINE,elenen,tepe,6.5,0.881,634.0,15dk,hedef,653.02,12:00,2.97,5.6,-0.55,12:15,11:30,669.5,630.5
2026-03-19,OFSYM,elenen,orta,5.4,0.567,61.4,15dk,gun_sonu,61.3,12:30,-0.2,0.81,-0.98,11:30,10:30,61.9,60.8
2026-03-19,ONCSM,elenen,orta,22.6,0.547,240.0,15dk,gun_sonu,240.0,12:30,-0.03,1.42,-0.58,10:15,11:45,243.4,238.6
2026-03-19,OYLUM,elenen,orta,18.6,0.222,8.0,15dk,gun_sonu,7.99,12:30,-0.16,0.88,-1.25,10:00,10:30,8.07,7.9
2026-03-19,OYYAT,elenen,orta,10.4,0.747,63.2,15dk,gun_sonu,64.4,12:30,1.87,1.9,-1.9,12:30,10:00,64.4,62.0
2026-03-19,OZATD,elenen,orta,9.9,0.733,217.0,15dk,gun_sonu,212.0,12:30,-2.34,0.18,-2.3,10:00,12:30,217.4,212.0
2026-03-19,OZGYO,elenen,orta,29.2,0.673,2.04,15dk,hedef,2.1012,10:45,2.97,3.43,-0.98,10:45,10:00,2.11,2.02
2026-03-19,OZKGY,elenen,orta,81.5,0.575,13.59,15dk,hedef,13.9977,10:15,2.97,5.67,-0.59,10:45,10:00,14.36,13.51
2026-03-19,OZSUB,elenen,tepe,45.8,0.847,24.62,15dk,stop,23.8814,10:15,-3.03,0.0,-9.99,10:00,12:30,24.62,22.16
2026-03-19,OZYSR,elenen,orta,21.2,0.737,11.53168703,15dk,gun_sonu,11.5073,12:30,-0.24,1.27,-1.35,10:00,12:15,11.678,11.3756
2026-03-19,PAGYO,elenen,tepe,10.5,0.909,102.1,15dk,hedef,105.163,11:30,2.97,5.78,-0.59,12:30,10:15,108.0,101.5
2026-03-19,PARSN,elenen,orta,15.7,0.211,80.7,15dk,gun_sonu,80.1,12:30,-0.78,0.06,-0.99,10:15,10:15,80.75,79.9
2026-03-19,PCILT,elenen,orta,8.5,0.753,30.56,15dk,gun_sonu,30.4,12:30,-0.56,1.05,-1.83,10:00,12:00,30.88,30.0
2026-03-19,PEKGY,elenen,tepe,10.7,0.864,13.55,15dk,gun_sonu,13.24,12:30,-2.32,1.03,-2.29,10:30,12:30,13.69,13.24
2026-03-19,PENGD,elenen,orta,8.7,0.479,8.88,15dk,gun_sonu,8.9,12:30,0.19,0.79,-0.34,12:00,11:00,8.95,8.85
2026-03-19,PETUN,elenen,orta,15.3,0.561,11.33,15dk,gun_sonu,11.33,12:30,-0.03,0.44,-1.06,11:45,10:30,11.38,11.21
2026-03-19,PINSU,elenen,orta,31.1,0.518,10.62,15dk,hedef,10.9386,10:00,2.97,5.18,-0.19,10:00,10:00,11.17,10.6
2026-03-19,PLTUR,elenen,orta,5.8,0.28,23.62,15dk,gun_sonu,24.02,12:30,1.66,2.88,-0.34,12:00,10:30,24.3,23.54
2026-03-19,PNLSN,elenen,orta,5.2,0.778,50.65,15dk,gun_sonu,50.5,12:30,-0.33,1.38,-1.18,10:15,10:00,51.35,50.05
2026-03-19,POLHO,elenen,tepe,16.4,0.852,22.08,15dk,gun_sonu,22.28,12:30,0.87,1.54,-0.54,10:45,10:00,22.42,21.96
2026-03-19,PRDGS,elenen,orta,13.4,0.581,6.59,15dk,gun_sonu,6.51,12:30,-1.25,0.61,-1.21,10:00,12:30,6.63,6.51
2026-03-19,PRKAB,elenen,orta,19.0,0.349,40.7,15dk,gun_sonu,40.32,12:30,-0.97,0.74,-1.03,10:00,10:15,41.0,40.28
2026-03-19,PRKME,elenen,orta,128.5,0.277,19.22,15dk,gun_sonu,18.85,12:30,-1.96,0.94,-2.71,10:00,11:15,19.4,18.7
2026-03-19,PRZMA,elenen,tepe,27.2,0.876,15.78,15dk,gun_sonu,15.9,12:30,0.73,0.89,-4.94,10:45,10:00,15.92,15.0
2026-03-19,PSDTC,elenen,orta,7.5,0.411,120.9,15dk,hedef,124.527,12:00,2.97,9.59,-2.4,12:30,10:00,132.5,118.0
2026-03-19,RGYAS,elenen,tepe,9.9,0.804,159.0,15dk,gun_sonu,160.6,12:30,0.97,1.01,-0.88,12:30,11:00,160.6,157.6
2026-03-19,RNPOL,elenen,orta,6.6,0.488,1.95,15dk,stop,1.8915,10:45,-3.03,0.0,-3.59,10:00,12:00,1.95,1.88
2026-03-19,RUZYE,elenen,orta,28.8,0.54,12.07,15dk,stop,11.7079,10:15,-3.03,2.15,-3.07,11:45,10:15,12.33,11.7
2026-03-19,RYSAS,elenen,orta,8.7,0.5,17.29,15dk,gun_sonu,17.27,12:30,-0.15,0.06,-1.85,11:30,10:30,17.3,16.97
2026-03-19,SAFKR,elenen,orta,25.2,0.714,25.38,15dk,gun_sonu,25.76,12:30,1.46,2.36,-1.5,12:15,10:00,25.98,25.0
2026-03-19,SANEL,elenen,orta,9.6,0.54,35.6,15dk,hedef,36.668,10:00,2.97,4.89,0.0,10:00,10:00,37.34,35.6
2026-03-19,SANKO,elenen,orta,25.6,0.203,20.12,15dk,gun_sonu,20.12,12:30,-0.03,0.6,-1.19,12:00,10:00,20.24,19.88
2026-03-19,SAYAS,elenen,orta,16.9,0.475,43.3,15dk,gun_sonu,42.48,12:30,-1.93,2.22,-1.89,11:15,12:30,44.26,42.48
2026-03-19,SDTTR,elenen,orta,7.4,0.474,225.0,15dk,gun_sonu,222.0,12:30,-1.37,0.04,-1.87,10:00,10:30,225.1,220.8
2026-03-19,SEGMN,elenen,tepe,93.4,0.916,55.4,15dk,hedef,57.062,10:00,2.97,7.58,0.0,10:15,10:00,59.6,55.4
2026-03-19,SEGYO,elenen,orta,22.5,0.289,4.59,15dk,gun_sonu,4.57,12:30,-0.47,1.53,-0.44,10:00,12:30,4.66,4.57
2026-03-19,SEKFK,elenen,tepe,5.4,0.849,10.05,15dk,hedef,10.3515,11:00,2.97,4.48,-0.2,11:00,10:15,10.5,10.03
2026-03-19,SELVA,elenen,orta,11.5,0.377,2.17,15dk,gun_sonu,2.16,12:30,-0.49,0.46,-1.38,10:15,10:00,2.18,2.14
2026-03-19,SKTAS,elenen,orta,31.8,0.363,3.2,15dk,gun_sonu,3.18,12:30,-0.66,0.31,-1.56,11:15,10:15,3.21,3.15
2026-03-19,SKYMD,elenen,orta,7.5,0.202,11.89,15dk,hedef,12.2467,11:15,2.97,3.36,0.0,11:15,10:00,12.29,11.89
2026-03-19,SMART,elenen,orta,8.1,0.588,33.84,15dk,hedef,34.8552,10:15,2.97,8.16,0.35,11:30,10:00,36.6,33.96
2026-03-19,SNGYO,elenen,orta,5.5,0.375,3.82,15dk,gun_sonu,3.86,12:30,1.01,2.62,0.26,10:30,10:00,3.92,3.83
2026-03-19,SOKE,elenen,tepe,6.1,0.893,15.15,15dk,gun_sonu,15.45,12:30,1.95,1.98,-0.53,12:30,10:00,15.45,15.07
2026-03-19,SONME,elenen,orta,9.3,0.606,151.9,15dk,gun_sonu,151.9,12:30,-0.03,0.0,-1.65,12:30,12:15,151.9,149.4
2026-03-19,SRVGY,elenen,orta,5.1,0.563,3.29,15dk,gun_sonu,3.31,12:30,0.57,2.43,-0.91,11:15,11:00,3.37,3.26
2026-03-19,SUNTK,elenen,orta,17.9,0.249,35.5,15dk,gun_sonu,35.48,12:30,-0.09,0.23,-0.96,10:15,10:30,35.58,35.16
2026-03-19,SURGY,elenen,orta,12.8,0.537,57.3,15dk,gun_sonu,57.0,12:30,-0.56,0.52,-1.66,10:30,10:00,57.6,56.35
2026-03-19,TARKM,elenen,orta,16.1,0.415,379.5,15dk,gun_sonu,377.5,12:30,-0.56,0.26,-1.19,10:45,10:00,380.5,375.0
2026-03-19,TATEN,elenen,orta,71.3,0.288,12.5,15dk,stop,12.125,11:45,-3.03,2.0,-3.6,10:00,11:45,12.75,12.05
2026-03-19,TATGD,elenen,orta,10.8,0.686,16.7,15dk,gun_sonu,16.32,12:30,-2.31,0.0,-4.49,10:00,10:00,16.7,15.95
2026-03-19,TCKRC,elenen,tepe,17.0,0.806,93.05,15dk,gun_sonu,94.0,12:30,0.99,1.13,-1.13,10:00,10:00,94.1,92.0
2026-03-19,TEHOL,elenen,orta,36.7,0.285,17.12,15dk,stop,16.6064,12:30,-3.03,1.87,-3.15,11:30,12:30,17.44,16.58
2026-03-19,TERA,elenen,tepe,47.3,0.922,317.75,15dk,hedef,327.2825,11:30,2.97,4.48,-0.08,11:45,10:00,332.0,317.5
2026-03-19,TEZOL,elenen,orta,6.3,0.465,16.36,15dk,gun_sonu,16.44,12:30,0.46,0.49,-1.04,12:30,11:15,16.44,16.19
2026-03-19,TLMAN,elenen,orta,8.0,0.348,88.25,15dk,gun_sonu,88.25,12:30,-0.03,0.85,-0.45,10:00,10:00,89.0,87.85
2026-03-19,TMSN,elenen,orta,12.8,0.429,106.5,15dk,gun_sonu,106.9,12:30,0.34,1.41,-0.38,11:15,10:00,108.0,106.1
2026-03-19,TNZTP,elenen,orta,12.2,0.373,22.66,15dk,gun_sonu,22.22,12:30,-1.97,0.0,-2.29,10:00,11:45,22.66,22.14
2026-03-19,TRALT,elenen,orta,15.4,0.622,48.0,15dk,stop,46.56,11:00,-3.03,0.37,-3.5,10:00,12:15,48.18,46.32
2026-03-19,TRCAS,elenen,orta,21.1,0.541,42.02,15dk,stop,40.7594,11:00,-3.03,0.19,-4.14,10:00,12:00,42.1,40.28
2026-03-19,TRENJ,elenen,orta,15.0,0.666,98.8,15dk,gun_sonu,101.2,12:30,2.4,2.53,-0.61,10:30,10:00,101.3,98.2
2026-03-19,TRGYO,elenen,tepe,17.5,0.885,84.9,15dk,gun_sonu,84.25,12:30,-0.8,0.59,-0.77,10:15,12:30,85.4,84.25
2026-03-19,TRMET,elenen,orta,26.4,0.687,141.5,15dk,gun_sonu,144.2,12:30,1.88,1.91,-1.06,12:30,10:30,144.2,140.0
2026-03-19,TSGYO,elenen,orta,29.8,0.261,6.91,15dk,gun_sonu,6.77,12:30,-2.06,1.16,-4.78,10:00,10:00,6.99,6.58
2026-03-19,ULUFA,elenen,orta,26.2,0.739,2.12,15dk,gun_sonu,2.125,12:30,0.2,2.59,-0.94,10:15,10:00,2.175,2.1
2026-03-19,ULUSE,elenen,orta,13.1,0.445,179.0,15dk,gun_sonu,181.0,12:30,1.08,2.12,0.06,11:15,10:00,182.8,179.1
2026-03-19,ULUUN,elenen,orta,29.9,0.797,8.17,15dk,gun_sonu,8.08,12:30,-1.13,0.98,-1.1,10:15,12:30,8.25,8.08
2026-03-19,UNLU,elenen,orta,11.1,0.209,13.82,15dk,gun_sonu,13.91,12:30,0.62,1.16,0.0,11:15,10:00,13.98,13.82
2026-03-19,VAKFN,elenen,orta,6.6,0.423,1.87,15dk,gun_sonu,1.87,12:30,-0.03,0.53,-1.07,11:30,10:00,1.88,1.85
2026-03-19,VAKKO,elenen,orta,8.8,0.693,73.05,15dk,hedef,75.2415,10:00,2.97,4.59,0.34,12:15,10:00,76.4,73.3
2026-03-19,VANGD,elenen,tepe,7.0,0.811,67.9,15dk,hedef,69.937,11:15,2.97,7.51,-1.91,12:00,10:15,73.0,66.6
2026-03-19,VBTYZ,elenen,orta,25.3,0.597,21.58,15dk,hedef,22.2274,10:15,2.97,3.43,-0.74,11:15,10:00,22.32,21.42
2026-03-19,VERTU,elenen,orta,74.5,0.286,38.68,15dk,hedef,39.8404,10:15,2.97,6.0,-0.67,10:15,10:00,41.0,38.42
2026-03-19,VERUS,elenen,orta,35.8,0.517,358.0,15dk,hedef,368.74,10:00,2.97,10.61,0.07,12:30,10:00,396.0,358.25
2026-03-19,VKGYO,elenen,orta,5.7,0.66,2.73,15dk,gun_sonu,2.72,12:30,-0.4,0.37,-0.73,11:30,11:45,2.74,2.71
2026-03-19,YAPRK,elenen,orta,6.9,0.21,16.72,15dk,stop,16.2184,10:15,-3.03,8.25,-4.9,12:30,10:00,18.1,15.9
2026-03-19,YATAS,elenen,orta,9.3,0.776,43.1,15dk,gun_sonu,42.82,12:30,-0.68,0.28,-1.62,10:15,11:00,43.22,42.4
2026-03-19,YEOTK,elenen,orta,11.4,0.619,49.8,15dk,gun_sonu,48.78,12:30,-2.08,1.71,-2.05,10:00,12:30,50.65,48.78
2026-03-19,YGGYO,elenen,tepe,28.8,0.909,205.0,15dk,hedef,211.15,12:30,2.97,4.39,-2.1,12:30,10:00,214.0,200.7
2026-03-19,YKSLN,elenen,orta,10.3,0.25,3.3,15dk,gun_sonu,3.24,12:30,-1.85,0.0,-2.12,10:00,11:15,3.3,3.23
2026-03-19,YUNSA,elenen,orta,8.5,0.557,8.32,15dk,gun_sonu,8.21,12:30,-1.36,0.12,-1.32,10:00,12:30,8.33,8.21
2026-03-19,YYLGD,elenen,orta,16.3,0.453,11.12,15dk,gun_sonu,11.14,12:30,0.15,0.63,-0.81,12:00,11:00,11.19,11.03
2026-03-19,ZEDUR,elenen,orta,8.2,0.351,7.94,15dk,gun_sonu,8.03,12:30,1.1,2.64,0.0,10:00,10:00,8.15,7.94
2026-03-19,ZRGYO,elenen,orta,12.8,0.343,21.72,15dk,stop,21.0684,12:00,-3.03,0.55,-5.8,10:30,12:30,21.84,20.46
2026-03-23,BLUME,elenen,orta,7.4,0.614,51.2,15dk,gun_sonu,50.7,18:00,-1.01,0.2,-1.66,10:00,16:30,51.3,50.35
2026-03-23,IZINV,elenen,orta,25.3,0.457,61.1,15dk,hedef,62.933,10:00,2.97,5.16,0.33,18:00,10:00,64.25,61.3
2026-03-23,PSDTC,elenen,orta,5.2,0.489,131.0,15dk,hedef,134.93,11:00,2.97,5.34,-4.89,11:00,10:00,138.0,124.6
2026-03-23,ZRGYO,elenen,orta,8.0,0.241,20.5,15dk,hedef,21.115,16:45,2.97,3.61,-2.59,18:00,10:15,21.24,19.97
2026-03-24,IZINV,elenen,orta,11.9,0.51,64.25,15dk,hedef,66.1775,10:00,2.97,5.99,-2.33,11:45,10:00,68.1,62.75
2026-03-24,PAGYO,elenen,tepe,6.9,1.133,127.0,15dk,stop,123.19,10:15,-3.03,1.97,-12.6,10:00,10:45,129.5,111.0
2026-03-24,QNBTR,elenen,orta,6.6,0.305,296.5,1dk,gun_sonu,290.0,18:09,-2.23,0.0,-2.19,12:55,18:09,296.5,290.0
2026-03-25,BURVA,elenen,orta,15.3,0.641,690.0,15dk,hedef,710.7,10:00,2.97,10.0,0.0,18:00,10:00,759.0,690.0
2026-03-25,CEOEM,elenen,orta,8.2,0.226,24.5,15dk,stop,23.765,10:45,-3.03,4.08,-9.55,15:00,17:45,25.5,22.16
2026-03-25,DOCO,elenen,orta,6.3,0.553,8775.0,15dk,hedef,9038.25,10:00,2.97,3.5,-0.6,10:00,12:45,9082.5,8722.5
2026-03-25,ESCAR,elenen,orta,25.8,0.206,30.8,15dk,hedef,31.724,10:00,2.97,13.9,0.78,18:00,10:00,35.08,31.04
2026-03-25,PENGD,elenen,orta,14.6,0.626,9.7,15dk,stop,9.409,10:15,-3.03,0.52,-7.32,10:00,17:15,9.75,8.99
2026-03-26,AKCNS,elenen,tepe,6.8,0.808,202.0,15dk,hedef,208.06,10:00,2.97,5.1,0.0,10:30,10:00,212.3,202.0
2026-03-26,ARZUM,elenen,orta,5.3,0.431,2.64,15dk,stop,2.5608,10:15,-3.03,2.65,-4.92,18:00,10:00,2.71,2.51
2026-03-26,BURCE,elenen,orta,7.2,0.441,45.0,15dk,hedef,46.35,10:00,2.97,4.36,-0.62,10:45,10:00,46.96,44.72
2026-03-26,MAKIM,elenen,orta,9.2,0.367,17.7,15dk,stop,17.169,10:15,-3.03,1.58,-9.27,10:00,18:00,17.98,16.06
2026-03-26,PSDTC,elenen,orta,7.9,0.578,142.5,15dk,stop,138.225,10:15,-3.03,-0.07,-7.79,10:00,17:45,142.4,131.4
2026-03-26,RUBNS,elenen,tepe,11.5,0.955,40.46,15dk,hedef,41.6738,10:15,2.97,7.46,-1.14,14:15,10:00,43.48,40.0
2026-03-26,TDGYO,elenen,orta,11.7,0.256,19.83,15dk,hedef,20.4249,10:00,2.97,6.71,-1.21,18:00,10:00,21.16,19.59
2026-03-26,ULUFA,elenen,tepe,5.7,1.037,2.375,15dk,hedef,2.4463,10:00,2.97,6.32,-5.47,10:00,17:45,2.525,2.245
2026-03-26,YYAPI,elenen,orta,5.1,0.239,1.34,1dk,stop,1.2998,13:55,-3.03,0.0,-9.7,12:55,18:09,1.34,1.21
2026-03-27,ACSEL,elenen,orta,6.8,0.548,118.2,15dk,hedef,121.746,10:00,2.97,3.21,-7.02,10:00,13:45,122.0,109.9
2026-03-27,CEMAS,elenen,orta,10.5,0.255,5.11,15dk,hedef,5.2633,10:00,2.97,7.83,-2.54,10:15,17:30,5.51,4.98
2026-03-27,DCTTR,elenen,orta,7.2,0.375,10.4,15dk,stop,10.088,11:00,-3.03,2.21,-3.75,10:00,12:30,10.63,10.01
2026-03-27,GOODY,elenen,orta,59.7,0.32,2.77992499,15dk,hedef,2.8633,10:00,2.97,488.15,419.8,10:15,17:30,16.35,14.45
2026-03-27,KZGYO,elenen,orta,6.8,0.527,23.7,15dk,hedef,24.411,10:00,2.97,4.73,-4.56,15:45,17:30,24.82,22.62
2026-03-27,LILAK,elenen,tepe,7.9,1.065,39.5,15dk,hedef,40.685,10:00,2.97,5.01,-6.99,10:00,17:00,41.48,36.74
2026-03-27,OTTO,elenen,orta,5.4,0.209,342.0,15dk,stop,331.74,10:30,-3.03,1.75,-3.29,16:15,10:30,348.0,330.75
2026-03-27,TDGYO,elenen,orta,5.2,0.291,20.9,15dk,stop,20.273,10:30,-3.03,2.78,-8.85,10:15,17:45,21.48,19.05
2026-03-27,YESIL,elenen,orta,5.9,0.261,1.85,15dk,stop,1.7945,10:15,-3.03,2.16,-13.51,12:15,10:30,1.89,1.6
2026-03-30,BIGTK,elenen,orta,86.3,0.414,360.0,15dk,hedef,370.8,10:00,2.97,4.65,-14.38,10:00,18:00,376.75,308.25
2026-03-30,CRFSA,elenen,orta,8.7,0.662,120.5,15dk,gun_sonu,119.8,18:00,-0.61,2.82,-0.58,10:45,18:00,123.9,119.8
2026-03-30,DIRIT,elenen,orta,5.2,0.509,29.8,1dk,hedef,30.694,12:55,2.97,8.26,4.03,17:55,13:55,32.26,31.0
2026-03-30,PENGD,elenen,orta,12.4,0.732,10.43,15dk,hedef,10.7429,10:15,2.97,5.66,-9.49,10:45,15:00,11.02,9.44
2026-03-30,ULAS,elenen,orta,5.9,0.795,38.98,15dk,stop,37.8106,11:15,-3.03,5.13,-3.34,16:00,11:15,40.98,37.68
2026-03-31,AYDEM,elenen,tepe,14.3,1.053,30.62,15dk,hedef,31.5386,10:00,2.97,5.81,-0.91,10:00,11:15,32.4,30.34
2026-03-31,AYEN,elenen,tepe,11.7,0.908,32.12,15dk,hedef,33.0836,10:00,2.97,4.55,-3.36,18:00,11:30,33.58,31.04
2026-03-31,SKYMD,elenen,orta,6.8,0.491,14.5,15dk,stop,14.065,10:15,-3.03,3.31,-9.72,11:15,18:00,14.98,13.09
2026-04-01,ADEL,elenen,tepe,5.7,0.967,41.5,15dk,hedef,42.745,10:00,2.97,4.96,0.0,13:30,18:00,43.56,41.5
2026-04-01,FADE,elenen,orta,7.3,0.618,15.56,15dk,hedef,16.0268,12:00,2.97,3.86,-1.61,15:30,15:45,16.16,15.31
2026-04-01,GLRMK,elenen,orta,20.1,0.725,182.9,15dk,gun_sonu,181.1,18:00,-1.02,0.6,-1.91,10:00,12:15,184.0,179.4
2026-04-01,ICUGS,elenen,orta,9.7,0.747,3.39,15dk,stop,3.2883,10:45,-3.03,7.08,-4.72,18:00,11:00,3.63,3.23
2026-04-01,NETAS,elenen,orta,14.1,0.394,63.6,15dk,stop,61.692,10:15,-3.03,0.79,-3.62,10:00,10:15,64.1,61.3
2026-04-01,PSDTC,elenen,orta,5.8,0.435,124.0,15dk,hedef,127.72,10:00,2.97,4.27,0.08,14:45,10:00,129.3,124.1
2026-04-01,RUBNS,elenen,tepe,10.8,0.983,43.5,15dk,hedef,44.805,12:15,2.97,4.97,-0.74,13:15,10:00,45.66,43.18
2026-04-01,SEKUR,elenen,tepe,5.3,1.0,6.9,15dk,hedef,7.107,10:00,2.97,9.86,-4.2,17:45,10:00,7.58,6.61
2026-04-01,YAYLA,elenen,orta,15.3,0.241,25.8,15dk,stop,25.026,10:15,-3.03,-0.23,-11.01,10:00,17:45,25.74,22.96
2026-04-02,BAKAB,elenen,tepe,12.6,0.842,45.0,15dk,stop,43.65,10:15,-3.03,-0.04,-6.04,10:00,17:30,44.98,42.28
2026-04-02,BRKVY,elenen,orta,9.2,0.486,94.9,15dk,hedef,97.747,10:15,2.97,6.43,-4.0,10:15,10:00,101.0,91.1
2026-04-02,DIRIT,elenen,orta,9.8,0.438,28.3,1dk,gun_sonu,28.3,18:09,-0.03,0.0,-1.77,18:09,17:55,28.3,27.8
2026-04-02,ICUGS,elenen,tepe,5.7,0.819,3.67,15dk,hedef,3.7801,10:00,2.97,6.54,-7.63,11:15,16:15,3.91,3.39
2026-04-02,KLYPV,elenen,orta,23.7,0.453,62.7,15dk,hedef,64.581,10:00,2.97,4.55,-1.91,10:00,11:15,65.55,61.5
2026-04-02,ULAS,elenen,orta,11.7,0.643,36.04,15dk,hedef,37.1212,10:00,2.97,19.31,0.0,18:00,13:00,43.0,36.04
2026-04-02,ZRGYO,elenen,orta,11.6,0.207,21.7,15dk,gun_sonu,21.72,18:00,0.06,1.2,-1.84,10:00,10:00,21.96,21.3
2026-04-03,AYEN,elenen,tepe,11.4,1.123,38.12,15dk,stop,36.9764,16:15,-3.03,2.62,-9.76,11:00,18:00,39.12,34.4
2026-04-03,FADE,elenen,tepe,8.1,0.904,17.4,15dk,hedef,17.922,10:00,2.97,6.9,-10.8,10:00,18:00,18.6,15.52
2026-04-03,NIBAS,elenen,tepe,13.2,1.0,11.25,15dk,stop,10.9125,10:15,-3.03,3.11,-9.96,10:15,18:00,11.6,10.13
2026-04-03,RNPOL,elenen,tepe,11.3,0.844,2.62,15dk,stop,2.5414,10:15,-3.03,0.0,-6.49,10:00,10:15,2.62,2.45
2026-04-06,ADEL,elenen,tepe,6.8,1.065,50.0,15dk,stop,48.5,10:15,-3.03,0.9,-7.48,10:00,17:15,50.45,46.26
2026-04-06,ARZUM,elenen,orta,16.1,0.756,3.41,15dk,hedef,3.5123,10:00,2.97,4.69,-7.92,10:00,12:00,3.57,3.14
2026-04-06,KARTN,elenen,orta,27.2,0.31,74.3,15dk,stop,72.071,10:15,-3.03,-0.07,-4.78,10:00,17:45,74.25,70.75
2026-04-06,ORGE,elenen,orta,5.5,0.237,75.0,15dk,hedef,77.25,15:00,2.97,3.53,-0.6,17:00,10:00,77.65,74.55
2026-04-06,PNSUT,elenen,orta,6.2,0.439,11.31,15dk,hedef,11.6493,17:00,2.97,6.1,-0.18,17:45,10:00,12.0,11.29
2026-04-06,SELVA,elenen,orta,12.5,0.422,2.33,15dk,gun_sonu,2.3,18:00,-1.32,1.29,-2.58,10:00,17:45,2.36,2.27
2026-04-06,TSPOR,elenen,orta,6.7,0.307,0.99,15dk,stop,0.9603,12:45,-3.03,1.01,-3.03,10:00,13:30,1.0,0.96
2026-04-06,ULAS,elenen,orta,10.2,0.601,35.04,15dk,hedef,36.0912,10:00,2.97,7.02,-0.57,10:45,18:00,37.5,34.84
2026-04-06,YIGIT,elenen,orta,11.2,0.554,26.5,15dk,hedef,27.295,14:00,2.97,8.08,-1.51,17:30,10:00,28.64,26.1
2026-04-07,AKMGY,elenen,tepe,5.9,1.149,344.75,15dk,stop,334.4075,10:15,-3.03,0.07,-14.14,10:00,17:00,345.0,296.0
2026-04-07,GEREL,elenen,tepe,5.3,1.008,33.22,15dk,hedef,34.2166,10:00,2.97,5.12,-2.17,12:15,10:45,34.92,32.5
2026-04-07,GOODY,elenen,orta,5.1,0.288,2.74262249,15dk,hedef,2.8249,10:00,2.97,492.86,446.56,14:30,11:45,16.26,14.99
2026-04-07,IHAAS,elenen,orta,37.5,0.635,68.15,15dk,hedef,70.1945,10:00,2.97,8.29,-0.29,10:00,18:00,73.8,67.95
2026-04-07,MARTI,elenen,orta,6.8,0.447,2.08,15dk,hedef,2.1424,10:00,2.97,6.25,-9.13,10:30,17:15,2.21,1.89
2026-04-07,MSGYO,elenen,orta,8.7,0.682,8.41,15dk,hedef,8.6623,10:30,2.97,7.25,-4.76,12:15,18:00,9.02,8.01
2026-04-07,NIBAS,elenen,orta,7.6,0.664,8.47,15dk,stop,8.2159,10:15,-3.03,7.67,-3.07,13:00,18:00,9.12,8.21
2026-04-07,PAGYO,elenen,tepe,7.9,1.056,133.8,15dk,stop,129.786,10:30,-3.03,6.13,-6.58,11:00,11:00,142.0,125.0
2026-04-07,TEKTU,elenen,orta,6.7,0.224,10.25,15dk,hedef,10.5575,10:00,2.97,4.29,-5.56,10:00,18:00,10.69,9.68
2026-04-07,YIGIT,elenen,orta,5.8,0.642,27.34,15dk,stop,26.5198,10:15,-3.03,1.54,-9.95,10:00,18:00,27.76,24.62
2026-04-08,ALBRK,elenen,orta,5.9,0.608,8.61,15dk,hedef,8.8683,16:00,2.97,3.72,0.0,16:00,10:00,8.93,8.61
2026-04-08,ALKA,elenen,orta,35.1,0.638,13.19,15dk,stop,12.7943,10:15,-3.03,0.0,-8.64,10:00,17:45,13.19,12.05
2026-04-08,AVGYO,elenen,orta,5.5,0.353,12.11,15dk,gun_sonu,11.93,18:00,-1.52,0.33,-2.64,17:15,10:00,12.15,11.79
2026-04-08,CEOEM,elenen,orta,11.9,0.234,24.7,15dk,stop,23.959,10:15,-3.03,0.24,-8.83,10:00,18:00,24.76,22.52
2026-04-08,CRFSA,elenen,tepe,17.0,1.06,150.9,15dk,hedef,155.427,11:45,2.97,5.7,-6.63,16:45,10:00,159.5,140.9
2026-04-08,EKGYO,elenen,orta,6.7,0.574,20.24,15dk,hedef,20.8472,16:00,2.97,3.36,-0.59,16:15,10:00,20.92,20.12
2026-04-08,GARFA,elenen,orta,5.0,0.591,28.96,15dk,stop,28.0912,10:15,-3.03,-0.28,-4.97,12:15,14:15,28.88,27.52
2026-04-08,IHAAS,elenen,orta,84.6,0.545,61.2,15dk,hedef,63.036,10:00,2.97,16.58,0.0,14:30,10:00,71.35,61.2
2026-04-08,INFO,elenen,orta,5.7,0.383,3.33,15dk,hedef,3.4299,12:00,2.97,3.3,-1.8,12:45,10:00,3.44,3.27
2026-04-08,ISYAT,elenen,orta,6.2,0.259,8.25,15dk,gun_sonu,8.29,18:00,0.45,1.94,0.0,10:30,10:00,8.41,8.25
2026-04-08,IZMDC,elenen,orta,7.6,0.424,6.69,15dk,gun_sonu,6.63,18:00,-0.93,0.0,-1.94,16:30,10:00,6.69,6.56
2026-04-08,PNSUT,elenen,orta,8.3,0.628,12.74,15dk,hedef,13.1222,15:00,2.97,4.4,-1.1,17:30,12:15,13.3,12.6
2026-04-08,QNBTR,elenen,orta,6.3,0.235,263.0,1dk,hedef,270.89,12:55,2.97,6.46,5.99,17:55,12:55,280.0,278.75
2026-04-08,SERNT,elenen,orta,6.9,0.423,9.36,15dk,gun_sonu,9.19,18:00,-1.85,-0.53,-4.91,17:15,10:00,9.31,8.9
2026-04-08,YKSLN,elenen,orta,34.6,0.36,3.17,15dk,gun_sonu,3.16,18:00,-0.35,2.21,-0.63,10:00,17:45,3.24,3.15
2026-04-09,GUNDG,elenen,tepe,5.6,1.035,950.0,15dk,hedef,978.5,10:00,2.97,5.21,-4.58,10:00,17:30,999.5,906.5
2026-04-09,HDFGS,elenen,orta,8.0,0.48,3.63,15dk,stop,3.5211,10:15,-3.03,0.55,-6.06,10:00,17:45,3.65,3.41
2026-04-09,HKTM,elenen,orta,15.1,0.53,13.44,15dk,stop,13.0368,10:30,-3.03,4.17,-5.88,13:45,16:15,14.0,12.65
2026-04-09,KTSKR,elenen,tepe,6.1,0.831,92.0,15dk,hedef,94.76,10:00,2.97,6.74,0.0,10:15,10:00,98.2,92.0
2026-04-09,TARKM,elenen,orta,5.5,0.485,394.75,15dk,stop,382.9075,17:00,-3.03,0.13,-3.36,10:00,17:45,395.25,381.5
2026-04-09,TMSN,elenen,orta,58.4,0.473,109.0,15dk,hedef,112.27,15:00,2.97,3.21,-2.75,15:00,10:15,112.5,106.0
2026-04-10,BLCYT,elenen,orta,6.0,0.577,41.9,15dk,gun_sonu,41.9,18:00,-0.03,2.58,0.0,15:00,18:00,42.98,41.9
2026-04-10,CEOEM,elenen,orta,8.3,0.234,24.7,15dk,stop,23.959,17:45,-3.03,1.86,-3.97,11:45,10:00,25.16,23.72
2026-04-10,DAGI,elenen,orta,17.9,0.318,5.9,15dk,hedef,6.077,14:00,2.97,6.44,-0.68,15:15,12:30,6.28,5.86
2026-04-10,GLBMD,elenen,orta,25.1,0.407,12.16,15dk,gun_sonu,12.13,18:00,-0.28,1.97,-0.25,10:00,18:00,12.4,12.13
2026-04-10,MEKAG,elenen,orta,19.4,0.695,6.01,15dk,gun_sonu,5.99,18:00,-0.37,2.5,-1.66,17:15,17:45,6.16,5.91
2026-04-10,RUBNS,elenen,orta,6.4,0.57,35.6,15dk,hedef,36.668,10:15,2.97,3.54,-2.47,10:15,18:00,36.86,34.72
2026-04-10,VRGYO,elenen,orta,27.8,0.205,2.56,15dk,hedef,2.6368,10:00,2.97,4.69,-4.69,10:00,18:00,2.68,2.44
2026-04-13,ARMGD,elenen,tepe,10.1,0.937,147.3,15dk,hedef,151.719,10:45,2.97,4.14,-1.22,10:45,15:00,153.4,145.5
2026-04-13,DAGI,elenen,orta,19.5,0.45,6.54,15dk,stop,6.3438,10:15,-3.03,-0.31,-7.8,10:00,10:45,6.52,6.03
2026-04-13,DGNMO,elenen,orta,5.3,0.458,5.56,15dk,hedef,5.7268,10:15,2.97,9.35,-3.6,18:00,10:00,6.08,5.36
2026-04-13,DMRGD,elenen,tepe,11.3,1.038,5.86,15dk,hedef,6.0358,10:00,2.97,7.34,-11.77,10:15,17:15,6.29,5.17
2026-04-13,GLCVY,elenen,orta,5.2,0.252,61.0,15dk,stop,59.17,11:30,-3.03,1.31,-4.84,10:00,17:30,61.8,58.05
2026-04-13,HTTBT,elenen,orta,7.1,0.267,40.5,15dk,gun_sonu,40.82,18:00,0.76,0.99,-2.77,10:00,10:00,40.9,39.38
2026-04-13,KTSKR,elenen,tepe,7.1,1.039,107.2,15dk,hedef,110.416,10:00,2.97,7.93,0.0,18:00,10:00,115.7,107.2
2026-04-13,LUKSK,elenen,orta,12.3,0.317,96.25,15dk,hedef,99.1375,11:15,2.97,3.9,0.62,14:45,10:00,100.0,96.85
2026-04-13,MHRGY,elenen,orta,6.7,0.243,3.53,15dk,hedef,3.6359,10:30,2.97,5.95,-0.85,10:45,10:00,3.74,3.5
2026-04-13,MMCAS,elenen,orta,6.7,0.42,75.0,1dk,stop,72.75,13:55,-3.03,6.53,-3.6,18:08,13:55,79.9,72.3
2026-04-13,ONRYT,elenen,orta,10.6,0.224,63.7,15dk,stop,61.789,10:15,-3.03,-0.08,-5.18,10:00,17:30,63.65,60.4
2026-04-13,PATEK,elenen,orta,6.4,0.262,20.5,15dk,hedef,21.115,10:45,2.97,4.59,-4.88,11:00,10:00,21.44,19.5
2026-04-13,SANFM,elenen,orta,7.5,0.29,8.9,15dk,hedef,9.167,14:30,2.97,3.03,-2.92,14:30,10:15,9.17,8.64
2026-04-13,TMPOL,elenen,tepe,13.4,0.96,600.0,15dk,hedef,618.0,10:15,2.97,9.58,-2.17,10:30,10:00,657.5,587.0
2026-04-14,FLAP,elenen,tepe,7.5,1.183,13.67,15dk,gun_sonu,13.91,18:00,1.72,1.76,-4.75,18:00,10:00,13.91,13.02
2026-04-14,GEREL,elenen,tepe,7.4,0.904,35.76,15dk,hedef,36.8328,10:00,2.97,8.84,-0.17,12:15,10:00,38.92,35.7
2026-04-14,KLMSN,elenen,orta,10.3,0.459,37.0,15dk,hedef,38.11,10:00,2.97,6.76,0.0,12:00,10:00,39.5,37.0
2026-04-14,KTSKR,elenen,tepe,9.8,1.116,122.8,15dk,hedef,126.484,10:00,2.97,3.58,-1.87,18:00,10:00,127.2,120.5
2026-04-14,NATEN,elenen,orta,45.7,0.324,8.5,15dk,stop,8.245,10:30,-3.03,2.59,-4.94,10:00,17:15,8.72,8.08
2026-04-14,ULUSE,elenen,orta,22.7,0.633,203.0,15dk,hedef,209.09,10:00,2.97,6.45,-0.25,18:00,10:00,216.1,202.5
2026-04-15,BFREN,elenen,orta,43.1,0.252,157.1,15dk,hedef,161.813,10:45,2.97,5.22,-1.34,11:45,17:15,165.3,155.0
2026-04-15,CGCAM,elenen,orta,10.4,0.679,41.24,15dk,stop,40.0028,10:15,-3.03,1.07,-6.35,10:30,10:15,41.68,38.62
2026-04-15,DGGYO,elenen,orta,7.0,0.482,31.8,15dk,hedef,32.754,10:00,2.97,6.54,-3.14,17:45,11:00,33.88,30.8
2026-04-15,DYOBY,elenen,orta,11.4,0.544,15.31,15dk,hedef,15.7693,10:00,2.97,7.77,0.07,18:00,10:00,16.5,15.32
2026-04-15,KARTN,elenen,orta,29.4,0.295,73.7,15dk,hedef,75.911,10:15,2.97,5.83,-1.29,18:00,10:00,78.0,72.75
2026-04-15,KORDS,elenen,orta,5.3,0.748,65.8,15dk,stop,63.826,10:45,-3.03,0.46,-4.79,10:30,18:00,66.1,62.65
2026-04-15,KTSKR,elenen,tepe,7.0,1.084,133.3,15dk,stop,129.301,10:15,-3.03,1.05,-14.1,10:00,13:30,134.7,114.5
2026-04-15,MAKTK,elenen,orta,17.6,0.315,14.28,15dk,hedef,14.7084,10:00,2.97,4.34,-3.15,14:15,18:00,14.9,13.83
2026-04-15,MRGYO,elenen,orta,5.1,0.424,1.6,15dk,gun_sonu,1.61,18:00,0.59,1.25,-1.88,17:30,13:15,1.62,1.57
2026-04-15,OZATD,elenen,tepe,9.4,0.997,280.0,15dk,hedef,288.4,10:00,2.97,3.21,-2.86,10:15,12:15,289.0,272.0
2026-04-15,RYSAS,elenen,tepe,8.5,1.025,23.5,15dk,gun_sonu,22.94,18:00,-2.42,2.98,-2.47,10:15,17:45,24.2,22.92
2026-04-15,SERNT,elenen,orta,22.6,0.711,11.0,15dk,stop,10.67,10:15,-3.03,3.64,-14.09,10:15,18:00,11.4,9.45
2026-04-15,TEKTU,elenen,orta,5.9,0.243,10.8,15dk,hedef,11.124,10:00,2.97,7.69,-0.19,11:00,10:00,11.63,10.78
2026-04-15,ULUSE,elenen,tepe,6.0,0.818,226.7,15dk,hedef,233.501,10:15,2.97,4.59,-10.1,10:15,16:45,237.1,203.8
2026-04-16,AZTEK,elenen,orta,15.5,0.409,4.75,15dk,hedef,4.8925,10:15,2.97,5.89,-7.58,10:30,17:30,5.03,4.39
2026-04-16,DGGYO,elenen,orta,7.8,0.645,33.6,15dk,stop,32.592,12:30,-3.03,2.68,-5.0,10:00,16:30,34.5,31.92
2026-04-16,DYOBY,elenen,tepe,14.0,0.832,17.01,15dk,stop,16.4997,10:15,-3.03,2.53,-11.82,10:00,17:45,17.44,15.0
2026-04-16,EGEEN,elenen,orta,8.6,0.299,6725.0,15dk,stop,6523.25,10:15,-3.03,0.37,-5.61,10:00,14:00,6750.0,6347.5
2026-04-16,EGPRO,elenen,tepe,6.9,1.07,35.0,15dk,hedef,36.05,10:15,2.97,4.0,-4.0,10:15,10:00,36.4,33.6
2026-04-16,HKTM,elenen,orta,9.4,0.603,13.97,15dk,hedef,14.3891,10:00,2.97,5.65,-0.29,11:30,10:00,14.76,13.93
2026-04-17,ARZUM,elenen,orta,10.6,0.575,2.98,15dk,hedef,3.0694,10:15,2.97,5.03,-2.68,10:15,18:00,3.13,2.9
2026-04-17,BIGEN,elenen,orta,7.3,0.277,11.33,15dk,hedef,11.6699,11:00,2.97,3.8,-2.03,18:00,10:15,11.76,11.1
2026-04-17,BIOEN,elenen,orta,8.6,0.454,20.7,15dk,stop,20.079,10:15,-3.03,1.26,-5.07,10:00,18:00,20.96,19.65
2026-04-17,BRMEN,elenen,orta,10.2,0.529,8.01,1dk,gun_sonu,7.81,18:08,-2.53,-0.75,-2.62,12:55,17:55,7.95,7.8
2026-04-17,ETILR,elenen,orta,11.2,0.233,4.3,15dk,stop,4.171,10:15,-3.03,8.14,-4.88,10:15,10:15,4.65,4.09
2026-04-17,EUHOL,elenen,orta,8.3,0.511,13.5,1dk,gun_sonu,13.58,18:08,0.56,0.74,0.59,17:55,18:08,13.6,13.58
2026-04-17,GRNYO,elenen,orta,10.5,0.624,16.49,15dk,hedef,16.9847,10:00,2.97,4.91,-0.49,17:45,10:00,17.3,16.41
2026-04-17,IZENR,elenen,tepe,9.5,0.83,10.9,15dk,stop,10.573,10:15,-3.03,-0.18,-8.72,10:30,10:30,10.88,9.95
2026-04-17,LYDYE,elenen,orta,24.9,0.478,16100.0,15dk,gun_sonu,15860.0,18:00,-1.52,1.21,-1.52,16:30,17:45,16295.0,15855.0
2026-04-17,MERKO,elenen,orta,5.9,0.47,2.14670863,15dk,gun_sonu,2.1115,18:00,-1.67,1.32,-2.59,10:00,16:45,2.1752,2.0912
2026-04-17,OZYSR,elenen,orta,5.0,0.681,11.07315125,15dk,hedef,11.4053,11:15,2.97,8.81,-1.5,14:15,10:00,12.0488,10.9073
2026-04-17,SDTTR,elenen,orta,8.0,0.629,244.1,15dk,stop,236.777,11:30,-3.03,0.82,-6.39,10:15,17:00,246.1,228.5
2026-04-17,SUNTK,elenen,orta,8.4,0.322,39.44,15dk,hedef,40.6232,10:00,2.97,4.11,-2.33,10:00,18:00,41.06,38.52
2026-04-17,TRILC,elenen,orta,30.6,0.36,2.91779859,15dk,stop,2.8303,10:45,-3.03,-0.11,-3.74,10:00,11:00,2.9147,2.8086
2026-04-20,AKSGY,elenen,tepe,71.6,0.813,9.05,15dk,gun_sonu,8.88,18:00,-1.91,0.55,-2.32,10:00,11:15,9.1,8.84
2026-04-20,ASUZU,elenen,tepe,7.8,0.864,71.1,15dk,gun_sonu,70.5,18:00,-0.88,0.28,-2.25,10:45,10:00,71.3,69.5
2026-04-20,BIGEN,elenen,orta,5.0,0.315,11.74,15dk,hedef,12.0922,10:00,2.97,7.84,-3.75,17:45,10:00,12.66,11.3
2026-04-20,BINBN,elenen,orta,9.1,0.204,168.7,15dk,hedef,173.761,10:00,2.97,9.96,-1.01,18:00,10:00,185.5,167.0
2026-04-20,BIOEN,elenen,orta,5.5,0.375,19.65,15dk,hedef,20.2395,10:15,2.97,4.22,-6.92,13:00,13:45,20.48,18.29
2026-04-20,BMSCH,elenen,orta,6.2,0.277,16.72,15dk,hedef,17.2216,10:15,2.97,5.02,-1.32,16:45,10:00,17.56,16.5
2026-04-20,DEVA,elenen,orta,7.0,0.55,67.9,15dk,gun_sonu,66.65,18:00,-1.87,0.0,-2.65,10:00,10:30,67.9,66.1
2026-04-20,DGATE,elenen,orta,5.8,0.627,76.4,15dk,hedef,78.692,14:15,2.97,7.0,-1.37,15:45,10:00,81.75,75.35
2026-04-20,DOKTA,elenen,orta,11.5,0.286,24.06,15dk,hedef,24.7818,10:30,2.97,4.16,0.42,11:30,10:00,25.06,24.16
2026-04-20,DURDO,elenen,tepe,15.4,0.817,4.6,15dk,hedef,4.738,12:15,2.97,10.22,-2.61,16:00,10:00,5.07,4.48
2026-04-20,EDATA,elenen,tepe,8.9,0.878,22.24,15dk,hedef,22.9072,10:00,2.97,7.91,0.0,10:00,18:00,24.0,22.24
2026-04-20,EGEEN,elenen,orta,5.0,0.339,6900.0,15dk,hedef,7107.0,10:00,2.97,4.86,-0.4,10:45,10:00,7235.0,6872.5
2026-04-20,EKSUN,elenen,orta,9.0,0.483,6.0,15dk,hedef,6.18,10:00,2.97,7.5,-1.0,10:15,10:00,6.45,5.94
2026-04-20,ENDAE,elenen,orta,5.1,0.392,16.2,15dk,hedef,16.686,10:30,2.97,4.32,0.0,10:45,10:00,16.9,16.2
2026-04-20,ERBOS,elenen,tepe,6.3,0.821,204.5,15dk,gun_sonu,201.5,18:00,-1.5,0.0,-1.71,10:00,10:00,204.5,201.0
2026-04-20,ETILR,elenen,orta,16.2,0.35,4.72,15dk,hedef,4.8616,10:00,2.97,5.51,-2.54,18:00,10:00,4.98,4.6
2026-04-20,FRIGO,elenen,orta,6.0,0.748,3.01126975,15dk,gun_sonu,3.0528,18:00,1.35,2.76,-1.15,15:00,10:00,3.0943,2.9767
2026-04-20,GARFA,elenen,orta,5.3,0.543,28.7,15dk,gun_sonu,28.56,18:00,-0.52,0.49,-0.7,11:00,15:30,28.84,28.5
2026-04-20,GOZDE,elenen,orta,8.5,0.378,20.5,15dk,hedef,21.115,14:30,2.97,3.61,-0.39,16:30,10:00,21.24,20.42
2026-04-20,GRNYO,elenen,orta,5.9,0.599,16.15,15dk,hedef,16.6345,10:00,2.97,16.78,-3.47,17:45,10:00,18.86,15.59
2026-04-20,HKTM,elenen,tepe,12.0,0.868,15.89,15dk,hedef,16.3667,10:00,2.97,3.21,-1.38,10:00,17:45,16.4,15.67
2026-04-20,ISFIN,elenen,tepe,9.0,0.89,21.08,15dk,gun_sonu,20.9,18:00,-0.89,0.0,-2.28,17:45,11:00,21.08,20.6
2026-04-20,ISSEN,elenen,orta,5.6,0.51,8.29,15dk,hedef,8.5387,17:00,2.97,3.38,-1.57,17:00,10:00,8.57,8.16
2026-04-20,IZFAS,elenen,tepe,7.7,0.938,70.55,15dk,stop,68.4335,10:15,-3.03,5.81,-7.65,10:45,10:00,74.65,65.15
2026-04-20,KAYSE,elenen,orta,5.3,0.471,5.09,15dk,gun_sonu,5.07,18:00,-0.43,1.77,-0.98,10:30,17:45,5.18,5.04
2026-04-20,KIMMR,elenen,orta,5.7,0.682,17.46,15dk,hedef,17.9838,10:00,2.97,6.36,-0.06,11:00,10:00,18.57,17.45
2026-04-20,MNDTR,elenen,orta,6.3,0.305,6.24,15dk,gun_sonu,6.19,18:00,-0.83,0.0,-1.76,15:15,14:00,6.24,6.13
2026-04-20,MTRKS,elenen,orta,10.6,0.446,23.22,15dk,gun_sonu,23.3,18:00,0.31,2.07,-0.69,10:15,10:00,23.7,23.06
2026-04-20,OZYSR,elenen,tepe,6.1,0.807,12.1951005,15dk,stop,11.8292,10:15,-3.03,0.2,-5.96,10:00,11:00,12.2195,11.4683
2026-04-20,PARSN,elenen,orta,9.1,0.272,85.0,15dk,gun_sonu,83.8,18:00,-1.44,0.0,-1.53,10:00,17:45,85.0,83.7
2026-04-20,POLHO,elenen,tepe,9.0,0.84,23.06,15dk,hedef,23.7518,16:15,2.97,4.68,-0.61,17:15,10:30,24.14,22.92
2026-04-20,PRDGS,elenen,tepe,20.1,0.976,8.18,15dk,gun_sonu,8.32,18:00,1.68,1.71,-2.2,18:00,10:00,8.32,8.0
2026-04-20,RAYSG,elenen,orta,8.7,0.233,213.9,15dk,gun_sonu,212.3,18:00,-0.78,2.1,-2.24,15:45,10:45,218.4,209.1
2026-04-20,RODRG,elenen,orta,5.4,0.267,20.5,15dk,gun_sonu,20.96,18:00,2.21,2.93,-2.15,11:00,10:00,21.1,20.06
2026-04-20,SILVR,elenen,orta,5.9,0.423,2.58,15dk,hedef,2.6574,14:00,2.97,5.43,-0.78,14:00,10:00,2.72,2.56
2026-04-20,SKYLP,elenen,tepe,5.4,0.887,328.25,15dk,hedef,338.0975,10:00,2.97,10.13,-3.96,10:00,10:00,361.5,315.25
2026-04-20,TERA,elenen,tepe,28.2,0.986,396.0,15dk,stop,384.12,10:15,-3.03,-0.06,-9.97,10:00,18:00,395.75,356.5
2026-04-20,TKNSA,elenen,orta,15.6,0.66,26.02,15dk,stop,25.2394,10:30,-3.03,2.31,-5.38,18:00,16:00,26.62,24.62
2026-04-21,BIGEN,elenen,orta,5.3,0.403,12.7,15dk,hedef,13.081,10:00,2.97,9.13,-4.49,18:00,13:30,13.86,12.13
2026-04-21,BINBN,elenen,orta,13.2,0.386,196.7,15dk,hedef,202.601,11:15,2.97,3.71,-4.93,18:00,10:00,204.0,187.0
2026-04-21,DERIM,elenen,orta,8.2,0.724,42.5,15dk,stop,41.225,13:30,-3.03,1.46,-4.38,10:30,17:30,43.12,40.64
2026-04-21,DOFRB,elenen,orta,5.8,0.412,119.0,15dk,hedef,122.57,10:00,2.97,8.24,-1.51,15:45,10:30,128.8,117.2
2026-04-21,DYOBY,elenen,tepe,9.2,0.866,17.21,15dk,gun_sonu,17.14,18:00,-0.44,2.79,-2.38,10:00,12:30,17.69,16.8
2026-04-21,EGEGY,elenen,orta,6.1,0.746,30.72,15dk,hedef,31.6416,10:00,2.97,5.66,-1.37,10:00,15:45,32.46,30.3
2026-04-21,EGPRO,elenen,tepe,7.2,1.038,42.6,15dk,stop,41.322,10:15,-3.03,7.61,-8.5,17:45,11:00,45.84,38.98
2026-04-21,ETILR,elenen,orta,36.3,0.493,5.27,15dk,hedef,5.4281,10:00,2.97,3.8,-0.95,18:00,10:00,5.47,5.22
2026-04-21,HUBVC,elenen,orta,5.7,0.566,3.72,15dk,hedef,3.8316,10:00,2.97,9.68,0.0,18:00,10:00,4.08,3.72
2026-04-21,HURGZ,elenen,orta,11.9,0.439,6.25,15dk,gun_sonu,6.09,18:00,-2.59,2.88,-2.72,17:00,12:30,6.43,6.08
2026-04-21,KARTN,elenen,tepe,7.5,0.963,101.0,15dk,stop,97.97,10:30,-3.03,2.87,-6.73,10:30,16:30,103.9,94.2
2026-04-21,MERCN,elenen,orta,12.5,0.229,23.14,15dk,hedef,23.8342,10:00,2.97,4.06,-3.72,10:15,12:15,24.08,22.28
2026-04-21,OYLUM,elenen,orta,5.5,0.27,8.64,15dk,stop,8.3808,10:15,-3.03,8.8,-4.28,12:15,10:00,9.4,8.27
2026-04-21,PENGD,elenen,tepe,6.1,1.099,13.32,15dk,hedef,13.7196,10:00,2.97,5.18,-0.68,18:00,10:00,14.01,13.23
2026-04-21,PRDGS,elenen,tepe,16.3,1.066,8.57,15dk,hedef,8.8271,10:00,2.97,6.77,-1.98,10:15,17:45,9.15,8.4
2026-04-21,RODRG,elenen,orta,7.6,0.317,21.52,15dk,stop,20.8744,10:15,-3.03,0.0,-4.74,10:00,17:45,21.52,20.5
2026-04-21,RUZYE,elenen,orta,10.8,0.611,13.45,15dk,stop,13.0465,10:15,-3.03,0.0,-4.39,10:00,12:45,13.45,12.86
2026-04-21,SELVA,elenen,orta,13.3,0.527,2.67,15dk,hedef,2.7501,10:00,2.97,3.37,-10.11,10:00,16:15,2.76,2.4
2026-04-21,TCKRC,elenen,tepe,7.4,0.955,104.5,15dk,hedef,107.635,11:30,2.97,8.33,-3.35,13:15,15:15,113.2,101.0
2026-04-21,TKNSA,elenen,orta,6.2,0.731,26.8,15dk,stop,25.996,10:15,-3.03,0.9,-5.6,10:00,18:00,27.04,25.3
2026-04-21,ULUSE,elenen,tepe,6.8,0.981,247.6,15dk,hedef,255.028,10:00,2.97,5.41,-0.24,11:45,10:00,261.0,247.0
2026-04-21,UNLU,elenen,orta,5.4,0.213,13.96,15dk,stop,13.5412,14:45,-3.03,2.08,-4.87,10:00,14:45,14.25,13.28
2026-04-22,ARENA,elenen,orta,17.3,0.396,34.08,15dk,gun_sonu,34.62,18:00,1.55,2.64,-2.82,17:45,14:00,34.98,33.12
2026-04-22,ATAKP,elenen,orta,16.5,0.571,52.9,15dk,stop,51.313,10:15,-3.03,1.04,-4.91,10:00,10:00,53.45,50.3
2026-04-22,BIGEN,elenen,orta,14.1,0.585,14.69,15dk,stop,14.2493,10:15,-3.03,2.86,-8.78,17:30,10:15,15.11,13.4
2026-04-22,BINBN,elenen,orta,7.0,0.455,207.3,15dk,hedef,213.519,10:00,2.97,5.11,-3.52,16:45,10:00,217.9,200.0
2026-04-22,BMSCH,elenen,orta,5.7,0.367,18.8,15dk,hedef,19.364,10:00,2.97,4.68,-2.39,10:00,17:45,19.68,18.35
2026-04-22,DOFER,elenen,orta,13.1,0.28,37.44,15dk,stop,36.3168,10:45,-3.03,0.0,-5.77,10:00,12:45,37.44,35.28
2026-04-22,ETILR,elenen,orta,10.4,0.578,5.6,15dk,stop,5.432,10:15,-3.03,4.82,-11.96,12:30,11:15,5.87,4.93
2026-04-22,GMTAS,elenen,tepe,12.8,1.044,47.84,15dk,hedef,49.2752,10:00,2.97,5.87,-3.85,16:30,16:45,50.65,46.0
2026-04-22,HATSN,elenen,orta,13.2,0.543,46.7,15dk,stop,45.299,10:15,-3.03,2.78,-7.11,10:00,17:45,48.0,43.38
2026-04-22,HOROZ,elenen,orta,9.6,0.7,65.1,15dk,hedef,67.053,11:15,2.97,8.14,-1.15,18:00,10:00,70.4,64.35
2026-04-22,IHLGM,elenen,orta,7.8,0.355,2.31,15dk,hedef,2.3793,10:00,2.97,6.93,-4.76,10:15,17:00,2.47,2.2
2026-04-22,PENGD,elenen,tepe,9.6,1.142,15.01,15dk,stop,14.5597,10:15,-3.03,0.4,-10.06,10:00,17:30,15.07,13.5
2026-04-22,PRZMA,elenen,tepe,6.9,1.051,21.96,15dk,hedef,22.6188,10:00,2.97,7.01,0.0,18:00,10:00,23.5,21.96
2026-04-22,TSPOR,elenen,orta,5.8,0.375,1.05,15dk,gun_sonu,1.03,18:00,-1.94,0.0,-1.9,10:15,18:00,1.05,1.03
2026-04-24,ARENA,elenen,orta,5.1,0.416,34.62,15dk,hedef,35.6586,10:00,2.97,9.65,-0.06,16:30,10:00,37.96,34.6
2026-04-24,ATLAS,elenen,orta,6.9,0.637,9.38,15dk,stop,9.0986,10:15,-3.03,1.17,-6.5,10:00,16:15,9.49,8.77
2026-04-24,BOSSA,elenen,orta,14.0,0.343,6.54,15dk,gun_sonu,6.64,18:00,1.5,2.14,-0.31,17:45,12:15,6.68,6.52
2026-04-24,CONSE,elenen,orta,6.3,0.522,3.37,15dk,stop,3.2689,10:15,-3.03,0.0,-6.53,10:00,11:15,3.37,3.15
2026-04-24,DESPC,elenen,orta,9.9,0.259,45.28,15dk,hedef,46.6384,12:00,2.97,4.02,-3.05,12:00,10:00,47.1,43.9
2026-04-24,DUNYH,elenen,orta,69.1,0.767,122.1,15dk,hedef,125.763,10:00,2.97,5.24,-3.77,10:00,16:30,128.5,117.5
2026-04-24,EDATA,elenen,orta,23.6,0.591,16.22,15dk,hedef,16.7066,10:00,2.97,22.19,0.0,18:00,10:00,19.82,16.22
2026-04-24,EGEPO,elenen,tepe,5.2,0.979,18.57,15dk,stop,18.0129,12:45,-3.03,0.0,-3.02,10:00,12:45,18.57,18.01
2026-04-24,HATEK,elenen,orta,38.8,0.243,17.99,15dk,hedef,18.5297,10:00,2.97,3.28,-4.84,10:00,15:15,18.58,17.12
2026-04-24,HOROZ,elenen,tepe,50.3,0.955,73.0,15dk,hedef,75.19,10:00,2.97,3.49,-2.74,10:45,17:45,75.55,71.0
2026-04-24,KONKA,elenen,tepe,5.9,0.945,18.02,15dk,stop,17.4794,10:15,-3.03,0.0,-3.5,10:00,17:30,18.02,17.39
2026-04-24,KUVVA,elenen,orta,6.7,0.516,120.0,15dk,hedef,123.6,12:45,2.97,5.0,0.0,18:00,10:00,126.0,120.0
2026-04-24,MARBL,elenen,orta,5.8,0.394,14.08,15dk,hedef,14.5024,10:00,2.97,3.48,-3.41,10:00,17:45,14.57,13.6
2026-04-24,OZSUB,elenen,orta,10.7,0.737,23.7,15dk,hedef,24.411,13:00,2.97,3.71,-0.59,17:15,10:00,24.58,23.56
2026-04-24,PAMEL,elenen,orta,11.3,0.238,90.0,15dk,stop,87.3,12:30,-3.03,10.56,-3.89,16:45,12:30,99.5,86.5
2026-04-24,PKART,elenen,tepe,6.5,1.096,109.9,15dk,stop,106.603,10:15,-3.03,5.46,-7.19,18:00,13:45,115.9,102.0
2026-04-24,PLTUR,elenen,orta,11.8,0.568,27.5,15dk,hedef,28.325,10:15,2.97,4.58,-5.24,10:30,17:15,28.76,26.06
2026-04-24,SEKUR,elenen,tepe,6.0,0.988,8.34,15dk,hedef,8.5902,10:15,2.97,3.6,-3.36,18:00,10:00,8.64,8.06
2026-04-24,SELVA,elenen,orta,5.7,0.57,2.81,15dk,hedef,2.8943,10:00,2.97,4.98,-0.71,18:00,10:00,2.95,2.79
2026-04-24,TURGG,elenen,orta,24.3,0.457,37.0,15dk,hedef,38.11,10:00,2.97,4.38,0.0,18:00,10:00,38.62,37.0
2026-04-24,ULUFA,elenen,orta,6.9,0.688,2.29,15dk,gun_sonu,2.29,18:00,-0.03,0.0,0.0,18:00,18:00,2.29,2.29
2026-04-27,ARENA,elenen,orta,14.4,0.651,40.82,15dk,gun_sonu,41.52,18:00,1.68,1.71,-2.69,18:00,14:00,41.52,39.72
2026-04-27,AVGYO,elenen,orta,13.1,0.646,15.75,15dk,stop,15.2775,10:15,-3.03,-0.63,-10.48,10:00,17:30,15.65,14.1
2026-04-27,BAGFS,elenen,orta,22.4,0.745,37.0,15dk,stop,35.89,10:15,-3.03,0.92,-5.24,10:00,17:30,37.34,35.06
2026-04-27,DGATE,elenen,tepe,9.6,0.935,90.1,15dk,stop,87.397,10:15,-3.03,0.33,-3.72,10:00,10:00,90.4,86.75
2026-04-27,DITAS,elenen,orta,7.2,0.516,32.28,15dk,hedef,33.2484,10:00,2.97,4.09,-3.28,10:00,16:45,33.6,31.22
2026-04-27,EGSER,elenen,orta,10.5,0.298,3.09,15dk,gun_sonu,3.07,18:00,-0.68,0.97,-1.29,10:30,17:45,3.12,3.05
2026-04-27,ENSRI,elenen,orta,5.2,0.537,22.68,15dk,hedef,23.3604,10:30,2.97,4.41,-11.73,10:30,18:00,23.68,20.02
2026-04-27,HURGZ,elenen,orta,18.8,0.664,7.4,15dk,hedef,7.622,10:00,2.97,7.43,-3.51,18:00,10:00,7.95,7.14
2026-04-27,IHLGM,elenen,orta,9.3,0.401,2.4,15dk,hedef,2.472,10:30,2.97,3.33,-2.92,10:30,18:00,2.48,2.33
2026-04-27,KAREL,elenen,tepe,16.7,1.115,12.08,15dk,gun_sonu,11.9,18:00,-1.52,0.99,-2.98,10:00,10:15,12.2,11.72
2026-04-27,KRVGD,elenen,orta,9.3,0.769,2.99,15dk,gun_sonu,2.97,18:00,-0.7,0.0,-2.68,16:15,12:45,2.99,2.91
2026-04-27,KUVVA,elenen,orta,6.1,0.586,130.0,15dk,stop,126.1,14:45,-3.03,0.0,-3.08,12:00,17:45,130.0,126.0
2026-04-27,MEGMT,elenen,tepe,5.6,0.972,81.5,15dk,hedef,83.945,10:00,2.97,5.52,0.06,10:00,10:00,86.0,81.55
2026-04-27,OZATD,elenen,tepe,882.8,0.811,255.0,15dk,hedef,262.65,10:00,2.97,10.1,0.0,18:00,10:00,280.75,255.0
2026-04-27,PKART,elenen,tepe,12.2,1.054,119.0,15dk,stop,115.43,10:15,-3.03,6.22,-6.72,14:30,10:15,126.4,111.0
2026-04-27,SEKUR,elenen,tepe,7.0,1.0,8.64,15dk,stop,8.3808,11:00,-3.03,1.85,-7.52,10:00,17:15,8.8,7.99
2026-04-27,TATEN,elenen,orta,5.9,0.39,14.3,15dk,stop,13.871,10:15,-3.03,0.14,-4.76,10:00,18:00,14.32,13.62
2026-04-27,TGSAS,elenen,orta,16.4,0.556,168.0,15dk,gun_sonu,167.2,18:00,-0.51,1.01,-1.37,14:30,10:30,169.7,165.7
2026-04-27,TURGG,elenen,orta,6.0,0.57,40.34,15dk,stop,39.1298,10:15,-3.03,1.39,-10.21,10:00,10:15,40.9,36.22
2026-04-27,YAYLA,elenen,orta,6.7,0.338,29.2,15dk,stop,28.324,10:30,-3.03,1.64,-9.59,10:00,18:00,29.68,26.4
2026-04-28,ARMGD,elenen,orta,7.7,0.697,119.2,15dk,hedef,122.776,10:00,2.97,10.74,-0.59,15:45,10:00,132.0,118.5
2026-04-28,ATAGY,elenen,orta,9.9,0.356,12.9,1dk,gun_sonu,12.8,18:09,-0.81,1.4,-2.33,10:07,15:56,13.08,12.6
2026-04-28,BOBET,elenen,orta,6.1,0.24,20.6,15dk,stop,19.982,17:45,-3.03,0.78,-3.35,10:15,18:00,20.76,19.91
2026-04-28,DAPGM,elenen,orta,6.0,0.323,11.6,15dk,hedef,11.948,10:15,2.97,3.02,-9.48,10:15,18:00,11.95,10.5
2026-04-28,DSTKF,elenen,tepe,12.7,0.948,2752.5,15dk,gun_sonu,2670.0,18:00,-3.03,1.18,-3.0,13:15,18:00,2785.0,2670.0
2026-04-28,ESCOM,elenen,orta,6.8,0.628,5.25,15dk,gun_sonu,5.3,18:00,0.92,0.95,-0.95,18:00,10:00,5.3,5.2
2026-04-28,ETILR,elenen,orta,6.0,0.657,5.45,15dk,stop,5.2865,10:30,-3.03,6.97,-4.04,11:00,10:00,5.83,5.23
2026-04-28,FMIZP,elenen,orta,22.8,0.315,310.0,15dk,stop,300.7,14:45,-3.03,1.37,-4.76,10:00,15:15,314.25,295.25
2026-04-28,GSDHO,elenen,orta,7.3,0.769,5.06,15dk,gun_sonu,5.03,18:00,-0.63,0.79,-1.38,14:15,10:30,5.1,4.99
2026-04-28,HOROZ,elenen,tepe,5.7,1.031,79.5,15dk,hedef,81.885,10:00,2.97,4.91,-4.97,10:15,15:00,83.4,75.55
2026-04-28,HURGZ,elenen,orta,5.1,0.794,8.03,15dk,hedef,8.2709,10:00,2.97,8.34,-4.23,10:00,16:30,8.7,7.69
2026-04-28,KLSYN,elenen,tepe,16.4,1.064,13.42,15dk,stop,13.0174,10:15,-3.03,2.83,-4.62,10:00,10:45,13.8,12.8
2026-04-28,KRDMB,elenen,tepe,9.0,0.993,78.0,15dk,hedef,80.34,10:00,2.97,9.36,-1.79,12:45,10:00,85.3,76.6
2026-04-28,MERCN,elenen,orta,8.1,0.304,26.0,15dk,hedef,26.78,10:30,2.97,5.31,-5.46,10:30,17:45,27.38,24.58
2026-04-28,MTRYO,elenen,orta,5.4,0.474,9.85,15dk,stop,9.5545,17:45,-3.03,0.0,-3.55,10:00,17:45,9.85,9.5
2026-04-28,ORCAY,elenen,orta,10.2,0.528,3.76,15dk,hedef,3.8728,10:00,2.97,6.65,0.0,18:00,10:00,4.01,3.76
2026-04-28,TMPOL,elenen,orta,10.7,0.748,542.0,15dk,hedef,558.26,10:45,2.97,4.8,-1.29,10:45,18:00,568.0,535.0
2026-04-28,TRILC,elenen,orta,16.7,0.621,3.4,15dk,hedef,3.502,10:00,2.97,4.71,-1.76,18:00,10:00,3.56,3.34
2026-04-29,ALKLC,elenen,orta,14.0,0.623,301.0,15dk,hedef,310.03,10:00,2.97,13.62,-2.41,17:45,10:45,342.0,293.75
2026-04-29,BESLR,elenen,orta,27.3,0.255,13.85,15dk,gun_sonu,13.94,18:00,0.62,1.3,-1.3,10:00,11:30,14.03,13.67
2026-04-29,DSTKF,elenen,tepe,5.6,0.957,2780.0,15dk,stop,2696.6,10:15,-3.03,0.0,-8.27,10:00,10:00,2780.0,2550.0
2026-04-29,ESCOM,elenen,orta,10.0,0.688,5.52,15dk,hedef,5.6856,10:00,2.97,5.62,-0.54,18:00,10:00,5.83,5.49
2026-04-29,GLCVY,elenen,orta,7.9,0.347,64.0,15dk,gun_sonu,62.6,18:00,-2.22,2.42,-2.34,10:00,10:00,65.55,62.5
2026-04-29,GSDDE,elenen,tepe,17.4,0.862,11.68,15dk,gun_sonu,11.9,18:00,1.85,1.88,-3.17,18:00,10:00,11.9,11.31
2026-04-29,GWIND,elenen,tepe,9.2,0.846,29.98,15dk,hedef,30.8794,12:30,2.97,5.87,-0.27,18:00,10:00,31.74,29.9
2026-04-29,IHEVA,elenen,orta,17.3,0.312,2.34,1dk,stop,2.2698,10:19,-3.03,-0.85,-3.85,10:01,17:09,2.32,2.25
2026-04-29,ISDMR,elenen,orta,7.2,0.785,45.0,15dk,hedef,46.35,10:15,2.97,7.29,-0.44,18:00,10:00,48.28,44.8
2026-04-29,ISGSY,elenen,tepe,8.7,0.816,22.1976585,15dk,hedef,22.8636,10:00,2.97,518.53,459.52,11:30,10:00,137.3,124.2
2026-04-29,IZINV,elenen,orta,13.7,0.645,74.0,15dk,stop,71.78,10:15,-3.03,1.35,-4.93,10:45,15:45,75.0,70.35
2026-04-29,MANAS,elenen,tepe,11.5,0.923,26.52,15dk,hedef,27.3156,10:00,2.97,3.39,-1.21,18:00,10:00,27.42,26.2
2026-04-29,ORCAY,elenen,orta,6.7,0.75,4.25,15dk,stop,4.1225,10:15,-3.03,1.18,-8.24,10:00,10:15,4.3,3.9
2026-04-29,RODRG,elenen,orta,6.8,0.479,24.8,15dk,stop,24.056,10:15,-3.03,4.35,-4.84,18:00,10:00,25.88,23.6
2026-04-29,SAYAS,elenen,orta,31.1,0.752,53.0,15dk,stop,51.41,11:00,-3.03,2.83,-8.15,14:15,17:30,54.5,48.68
2026-04-29,TRILC,elenen,orta,14.8,0.799,3.73,15dk,hedef,3.8419,10:00,2.97,4.83,-4.29,15:00,10:45,3.91,3.57
2026-04-29,TURGG,elenen,orta,8.8,0.706,44.34,15dk,stop,43.0098,10:15,-3.03,5.19,-4.83,17:00,10:00,46.64,42.2
2026-04-30,A1YEN,elenen,tepe,11.5,0.967,3.43934584,15dk,gun_sonu,3.4797,18:00,1.14,1.17,-1.33,18:00,10:00,3.4797,3.3935
2026-04-30,AHSGY,elenen,orta,18.8,0.692,20.02,15dk,stop,19.4194,10:15,-3.03,1.1,-8.89,10:00,16:45,20.24,18.24
2026-04-30,ALGYO,elenen,tepe,13.6,0.888,5.94,15dk,hedef,6.1182,10:00,2.97,6.57,-0.84,18:00,10:00,6.33,5.89
2026-04-30,BAHKM,elenen,tepe,22.3,0.805,130.0,15dk,stop,126.1,10:15,-3.03,1.54,-10.0,11:45,15:30,132.0,117.0
2026-04-30,BEYAZ,elenen,orta,19.0,0.699,36.5,15dk,stop,35.405,16:45,-3.03,2.96,-6.85,10:00,17:45,37.58,34.0
2026-04-30,BIGEN,elenen,tepe,5.0,0.887,18.0,15dk,stop,17.46,10:45,-3.03,3.67,-5.0,18:00,10:00,18.66,17.1
2026-04-30,BYDNR,elenen,tepe,27.4,0.856,40.62,15dk,hedef,41.8386,10:00,2.97,6.65,-0.79,10:00,10:00,43.32,40.3
2026-04-30,CELHA,elenen,orta,54.7,0.737,12.4,15dk,stop,12.028,10:15,-3.03,6.29,-5.0,18:00,11:15,13.18,11.78
2026-04-30,ENSRI,elenen,orta,8.0,0.318,15.0,15dk,hedef,15.45,10:00,2.97,15.67,-2.67,10:45,18:00,17.35,14.6
2026-04-30,EPLAS,elenen,orta,5.8,0.528,6.2,15dk,gun_sonu,6.21,18:00,0.13,1.77,-0.81,14:30,10:00,6.31,6.15
2026-04-30,GLRYH,elenen,orta,5.7,0.551,4.1,15dk,stop,3.977,10:15,-3.03,0.98,-5.12,10:00,11:15,4.14,3.89
2026-04-30,GRNYO,elenen,orta,5.6,0.726,17.9,15dk,hedef,18.437,10:00,2.97,4.19,-2.07,10:00,12:00,18.65,17.53
2026-04-30,ISDMR,elenen,tepe,10.0,1.035,48.8,15dk,gun_sonu,48.42,18:00,-0.81,1.76,-1.93,10:00,10:15,49.66,47.86
2026-04-30,KBORU,elenen,tepe,7.1,1.048,27.5,15dk,stop,26.675,11:00,-3.03,0.36,-3.56,10:00,17:45,27.6,26.52
2026-04-30,KMPUR,elenen,tepe,5.4,1.066,21.2,15dk,stop,20.564,13:30,-3.03,2.74,-4.25,10:00,17:00,21.78,20.3
2026-04-30,PCILT,elenen,orta,10.0,0.685,29.06,15dk,stop,28.1882,10:15,-3.03,3.17,-3.51,11:30,10:15,29.98,28.04
2026-04-30,RTALB,elenen,orta,5.9,0.407,3.49,15dk,stop,3.3853,10:15,-3.03,0.0,-5.73,10:00,10:45,3.49,3.29
2026-04-30,SEKFK,elenen,tepe,19.6,0.88,11.04,1dk,gun_sonu,11.07,18:05,0.24,0.63,-0.54,10:27,17:50,11.11,10.98
2026-04-30,SEYKM,elenen,orta,13.1,0.513,5.41,15dk,stop,5.2477,10:15,-3.03,4.25,-7.58,14:30,10:30,5.64,5.0
2026-04-30,YYLGD,elenen,orta,7.6,0.442,11.3,15dk,hedef,11.639,11:15,2.97,4.34,-0.97,13:00,10:15,11.79,11.19
2026-05-04,A1CAP,elenen,orta,14.6,0.498,11.88,15dk,stop,11.5236,10:15,-3.03,3.28,-4.38,16:45,13:30,12.27,11.36
2026-05-04,A1YEN,elenen,tepe,15.5,1.11,3.60984646,15dk,hedef,3.7181,10:00,2.97,5.99,-0.36,18:00,10:00,3.8262,3.597
2026-05-04,AGESA,elenen,tepe,6.0,0.88,240.9,15dk,gun_sonu,239.0,18:00,-0.82,0.25,-1.58,13:00,10:00,241.5,237.1
2026-05-04,ANGEN,elenen,orta,10.2,0.297,11.0,15dk,gun_sonu,11.17,18:00,1.51,2.73,-0.73,15:45,10:30,11.3,10.92
2026-05-04,ASGYO,elenen,orta,18.9,0.69,12.94,15dk,hedef,13.3282,10:00,2.97,5.02,-1.31,11:00,18:00,13.59,12.77
2026-05-04,ATATP,elenen,orta,8.2,0.674,152.0,15dk,stop,147.44,10:30,-3.03,4.08,-3.16,16:30,11:00,158.2,147.2
2026-05-04,ATLAS,elenen,orta,5.2,0.533,8.62,15dk,hedef,8.8786,10:00,2.97,3.48,-1.86,18:00,10:00,8.92,8.46
2026-05-04,AVOD,elenen,orta,6.2,0.548,4.53,15dk,hedef,4.6659,15:30,2.97,7.51,-1.32,16:30,13:15,4.87,4.47
2026-05-04,BASGZ,elenen,tepe,18.9,0.903,51.5,15dk,stop,49.955,10:15,-3.03,0.1,-6.33,10:00,10:45,51.55,48.24
2026-05-04,BAYRK,elenen,orta,6.8,0.201,5.1,15dk,stop,4.947,13:15,-3.03,1.96,-3.53,10:00,18:00,5.2,4.92
2026-05-04,BMSCH,elenen,orta,5.3,0.356,18.55,15dk,gun_sonu,18.32,18:00,-1.27,2.59,-1.83,10:00,16:30,19.03,18.21
2026-05-04,CATES,elenen,orta,9.6,0.546,40.92,15dk,gun_sonu,40.38,18:00,-1.35,2.54,-2.0,10:00,10:00,41.96,40.1
2026-05-04,CELHA,elenen,tepe,6.9,0.832,13.16,15dk,hedef,13.5548,10:30,2.97,10.11,-4.94,18:00,10:00,14.49,12.51
2026-05-04,CEMZY,elenen,orta,17.4,0.788,12.22,15dk,gun_sonu,12.02,18:00,-1.67,2.7,-1.64,10:00,18:00,12.55,12.02
2026-05-04,DESA,elenen,orta,15.1,0.589,13.35,15dk,hedef,13.7505,10:00,2.97,6.14,1.95,10:00,10:00,14.17,13.61
2026-05-04,DURKN,elenen,orta,9.3,0.739,21.7,15dk,hedef,22.351,11:00,2.97,4.61,-3.78,11:30,17:45,22.7,20.88
2026-05-04,EGEGY,elenen,tepe,10.0,0.838,32.6,15dk,stop,31.622,10:15,-3.03,0.0,-4.54,10:00,10:00,32.6,31.12
2026-05-04,EGSER,elenen,orta,5.2,0.234,3.0,15dk,gun_sonu,3.02,18:00,0.63,2.67,-0.67,12:45,10:30,3.08,2.98
2026-05-04,ENERY,elenen,orta,9.1,0.715,9.68,15dk,stop,9.3896,10:15,-3.03,-0.31,-7.33,10:00,18:00,9.65,8.97
2026-05-04,ENSRI,elenen,orta,10.0,0.281,13.7,15dk,hedef,14.111,10:00,2.97,9.27,-4.09,12:00,18:00,14.97,13.14
2026-05-04,EUKYO,elenen,orta,43.7,0.751,6.99,15dk,hedef,7.1997,10:00,2.97,7.3,1.14,14:00,10:00,7.5,7.07
2026-05-04,GEDZA,elenen,orta,13.4,0.712,30.0,15dk,hedef,30.9,10:00,2.97,5.33,-1.07,10:00,10:00,31.6,29.68
2026-05-04,GLRYH,elenen,orta,13.0,0.583,4.19,15dk,stop,4.0643,10:15,-3.03,0.0,-5.01,10:00,13:15,4.19,3.98
2026-05-04,GSDHO,elenen,tepe,6.8,0.913,5.36,15dk,hedef,5.5208,10:00,2.97,3.17,-2.05,10:00,13:15,5.53,5.25
2026-05-04,GWIND,elenen,orta,5.4,0.8,31.02,15dk,hedef,31.9506,10:00,2.97,5.87,-4.38,10:00,10:15,32.84,29.66
2026-05-04,HRKET,elenen,orta,5.3,0.472,74.6,15dk,hedef,76.838,14:30,2.97,5.63,-2.61,16:00,10:45,78.8,72.65
2026-05-04,KCAER,elenen,orta,7.3,0.299,11.96,15dk,gun_sonu,12.16,18:00,1.64,2.34,-0.33,11:30,13:15,12.24,11.92
2026-05-04,KIMMR,elenen,orta,8.3,0.618,17.05,15dk,hedef,17.5615,10:30,2.97,3.81,-1.47,10:30,16:30,17.7,16.8
2026-05-04,KRSTL,elenen,orta,54.0,0.423,8.9,15dk,gun_sonu,8.89,18:00,-0.15,2.02,-0.79,10:00,10:30,9.08,8.83
2026-05-04,KUVVA,elenen,orta,9.0,0.54,125.0,15dk,stop,121.25,10:15,-3.03,3.68,-3.76,13:30,10:30,129.6,120.3
2026-05-04,MRSHL,elenen,orta,6.2,0.355,1589.0,15dk,hedef,1636.67,11:45,2.97,4.09,-2.27,11:45,10:00,1654.0,1553.0
2026-05-04,MTRYO,elenen,orta,17.9,0.54,10.39,15dk,gun_sonu,10.43,18:00,0.35,0.38,-4.52,18:00,10:00,10.43,9.92
2026-05-04,OBASE,elenen,orta,5.7,0.594,38.94,15dk,hedef,40.1082,13:45,2.97,3.8,-1.85,13:45,16:00,40.42,38.22
2026-05-04,OYYAT,elenen,orta,13.0,0.599,56.0,15dk,hedef,57.68,10:00,2.97,7.23,-3.21,10:00,10:00,60.05,54.2
2026-05-04,PLTUR,elenen,orta,6.8,0.682,29.04,15dk,stop,28.1688,10:15,-3.03,-0.14,-6.61,10:00,17:45,29.0,27.12
2026-05-04,SANKO,elenen,orta,63.0,0.697,25.32,15dk,stop,24.5604,10:15,-3.03,0.63,-8.06,10:00,11:30,25.48,23.28
2026-05-04,SRVGY,elenen,orta,5.6,0.647,3.43,15dk,gun_sonu,3.44,18:00,0.26,2.04,-0.87,10:00,10:30,3.5,3.4
2026-05-05,A1YEN,elenen,tepe,9.5,1.047,3.89768084,15dk,stop,3.7808,10:15,-3.03,4.37,-8.09,16:45,13:15,4.0682,3.5823
2026-05-05,ACSEL,elenen,tepe,23.0,0.87,133.0,15dk,hedef,136.99,10:00,2.97,9.7,-0.15,12:15,15:15,145.9,132.8
2026-05-05,AHSGY,elenen,orta,27.7,0.75,21.26,15dk,hedef,21.8978,10:00,2.97,4.7,-4.52,18:00,10:00,22.26,20.3
2026-05-05,ATLAS,elenen,orta,5.8,0.624,9.29,15dk,hedef,9.5687,10:15,2.97,5.6,-3.98,18:00,10:00,9.81,8.92
2026-05-05,AYES,elenen,tepe,8.0,0.886,30.2,1dk,gun_sonu,30.5,18:08,0.96,0.99,0.0,18:08,17:55,30.5,30.2
2026-05-05,BAHKM,elenen,tepe,5.6,0.857,135.8,15dk,stop,131.726,10:15,-3.03,-0.37,-8.91,10:00,11:15,135.3,123.7
2026-05-05,BLUME,elenen,orta,5.1,0.427,42.48,15dk,gun_sonu,43.26,18:00,1.8,2.97,-0.24,13:30,12:30,43.74,42.38
2026-05-05,BRKVY,elenen,orta,38.1,0.629,109.5,15dk,stop,106.215,10:15,-3.03,0.37,-6.94,10:00,10:15,109.9,101.9
2026-05-05,DGATE,elenen,tepe,7.0,0.938,95.5,15dk,stop,92.635,10:15,-3.03,2.51,-3.14,17:45,10:15,97.9,92.5
2026-05-05,ENSRI,elenen,orta,169.0,0.228,11.83,15dk,hedef,12.1849,10:00,2.97,13.52,0.0,12:00,10:00,13.43,11.83
2026-05-05,FONET,elenen,tepe,9.5,0.905,5.55,15dk,stop,5.3835,10:15,-3.03,1.98,-5.95,17:15,12:45,5.66,5.22
2026-05-05,GATEG,elenen,orta,7.3,0.742,320.5,1dk,gun_sonu,317.5,18:09,-0.97,-0.08,-0.94,12:55,18:09,320.25,317.5
2026-05-05,GSDHO,elenen,tepe,5.1,0.962,5.46,15dk,gun_sonu,5.47,18:00,0.15,0.73,-2.56,17:45,10:45,5.5,5.32
2026-05-05,KCAER,elenen,orta,6.0,0.3,11.97,15dk,hedef,12.3291,13:00,2.97,5.18,-2.17,18:00,10:15,12.59,11.71
2026-05-05,KGYO,elenen,tepe,16.1,0.983,11.9,15dk,hedef,12.257,10:00,2.97,7.56,-0.17,18:00,10:00,12.8,11.88
2026-05-05,KRDMA,elenen,orta,8.4,0.501,40.0,15dk,hedef,41.2,10:00,2.97,7.05,-1.1,10:00,13:15,42.82,39.56
2026-05-05,KRPLS,elenen,orta,9.5,0.658,9.45,15dk,gun_sonu,9.2,18:00,-2.68,0.0,-2.75,10:00,17:45,9.45,9.19
2026-05-05,KRVGD,elenen,tepe,6.2,0.872,3.15,15dk,stop,3.0555,15:30,-3.03,0.32,-3.17,12:30,15:45,3.16,3.05
2026-05-05,MTRYO,elenen,orta,12.5,0.583,10.74,15dk,stop,10.4178,10:15,-3.03,1.96,-6.33,18:00,10:15,10.95,10.06
2026-05-05,NTGAZ,elenen,tepe,34.3,0.927,13.39,15dk,hedef,13.7917,10:00,2.97,3.73,-0.15,18:00,10:00,13.89,13.37
2026-05-05,RUBNS,elenen,orta,5.7,0.635,37.64,15dk,stop,36.5108,10:15,-3.03,1.43,-11.74,10:00,16:00,38.18,33.22
2026-05-05,SKTAS,elenen,orta,7.5,0.449,3.59,15dk,stop,3.4823,10:30,-3.03,2.79,-3.9,11:00,11:00,3.69,3.45
2026-05-05,TARKM,elenen,tepe,9.4,0.825,469.5,15dk,hedef,483.585,10:15,2.97,3.46,-3.04,12:15,10:00,485.75,455.25
2026-05-05,TATEN,elenen,orta,5.2,0.378,14.1,15dk,stop,13.677,10:15,-3.03,9.43,-3.4,18:00,11:30,15.43,13.62
2026-05-05,YEOTK,elenen,tepe,8.5,1.048,62.75,15dk,hedef,64.6325,10:00,2.97,6.37,-3.43,17:15,10:45,66.75,60.6
2026-05-06,AHSGY,elenen,tepe,5.3,0.829,22.94,15dk,hedef,23.6282,10:00,2.97,4.18,-8.72,10:00,10:30,23.9,20.94
2026-05-06,AYCES,elenen,orta,6.4,0.417,768.5,15dk,gun_sonu,768.5,18:00,-0.03,0.0,0.0,18:00,18:00,768.5,768.5
2026-05-06,BIGEN,elenen,orta,8.8,0.613,17.02,15dk,hedef,17.5306,10:00,2.97,19.27,0.0,18:00,10:00,20.3,17.02
2026-05-06,BRISA,elenen,orta,13.4,0.629,90.0,15dk,gun_sonu,87.85,18:00,-2.42,0.67,-2.72,10:00,16:30,90.6,87.55
2026-05-06,BRKVY,elenen,orta,9.3,0.635,110.0,15dk,stop,106.7,10:15,-3.03,0.45,-7.0,10:00,17:45,110.5,102.3
2026-05-06,HATSN,elenen,orta,8.1,0.623,48.5,15dk,hedef,49.955,10:00,2.97,6.08,-2.19,10:45,15:30,51.45,47.44
2026-05-06,KLSYN,elenen,tepe,6.0,0.852,12.47,15dk,stop,12.0959,10:30,-3.03,0.32,-3.53,17:45,10:30,12.51,12.03
2026-05-06,LIDFA,elenen,orta,29.4,0.703,3.3,15dk,hedef,3.399,11:00,2.97,5.76,0.0,17:45,10:00,3.49,3.3
2026-05-06,MEDTR,elenen,orta,6.6,0.362,30.02,15dk,gun_sonu,30.3,18:00,0.9,2.07,-0.07,12:00,16:15,30.64,30.0
2026-05-06,MEGMT,elenen,tepe,5.0,0.985,85.8,15dk,gun_sonu,85.2,18:00,-0.73,2.91,-1.63,12:30,10:30,88.3,84.4
2026-05-06,MOBTL,elenen,tepe,5.9,0.945,13.95,15dk,stop,13.5315,10:15,-3.03,-0.07,-8.6,10:00,17:45,13.94,12.75
2026-05-06,NTGAZ,elenen,tepe,10.6,0.942,13.55,15dk,stop,13.1435,10:15,-3.03,1.03,-7.6,10:00,16:45,13.69,12.52
2026-05-06,OYYAT,elenen,orta,8.5,0.656,58.95,15dk,stop,57.1815,10:15,-3.03,0.0,-8.23,10:00,16:00,58.95,54.1
2026-05-06,PENTA,elenen,orta,10.3,0.419,15.21,15dk,gun_sonu,15.0,18:00,-1.41,0.59,-2.89,16:30,10:00,15.3,14.77
2026-05-06,SAFKR,elenen,orta,10.0,0.647,25.4,15dk,gun_sonu,24.92,18:00,-1.92,0.0,-2.91,10:00,17:45,25.4,24.66
2026-05-06,TATGD,elenen,tepe,20.9,0.963,19.24,15dk,gun_sonu,19.81,18:00,2.93,2.96,-4.0,18:00,10:00,19.81,18.47
2026-05-06,TRMET,elenen,orta,5.2,0.463,118.2,15dk,hedef,121.746,11:45,2.97,3.38,-0.42,14:15,10:15,122.2,117.7
2026-05-06,YAPRK,elenen,orta,17.7,0.452,15.73,15dk,stop,15.2581,10:15,-3.03,0.0,-7.5,10:00,17:15,15.73,14.55
2026-05-07,ADEL,elenen,orta,5.5,0.648,49.0,15dk,hedef,50.47,10:00,2.97,6.22,-5.59,10:00,18:00,52.05,46.26
2026-05-07,AVOD,elenen,orta,29.8,0.727,5.2,15dk,stop,5.044,10:30,-3.03,2.88,-5.0,13:45,12:30,5.35,4.94
2026-05-07,AYCES,elenen,orta,9.3,0.337,692.0,15dk,hedef,712.76,10:45,2.97,7.59,0.0,10:45,18:00,744.5,692.0
2026-05-07,BNTAS,elenen,orta,5.5,0.403,6.83,15dk,gun_sonu,7.0,18:00,2.46,2.78,-1.02,17:15,10:00,7.02,6.76
2026-05-07,BRMEN,elenen,orta,7.8,0.523,7.95,1dk,gun_sonu,8.16,18:08,2.61,2.64,2.64,18:08,18:08,8.16,8.16
2026-05-07,DMRGD,elenen,tepe,43.1,1.086,7.24,15dk,hedef,7.4572,10:00,2.97,4.01,0.14,10:00,10:00,7.53,7.25
2026-05-07,ERBOS,elenen,tepe,12.6,0.926,213.4,15dk,gun_sonu,211.0,18:00,-1.16,0.0,-2.39,10:00,11:00,213.4,208.3
2026-05-07,KAPLM,elenen,orta,25.0,0.746,605.0,15dk,hedef,623.15,11:45,2.97,13.22,-1.07,11:45,11:45,685.0,598.5
2026-05-07,KAYSE,elenen,orta,6.9,0.518,5.25,15dk,stop,5.0925,15:45,-3.03,0.57,-5.14,10:00,17:45,5.28,4.98
2026-05-07,KLSER,elenen,orta,9.2,0.433,29.9,15dk,hedef,30.797,10:00,2.97,5.22,-2.01,10:00,16:30,31.46,29.3
2026-05-07,KZGYO,elenen,orta,8.3,0.74,26.28,15dk,hedef,27.0684,10:00,2.97,6.54,-0.61,10:00,12:15,28.0,26.12
2026-05-07,LIDFA,elenen,orta,5.8,0.796,3.51,15dk,hedef,3.6153,14:15,2.97,7.69,-2.28,15:30,11:30,3.78,3.43
2026-05-07,MERKO,elenen,tepe,18.5,0.93,2.45,15dk,hedef,2.5235,10:00,2.97,4.9,-3.27,10:00,10:00,2.57,2.37
2026-05-07,PAGYO,elenen,tepe,9.0,0.99,141.2,15dk,hedef,145.436,11:00,2.97,3.4,-2.05,14:45,10:00,146.0,138.3
2026-05-07,PATEK,elenen,orta,11.0,0.562,27.5,15dk,stop,26.675,10:15,-3.03,0.95,-5.82,16:00,10:15,27.76,25.9
2026-05-07,SUMAS,elenen,tepe,6.6,1.065,393.0,1dk,hedef,404.79,13:55,2.97,7.44,2.54,18:05,12:55,422.25,403.0
2026-05-07,SURGY,elenen,tepe,15.2,0.928,75.2,15dk,hedef,77.456,10:00,2.97,3.72,-2.93,10:00,18:00,78.0,73.0
2026-05-07,TATGD,elenen,tepe,6.7,1.02,20.0,15dk,hedef,20.6,11:45,2.97,8.9,-1.0,13:30,10:00,21.78,19.8
2026-05-07,UFUK,elenen,orta,121.9,0.472,1482.0,15dk,gun_sonu,1443.0,18:00,-2.66,1.21,-2.7,16:30,12:15,1500.0,1442.0
2026-05-07,VBTYZ,elenen,tepe,15.7,0.818,24.0,15dk,hedef,24.72,10:00,2.97,3.17,-0.33,18:00,10:00,24.76,23.92
2026-05-08,AGESA,elenen,tepe,7.7,0.959,251.0,15dk,gun_sonu,248.0,18:00,-1.23,0.3,-2.11,10:00,10:00,251.75,245.7
2026-05-08,AKENR,elenen,orta,6.4,0.481,11.58,15dk,hedef,11.9274,10:00,2.97,3.8,-0.17,18:00,10:00,12.02,11.56
2026-05-08,ANGEN,elenen,orta,18.9,0.638,12.61,15dk,hedef,12.9883,10:00,2.97,6.03,-0.87,18:00,10:00,13.37,12.5
2026-05-08,AVOD,elenen,orta,17.5,0.636,4.86,15dk,hedef,5.0058,10:15,2.97,6.79,-3.09,17:00,10:00,5.19,4.71
2026-05-08,AYCES,elenen,orta,22.4,0.3,657.0,15dk,hedef,676.71,10:00,2.97,13.55,-2.44,13:30,10:00,746.0,641.0
2026-05-08,BASCM,elenen,orta,6.0,0.432,13.76,1dk,gun_sonu,13.95,18:09,1.35,1.38,0.0,18:09,12:55,13.95,13.76
2026-05-08,BVSAN,elenen,orta,6.4,0.779,139.1,15dk,hedef,143.273,10:45,2.97,8.2,-1.73,18:00,10:15,150.5,136.7
2026-05-08,DESA,elenen,orta,23.0,0.685,14.19,15dk,stop,13.7643,10:30,-3.03,1.2,-3.03,17:00,11:00,14.36,13.76
2026-05-08,DESPC,elenen,orta,11.1,0.327,47.44,15dk,stop,46.0168,10:15,-3.03,1.6,-5.73,10:00,10:45,48.2,44.72
2026-05-08,DGATE,elenen,tepe,8.9,1.021,107.4,15dk,stop,104.178,10:30,-3.03,5.49,-9.78,18:00,10:45,113.3,96.9
2026-05-08,DITAS,elenen,orta,5.8,0.563,34.68,15dk,hedef,35.7204,16:30,2.97,5.36,-2.54,16:30,17:00,36.54,33.8
2026-05-08,EKOS,elenen,tepe,6.6,1.014,7.93,15dk,hedef,8.1679,10:00,2.97,5.8,-4.29,10:00,16:30,8.39,7.59
2026-05-08,EMNIS,elenen,orta,10.6,0.224,187.0,1dk,gun_sonu,191.1,18:08,2.16,2.19,1.55,18:08,12:55,191.1,189.9
2026-05-08,FRIGO,elenen,tepe,5.2,0.851,3.2743232,15dk,gun_sonu,3.2397,18:00,-1.09,0.85,-2.01,10:00,12:15,3.302,3.2086
2026-05-08,GENIL,elenen,orta,7.5,0.238,8.98,15dk,hedef,9.2494,10:00,2.97,5.12,-4.79,10:30,14:45,9.44,8.55
2026-05-08,IHGZT,elenen,orta,6.4,0.396,1.65,15dk,stop,1.6005,10:15,-3.03,1.21,-4.85,10:00,12:15,1.67,1.57
2026-05-08,IZMDC,elenen,orta,5.7,0.691,8.06,15dk,hedef,8.3018,10:30,2.97,10.05,-0.74,18:00,10:00,8.87,8.0
2026-05-08,KLKIM,elenen,orta,8.3,0.459,34.0,15dk,gun_sonu,34.2,18:00,0.56,1.29,-1.47,11:15,10:00,34.44,33.5
2026-05-08,KRPLS,elenen,orta,6.7,0.733,9.81,15dk,hedef,10.1043,10:00,2.97,4.59,-0.61,10:15,17:45,10.26,9.75
2026-05-08,NUHCM,elenen,orta,5.7,0.271,240.0,15dk,gun_sonu,242.0,18:00,0.8,2.71,-1.04,14:45,10:00,246.5,237.5
2026-05-08,OFSYM,elenen,orta,13.0,0.675,66.8,15dk,stop,64.796,10:15,-3.03,2.17,-7.11,17:30,14:15,68.25,62.05
2026-05-08,PAGYO,elenen,tepe,6.8,0.961,142.7,15dk,hedef,146.981,10:15,2.97,8.9,-3.99,17:30,17:45,155.4,137.0
2026-05-08,RTALB,elenen,orta,44.0,0.566,3.84,15dk,hedef,3.9552,10:00,2.97,4.17,-0.26,18:00,10:00,4.0,3.83
2026-05-08,SAYAS,elenen,tepe,8.4,0.809,55.55,15dk,hedef,57.2165,10:00,2.97,7.92,-0.9,10:00,10:00,59.95,55.05
2026-05-08,TNZTP,elenen,orta,7.3,0.661,28.02,15dk,stop,27.1794,10:15,-3.03,1.93,-4.71,10:30,17:45,28.56,26.7
2026-05-08,VBTYZ,elenen,tepe,25.6,0.982,25.8,15dk,stop,25.026,10:15,-3.03,0.7,-6.98,10:00,11:15,25.98,24.0
2026-05-08,VKING,elenen,orta,7.6,0.218,28.46,15dk,hedef,29.3138,10:45,2.97,3.3,-1.97,10:45,10:00,29.4,27.9
2026-05-08,YEOTK,elenen,tepe,6.4,1.037,74.8,15dk,stop,72.556,12:00,-3.03,7.75,-3.68,18:00,12:00,80.6,72.05
2026-05-11,AKENR,elenen,orta,27.4,0.646,12.43,15dk,hedef,12.8029,10:00,2.97,5.31,-3.22,10:00,10:15,13.09,12.03
2026-05-11,ANGEN,elenen,tepe,32.4,0.96,14.13,15dk,hedef,14.5539,12:45,2.97,4.03,-3.75,18:00,10:00,14.7,13.6
2026-05-11,BLUME,elenen,orta,8.3,0.427,42.5,15dk,hedef,43.775,10:00,2.97,4.56,-2.96,10:00,12:00,44.44,41.24
2026-05-11,DEVA,elenen,orta,5.1,0.68,71.9,15dk,gun_sonu,71.3,18:00,-0.87,2.5,-2.71,16:30,10:00,73.7,69.95
2026-05-11,DOKTA,elenen,orta,17.7,0.515,28.14,15dk,gun_sonu,27.92,18:00,-0.81,1.63,-4.9,10:00,10:00,28.6,26.76
2026-05-11,ECZYT,elenen,tepe,6.8,0.802,374.75,15dk,hedef,385.9925,10:00,2.97,6.6,-0.87,11:00,12:00,399.5,371.5
2026-05-11,EYGYO,elenen,orta,20.7,0.279,3.06,15dk,hedef,3.1518,10:00,2.97,6.86,0.0,11:00,10:00,3.27,3.06
2026-05-11,FADE,elenen,orta,14.3,0.672,16.3,15dk,gun_sonu,16.21,18:00,-0.59,1.96,-0.61,10:00,17:45,16.62,16.2
2026-05-11,FONET,elenen,tepe,10.7,0.953,6.0,15dk,hedef,6.18,10:00,2.97,6.5,-1.0,10:15,10:00,6.39,5.94
2026-05-11,FZLGY,elenen,orta,8.7,0.595,15.26,15dk,hedef,15.7178,11:45,2.97,3.54,-2.36,11:45,10:00,15.8,14.9
2026-05-11,GENIL,elenen,orta,10.8,0.243,9.02,15dk,hedef,9.2906,10:00,2.97,4.88,-0.22,18:00,10:00,9.46,9.0
2026-05-11,GLBMD,elenen,orta,6.6,0.401,12.12,15dk,gun_sonu,12.18,18:00,0.46,2.06,-0.5,10:00,12:30,12.37,12.06
2026-05-11,HUNER,elenen,orta,5.8,0.29,3.53,15dk,hedef,3.6359,10:00,2.97,3.4,-1.13,10:00,17:00,3.65,3.49
2026-05-11,IDGYO,elenen,orta,8.9,0.498,3.63,15dk,hedef,3.7389,10:30,2.97,9.09,-4.96,14:30,10:00,3.96,3.45
2026-05-11,IZINV,elenen,tepe,30.9,0.861,86.0,15dk,stop,83.42,10:15,-3.03,1.74,-8.08,10:00,12:30,87.5,79.05
2026-05-11,IZMDC,elenen,tepe,9.4,0.903,9.06,15dk,hedef,9.3318,10:00,2.97,4.53,-5.85,10:00,17:45,9.47,8.53
2026-05-11,KGYO,elenen,tepe,49.0,0.837,11.68,15dk,hedef,12.0304,10:00,2.97,12.84,-4.88,17:45,10:00,13.18,11.11
2026-05-11,KLSYN,elenen,orta,8.7,0.774,11.83,15dk,stop,11.4751,10:30,-3.03,2.7,-4.65,14:45,11:45,12.15,11.28
2026-05-11,KNFRT,elenen,orta,5.5,0.205,12.54,15dk,hedef,12.9162,10:00,2.97,7.66,-0.32,15:45,10:00,13.5,12.5
2026-05-11,KRDMB,elenen,tepe,15.0,0.932,92.5,15dk,hedef,95.275,10:00,2.97,5.89,-0.11,14:30,10:00,97.95,92.4
2026-05-11,KRTEK,elenen,orta,6.1,0.231,26.9,15dk,hedef,27.707,11:00,2.97,4.09,-1.49,11:00,10:00,28.0,26.5
2026-05-11,KUTPO,elenen,orta,14.0,0.4,103.0,15dk,gun_sonu,104.0,18:00,0.94,2.82,-1.17,17:15,13:00,105.9,101.8
2026-05-11,MEDTR,elenen,orta,9.1,0.445,31.06,15dk,hedef,31.9918,10:00,2.97,5.92,0.0,15:45,10:00,32.9,31.06
2026-05-11,METRO,elenen,tepe,8.7,0.908,7.11,15dk,stop,6.8967,14:15,-3.03,2.53,-3.94,10:00,16:00,7.29,6.83
2026-05-11,OFSYM,elenen,orta,12.9,0.73,69.3,15dk,stop,67.221,10:15,-3.03,2.89,-9.09,10:00,11:00,71.3,63.0
2026-05-11,OZSUB,elenen,tepe,7.9,0.962,30.2,15dk,gun_sonu,30.0,18:00,-0.7,1.99,-4.7,10:15,10:00,30.8,28.78
2026-05-11,PENTA,elenen,orta,5.4,0.539,16.09,15dk,gun_sonu,16.15,18:00,0.34,2.18,-0.87,17:15,12:00,16.44,15.95
2026-05-11,PNLSN,elenen,orta,5.9,0.687,48.2,15dk,hedef,49.646,10:00,2.97,5.39,0.0,16:45,10:00,50.8,48.2
2026-05-11,RTALB,elenen,orta,24.1,0.76,4.27,15dk,hedef,4.3981,10:00,2.97,3.04,-1.64,18:00,10:00,4.4,4.2
2026-05-11,SEGMN,elenen,tepe,11.1,0.958,68.9,15dk,stop,66.833,10:15,-3.03,0.8,-4.93,18:00,10:30,69.45,65.5
2026-05-11,SKTAS,elenen,orta,7.5,0.584,4.2,15dk,stop,4.074,10:15,-3.03,5.48,-4.29,14:00,18:00,4.43,4.02
2026-05-11,SNGYO,elenen,orta,6.5,0.353,4.06,15dk,stop,3.9382,11:45,-3.03,0.49,-4.43,10:00,15:45,4.08,3.88
2026-05-11,SNICA,elenen,orta,8.4,0.443,4.6,15dk,gun_sonu,4.55,18:00,-1.12,0.43,-2.61,10:00,10:15,4.62,4.48
2026-05-11,TLMAN,elenen,orta,5.2,0.637,102.0,15dk,gun_sonu,101.1,18:00,-0.92,1.76,-1.27,10:00,10:30,103.8,100.7
2026-05-11,UNLU,elenen,orta,9.5,0.231,14.08,15dk,hedef,14.5024,10:15,2.97,4.26,0.14,10:45,10:00,14.68,14.1
2026-05-11,YATAS,elenen,tepe,184.2,0.807,44.06,15dk,hedef,45.3818,16:45,2.97,4.18,0.0,16:45,18:00,45.9,44.06
2026-05-11,YEOTK,elenen,tepe,5.9,1.05,83.0,15dk,hedef,85.49,10:15,2.97,6.81,-1.69,12:30,10:00,88.65,81.6
2026-05-11,YUNSA,elenen,orta,18.2,0.691,9.19,15dk,hedef,9.4657,10:00,2.97,4.03,-0.44,10:00,10:00,9.56,9.15
2026-05-12,A1YEN,elenen,tepe,5.8,0.956,3.99,15dk,hedef,4.1097,10:00,2.97,3.76,-3.01,10:15,11:30,4.14,3.87
2026-05-12,ANGEN,elenen,tepe,9.5,1.082,15.12,15dk,hedef,15.5736,10:00,2.97,5.82,-12.5,10:00,17:30,16.0,13.23
2026-05-12,ARSAN,elenen,orta,10.0,0.734,4.21,15dk,hedef,4.3363,10:00,2.97,4.51,-4.99,10:45,17:45,4.4,4.0
2026-05-12,AVHOL,elenen,orta,8.2,0.237,39.48,15dk,gun_sonu,40.02,18:00,1.33,1.37,-1.98,18:00,10:00,40.02,38.7
2026-05-12,BAGFS,elenen,orta,80.2,0.59,34.4,15dk,hedef,35.432,12:00,2.97,5.52,-0.35,12:15,11:30,36.3,34.28
2026-05-12,BAKAB,elenen,tepe,13.0,0.925,49.62,15dk,stop,48.1314,10:15,-3.03,0.44,-4.88,18:00,11:30,49.84,47.2
2026-05-12,BVSAN,elenen,orta,13.5,0.674,137.9,15dk,stop,133.763,10:15,-3.03,1.45,-4.35,13:00,10:45,139.9,131.9
2026-05-12,DITAS,elenen,orta,19.1,0.625,37.98,15dk,hedef,39.1194,10:00,2.97,9.95,-0.05,18:00,10:00,41.76,37.96
2026-05-12,DMSAS,elenen,orta,10.7,0.303,9.08,15dk,gun_sonu,9.13,18:00,0.52,2.64,0.33,10:45,10:00,9.32,9.11
2026-05-12,EGGUB,elenen,tepe,13.1,0.871,133.0,15dk,stop,129.01,10:15,-3.03,1.88,-3.76,10:00,18:00,135.5,128.0
2026-05-12,EKOS,elenen,tepe,13.4,1.0,8.45,15dk,hedef,8.7035,10:00,2.97,4.5,-5.21,10:00,17:45,8.83,8.01
2026-05-12,ELITE,elenen,orta,25.5,0.515,36.0,15dk,hedef,37.08,13:15,2.97,12.17,-2.78,14:15,11:00,40.38,35.0
2026-05-12,ENDAE,elenen,orta,7.7,0.53,17.56,15dk,hedef,18.0868,10:00,2.97,5.92,-0.51,14:15,10:00,18.6,17.47
2026-05-12,ERBOS,elenen,tepe,17.0,0.911,217.9,15dk,hedef,224.437,10:15,2.97,3.72,-2.39,10:15,18:00,226.0,212.7
2026-05-12,ERCB,elenen,orta,14.3,0.31,65.0,15dk,stop,63.05,10:15,-3.03,0.0,-3.85,10:00,10:00,65.0,62.5
2026-05-12,GEDIK,elenen,orta,25.8,0.333,6.26,15dk,hedef,6.4478,10:00,2.97,3.99,-4.15,10:00,17:45,6.51,6.0
2026-05-12,GENIL,elenen,orta,18.0,0.362,9.95,15dk,hedef,10.2485,10:15,2.97,4.42,-6.73,10:15,17:45,10.39,9.28
2026-05-12,GOZDE,elenen,orta,9.2,0.419,21.04,15dk,hedef,21.6712,10:00,2.97,4.56,0.19,10:00,10:00,22.0,21.08
2026-05-12,GRSEL,elenen,orta,5.8,0.598,333.0,15dk,stop,323.01,10:15,-3.03,-0.15,-4.5,10:00,13:45,332.5,318.0
2026-05-12,HRKET,elenen,orta,11.5,0.653,80.9,15dk,stop,78.473,17:00,-3.03,0.93,-5.07,10:30,18:00,81.65,76.8
2026-05-12,INDES,elenen,tepe,15.7,0.98,11.81,15dk,stop,11.4557,10:15,-3.03,0.0,-6.86,10:00,10:15,11.81,11.0
2026-05-12,INFO,elenen,orta,7.5,0.571,4.13,15dk,stop,4.0061,10:15,-3.03,2.91,-4.12,10:00,13:15,4.25,3.96
2026-05-12,ISGYO,elenen,orta,5.7,0.564,20.18,15dk,stop,19.5746,17:45,-3.03,0.2,-3.07,12:00,17:45,20.22,19.56
2026-05-12,KATMR,elenen,orta,9.3,0.644,3.26,15dk,hedef,3.3578,10:00,2.97,3.99,-1.84,10:00,17:45,3.39,3.2
2026-05-12,KFEIN,elenen,orta,5.2,0.311,9.4,15dk,gun_sonu,9.31,18:00,-0.99,2.55,-2.66,14:00,10:00,9.64,9.15
2026-05-12,KNFRT,elenen,orta,7.5,0.236,13.0,15dk,hedef,13.39,11:15,2.97,3.0,-4.69,11:15,17:45,13.39,12.39
2026-05-12,KONKA,elenen,orta,15.1,0.788,16.65,15dk,stop,16.1505,17:45,-3.03,0.9,-3.9,10:00,18:00,16.8,16.0
2026-05-12,KUTPO,elenen,orta,6.6,0.394,102.6,15dk,stop,99.522,10:15,-3.03,-0.1,-4.97,10:00,10:00,102.5,97.5
2026-05-12,LYDYE,elenen,orta,12.5,0.463,15952.5,15dk,gun_sonu,15820.0,18:00,-0.86,0.91,-0.92,12:15,17:45,16097.5,15805.0
2026-05-12,MACKO,elenen,tepe,5.9,0.83,44.0,15dk,gun_sonu,43.8,18:00,-0.49,1.55,-2.68,10:45,17:45,44.68,42.82
2026-05-12,ONCSM,elenen,orta,5.2,0.742,298.5,15dk,hedef,307.455,10:00,2.97,10.55,-5.53,15:00,12:45,330.0,282.0
2026-05-12,OSMEN,elenen,orta,5.3,0.344,8.32,15dk,stop,8.0704,14:45,-3.03,1.2,-3.25,16:15,15:15,8.42,8.05
2026-05-12,OZRDN,elenen,orta,5.2,0.739,31.9,1dk,hedef,32.857,13:06,2.97,4.76,-2.57,13:09,10:06,33.42,31.08
2026-05-12,PNSUT,elenen,tepe,8.0,1.054,17.9,15dk,hedef,18.437,10:00,2.97,6.03,-4.92,10:00,11:45,18.98,17.02
2026-05-12,PRKAB,elenen,orta,45.0,0.425,44.5,15dk,stop,43.165,10:15,-3.03,0.31,-8.76,10:00,10:15,44.64,40.6
2026-05-12,PRKME,elenen,orta,7.0,0.4,20.9,15dk,stop,20.273,12:45,-3.03,0.0,-4.4,10:00,13:30,20.9,19.98
2026-05-12,RGYAS,elenen,tepe,49.8,0.873,186.0,15dk,stop,180.42,13:00,-3.03,1.02,-4.95,10:15,14:30,187.9,176.8
2026-05-12,RTALB,elenen,tepe,9.0,0.991,4.78,15dk,stop,4.6366,10:45,-3.03,1.26,-11.3,10:45,17:45,4.84,4.24
2026-05-12,TCKRC,elenen,tepe,5.2,0.988,118.0,15dk,hedef,121.54,11:00,2.97,7.2,-2.2,17:15,10:00,126.5,115.4
2026-05-12,TLMAN,elenen,orta,24.5,0.532,97.0,15dk,gun_sonu,96.1,18:00,-0.96,1.65,-1.03,10:00,10:30,98.6,96.0
2026-05-12,TRCAS,elenen,tepe,9.1,0.903,53.0,15dk,stop,51.41,11:00,-3.03,1.6,-5.0,10:00,17:45,53.85,50.35
2026-05-12,YKSLN,elenen,tepe,16.2,0.851,3.98,15dk,hedef,4.0994,10:00,2.97,3.27,-7.79,10:00,16:30,4.11,3.67
2026-05-12,ZRGYO,elenen,orta,5.4,0.228,22.14,15dk,gun_sonu,21.5,18:00,-2.92,0.18,-2.89,10:00,18:00,22.18,21.5
2026-05-13,ACSEL,elenen,tepe,5.2,1.082,159.0,15dk,hedef,163.77,10:00,2.97,6.54,-2.33,10:45,17:15,169.4,155.3
2026-05-13,AKENR,elenen,tepe,7.0,0.922,13.85,15dk,hedef,14.2655,10:00,2.97,6.64,-1.66,10:45,10:00,14.77,13.62
2026-05-13,BAKAB,elenen,tepe,13.2,0.962,50.5,15dk,stop,48.985,10:15,-3.03,2.97,-7.13,10:00,18:00,52.0,46.9
2026-05-13,BJKAS,elenen,orta,5.2,0.398,1.83,15dk,stop,1.7751,11:30,-3.03,2.19,-11.48,10:00,17:45,1.87,1.62
2026-05-13,DUNYH,elenen,tepe,7.3,0.809,126.7,15dk,stop,122.899,10:15,-3.03,1.03,-6.87,10:00,11:15,128.0,118.0
2026-05-13,ETYAT,elenen,orta,10.1,0.711,8.0,1dk,gun_sonu,8.11,18:08,1.34,2.5,-1.0,17:22,10:41,8.2,7.92
2026-05-13,KORDS,elenen,tepe,7.6,1.063,81.0,15dk,stop,78.57,10:15,-3.03,7.28,-3.46,18:00,10:15,86.9,78.2
2026-05-13,MNDTR,elenen,orta,7.1,0.301,6.25,1dk,stop,6.0625,17:20,-3.03,1.76,-3.2,10:43,17:43,6.36,6.05
2026-05-13,ONCSM,elenen,tepe,5.5,0.833,326.0,15dk,stop,316.22,12:30,-3.03,8.21,-3.07,16:45,12:30,352.75,316.0
2026-05-13,ORGE,elenen,tepe,5.7,0.933,97.6,15dk,stop,94.672,11:15,-3.03,1.74,-4.15,10:30,11:30,99.3,93.55
2026-05-13,RGYAS,elenen,orta,13.3,0.702,173.0,15dk,hedef,178.19,10:00,2.97,13.47,-1.04,14:30,10:30,196.3,171.2
2026-05-13,TRCAS,elenen,orta,5.1,0.739,48.02,15dk,stop,46.5794,14:00,-3.03,0.29,-5.0,10:00,16:15,48.16,45.62
2026-05-13,ULUSE,elenen,tepe,8.7,0.931,266.25,15dk,hedef,274.2375,10:00,2.97,6.2,-2.25,18:00,10:00,282.75,260.25
2026-05-13,UNLU,elenen,orta,6.9,0.322,14.7,15dk,stop,14.259,13:45,-3.03,1.84,-6.67,10:00,17:30,14.97,13.72
2026-05-14,ALKA,elenen,orta,20.1,0.528,12.01,15dk,stop,11.6497,16:30,-3.03,1.33,-3.91,10:00,18:00,12.17,11.54
2026-05-14,ANGEN,elenen,tepe,6.0,0.841,14.98,15dk,stop,14.5306,10:15,-3.03,2.8,-7.14,16:45,12:15,15.4,13.91
2026-05-14,BESLR,elenen,orta,12.3,0.631,15.69,15dk,hedef,16.1607,11:00,2.97,6.12,-0.38,13:15,10:00,16.65,15.63
2026-05-14,BRLSM,elenen,tepe,50.5,0.824,18.1,15dk,hedef,18.643,10:00,2.97,6.96,0.0,18:00,10:00,19.36,18.1
2026-05-14,BVSAN,elenen,orta,11.6,0.695,139.7,15dk,hedef,143.891,10:00,2.97,9.16,-0.5,18:00,10:30,152.5,139.0
2026-05-14,EUYO,elenen,orta,7.3,0.792,6.0,15dk,hedef,6.18,10:00,2.97,5.0,-5.0,10:00,17:45,6.3,5.7
2026-05-14,HUNER,elenen,orta,12.9,0.415,3.79,15dk,hedef,3.9037,10:00,2.97,4.75,-3.96,10:00,12:45,3.97,3.64
2026-05-14,KORDS,elenen,tepe,17.5,1.104,91.0,15dk,hedef,93.73,10:15,2.97,3.63,-4.67,10:15,16:30,94.3,86.75
2026-05-14,KRDMB,elenen,tepe,11.9,0.955,94.5,15dk,hedef,97.335,13:15,2.97,4.29,-0.79,18:00,10:00,98.55,93.75
2026-05-14,KRONT,elenen,orta,13.2,0.547,16.99,15dk,hedef,17.4997,10:00,2.97,9.12,-0.53,17:30,10:00,18.54,16.9
2026-05-14,LILAK,elenen,orta,6.1,0.663,36.0,15dk,hedef,37.08,10:00,2.97,5.11,-0.56,10:00,10:00,37.84,35.8
2026-05-14,PEKGY,elenen,orta,6.2,0.78,15.77,15dk,stop,15.2969,10:15,-3.03,0.51,-3.87,10:00,18:00,15.85,15.16
2026-05-14,PINSU,elenen,orta,14.3,0.674,12.25,15dk,gun_sonu,12.2,18:00,-0.44,1.14,-4.9,16:00,10:00,12.39,11.65
2026-05-14,PRKAB,elenen,orta,9.3,0.446,45.48,15dk,hedef,46.8444,10:30,2.97,8.27,-4.49,18:00,10:00,49.24,43.44
2026-05-14,TEZOL,elenen,orta,9.2,0.653,18.29,15dk,gun_sonu,18.61,18:00,1.72,2.73,0.05,14:30,10:00,18.79,18.3
2026-05-14,TSPOR,elenen,orta,14.2,0.352,1.03,15dk,gun_sonu,1.02,18:00,-1.0,0.0,-1.94,10:00,17:45,1.03,1.01
2026-05-15,ARTMS,elenen,orta,20.1,0.538,43.24,15dk,gun_sonu,43.18,18:00,-0.17,0.69,-1.25,15:00,10:45,43.54,42.7
2026-05-15,AYES,elenen,tepe,6.7,0.874,30.0,1dk,gun_sonu,30.0,18:08,-0.03,0.0,0.0,18:08,18:08,30.0,30.0
2026-05-15,BORSK,elenen,tepe,9.4,0.971,7.96,15dk,stop,7.7212,10:15,-3.03,0.13,-8.79,10:00,17:30,7.97,7.26
2026-05-15,BRLSM,elenen,tepe,11.9,1.1,20.0,15dk,hedef,20.6,10:00,2.97,6.4,-0.5,18:00,10:00,21.28,19.9
2026-05-15,CEOEM,elenen,orta,113.5,0.322,26.96,15dk,hedef,27.7688,10:00,2.97,9.5,-1.71,11:00,18:00,29.52,26.5
2026-05-15,CRDFA,elenen,tepe,40.9,1.022,36.2,1dk,hedef,37.286,10:17,2.97,5.14,-0.55,15:42,10:00,38.06,36.0
2026-05-15,DSTKF,elenen,orta,50.9,0.579,1767.0,15dk,hedef,1820.01,10:00,2.97,14.88,0.0,10:00,10:00,2030.0,1767.0
2026-05-15,GARFA,elenen,tepe,5.3,0.892,33.5,1dk,hedef,34.505,16:51,2.97,7.16,2.27,17:31,16:48,35.9,34.26
2026-05-15,GEDIK,elenen,orta,37.6,0.376,6.56,15dk,hedef,6.7568,10:00,2.97,6.4,-0.46,18:00,10:00,6.98,6.53
2026-05-15,INVEO,elenen,orta,24.3,0.335,8.89,15dk,hedef,9.1567,10:00,2.97,8.21,-2.7,10:00,17:45,9.62,8.65
2026-05-15,ISGYO,elenen,orta,5.7,0.621,20.76,15dk,stop,20.1372,16:30,-3.03,2.12,-3.66,17:45,16:45,21.2,20.0
2026-05-15,MAALT,elenen,orta,18.1,0.57,1163.0,1dk,stop,1128.11,10:20,-3.03,1.29,-10.66,10:00,10:58,1178.0,1039.0
2026-05-15,NTGAZ,elenen,tepe,8.6,0.891,13.25,15dk,gun_sonu,13.25,18:00,-0.03,0.91,-1.06,11:30,10:00,13.37,13.11
2026-05-15,PRKAB,elenen,orta,6.2,0.516,48.7,15dk,hedef,50.161,10:00,2.97,4.31,-8.79,10:15,17:15,50.8,44.42
2026-05-15,SNICA,elenen,orta,6.6,0.321,4.33,15dk,stop,4.2001,11:30,-3.03,4.62,-3.0,17:45,15:45,4.53,4.2
2026-05-15,YGGYO,elenen,tepe,13.3,0.915,235.0,1dk,hedef,242.05,10:34,2.97,3.57,-1.23,10:37,15:22,243.4,232.1
2026-05-18,ARMGD,elenen,orta,39.6,0.679,117.4,1dk,hedef,120.922,10:00,2.97,20.7,-0.68,10:18,10:09,141.7,116.6
2026-05-18,AYES,elenen,tepe,5.1,0.874,30.0,1dk,gun_sonu,30.0,18:09,-0.03,0.0,0.0,18:09,18:09,30.0,30.0
2026-05-18,BESLR,elenen,orta,8.6,0.748,16.35,15dk,stop,15.8595,15:00,-3.03,0.92,-3.91,11:15,15:00,16.5,15.71
2026-05-18,BRLSM,elenen,tepe,15.1,1.128,22.34,1dk,hedef,23.0102,13:02,2.97,4.74,4.74,18:09,18:09,23.4,23.4
2026-05-18,DAPGM,elenen,orta,5.6,0.239,10.8,1dk,stop,10.476,16:41,-3.03,0.56,-6.11,13:57,18:09,10.86,10.14
2026-05-18,DUNYH,elenen,tepe,5.7,0.99,144.2,15dk,hedef,148.526,10:30,2.97,5.76,-4.09,18:00,10:00,152.5,138.3
2026-05-18,EGEPO,elenen,tepe,13.0,0.93,19.1,1dk,gun_sonu,19.18,18:05,0.39,1.05,-2.41,16:19,17:54,19.3,18.64
2026-05-18,GARFA,elenen,tepe,6.8,0.983,35.66,1dk,stop,34.5902,10:19,-3.03,5.16,-6.0,12:37,17:31,37.5,33.52
2026-05-18,GEDIK,elenen,orta,28.6,0.496,7.4,1dk,hedef,7.622,12:23,2.97,3.65,3.65,18:09,18:09,7.67,7.67
2026-05-18,GSDHO,elenen,tepe,8.1,0.996,6.0,15dk,hedef,6.18,10:00,2.97,5.17,-10.67,10:15,18:00,6.31,5.36
2026-05-18,ISGYO,elenen,orta,10.3,0.653,21.08,15dk,gun_sonu,21.1,18:00,0.06,2.09,-2.75,17:15,14:30,21.52,20.5
2026-05-18,LUKSK,elenen,orta,5.8,0.539,112.5,15dk,stop,109.125,10:30,-3.03,0.27,-7.11,10:00,18:00,112.8,104.5
2026-05-18,ONRYT,elenen,orta,8.9,0.42,71.5,1dk,hedef,73.645,13:04,2.97,3.01,-5.24,13:04,18:09,73.65,67.75
2026-05-18,TGSAS,elenen,orta,50.4,0.634,188.0,1dk,hedef,193.64,10:01,2.97,5.21,-2.77,15:47,11:14,197.8,182.8
2026-05-18,TSPOR,elenen,orta,7.3,0.318,1.0,1dk,gun_sonu,0.99,18:08,-1.03,0.0,-1.0,17:59,18:08,1.0,0.99
2026-05-18,VKFYO,elenen,orta,7.6,0.351,31.5,15dk,gun_sonu,31.0,18:00,-1.62,0.95,-2.6,10:30,14:00,31.8,30.68
2026-05-18,YATAS,elenen,tepe,8.7,0.948,47.66,1dk,stop,46.2302,10:15,-3.03,0.0,-7.09,10:00,17:41,47.66,44.28
2026-05-20,ACSEL,elenen,tepe,7.3,0.895,161.4,1dk,stop,156.558,10:25,-3.03,2.85,-7.62,10:10,17:36,166.0,149.1
2026-05-20,ATATP,elenen,tepe,6.2,1.047,213.3,1dk,stop,206.901,11:46,-3.03,1.41,-10.88,10:00,15:14,216.3,190.1
2026-05-20,EKSUN,elenen,tepe,9.8,0.903,7.4,1dk,hedef,7.622,10:04,2.97,6.76,-1.35,16:33,12:26,7.9,7.3
2026-05-20,GEDIK,elenen,orta,8.6,0.57,7.91,1dk,stop,7.6727,10:16,-3.03,1.77,-12.64,10:00,18:08,8.05,6.91
2026-05-20,ICBCT,elenen,tepe,24.6,1.093,21.0,15dk,stop,20.37,10:15,-3.03,0.67,-10.29,10:00,14:45,21.14,18.84
2026-05-20,ISSEN,elenen,tepe,34.3,1.152,11.1,1dk,hedef,11.433,10:03,2.97,3.06,-14.14,10:05,15:43,11.44,9.53
2026-05-20,KFEIN,elenen,orta,86.6,0.596,10.6,1dk,hedef,10.918,10:03,2.97,5.19,-9.91,17:00,17:44,11.15,9.55
2026-05-20,RODRG,elenen,tepe,6.5,0.811,31.54,15dk,stop,30.5938,10:15,-3.03,3.04,-4.95,14:30,10:00,32.5,29.98
2026-05-20,SANFM,elenen,orta,17.3,0.574,8.35,1dk,stop,8.0995,14:35,-3.03,2.87,-4.07,10:34,17:12,8.59,8.01
2026-05-20,SERNT,elenen,orta,12.3,0.648,10.64,1dk,stop,10.3208,10:16,-3.03,3.38,-10.15,12:20,17:35,11.0,9.56
2026-05-20,SMART,elenen,orta,8.8,0.726,36.76,15dk,hedef,37.8628,10:15,2.97,9.09,-3.37,10:30,10:00,40.1,35.52
2026-05-20,VBTYZ,elenen,tepe,9.6,1.072,27.78,15dk,hedef,28.6134,10:15,2.97,4.75,-9.58,10:30,17:00,29.1,25.12
2026-05-21,DUNYH,elenen,tepe,33.6,1.129,179.0,15dk,stop,173.63,10:15,-3.03,0.0,-17.54,10:00,18:00,179.0,147.6
2026-05-21,ETYAT,elenen,orta,7.4,0.782,8.5,1dk,stop,8.245,10:46,-3.03,2.0,-3.76,14:04,11:36,8.67,8.18
2026-05-21,INTEM,elenen,orta,6.8,0.41,300.0,1dk,stop,291.0,10:24,-3.03,0.58,-12.0,10:15,18:08,301.75,264.0
2026-05-21,LYDYE,elenen,orta,5.1,0.47,16027.5,1dk,stop,15546.675,17:41,-3.03,1.53,-4.98,14:41,18:08,16272.5,15230.0
2026-05-21,NIBAS,elenen,orta,5.6,0.471,6.93,1dk,hedef,7.1379,10:02,2.97,5.92,-12.99,10:02,18:09,7.34,6.03
2026-05-21,OZGYO,elenen,tepe,7.2,0.831,2.32,15dk,stop,2.2504,10:15,-3.03,0.0,-10.78,10:00,18:00,2.32,2.07
2026-05-21,PNLSN,elenen,orta,7.7,0.709,48.8,15dk,stop,47.336,10:15,-3.03,0.0,-12.46,10:00,18:00,48.8,42.72
2026-05-21,TRGYO,elenen,orta,6.8,0.736,94.9,1dk,stop,92.053,17:36,-3.03,0.11,-4.95,10:00,17:40,95.0,90.2
2026-05-21,TSPOR,elenen,orta,5.6,0.284,0.97,1dk,stop,0.9409,17:31,-3.03,1.03,-6.19,10:00,18:09,0.98,0.91
2026-05-21,VERTU,elenen,orta,63.7,0.396,42.64,15dk,stop,41.3608,10:15,-3.03,0.09,-12.62,10:00,18:00,42.68,37.26
2026-05-21,VERUS,elenen,tepe,5.7,0.979,571.5,15dk,gun_sonu,573.0,18:00,0.23,2.71,0.26,10:30,18:00,587.0,573.0
2026-05-22,ADGYO,elenen,orta,9.4,0.509,50.0,1dk,hedef,51.5,10:00,2.97,17.0,0.0,17:52,10:00,58.5,50.0
2026-05-22,AGESA,elenen,orta,13.5,0.715,221.0,1dk,hedef,227.63,10:00,2.97,6.33,0.18,18:09,10:00,235.0,221.4
2026-05-22,AGYO,elenen,orta,9.1,0.507,8.08,1dk,hedef,8.3224,10:00,2.97,12.0,0.0,15:11,10:00,9.05,8.08
2026-05-22,ALGYO,elenen,orta,5.8,0.604,6.03,15dk,hedef,6.2109,10:15,2.97,13.93,-0.5,16:15,10:15,6.87,6.0
2026-05-22,CEMZY,elenen,orta,9.7,0.77,12.0,1dk,hedef,12.36,10:00,2.97,13.33,0.58,18:09,10:00,13.6,12.07
2026-05-22,ELITE,elenen,orta,13.0,0.468,35.3,1dk,hedef,36.359,10:00,2.97,10.88,0.4,11:24,10:00,39.14,35.44
2026-05-22,INVES,elenen,orta,13.1,0.63,590.0,15dk,hedef,607.7,10:30,2.97,3.73,-0.17,13:30,10:15,612.0,589.0
2026-05-22,IZFAS,elenen,orta,7.7,0.68,61.2,1dk,hedef,63.036,13:07,2.97,5.15,-2.61,16:40,10:06,64.35,59.6
2026-05-22,LUKSK,elenen,orta,10.6,0.233,90.1,15dk,hedef,92.803,10:00,2.97,9.6,0.06,16:15,10:00,98.75,90.15
2026-05-22,LYDHO,elenen,orta,6.4,0.653,177.6,15dk,hedef,182.928,10:00,2.97,7.15,0.28,16:15,10:00,190.3,178.1
2026-05-22,MAALT,elenen,orta,5.4,0.442,1040.0,1dk,hedef,1071.2,10:00,2.97,16.35,0.1,18:05,10:00,1210.0,1041.0
2026-05-22,OZGYO,elenen,orta,6.0,0.674,2.12,15dk,hedef,2.1836,12:15,2.97,3.77,-1.42,18:00,10:00,2.2,2.09
2026-05-22,PSDTC,elenen,orta,6.0,0.276,118.0,1dk,hedef,121.54,15:10,2.97,4.66,1.1,16:02,12:55,123.5,119.3
2026-05-22,RYSAS,elenen,orta,10.2,0.577,19.06,1dk,hedef,19.6318,10:12,2.97,5.77,-1.47,17:10,10:46,20.16,18.78
2026-05-22,SANEL,elenen,orta,5.4,0.438,33.64,1dk,hedef,34.6492,10:00,2.97,14.45,0.0,10:24,10:00,38.5,33.64
2026-05-22,VERUS,elenen,tepe,10.4,0.967,573.0,15dk,hedef,590.19,10:00,2.97,4.71,-0.35,10:00,10:00,600.0,571.0
2026-05-25,AKCNS,elenen,tepe,8.0,0.945,218.9,15dk,gun_sonu,217.4,18:00,-0.72,1.64,-2.47,10:00,14:45,222.5,213.5
2026-05-25,ATAKP,elenen,orta,6.0,0.598,53.65,1dk,gun_sonu,54.55,18:09,1.64,2.89,0.09,10:16,12:59,55.2,53.7
2026-05-25,BAYRK,elenen,orta,15.7,0.342,5.85,1dk,stop,5.6745,12:17,-3.03,2.56,-5.13,10:09,18:09,6.0,5.55
2026-05-25,BORSK,elenen,orta,5.0,0.664,6.92,1dk,stop,6.7124,10:15,-3.03,2.31,-4.62,10:00,13:30,7.08,6.6
2026-05-25,DURDO,elenen,tepe,23.5,0.907,5.0,1dk,hedef,5.15,10:02,2.97,5.4,0.2,17:57,10:00,5.27,5.01
2026-05-25,LIDFA,elenen,orta,5.5,0.534,2.94,1dk,hedef,3.0282,10:00,2.97,7.48,-1.02,10:31,10:00,3.16,2.91
2026-05-26,A1CAP,elenen,orta,10.8,0.303,10.01,15dk,gun_sonu,9.85,12:30,-1.63,0.8,-1.9,10:00,12:15,10.09,9.82
2026-05-26,ACSEL,elenen,tepe,33.8,0.907,167.1,1dk,stop,162.087,10:44,-3.03,1.62,-4.13,10:00,12:39,169.8,160.2
2026-05-26,ADEL,elenen,orta,14.1,0.213,34.0,1dk,stop,32.98,10:41,-3.03,-0.06,-3.65,10:00,10:42,33.98,32.76
2026-05-26,ADGYO,elenen,orta,13.8,0.679,57.8,1dk,stop,56.066,12:09,-3.03,0.52,-4.15,10:04,12:20,58.1,55.4
2026-05-26,AGESA,elenen,tepe,6.4,0.804,231.9,1dk,gun_sonu,230.6,12:35,-0.59,0.17,-1.38,11:27,10:53,232.3,228.7
2026-05-26,AKCNS,elenen,tepe,40.0,0.925,216.8,15dk,hedef,223.304,11:30,2.97,5.49,0.05,12:00,10:00,228.7,216.9
2026-05-26,AKENR,elenen,orta,13.6,0.535,12.25,1dk,gun_sonu,12.26,12:39,0.05,2.69,-2.53,12:11,10:43,12.58,11.94
2026-05-26,AKFGY,elenen,orta,18.5,0.695,2.79,1dk,gun_sonu,2.78,12:39,-0.39,0.36,-1.08,12:14,11:00,2.8,2.76
2026-05-26,AKFIS,elenen,tepe,55.3,0.952,65.75,15dk,hedef,67.7225,10:00,2.97,3.04,-2.13,10:00,11:00,67.75,64.35
2026-05-26,AKFYE,elenen,orta,9.4,0.63,21.64,15dk,gun_sonu,21.4,12:30,-1.14,0.18,-1.76,10:00,10:30,21.68,21.26
2026-05-26,AKGRT,elenen,orta,7.1,0.547,7.22,1dk,gun_sonu,7.18,12:35,-0.59,0.14,-0.55,10:28,12:35,7.23,7.18
2026-05-26,AKMGY,elenen,orta,29.0,0.459,256.0,15dk,gun_sonu,257.25,12:30,0.46,0.78,-1.17,12:00,11:00,258.0,253.0
2026-05-26,AKSGY,elenen,tepe,7.9,0.866,9.28,1dk,gun_sonu,9.23,12:38,-0.57,-0.32,-1.4,10:00,11:26,9.25,9.15
2026-05-26,AKSUE,elenen,tepe,14.1,0.904,37.44,15dk,gun_sonu,37.46,12:30,0.02,0.48,-1.76,11:30,10:00,37.62,36.78
2026-05-26,AKYHO,elenen,orta,15.4,0.218,2.74,15dk,gun_sonu,2.72,12:30,-0.76,0.73,-1.09,10:00,11:45,2.76,2.71
2026-05-26,ALBRK,elenen,orta,8.6,0.36,7.94,15dk,gun_sonu,7.94,12:30,-0.03,0.76,-0.25,11:15,12:15,8.0,7.92
2026-05-26,ALCTL,elenen,orta,58.2,0.602,131.0,1dk,hedef,134.93,12:00,2.97,4.05,-1.15,12:00,10:05,136.3,129.5
2026-05-26,ALGYO,elenen,orta,9.6,0.782,7.07,15dk,gun_sonu,7.12,12:30,0.67,2.12,-1.84,11:15,12:15,7.22,6.94
2026-05-26,ALKA,elenen,orta,5.6,0.379,10.4,1dk,gun_sonu,10.46,12:38,0.54,1.15,-0.48,11:34,10:22,10.52,10.35
2026-05-26,ALKIM,elenen,orta,10.2,0.377,17.74,1dk,gun_sonu,17.65,12:35,-0.54,0.0,-0.79,10:00,10:52,17.74,17.6
2026-05-26,ANGEN,elenen,orta,9.2,0.247,11.18,15dk,gun_sonu,11.1,12:30,-0.75,2.24,-2.95,11:15,10:00,11.43,10.85
2026-05-26,ARENA,elenen,orta,10.3,0.207,28.08,1dk,gun_sonu,27.52,12:39,-2.03,0.28,-2.28,10:01,10:56,28.16,27.44
2026-05-26,ARSAN,elenen,orta,21.4,0.45,3.41,1dk,gun_sonu,3.4,12:39,-0.33,1.17,-1.76,11:55,10:17,3.45,3.35
2026-05-26,ARTMS,elenen,orta,17.8,0.541,43.36,15dk,gun_sonu,43.24,12:30,-0.31,0.97,-1.61,11:45,10:00,43.78,42.66
2026-05-26,ARZUM,elenen,orta,18.5,0.347,2.44,15dk,gun_sonu,2.4,12:30,-1.67,-0.82,-2.87,10:00,11:00,2.42,2.37
2026-05-26,ASUZU,elenen,orta,13.7,0.424,61.2,15dk,gun_sonu,60.15,12:30,-1.75,0.08,-1.72,10:00,12:30,61.25,60.15
2026-05-26,ATAKP,elenen,orta,10.3,0.631,54.55,1dk,gun_sonu,54.4,12:39,-0.31,0.55,-1.1,10:02,10:49,54.85,53.95
2026-05-26,ATATP,elenen,tepe,63.9,1.034,223.7,1dk,hedef,230.411,10:15,2.97,5.5,-3.4,10:18,12:14,236.0,216.1
2026-05-26,ATLAS,elenen,orta,6.9,0.497,8.35,1dk,gun_sonu,8.2,12:39,-1.83,1.2,-2.75,10:03,10:25,8.45,8.12
2026-05-26,AVHOL,elenen,orta,15.9,0.309,41.02,1dk,gun_sonu,40.68,12:39,-0.86,0.05,-2.78,11:32,10:52,41.04,39.88
2026-05-26,AVTUR,elenen,orta,6.6,0.481,16.05,15dk,hedef,16.5315,10:00,2.97,3.43,0.62,10:00,10:45,16.6,16.15
2026-05-26,AYDEM,elenen,orta,15.3,0.536,25.0,15dk,gun_sonu,24.74,12:30,-1.07,0.16,-1.44,10:00,10:15,25.04,24.64
2026-05-26,AYEN,elenen,orta,12.7,0.621,34.06,15dk,gun_sonu,33.7,12:30,-1.09,1.59,-1.47,10:00,11:00,34.6,33.56
2026-05-26,AYGAZ,elenen,orta,13.8,0.684,239.6,1dk,gun_sonu,237.6,12:39,-0.87,0.08,-1.29,12:29,11:10,239.8,236.5
2026-05-26,AZTEK,elenen,orta,195.1,0.524,5.1,1dk,hedef,5.253,10:08,2.97,6.86,-1.76,11:08,10:00,5.45,5.01
2026-05-26,BAHKM,elenen,orta,6.5,0.627,110.0,15dk,gun_sonu,107.5,12:30,-2.31,1.18,-2.82,10:00,10:30,111.3,106.9
2026-05-26,BAKAB,elenen,orta,9.7,0.761,46.3,15dk,hedef,47.689,11:15,2.97,3.37,-0.69,11:30,10:00,47.86,45.98
2026-05-26,BARMA,elenen,tepe,19.0,0.97,60.35,15dk,hedef,62.1605,12:15,2.97,3.56,-2.82,12:15,12:15,62.5,58.65
2026-05-26,BAYRK,elenen,orta,79.0,0.285,5.55,1dk,hedef,5.7165,10:10,2.97,5.59,-3.78,10:11,12:29,5.86,5.34
2026-05-26,BESLR,elenen,orta,5.7,0.479,14.8,15dk,gun_sonu,14.73,12:30,-0.51,0.47,-1.82,10:00,10:15,14.87,14.53
2026-05-26,BEYAZ,elenen,orta,7.6,0.376,28.44,1dk,gun_sonu,28.76,12:38,1.09,1.34,-1.83,11:56,10:38,28.82,27.92
2026-05-26,BINBN,elenen,orta,15.2,0.249,175.6,15dk,gun_sonu,172.0,12:30,-2.08,0.4,-2.05,10:00,12:30,176.3,172.0
2026-05-26,BINHO,elenen,orta,11.5,0.346,9.12,15dk,gun_sonu,9.06,12:30,-0.69,0.0,-1.32,10:00,10:15,9.12,9.0
2026-05-26,BIOEN,elenen,orta,12.8,0.205,17.4,1dk,gun_sonu,17.05,12:38,-2.04,0.4,-2.41,10:00,12:28,17.47,16.98
2026-05-26,BIZIM,elenen,orta,9.5,0.338,27.22,15dk,gun_sonu,27.56,12:30,1.22,1.4,0.07,12:00,10:00,27.6,27.24
2026-05-26,BLCYT,elenen,orta,16.4,0.418,34.6,15dk,gun_sonu,35.12,12:30,1.47,1.5,-0.23,12:30,10:00,35.12,34.52
2026-05-26,BLUME,elenen,orta,14.6,0.346,38.44,15dk,gun_sonu,37.66,12:30,-2.06,0.16,-2.86,10:00,12:00,38.5,37.34
2026-05-26,BMSCH,elenen,orta,13.0,0.298,17.41,15dk,gun_sonu,17.26,12:30,-0.89,0.4,-1.49,10:00,12:15,17.48,17.15
2026-05-26,BMSTL,elenen,orta,13.5,0.45,40.675,15dk,hedef,41.8952,10:00,2.97,103.07,98.89,10:00,10:45,82.6,80.9
2026-05-26,BNTAS,elenen,orta,17.3,0.386,6.79,1dk,hedef,6.9937,11:42,2.97,3.68,-0.59,11:59,10:24,7.04,6.75
2026-05-26,BORSK,elenen,orta,26.1,0.623,6.78,1dk,gun_sonu,6.64,12:39,-2.1,0.0,-2.65,10:00,10:29,6.78,6.6
2026-05-26,BOSSA,elenen,orta,13.1,0.259,6.3,1dk,gun_sonu,6.29,12:38,-0.19,0.16,-1.43,12:12,10:00,6.31,6.21
2026-05-26,BRLSM,elenen,orta,22.2,0.53,19.61,1dk,stop,19.0217,10:15,-3.03,0.61,-4.84,10:00,11:51,19.73,18.66
2026-05-26,BULGS,elenen,orta,20.2,0.522,40.94,1dk,gun_sonu,40.5,12:39,-1.11,0.59,-1.27,11:01,12:21,41.18,40.42
2026-05-26,BURCE,elenen,orta,49.5,0.526,51.2,1dk,stop,49.664,10:15,-3.03,0.0,-5.86,10:01,11:07,51.2,48.2
2026-05-26,BURVA,elenen,tepe,11.5,0.838,1146.0,1dk,hedef,1180.38,10:00,2.97,8.64,0.0,10:00,10:00,1245.0,1146.0
2026-05-26,BVSAN,elenen,orta,8.4,0.553,127.7,1dk,gun_sonu,125.0,12:39,-2.15,0.7,-2.9,11:54,10:12,128.6,124.0
2026-05-26,CATES,elenen,orta,17.6,0.449,38.56,1dk,hedef,39.7168,10:57,2.97,8.4,-0.67,12:02,10:08,41.8,38.3
2026-05-26,CELHA,elenen,tepe,17.9,0.95,15.9,1dk,hedef,16.377,11:26,2.97,6.6,-0.82,12:23,10:31,16.95,15.77
2026-05-26,CEMTS,elenen,orta,21.6,0.266,10.66,1dk,gun_sonu,10.49,12:38,-1.63,1.03,-1.59,10:00,12:38,10.77,10.49
2026-05-26,CEMZY,elenen,tepe,5.6,0.919,13.88,1dk,stop,13.4636,11:17,-3.03,0.0,-3.1,10:00,11:18,13.88,13.45
2026-05-26,CEOEM,elenen,orta,18.7,0.346,27.58,15dk,hedef,28.4074,10:45,2.97,3.55,-1.09,10:45,10:00,28.56,27.28
2026-05-26,CGCAM,elenen,orta,26.5,0.676,41.18,15dk,gun_sonu,40.96,12:30,-0.57,0.87,-1.65,10:15,10:00,41.54,40.5
2026-05-26,COSMO,elenen,orta,17.0,0.404,185.9,1dk,stop,180.323,10:58,-3.03,1.61,-3.17,10:07,11:00,188.9,180.0
2026-05-26,CRFSA,elenen,orta,54.3,0.458,130.7,1dk,gun_sonu,129.6,12:39,-0.87,0.23,-2.07,10:00,10:21,131.0,128.0
2026-05-26,CUSAN,elenen,orta,12.6,0.302,25.0,15dk,gun_sonu,24.7,12:30,-1.23,0.0,-2.0,10:00,10:45,25.0,24.5
2026-05-26,DAGI,elenen,orta,9.5,0.522,6.89,15dk,gun_sonu,6.78,12:30,-1.63,0.73,-2.47,10:00,11:45,6.94,6.72
2026-05-26,DARDL,elenen,orta,13.7,0.519,2.38,1dk,gun_sonu,2.36,12:39,-0.87,0.0,-1.26,11:48,12:29,2.38,2.35
2026-05-26,DCTTR,elenen,orta,67.1,0.732,13.2,1dk,stop,12.804,10:15,-3.03,-0.08,-5.0,10:00,10:30,13.19,12.54
2026-05-26,DERIM,elenen,orta,18.2,0.24,35.52,15dk,gun_sonu,36.0,12:30,1.32,1.8,0.06,11:15,10:00,36.16,35.54
2026-05-26,DESA,elenen,orta,5.5,0.435,12.38,15dk,gun_sonu,12.45,12:30,0.53,0.57,-1.45,12:30,10:45,12.45,12.2
2026-05-26,DESPC,elenen,orta,18.6,0.219,44.0,1dk,gun_sonu,44.3,12:39,0.65,2.95,-2.05,10:24,11:12,45.3,43.1
2026-05-26,DEVA,elenen,orta,9.0,0.447,64.75,1dk,gun_sonu,65.0,12:38,0.35,0.85,-0.93,11:28,10:56,65.3,64.15
2026-05-26,DGATE,elenen,orta,33.7,0.784,105.5,1dk,hedef,108.665,10:15,2.97,3.89,0.09,10:15,10:10,109.6,105.6
2026-05-26,DGGYO,elenen,orta,11.6,0.669,33.86,1dk,stop,32.8442,10:16,-3.03,-0.06,-3.13,10:00,10:16,33.84,32.8
2026-05-26,DITAS,elenen,orta,63.5,0.562,35.8,15dk,stop,34.726,10:15,-3.03,3.74,-6.15,11:45,10:45,37.14,33.6
2026-05-26,DMSAS,elenen,orta,14.3,0.255,8.68,15dk,gun_sonu,8.7,12:30,0.2,0.58,-0.69,12:15,10:30,8.73,8.62
2026-05-26,DOCO,elenen,orta,30.9,0.694,10335.0,1dk,gun_sonu,10150.0,12:38,-1.82,-0.34,-2.88,10:00,11:19,10300.0,10037.5
2026-05-26,DOFRB,elenen,orta,16.1,0.664,161.5,15dk,gun_sonu,159.5,12:30,-1.27,1.42,-2.48,10:00,11:00,163.8,157.5
2026-05-26,DOKTA,elenen,orta,22.6,0.474,27.5,1dk,gun_sonu,27.76,12:38,0.91,1.82,-0.44,12:01,12:28,28.0,27.38
2026-05-26,DUNYH,elenen,orta,13.9,0.549,120.0,15dk,hedef,123.6,10:00,2.97,3.5,-4.67,10:00,12:15,124.2,114.4
2026-05-26,DURDO,elenen,tepe,45.4,0.975,5.21,1dk,hedef,5.3663,10:25,2.97,4.22,-1.92,10:25,10:00,5.43,5.11
2026-05-26,DURKN,elenen,orta,11.9,0.737,21.68,15dk,gun_sonu,21.18,12:30,-2.34,0.37,-2.58,11:15,10:30,21.76,21.12
2026-05-26,DYOBY,elenen,orta,9.3,0.368,16.04,1dk,gun_sonu,15.91,12:38,-0.84,-0.06,-2.12,10:00,10:17,16.03,15.7
2026-05-26,DZGYO,elenen,orta,60.3,0.581,8.27,15dk,gun_sonu,8.22,12:30,-0.64,1.93,-0.6,10:00,12:30,8.43,8.22
2026-05-26,EBEBK,elenen,tepe,36.1,0.973,81.1,1dk,gun_sonu,81.35,12:39,0.28,0.74,-1.29,10:15,10:00,81.7,80.05
2026-05-26,ECOGR,elenen,tepe,18.6,0.954,38.68,1dk,gun_sonu,39.0,12:39,0.79,0.83,-1.81,12:39,10:02,39.0,37.98
2026-05-26,ECZYT,elenen,orta,11.3,0.743,359.0,1dk,gun_sonu,358.5,12:35,-0.17,2.44,-0.7,10:39,12:18,367.75,356.5
2026-05-26,EDATA,elenen,orta,6.7,0.603,17.3,15dk,stop,16.781,11:00,-3.03,0.29,-4.05,10:00,11:45,17.35,16.6
2026-05-26,EDIP,elenen,orta,7.8,0.504,35.24,1dk,gun_sonu,35.4,12:39,0.42,1.36,-0.74,11:21,10:20,35.72,34.98
2026-05-26,EFOR,elenen,orta,27.6,0.226,11.57,15dk,hedef,11.9171,10:00,2.97,7.87,-2.07,10:00,12:30,12.48,11.33
2026-05-26,EGEGY,elenen,orta,6.6,0.713,30.5,1dk,gun_sonu,29.8,12:39,-2.33,0.59,-2.56,10:01,12:16,30.68,29.72
2026-05-26,EGEPO,elenen,tepe,8.1,0.948,19.35,1dk,gun_sonu,19.46,12:35,0.54,1.76,-1.81,10:40,10:00,19.69,19.0
2026-05-26,EGPRO,elenen,orta,21.1,0.772,40.58,1dk,gun_sonu,40.32,12:38,-0.67,1.53,-1.43,10:04,12:17,41.2,40.0
2026-05-26,EGSER,elenen,orta,6.6,0.688,3.64,1dk,stop,3.5308,10:30,-3.03,1.37,-3.57,10:00,12:17,3.69,3.51
2026-05-26,EKGYO,elenen,orta,15.9,0.448,19.58,1dk,gun_sonu,19.1,12:39,-2.48,0.46,-2.45,10:15,12:39,19.67,19.1
2026-05-26,EKOS,elenen,tepe,27.8,0.864,8.35,1dk,stop,8.0995,10:20,-3.03,2.16,-4.19,10:39,12:01,8.53,8.0
2026-05-26,EKSUN,elenen,tepe,36.0,0.964,8.06,1dk,stop,7.8182,11:21,-3.03,2.85,-4.84,11:03,11:21,8.29,7.67
2026-05-26,ELITE,elenen,orta,13.4,0.769,40.62,1dk,stop,39.4014,10:16,-3.03,0.1,-4.04,10:00,11:42,40.66,38.98
2026-05-26,ENDAE,elenen,orta,32.8,0.411,16.39,1dk,hedef,16.8817,10:33,2.97,9.82,-1.1,10:35,10:16,18.0,16.21
2026-05-26,ENERY,elenen,orta,9.3,0.552,8.75,15dk,gun_sonu,8.81,12:30,0.65,0.69,-1.6,12:30,10:45,8.81,8.61
2026-05-26,ENTRA,elenen,orta,15.0,0.374,4.82784184,1dk,gun_sonu,4.7534,12:39,-1.57,1.06,-2.02,10:00,10:48,4.879,4.7302
2026-05-26,EPLAS,elenen,orta,20.9,0.381,5.83,1dk,hedef,6.0049,12:35,2.97,3.77,-0.51,12:39,10:05,6.05,5.8
2026-05-26,ERBOS,elenen,orta,10.3,0.587,188.5,15dk,gun_sonu,189.1,12:30,0.29,0.9,-2.55,12:15,10:15,190.2,183.7
2026-05-26,ESCAR,elenen,orta,9.5,0.517,48.6,15dk,gun_sonu,47.5,12:30,-2.3,0.86,-2.26,10:15,12:30,49.02,47.5
2026-05-26,ESCOM,elenen,orta,5.3,0.604,5.14,1dk,gun_sonu,5.24,12:39,1.91,2.53,-1.95,11:39,10:07,5.27,5.04
2026-05-26,ETILR,elenen,orta,81.4,0.749,5.93,1dk,hedef,6.1079,10:00,2.97,3.2,-1.35,12:39,10:01,6.12,5.85
2026-05-26,FADE,elenen,orta,28.7,0.758,16.9,1dk,hedef,17.407,11:58,2.97,3.85,-2.66,12:04,10:51,17.55,16.45
2026-05-26,FENER,elenen,orta,17.5,0.436,3.84,1dk,hedef,3.9552,11:29,2.97,5.21,-1.3,12:30,10:06,4.04,3.79
2026-05-26,FLAP,elenen,orta,21.2,0.638,13.51,1dk,hedef,13.9153,10:28,2.97,8.88,-0.67,10:33,10:07,14.71,13.42
2026-05-26,FMIZP,elenen,orta,9.6,0.203,294.0,1dk,gun_sonu,292.0,12:38,-0.71,0.17,-0.85,11:21,12:07,294.5,291.5
2026-05-26,FONET,elenen,orta,6.1,0.779,5.4,1dk,gun_sonu,5.43,12:38,0.52,1.3,-1.3,12:29,10:10,5.47,5.33
2026-05-26,FORTE,elenen,orta,23.8,0.528,92.15,1dk,gun_sonu,92.6,12:39,0.46,1.47,-0.16,10:26,10:06,93.5,92.0
2026-05-26,FRIGO,elenen,orta,18.2,0.763,3.05,15dk,hedef,3.1415,10:45,2.97,7.21,-0.66,11:15,10:00,3.27,3.03
2026-05-26,FZLGY,elenen,orta,23.5,0.432,13.27,15dk,hedef,13.6681,10:45,2.97,5.65,-1.58,11:45,10:30,14.02,13.06
2026-05-26,GARFA,elenen,orta,21.0,0.566,30.56,1dk,stop,29.6432,10:49,-3.03,1.11,-4.78,10:00,10:49,30.9,29.1
2026-05-26,GEDIK,elenen,orta,8.9,0.333,6.26,1dk,gun_sonu,6.14,12:39,-1.95,0.64,-2.56,10:00,10:08,6.3,6.1
2026-05-26,GEDZA,elenen,orta,87.6,0.779,33.64,1dk,hedef,34.6492,10:00,2.97,5.53,-0.83,10:00,10:42,35.5,33.36
2026-05-26,GENIL,elenen,orta,28.8,0.271,9.24,1dk,gun_sonu,9.36,12:39,1.27,2.49,-0.65,11:38,10:03,9.47,9.18
2026-05-26,GEREL,elenen,tepe,15.9,0.905,40.4,1dk,gun_sonu,40.16,12:39,-0.63,1.63,-1.44,12:05,10:16,41.06,39.82
2026-05-26,GIPTA,elenen,orta,15.9,0.202,73.0,1dk,hedef,75.19,11:13,2.97,11.64,-0.96,11:26,10:16,81.5,72.3
2026-05-26,GLBMD,elenen,orta,24.7,0.426,12.29,1dk,gun_sonu,12.29,12:38,-0.03,0.08,-0.73,12:00,11:04,12.3,12.2
2026-05-26,GLRMK,elenen,orta,13.4,0.361,174.3,1dk,stop,169.071,12:13,-3.03,0.17,-3.44,10:00,12:13,174.6,168.3
2026-05-26,GLYHO,elenen,tepe,17.7,0.833,15.17,1dk,gun_sonu,15.1,12:39,-0.49,0.2,-1.85,10:01,12:08,15.2,14.89
2026-05-26,GMTAS,elenen,orta,8.4,0.797,45.3,1dk,gun_sonu,45.0,12:39,-0.7,0.97,-2.6,11:31,10:12,45.74,44.12
2026-05-26,GOKNR,elenen,orta,53.9,0.699,24.68,1dk,gun_sonu,24.56,12:39,-0.52,2.51,-1.05,10:13,10:07,25.3,24.42
2026-05-26,GOZDE,elenen,orta,16.6,0.288,19.31,1dk,gun_sonu,19.18,12:39,-0.71,0.47,-0.88,10:00,10:54,19.4,19.14
2026-05-26,GRSEL,elenen,orta,9.7,0.51,318.0,1dk,gun_sonu,316.5,12:38,-0.5,1.57,-1.34,11:11,10:45,323.0,313.75
2026-05-26,GSDHO,elenen,orta,8.4,0.646,5.3,15dk,gun_sonu,5.4,12:30,1.85,2.26,-0.57,12:15,10:30,5.42,5.27
2026-05-26,GUNDG,elenen,orta,79.9,0.754,995.5,1dk,hedef,1025.365,10:01,2.97,15.72,-2.26,12:21,10:00,1152.0,973.0
2026-05-26,GWIND,elenen,orta,6.4,0.512,27.28,1dk,gun_sonu,26.9,12:39,-1.43,0.81,-2.13,10:01,10:43,27.5,26.7
2026-05-26,HATSN,elenen,tepe,69.3,0.857,53.8,1dk,hedef,55.414,10:02,2.97,7.9,-1.39,12:39,10:00,58.05,53.05
2026-05-26,HDFGS,elenen,orta,9.4,0.313,2.81,15dk,gun_sonu,2.81,12:30,-0.03,0.36,-2.14,11:45,10:15,2.82,2.75
2026-05-26,HEDEF,elenen,tepe,35.3,0.877,91.8842652,1dk,stop,89.1277,10:15,-3.03,0.85,-4.17,12:38,10:07,92.664,88.0503
2026-05-26,HKTM,elenen,orta,6.9,0.635,14.44,15dk,gun_sonu,14.55,12:30,0.73,1.87,-1.04,11:15,10:15,14.71,14.29
2026-05-26,HLGYO,elenen,tepe,37.6,0.921,6.04,1dk,hedef,6.2212,10:00,2.97,3.48,-0.17,10:00,10:00,6.25,6.03
2026-05-26,HTTBT,elenen,orta,30.6,0.263,40.42,1dk,gun_sonu,40.38,12:38,-0.13,1.34,-0.45,11:00,10:00,40.96,40.24
2026-05-26,HUBVC,elenen,orta,40.5,0.486,3.41,15dk,hedef,3.5123,10:00,2.97,9.68,0.0,12:30,10:00,3.74,3.41
2026-05-26,HUNER,elenen,orta,39.0,0.541,4.05,1dk,stop,3.9285,10:43,-3.03,0.0,-4.44,10:00,11:41,4.05,3.87
2026-05-26,HURGZ,elenen,orta,5.9,0.677,8.35,1dk,stop,8.0995,10:16,-3.03,-0.24,-7.07,10:00,12:39,8.33,7.76
2026-05-26,IDGYO,elenen,orta,12.7,0.674,4.11,15dk,gun_sonu,4.05,12:30,-1.49,0.0,-2.43,10:00,12:15,4.11,4.01
2026-05-26,IHAAS,elenen,tepe,164.3,0.805,82.05,1dk,hedef,84.5115,10:06,2.97,5.48,-0.06,10:46,10:02,86.55,82.0
2026-05-26,INDES,elenen,tepe,18.1,0.912,11.4,1dk,hedef,11.742,12:07,2.97,3.77,-0.61,12:12,10:02,11.83,11.33
2026-05-26,INFO,elenen,orta,6.7,0.431,3.64,15dk,gun_sonu,3.62,12:30,-0.58,1.1,-1.1,10:00,10:15,3.68,3.6
2026-05-26,INGRM,elenen,orta,30.3,0.313,422.5,15dk,hedef,435.175,12:15,2.97,3.43,-0.83,12:15,10:00,437.0,419.0
2026-05-26,INTEM,elenen,orta,13.3,0.364,284.5,1dk,gun_sonu,279.0,12:38,-1.97,0.0,-2.9,10:00,10:44,284.5,276.25
2026-05-26,INVEO,elenen,orta,6.4,0.229,7.96,15dk,gun_sonu,8.05,12:30,1.1,1.63,-0.5,12:15,10:45,8.09,7.92
2026-05-26,INVES,elenen,orta,7.2,0.675,618.0,15dk,gun_sonu,615.0,12:30,-0.52,0.08,-1.29,10:00,11:45,618.5,610.0
2026-05-26,ISDMR,elenen,tepe,8.1,0.859,57.9,1dk,gun_sonu,57.7,12:39,-0.38,0.69,-0.69,11:27,12:15,58.3,57.5
2026-05-26,ISFIN,elenen,orta,12.1,0.786,19.91,15dk,gun_sonu,19.8,12:30,-0.59,0.4,-1.36,10:00,11:15,19.99,19.64
2026-05-26,ISGSY,elenen,orta,8.7,0.625,18.3194469,15dk,hedef,18.869,10:00,2.97,493.9,476.98,12:00,10:30,108.8,105.7
2026-05-26,ISGYO,elenen,orta,15.9,0.615,20.7,15dk,gun_sonu,20.46,12:30,-1.19,0.58,-1.16,10:15,12:30,20.82,20.46
2026-05-26,ISKPL,elenen,orta,129.0,0.501,13.7,15dk,stop,13.289,10:15,-3.03,0.73,-6.57,10:00,12:30,13.8,12.8
2026-05-26,ISSEN,elenen,orta,10.5,0.386,8.53,1dk,hedef,8.7859,11:22,2.97,6.57,-1.52,11:47,10:11,9.09,8.4
2026-05-26,ISYAT,elenen,orta,8.7,0.239,8.18,15dk,gun_sonu,8.12,12:30,-0.77,1.22,-0.73,10:00,12:30,8.28,8.12
2026-05-26,IZENR,elenen,tepe,43.0,0.821,12.04,15dk,stop,11.6788,10:15,-3.03,0.33,-4.9,10:00,10:30,12.08,11.45
2026-05-26,IZFAS,elenen,orta,19.7,0.782,65.5,1dk,gun_sonu,66.0,12:39,0.73,0.84,-1.6,10:36,10:38,66.05,64.45
2026-05-26,IZINV,elenen,orta,5.8,0.539,69.0,15dk,gun_sonu,68.1,12:30,-1.34,1.16,-1.3,10:45,12:30,69.8,68.1
2026-05-26,IZMDC,elenen,orta,12.5,0.581,7.54,15dk,gun_sonu,7.53,12:30,-0.17,0.53,-1.06,12:15,10:30,7.58,7.46
2026-05-26,KAPLM,elenen,orta,19.3,0.727,596.5,1dk,stop,578.605,10:20,-3.03,2.26,-3.86,10:00,10:30,610.0,573.5
2026-05-26,KAREL,elenen,tepe,31.2,0.952,13.6,1dk,gun_sonu,13.26,12:39,-2.53,0.0,-2.72,10:00,10:00,13.6,13.23
2026-05-26,KATMR,elenen,orta,7.1,0.428,2.73,1dk,gun_sonu,2.74,12:39,0.33,0.73,-0.73,12:29,10:21,2.75,2.71
2026-05-26,KAYSE,elenen,orta,8.0,0.272,4.68,1dk,gun_sonu,4.7,12:39,0.39,1.5,-0.21,11:57,10:07,4.75,4.67
2026-05-26,KBORU,elenen,tepe,8.2,0.831,25.2,15dk,gun_sonu,24.88,12:30,-1.3,-0.4,-2.06,10:00,10:15,25.1,24.68
2026-05-26,KCAER,elenen,orta,13.0,0.457,13.0,1dk,gun_sonu,13.01,12:39,0.04,1.92,-0.85,10:07,10:29,13.25,12.89
2026-05-26,KFEIN,elenen,orta,72.7,0.359,9.6,1dk,hedef,9.888,10:06,2.97,7.81,-1.46,10:42,10:00,10.35,9.46
2026-05-26,KGYO,elenen,tepe,6.6,0.913,12.45,15dk,gun_sonu,12.67,12:30,1.73,2.17,-1.12,11:45,10:00,12.72,12.31
2026-05-26,KIMMR,elenen,orta,21.6,0.605,17.34,1dk,gun_sonu,17.04,12:38,-1.76,0.17,-1.73,11:45,12:38,17.37,17.04
2026-05-26,KLKIM,elenen,orta,6.2,0.33,31.56,1dk,gun_sonu,31.34,12:38,-0.73,0.06,-1.08,11:56,10:33,31.58,31.22
2026-05-26,KLMSN,elenen,orta,19.4,0.349,33.32,15dk,gun_sonu,32.68,12:30,-1.95,0.54,-2.16,10:00,10:15,33.5,32.6
2026-05-26,KLSER,elenen,orta,5.9,0.286,28.06,15dk,gun_sonu,27.94,12:30,-0.46,0.71,-0.86,10:15,10:00,28.26,27.82
2026-05-26,KLSYN,elenen,orta,55.2,0.638,10.65,1dk,hedef,10.9695,10:00,2.97,5.63,0.09,10:14,10:00,11.25,10.66
2026-05-26,KLYPV,elenen,orta,19.8,0.473,63.15,15dk,gun_sonu,62.0,12:30,-1.85,0.79,-2.14,10:00,12:15,63.65,61.8
2026-05-26,KMPUR,elenen,tepe,7.1,0.861,21.98,1dk,hedef,22.6394,11:09,2.97,4.19,-1.91,12:25,10:04,22.9,21.56
2026-05-26,KNFRT,elenen,orta,61.3,0.238,13.02,15dk,stop,12.6294,10:30,-3.03,0.54,-3.53,10:00,10:45,13.09,12.56
2026-05-26,KOCMT,elenen,orta,18.9,0.436,2.59,15dk,gun_sonu,2.62,12:30,1.13,1.54,-0.39,12:15,10:30,2.63,2.58
2026-05-26,KOPOL,elenen,orta,34.2,0.344,5.86,1dk,hedef,6.0358,10:14,2.97,7.17,-0.17,10:23,10:05,6.28,5.85
2026-05-26,KORDS,elenen,orta,11.9,0.789,84.6,15dk,hedef,87.138,10:15,2.97,3.37,-0.71,10:15,10:00,87.45,84.0
2026-05-26,KRDMA,elenen,orta,9.6,0.401,36.7,1dk,hedef,37.801,11:00,2.97,3.43,-0.82,11:00,10:05,37.96,36.4
2026-05-26,KRDMB,elenen,tepe,13.5,0.936,100.0,1dk,hedef,103.0,10:42,2.97,7.8,-0.1,11:36,10:00,107.8,99.9
2026-05-26,KRONT,elenen,orta,14.0,0.654,18.85,15dk,gun_sonu,18.45,12:30,-2.16,0.0,-2.92,11:15,10:00,18.85,18.3
2026-05-26,KRPLS,elenen,orta,70.3,0.602,9.18,1dk,gun_sonu,9.02,12:38,-1.78,1.2,-2.18,10:00,10:20,9.29,8.98
2026-05-26,KTSKR,elenen,orta,10.9,0.627,115.0,15dk,gun_sonu,114.3,12:30,-0.64,1.22,-1.3,10:00,11:15,116.4,113.5
2026-05-26,KUTPO,elenen,orta,9.1,0.234,91.6,15dk,gun_sonu,91.3,12:30,-0.36,0.33,-0.76,11:15,10:30,91.9,90.9
2026-05-26,KUYAS,elenen,orta,10.9,0.698,76.9,15dk,gun_sonu,76.6,12:30,-0.42,0.59,-2.47,10:00,11:15,77.35,75.0
2026-05-26,KZGYO,elenen,orta,10.2,0.538,24.58,1dk,gun_sonu,24.4,12:38,-0.77,0.08,-2.03,11:32,10:35,24.6,24.08
2026-05-26,LIDER,elenen,orta,5.3,0.619,110.1,15dk,hedef,113.403,12:30,2.97,4.36,-1.0,12:30,10:00,114.9,109.0
2026-05-26,LILAK,elenen,orta,14.1,0.611,34.8,1dk,gun_sonu,34.72,12:39,-0.26,1.32,-0.52,10:40,12:26,35.26,34.62
2026-05-26,LKMNH,elenen,orta,42.5,0.406,17.08,1dk,gun_sonu,16.71,12:38,-2.2,1.17,-4.92,11:26,10:11,17.28,16.24
2026-05-26,LOGO,elenen,orta,11.6,0.364,153.0,1dk,hedef,157.59,11:11,2.97,4.05,-0.65,11:38,10:21,159.2,152.0
2026-05-26,LUKSK,elenen,orta,20.6,0.409,103.0,15dk,gun_sonu,101.5,12:30,-1.49,0.0,-2.91,10:00,10:45,103.0,100.0
2026-05-26,LYDHO,elenen,orta,19.0,0.751,191.4,15dk,hedef,197.142,12:30,2.97,4.6,-0.94,12:30,10:00,200.2,189.6
2026-05-26,MAALT,elenen,tepe,161.4,0.804,1388.0,1dk,hedef,1429.64,10:00,2.97,3.96,-5.62,10:01,11:52,1443.0,1310.0
2026-05-26,MACKO,elenen,tepe,18.6,0.863,44.8,1dk,gun_sonu,44.44,12:38,-0.84,0.18,-2.01,10:00,10:47,44.88,43.9
2026-05-26,MAKIM,elenen,orta,12.8,0.29,16.97,15dk,gun_sonu,17.01,12:30,0.2,0.65,-1.0,11:00,10:15,17.08,16.8
2026-05-26,MAKTK,elenen,orta,17.6,0.25,13.49,1dk,stop,13.0853,12:35,-3.03,0.07,-3.26,10:00,12:38,13.5,13.05
2026-05-26,MANAS,elenen,orta,6.8,0.765,25.28,1dk,stop,24.5216,10:35,-3.03,0.0,-4.83,10:00,12:16,25.28,24.06
2026-05-26,MARBL,elenen,orta,5.6,0.236,13.02,1dk,gun_sonu,12.96,12:39,-0.49,1.54,-1.23,11:26,10:33,13.22,12.86
2026-05-26,MARKA,elenen,orta,32.6,0.791,57.2,1dk,hedef,58.916,10:28,2.97,3.5,-2.1,11:56,10:01,59.2,56.0
2026-05-26,MARTI,elenen,orta,24.4,0.272,1.77,1dk,gun_sonu,1.76,12:39,-0.6,0.0,-2.82,12:29,10:21,1.77,1.72
2026-05-26,MEDTR,elenen,orta,9.8,0.4,30.5,1dk,gun_sonu,30.04,12:38,-1.54,0.0,-2.69,10:00,11:34,30.5,29.68
2026-05-26,MEGMT,elenen,orta,11.9,0.756,77.95,15dk,stop,75.6115,10:45,-3.03,0.06,-3.14,10:00,11:30,78.0,75.5
2026-05-26,MEKAG,elenen,orta,334.6,0.507,4.47,1dk,hedef,4.6041,10:07,2.97,3.58,-6.94,10:07,12:30,4.63,4.16
2026-05-26,MERIT,elenen,orta,11.4,0.338,16.07,1dk,gun_sonu,16.0,12:35,-0.47,0.19,-0.93,12:06,10:08,16.1,15.92
2026-05-26,MERKO,elenen,orta,6.4,0.465,2.08,15dk,gun_sonu,2.04,12:30,-1.96,0.48,-1.92,10:00,12:30,2.09,2.04
2026-05-26,METRO,elenen,tepe,26.1,0.984,7.59,15dk,stop,7.3623,10:15,-3.03,-0.4,-4.87,10:00,12:15,7.56,7.22
2026-05-26,MHRGY,elenen,orta,30.4,0.715,4.51,1dk,hedef,4.6453,11:03,2.97,3.1,-0.44,11:22,10:23,4.65,4.49
2026-05-26,MOBTL,elenen,tepe,49.0,0.986,15.12,1dk,hedef,15.5736,10:25,2.97,3.04,-0.46,10:25,10:08,15.58,15.05
2026-05-26,MOGAN,elenen,orta,50.2,0.611,12.88,15dk,stop,12.4936,10:15,-3.03,-0.08,-3.49,10:00,10:15,12.87,12.43
2026-05-26,MOPAS,elenen,orta,20.1,0.38,40.28,1dk,gun_sonu,39.76,12:39,-1.32,0.3,-2.93,12:14,10:21,40.4,39.1
2026-05-26,MRGYO,elenen,orta,10.9,0.327,1.55,1dk,gun_sonu,1.53,12:35,-1.32,0.0,-1.94,12:00,12:23,1.55,1.52
2026-05-26,MRSHL,elenen,orta,8.3,0.292,1521.0,15dk,stop,1475.37,10:45,-3.03,0.33,-3.09,10:00,10:45,1526.0,1474.0
2026-05-26,MSGYO,elenen,orta,9.9,0.316,5.91,15dk,gun_sonu,5.89,12:30,-0.37,0.68,-1.35,11:15,10:30,5.95,5.83
2026-05-26,MTRKS,elenen,orta,16.7,0.513,24.14,15dk,hedef,24.8642,11:45,2.97,8.04,-1.24,12:15,10:00,26.08,23.84
2026-05-26,NETAS,elenen,orta,37.1,0.467,67.35,15dk,gun_sonu,67.15,12:30,-0.33,-0.07,-2.9,10:15,10:00,67.3,65.4
2026-05-26,NIBAS,elenen,orta,17.9,0.269,5.14,1dk,gun_sonu,5.05,12:39,-1.78,2.92,-2.72,10:42,10:50,5.29,5.0
2026-05-26,NUGYO,elenen,orta,55.4,0.281,8.81,15dk,hedef,9.0743,10:00,2.97,12.15,1.7,12:30,10:00,9.88,8.96
2026-05-26,OBASE,elenen,orta,15.3,0.547,38.0,1dk,gun_sonu,38.74,12:39,1.91,2.37,-0.84,12:19,10:00,38.9,37.68
2026-05-26,ODINE,elenen,tepe,42.7,0.925,1240.0,15dk,hedef,1277.2,11:45,2.97,5.24,-2.18,12:15,10:00,1305.0,1213.0
2026-05-26,OFSYM,elenen,orta,9.9,0.517,59.9,15dk,stop,58.103,10:30,-3.03,0.0,-3.17,10:00,10:30,59.9,58.0
2026-05-26,ONCSM,elenen,orta,55.0,0.727,304.0,1dk,hedef,313.12,10:02,2.97,3.45,-4.77,10:03,11:47,314.5,289.5
2026-05-26,ONRYT,elenen,orta,60.6,0.521,75.5,1dk,hedef,77.765,12:35,2.97,3.97,-4.97,12:39,10:05,78.5,71.75
2026-05-26,ORGE,elenen,tepe,17.4,0.817,103.5,1dk,stop,100.395,10:31,-3.03,0.29,-4.35,10:00,11:24,103.8,99.0
2026-05-26,OYAYO,elenen,orta,18.5,0.598,51.45,1dk,hedef,52.9935,10:59,2.97,8.75,-0.19,10:59,10:02,55.95,51.35
2026-05-26,OYLUM,elenen,orta,5.5,0.294,8.8,1dk,gun_sonu,8.8,12:39,-0.03,0.45,-1.7,10:06,10:01,8.84,8.65
2026-05-26,OZGYO,elenen,orta,10.0,0.705,2.16,15dk,gun_sonu,2.14,12:30,-0.96,0.93,-1.39,11:30,12:15,2.18,2.13
2026-05-26,OZKGY,elenen,orta,8.9,0.397,12.38,1dk,gun_sonu,12.32,12:38,-0.52,0.81,-0.65,12:06,10:45,12.48,12.3
2026-05-26,OZRDN,elenen,tepe,21.8,0.825,34.78,1dk,hedef,35.8234,10:00,2.97,6.96,-3.34,10:00,10:03,37.2,33.62
2026-05-26,OZYSR,elenen,orta,13.8,0.736,11.8,15dk,gun_sonu,11.79,12:30,-0.12,0.42,-1.19,11:45,10:45,11.85,11.66
2026-05-26,PARSN,elenen,orta,8.7,0.236,83.6,15dk,gun_sonu,83.5,12:30,-0.15,1.02,-0.3,10:00,10:00,84.45,83.35
2026-05-26,PATEK,elenen,orta,6.4,0.293,21.7,15dk,hedef,22.351,10:15,2.97,9.59,-0.83,12:30,10:00,23.78,21.52
2026-05-26,PCILT,elenen,tepe,17.2,0.96,36.0,1dk,gun_sonu,36.76,12:39,2.08,2.22,-2.33,12:29,10:30,36.8,35.16
2026-05-26,PEKGY,elenen,orta,6.9,0.644,13.2,15dk,gun_sonu,13.39,12:30,1.41,1.44,-2.65,12:30,12:15,13.39,12.85
2026-05-26,PENGD,elenen,tepe,6.9,0.823,14.35,1dk,gun_sonu,14.23,12:38,-0.87,0.77,-1.95,10:01,12:28,14.46,14.07
2026-05-26,PENTA,elenen,orta,31.1,0.451,15.44,1dk,hedef,15.9032,12:00,2.97,4.86,-0.52,12:11,10:00,16.19,15.36
2026-05-26,PETUN,elenen,orta,13.7,0.66,13.43,15dk,gun_sonu,13.27,12:30,-1.22,0.0,-1.49,10:00,10:15,13.43,13.23
2026-05-26,PINSU,elenen,orta,16.5,0.581,11.4,1dk,gun_sonu,11.4,12:39,-0.03,0.7,-0.96,10:23,12:16,11.48,11.29
2026-05-26,PKART,elenen,orta,8.6,0.712,149.0,1dk,stop,144.53,10:15,-3.03,0.13,-5.37,10:00,12:21,149.2,141.0
2026-05-26,PLTUR,elenen,orta,6.7,0.325,23.3,1dk,hedef,23.999,11:21,2.97,4.72,-0.43,11:21,10:05,24.4,23.2
2026-05-26,PNLSN,elenen,orta,16.7,0.656,47.36,15dk,gun_sonu,47.6,12:30,0.47,2.45,-1.82,11:00,10:00,48.52,46.5
2026-05-26,PNSUT,elenen,orta,6.8,0.536,14.05,15dk,gun_sonu,13.95,12:30,-0.74,0.71,-1.49,10:00,10:45,14.15,13.84
2026-05-26,POLHO,elenen,orta,17.1,0.548,20.08,15dk,gun_sonu,19.95,12:30,-0.68,1.0,-0.95,11:30,10:00,20.28,19.89
2026-05-26,PRDGS,elenen,orta,15.8,0.606,7.8,1dk,gun_sonu,7.73,12:38,-0.93,1.79,-1.03,10:21,10:03,7.94,7.72
2026-05-26,PRKAB,elenen,orta,18.7,0.37,42.0,1dk,stop,40.74,10:27,-3.03,0.0,-3.57,10:00,12:39,42.0,40.5
2026-05-26,PSDTC,elenen,orta,12.7,0.341,125.0,1dk,gun_sonu,125.9,12:38,0.69,1.36,-1.52,10:06,10:09,126.7,123.1
2026-05-26,RNPOL,elenen,orta,9.7,0.529,2.46,1dk,stop,2.3862,10:16,-3.03,3.66,-4.88,12:26,10:16,2.55,2.34
2026-05-26,RUBNS,elenen,orta,24.6,0.412,30.62,1dk,hedef,31.5386,10:00,2.97,3.85,-0.39,12:07,10:45,31.8,30.5
2026-05-26,RUZYE,elenen,orta,16.1,0.467,12.15,1dk,gun_sonu,11.95,12:39,-1.68,0.0,-2.47,10:00,12:28,12.15,11.85
2026-05-26,RYSAS,elenen,orta,396.4,0.689,20.42,1dk,hedef,21.0326,10:13,2.97,8.81,-0.49,12:29,10:00,22.22,20.32
2026-05-26,SAFKR,elenen,orta,7.2,0.451,23.1,15dk,gun_sonu,22.82,12:30,-1.25,0.0,-2.34,10:00,10:45,23.1,22.56
2026-05-26,SAMAT,elenen,orta,35.6,0.468,6.99,1dk,hedef,7.1997,10:44,2.97,4.43,-4.86,12:39,10:00,7.3,6.65
2026-05-26,SANFM,elenen,tepe,48.2,0.944,8.94,1dk,gun_sonu,8.88,12:39,-0.7,0.67,-2.8,10:06,11:17,9.0,8.69
2026-05-26,SAYAS,elenen,orta,24.4,0.767,55.95,1dk,stop,54.2715,10:15,-3.03,1.25,-4.92,12:22,10:47,56.65,53.2
2026-05-26,SDTTR,elenen,orta,21.7,0.736,264.75,15dk,stop,256.8075,12:00,-3.03,0.85,-5.19,10:30,12:30,267.0,251.0
2026-05-26,SEGMN,elenen,orta,5.1,0.705,57.0,15dk,stop,55.29,10:15,-3.03,0.0,-5.7,10:00,12:15,57.0,53.75
2026-05-26,SEGYO,elenen,orta,10.1,0.313,4.67,1dk,gun_sonu,4.66,12:38,-0.25,0.64,-1.07,11:09,10:52,4.7,4.62
2026-05-26,SEKFK,elenen,orta,6.5,0.612,10.25,1dk,gun_sonu,10.27,12:38,0.16,0.98,0.1,10:00,11:08,10.35,10.26
2026-05-26,SELVA,elenen,orta,8.1,0.391,2.25,1dk,stop,2.1825,10:22,-3.03,0.0,-3.11,10:00,10:22,2.25,2.18
2026-05-26,SERNT,elenen,orta,19.1,0.519,9.91,1dk,gun_sonu,9.98,12:39,0.67,1.92,-1.92,12:14,11:00,10.1,9.72
2026-05-26,SEYKM,elenen,orta,5.8,0.588,5.8,15dk,stop,5.626,10:15,-3.03,0.0,-3.97,10:30,12:30,5.8,5.57
2026-05-26,SILVR,elenen,orta,17.3,0.434,2.6,15dk,hedef,2.678,10:00,2.97,3.08,0.0,10:00,10:00,2.68,2.6
2026-05-26,SKTAS,elenen,orta,8.7,0.433,3.52,15dk,gun_sonu,3.53,12:30,0.25,1.14,-1.7,11:15,10:45,3.56,3.46
2026-05-26,SKYLP,elenen,tepe,8.8,0.845,340.0,15dk,stop,329.8,11:15,-3.03,0.0,-4.49,10:00,10:00,340.0,324.75
2026-05-26,SKYMD,elenen,orta,84.7,0.385,13.69,1dk,stop,13.2793,10:15,-3.03,0.73,-3.94,10:01,10:14,13.79,13.15
2026-05-26,SMART,elenen,orta,61.3,0.685,35.88,15dk,stop,34.8036,11:45,-3.03,2.29,-3.29,10:30,12:00,36.7,34.7
2026-05-26,SNICA,elenen,orta,10.4,0.226,4.12,15dk,gun_sonu,4.08,12:30,-1.0,0.49,-1.21,12:15,10:45,4.14,4.07
2026-05-26,SOKE,elenen,orta,8.7,0.78,18.71,15dk,gun_sonu,18.75,12:30,0.18,0.91,-0.86,11:30,10:00,18.88,18.55
2026-05-26,SRVGY,elenen,orta,8.8,0.407,3.03,1dk,gun_sonu,3.02,12:38,-0.36,0.66,-0.66,11:04,10:06,3.05,3.01
2026-05-26,SURGY,elenen,orta,5.7,0.623,70.0,1dk,gun_sonu,69.3,12:39,-1.03,0.93,-1.5,10:33,10:01,70.65,68.95
2026-05-26,TARKM,elenen,tepe,37.2,0.972,545.0,1dk,hedef,561.35,10:34,2.97,6.42,-2.84,10:44,10:16,580.0,529.5
2026-05-26,TATEN,elenen,orta,10.6,0.427,14.87,15dk,stop,14.4239,12:00,-3.03,0.0,-3.83,10:00,12:30,14.87,14.3
2026-05-26,TCKRC,elenen,tepe,98.2,1.05,161.5,15dk,stop,156.655,10:30,-3.03,1.11,-3.78,12:15,11:00,163.3,155.4
2026-05-26,TEHOL,elenen,orta,16.8,0.566,27.56,1dk,gun_sonu,28.36,12:39,2.87,2.9,-1.81,12:39,10:07,28.36,27.06
2026-05-26,TEKTU,elenen,orta,20.5,0.217,11.14,1dk,hedef,11.4742,10:40,2.97,8.8,-0.45,10:54,10:12,12.12,11.09
2026-05-26,TERA,elenen,orta,28.9,0.505,217.0,15dk,stop,210.49,12:30,-3.03,1.29,-3.18,11:45,12:30,219.8,210.1
2026-05-26,TEZOL,elenen,orta,10.1,0.723,19.01,1dk,hedef,19.5803,11:14,2.97,3.52,-1.42,11:15,10:06,19.68,18.74
2026-05-26,TGSAS,elenen,orta,7.0,0.593,181.2,1dk,gun_sonu,177.5,12:35,-2.07,0.06,-2.15,10:00,11:08,181.3,177.3
2026-05-26,TLMAN,elenen,orta,15.3,0.498,95.4,15dk,gun_sonu,97.1,12:30,1.75,2.88,-0.26,11:45,10:15,98.15,95.15
2026-05-26,TMPOL,elenen,orta,10.2,0.373,303.0,1dk,gun_sonu,300.0,12:39,-1.02,0.99,-0.99,10:21,12:39,306.0,300.0
2026-05-26,TNZTP,elenen,orta,77.0,0.513,25.66,1dk,gun_sonu,25.24,12:38,-1.67,0.94,-2.57,10:09,10:51,25.9,25.0
2026-05-26,TRALT,elenen,orta,9.7,0.559,45.32,1dk,stop,43.9604,11:48,-3.03,0.53,-4.1,10:00,12:16,45.56,43.46
2026-05-26,TRCAS,elenen,orta,11.2,0.668,45.88,1dk,gun_sonu,46.0,12:38,0.23,0.26,-1.74,12:38,11:29,46.0,45.08
2026-05-26,TRENJ,elenen,orta,18.3,0.493,86.35,15dk,stop,83.7595,11:15,-3.03,0.75,-3.94,10:00,12:00,87.0,82.95
2026-05-26,TRGYO,elenen,orta,36.1,0.718,94.0,1dk,stop,91.18,12:35,-3.03,0.0,-4.41,10:00,12:39,94.0,89.85
2026-05-26,TRHOL,elenen,tepe,5.4,0.917,1519.0,1dk,hedef,1564.57,12:29,2.97,3.29,-0.59,12:39,10:13,1569.0,1510.0
2026-05-26,TRMET,elenen,orta,19.5,0.409,112.5,1dk,stop,109.125,11:49,-3.03,0.53,-4.09,10:00,12:38,113.1,107.9
2026-05-26,ULAS,elenen,orta,27.9,0.282,27.48,1dk,gun_sonu,27.3,12:39,-0.69,0.51,-1.75,10:12,10:13,27.62,27.0
2026-05-26,ULUFA,elenen,orta,5.5,0.328,1.95,15dk,gun_sonu,1.935,12:30,-0.8,0.26,-2.31,10:15,10:30,1.955,1.905
2026-05-26,ULUSE,elenen,tepe,70.5,0.993,350.0,15dk,hedef,360.5,10:00,2.97,3.5,-5.0,10:00,12:15,362.25,332.5
2026-05-26,VAKFN,elenen,orta,13.8,0.267,1.71,1dk,gun_sonu,1.69,12:39,-1.2,0.58,-1.75,10:01,12:28,1.72,1.68
2026-05-26,VAKKO,elenen,orta,15.0,0.519,76.25,1dk,gun_sonu,75.0,12:35,-1.67,0.07,-1.7,10:00,11:22,76.3,74.95
2026-05-26,VANGD,elenen,tepe,6.4,0.82,86.9,1dk,hedef,89.507,12:29,2.97,5.29,-1.04,12:38,10:20,91.5,86.0
2026-05-26,VBTYZ,elenen,tepe,24.6,0.855,27.06,15dk,stop,26.2482,10:45,-3.03,1.4,-4.43,10:15,11:30,27.44,25.86
2026-05-26,VERTU,elenen,orta,5.8,0.288,38.82,15dk,gun_sonu,38.82,12:30,-0.03,1.7,-1.08,12:00,10:00,39.48,38.4
2026-05-26,VERUS,elenen,tepe,27.6,0.949,578.0,15dk,gun_sonu,577.0,12:30,-0.21,0.69,-0.26,10:00,10:00,582.0,576.5
2026-05-26,VKGYO,elenen,orta,8.9,0.635,2.72,15dk,gun_sonu,2.71,12:30,-0.4,0.37,-0.74,11:45,10:45,2.73,2.7
2026-05-26,YAPRK,elenen,orta,10.2,0.387,13.17,15dk,gun_sonu,13.07,12:30,-0.79,2.43,-1.29,10:00,10:15,13.49,13.0
2026-05-26,YATAS,elenen,orta,8.2,0.684,40.92,1dk,gun_sonu,41.1,12:39,0.41,0.98,-1.32,10:23,10:06,41.32,40.38
2026-05-26,YAYLA,elenen,orta,5.2,0.286,28.0,15dk,stop,27.16,11:00,-3.03,0.0,-5.0,10:00,11:15,28.0,26.6
2026-05-26,YEOTK,elenen,tepe,23.7,0.917,116.0,1dk,stop,112.52,10:15,-3.03,0.0,-8.97,10:00,11:52,116.0,105.6
2026-05-26,YGGYO,elenen,tepe,14.3,0.914,235.0,1dk,hedef,242.05,10:38,2.97,5.74,0.04,12:25,10:00,248.5,235.1
2026-05-26,YIGIT,elenen,orta,28.5,0.307,24.16,1dk,gun_sonu,24.28,12:39,0.46,2.07,-0.58,10:20,10:07,24.66,24.02
2026-05-26,YUNSA,elenen,tepe,23.3,0.848,10.21,1dk,gun_sonu,10.15,12:39,-0.62,0.39,-2.15,10:52,10:12,10.25,9.99
2026-05-26,YYLGD,elenen,orta,9.7,0.482,11.75,1dk,gun_sonu,11.67,12:38,-0.71,0.0,-1.45,10:00,10:56,11.75,11.58
2026-05-26,ZEDUR,elenen,orta,11.9,0.6,9.89,15dk,stop,9.5933,10:15,-3.03,-0.1,-3.64,10:00,10:15,9.88,9.53
2026-06-01,IDGYO,elenen,orta,8.5,0.718,4.23,15dk,hedef,4.3569,14:45,2.97,5.2,-0.71,18:00,10:00,4.45,4.2
2026-06-01,NUGYO,elenen,orta,8.1,0.509,10.41,15dk,stop,10.0977,13:15,-3.03,1.92,-4.9,10:00,16:30,10.61,9.9
2026-06-02,ERBOS,elenen,orta,7.9,0.741,202.5,15dk,stop,196.425,10:15,-3.03,-0.05,-4.35,10:00,11:30,202.4,193.7
2026-06-02,HRKET,elenen,tepe,7.9,1.091,100.0,15dk,stop,97.0,10:15,-3.03,6.1,-8.0,18:00,10:30,106.1,92.0
2026-06-02,KLSER,elenen,orta,5.2,0.56,31.48,15dk,stop,30.5356,10:15,-3.03,0.32,-4.64,10:00,10:15,31.58,30.02
2026-06-02,KRVGD,elenen,tepe,5.4,0.964,3.4,15dk,hedef,3.502,12:45,2.97,5.0,-4.12,13:00,18:00,3.57,3.26
2026-06-02,MEPET,elenen,orta,7.6,0.632,24.08,15dk,hedef,24.8024,10:00,2.97,4.24,-2.74,18:00,10:00,25.1,23.42
2026-06-02,PAMEL,elenen,orta,11.7,0.296,93.75,15dk,stop,90.9375,10:15,-3.03,0.75,-4.53,10:00,10:15,94.45,89.5
2026-06-03,AKMGY,elenen,orta,12.4,0.693,294.5,15dk,stop,285.665,10:15,-3.03,0.17,-7.56,10:00,18:00,295.0,272.25
2026-06-03,BARMA,elenen,tepe,9.4,0.95,60.2,15dk,gun_sonu,60.3,18:00,0.13,2.57,-1.5,16:15,10:00,61.75,59.3
2026-06-03,BINBN,elenen,orta,5.3,0.388,197.0,15dk,stop,191.09,11:00,-3.03,2.18,-8.63,10:00,17:45,201.3,180.0
2026-06-03,CGCAM,elenen,tepe,6.6,0.899,46.42,15dk,hedef,47.8126,10:00,2.97,6.16,-6.38,10:00,18:00,49.28,43.46
2026-06-03,KARTN,elenen,tepe,7.7,0.981,130.3,15dk,hedef,134.209,10:00,2.97,4.91,-1.77,18:00,10:00,136.7,128.0
2026-06-03,KNFRT,elenen,orta,8.1,0.374,15.04,15dk,hedef,15.4912,10:00,2.97,6.98,0.07,18:00,10:00,16.09,15.05
2026-06-03,MEPET,elenen,orta,12.9,0.7,25.88,15dk,hedef,26.6564,10:00,2.97,5.49,-1.08,10:00,10:00,27.3,25.6
2026-06-03,MSGYO,elenen,orta,5.5,0.432,6.7,15dk,stop,6.499,10:15,-3.03,3.58,-4.48,15:45,10:15,6.94,6.4
2026-06-03,NUGYO,elenen,orta,8.7,0.634,11.29,15dk,stop,10.9513,11:45,-3.03,1.24,-6.02,10:00,17:15,11.43,10.61
2026-06-03,OZGYO,elenen,orta,6.2,0.721,2.18,15dk,stop,2.1146,16:45,-3.03,2.29,-3.21,12:00,17:30,2.23,2.11
2026-06-04,ARTMS,elenen,orta,9.8,0.713,48.84,15dk,hedef,50.3052,10:00,2.97,4.52,-9.87,10:00,14:30,51.05,44.02
2026-06-04,CGCAM,elenen,tepe,5.9,0.863,46.0,15dk,stop,44.62,12:15,-3.03,3.91,-4.04,18:00,12:30,47.8,44.14
2026-06-04,CUSAN,elenen,orta,29.0,0.468,28.78,15dk,stop,27.9166,10:15,-3.03,3.13,-6.95,14:00,11:15,29.68,26.78
2026-06-04,DIRIT,elenen,orta,5.6,0.207,23.76,1dk,hedef,24.4728,12:55,2.97,13.55,5.13,17:55,12:55,26.98,24.98
2026-06-04,EKIZ,elenen,orta,5.4,0.286,81.65,1dk,hedef,84.0995,12:55,2.97,10.23,4.1,17:55,12:55,90.0,85.0
2026-06-04,HRKET,elenen,tepe,6.5,1.0,116.7,15dk,hedef,120.201,10:00,2.97,7.71,-4.97,14:45,10:45,125.7,110.9
2026-06-04,KNFRT,elenen,orta,9.4,0.486,16.69,15dk,hedef,17.1907,10:00,2.97,5.09,-5.45,16:30,11:15,17.54,15.78
2026-06-04,LUKSK,elenen,orta,29.9,0.623,118.7,15dk,stop,115.139,10:15,-3.03,0.08,-7.92,10:15,14:30,118.8,109.3
2026-06-04,MAKIM,elenen,orta,20.2,0.566,19.59,15dk,stop,19.0023,10:30,-3.03,0.77,-9.34,10:00,17:30,19.74,17.76
2026-06-04,UFUK,elenen,orta,27.9,0.387,1387.0,15dk,stop,1345.39,10:15,-3.03,0.0,-10.89,10:00,12:00,1387.0,1236.0
2026-06-05,AVGYO,elenen,orta,83.5,0.49,14.0,15dk,stop,13.58,14:45,-3.03,1.57,-7.07,10:00,17:15,14.22,13.01
2026-06-05,AVHOL,elenen,orta,11.4,0.769,51.8,1dk,hedef,53.354,10:06,2.97,5.21,-9.61,10:56,14:10,54.5,46.82
2026-06-05,BARMA,elenen,tepe,34.9,0.926,59.1,15dk,hedef,60.873,16:00,2.97,4.15,-0.34,16:15,10:00,61.55,58.9
2026-06-05,DITAS,elenen,orta,6.0,0.723,43.6,15dk,stop,42.292,10:15,-3.03,0.55,-9.08,10:00,10:30,43.84,39.64
2026-06-05,ISKPL,elenen,orta,5.8,0.576,15.21,15dk,hedef,15.6663,14:15,2.97,11.05,0.0,14:15,18:00,16.89,15.21
2026-06-05,ULUFA,elenen,orta,8.6,0.381,2.0,15dk,hedef,2.06,10:00,2.97,5.0,-2.75,10:00,17:30,2.1,1.945
2026-06-08,MMCAS,elenen,orta,7.3,0.283,58.95,1dk,hedef,60.7185,12:55,2.97,6.11,3.56,13:55,12:55,62.55,61.05
2026-06-08,MRSHL,elenen,orta,5.8,0.364,1599.0,15dk,gun_sonu,1558.0,18:00,-2.6,1.75,-3.19,11:30,10:00,1627.0,1548.0
2026-06-08,ORCAY,elenen,orta,5.0,0.539,4.05,1dk,hedef,4.1715,10:00,2.97,21.73,0.0,11:36,10:00,4.93,4.05
2026-06-08,SEKUR,elenen,tepe,14.9,0.863,8.06,15dk,hedef,8.3018,11:00,2.97,9.93,-3.1,17:45,10:00,8.86,7.81
2026-06-09,AKFYE,elenen,tepe,18.3,1.106,29.0,15dk,stop,28.13,10:15,-3.03,1.17,-7.86,10:00,12:15,29.34,26.72
2026-06-09,AVGYO,elenen,orta,9.9,0.592,15.2,15dk,stop,14.744,10:15,-3.03,0.99,-9.21,10:00,10:45,15.35,13.8
2026-06-09,EGGUB,elenen,orta,5.7,0.504,110.5,15dk,hedef,113.815,10:00,2.97,8.33,-3.17,10:30,10:00,119.7,107.0
2026-06-09,EKIZ,elenen,orta,9.0,0.254,78.2,1dk,hedef,80.546,17:55,2.97,7.93,0.0,17:55,12:55,84.4,78.2
2026-06-09,KUVVA,elenen,tepe,7.6,0.904,166.0,1dk,stop,161.02,10:23,-3.03,0.0,-4.76,16:36,10:01,166.0,158.1
2026-06-09,MEGMT,elenen,orta,5.5,0.763,78.5,15dk,hedef,80.855,10:00,2.97,8.28,0.0,10:00,10:00,85.0,78.5
2026-06-09,RAYSG,elenen,orta,22.2,0.239,204.4,15dk,stop,198.268,10:15,-3.03,4.5,-6.56,14:30,13:30,213.6,191.0
2026-06-10,A1CAP,elenen,orta,9.7,0.353,11.12,15dk,stop,10.7864,11:00,-3.03,2.79,-10.07,10:00,18:00,11.43,10.0
2026-06-10,AYEN,elenen,tepe,17.7,0.875,38.92,15dk,hedef,40.0876,10:00,2.97,8.32,-2.57,10:15,17:30,42.16,37.92
2026-06-10,DAGI,elenen,orta,49.7,0.424,6.43,15dk,hedef,6.6229,10:00,2.97,14.62,2.8,12:30,10:00,7.37,6.61
2026-06-10,DERIM,elenen,tepe,48.7,0.873,44.5,1dk,stop,43.165,10:15,-3.03,0.72,-9.84,10:00,12:04,44.82,40.12
2026-06-10,GSDDE,elenen,orta,5.8,0.745,16.01,15dk,stop,15.5297,10:15,-3.03,0.75,-14.05,10:15,18:00,16.13,13.76
2026-06-10,GSDHO,elenen,tepe,12.0,1.085,6.79,15dk,stop,6.5863,10:15,-3.03,1.91,-12.67,10:00,17:45,6.92,5.93
2026-06-10,LYDYE,elenen,orta,11.7,0.365,15020.0,1dk,stop,14569.4,10:15,-3.03,2.36,-3.65,12:54,10:15,15375.0,14472.5
2026-06-11,ANGEN,elenen,orta,5.6,0.475,12.64,15dk,stop,12.2608,10:15,-3.03,2.06,-12.66,10:00,16:30,12.9,11.04
2026-06-11,BARMA,elenen,tepe,8.9,0.986,67.15,15dk,gun_sonu,68.2,18:00,1.53,2.31,-0.82,16:45,10:15,68.7,66.6
2026-06-11,BRISA,elenen,orta,9.0,0.501,85.15,1dk,hedef,87.7045,10:00,2.97,6.58,0.41,18:08,10:00,90.75,85.5
2026-06-11,BRKSN,elenen,orta,6.4,0.341,8.06,1dk,stop,7.8182,13:54,-3.03,0.37,-3.85,11:51,13:54,8.09,7.75
2026-06-11,DNISI,elenen,orta,54.0,0.517,21.78,15dk,hedef,22.4334,10:00,2.97,4.59,-5.14,13:45,17:15,22.78,20.66
2026-06-11,GOODY,elenen,orta,19.3,0.239,2.68400426,15dk,hedef,2.7645,10:00,2.97,513.26,464.46,11:30,10:00,16.46,15.15
2026-06-11,KRGYO,elenen,orta,6.3,0.209,2.93,1dk,hedef,3.0179,16:20,2.97,5.46,2.05,17:56,17:20,3.09,2.99
2026-06-11,MERKO,elenen,orta,5.8,0.356,1.98,15dk,hedef,2.0394,10:15,2.97,5.05,-2.02,10:15,18:00,2.08,1.94
2026-06-11,OFSYM,elenen,orta,8.5,0.628,64.8,15dk,hedef,66.744,10:00,2.97,5.71,-12.04,13:30,17:00,68.5,57.0
2026-06-12,BRKSN,elenen,orta,6.7,0.335,8.03,1dk,gun_sonu,7.97,18:09,-0.78,0.87,-2.24,15:33,17:48,8.1,7.85
2026-06-12,BRKVY,elenen,orta,10.5,0.534,102.0,1dk,hedef,105.06,11:44,2.97,3.43,-8.82,11:44,17:01,105.5,93.0
2026-06-12,EDATA,elenen,orta,7.9,0.614,17.54,15dk,hedef,18.0662,10:00,2.97,5.82,-4.9,18:00,10:00,18.56,16.68
2026-06-12,FZLGY,elenen,tepe,6.6,0.836,18.2,15dk,hedef,18.746,10:00,2.97,3.08,-3.79,10:00,11:00,18.76,17.51
2026-06-12,ICUGS,elenen,orta,6.5,0.62,4.47,15dk,stop,4.3359,10:15,-3.03,14.77,-5.82,18:00,12:00,5.13,4.21
2026-06-12,LYDYE,elenen,orta,7.5,0.258,13995.0,1dk,stop,13575.15,13:07,-3.03,0.73,-3.54,10:00,13:07,14097.5,13500.0
2026-06-12,OSTIM,elenen,orta,16.3,0.311,2.33333078,15dk,hedef,2.4033,10:00,2.97,5.4,-13.65,10:00,17:15,2.4593,2.0148
2026-06-12,SDTTR,elenen,orta,5.1,0.577,245.0,15dk,hedef,252.35,10:00,2.97,5.41,-0.12,12:45,10:00,258.25,244.7
2026-06-12,VKGYO,elenen,orta,8.4,0.628,2.71,1dk,gun_sonu,2.73,18:09,0.71,1.48,-0.37,12:58,17:19,2.75,2.7
2026-06-12,ZRGYO,elenen,orta,5.2,0.245,17.5,1dk,stop,16.975,16:41,-3.03,-1.94,-5.71,16:33,17:01,17.16,16.5
2026-06-15,ALBRK,elenen,orta,6.4,0.643,9.1,1dk,gun_sonu,8.83,18:08,-3.0,-2.2,-2.97,17:53,18:08,8.9,8.83
2026-06-15,BIZIM,elenen,orta,5.2,0.334,27.16,15dk,gun_sonu,27.38,18:00,0.78,1.33,0.0,17:00,10:00,27.52,27.16
2026-06-15,DENGE,elenen,orta,8.1,0.215,2.42,1dk,gun_sonu,2.47,17:59,2.03,2.07,2.07,17:59,17:59,2.47,2.47
2026-06-15,ENERY,elenen,orta,8.6,0.671,9.88,15dk,hedef,10.1764,10:15,2.97,4.25,-6.07,14:30,17:45,10.3,9.28
2026-06-15,INVES,elenen,orta,8.8,0.746,662.5,15dk,hedef,682.375,11:30,2.97,8.83,-0.38,14:00,10:00,721.0,660.0
2026-06-15,KARTN,elenen,orta,7.9,0.776,127.0,15dk,hedef,130.81,10:00,2.97,6.06,-2.76,10:00,10:30,134.7,123.5
2026-06-15,MTRKS,elenen,tepe,6.0,0.996,30.74,1dk,stop,29.8178,13:46,-3.03,-5.92,-10.34,14:00,17:19,28.92,27.56
2026-06-15,VKGYO,elenen,orta,6.8,0.664,2.76,1dk,gun_sonu,2.82,18:08,2.14,2.9,0.0,16:30,10:00,2.84,2.76
2026-06-16,AVTUR,elenen,orta,7.2,0.593,17.5,1dk,gun_sonu,17.15,18:05,-2.03,0.29,-2.86,10:30,16:52,17.55,17.0
2026-06-16,DENGE,elenen,orta,34.5,0.322,2.67,1dk,stop,2.5899,11:10,-3.03,1.5,-7.49,13:06,17:54,2.71,2.47
2026-06-16,DGGYO,elenen,orta,7.3,0.731,34.54,1dk,hedef,35.5762,10:13,2.97,9.84,-3.88,11:13,10:02,37.94,33.2
2026-06-16,DNISI,elenen,tepe,13.8,0.818,23.7,1dk,stop,22.989,10:37,-3.03,0.25,-4.05,10:00,17:49,23.76,22.74
2026-06-16,EUKYO,elenen,tepe,8.4,0.973,9.8,1dk,hedef,10.094,10:00,2.97,8.27,0.0,10:00,10:00,10.61,9.8
2026-06-16,FRIGO,elenen,orta,7.2,0.661,2.79,1dk,stop,2.7063,14:31,-3.03,2.51,-10.04,12:01,18:09,2.86,2.51
2026-06-16,ISGSY,elenen,orta,7.2,0.696,19.8503199,1dk,hedef,20.4458,13:03,2.97,492.43,469.26,17:16,16:04,117.6,113.0
2026-06-16,KTSKR,elenen,orta,5.8,0.479,101.0,15dk,hedef,104.03,10:00,2.97,4.85,-3.71,10:00,17:15,105.9,97.25
2026-06-16,PAMEL,elenen,orta,8.6,0.279,92.65,1dk,stop,89.8705,10:16,-3.03,1.46,-7.88,10:00,10:19,94.0,85.35
2026-06-16,PARSN,elenen,orta,5.6,0.482,93.0,1dk,hedef,95.79,10:39,2.97,3.06,-1.99,10:39,10:09,95.85,91.15
2026-06-16,SKTAS,elenen,orta,7.7,0.498,3.81,15dk,hedef,3.9243,10:00,2.97,8.4,0.0,18:00,10:00,4.13,3.81
2026-06-17,ALGYO,elenen,orta,23.2,0.385,4.75,1dk,hedef,4.8925,10:07,2.97,4.63,-0.21,10:43,18:09,4.97,4.74
2026-06-17,GATEG,elenen,orta,9.4,0.509,294.0,1dk,gun_sonu,290.5,18:08,-1.22,0.0,-1.19,12:55,18:08,294.0,290.5
2026-06-17,NETAS,elenen,orta,8.3,0.556,71.95,1dk,stop,69.7915,10:15,-3.03,1.95,-5.0,13:12,11:01,73.35,68.35
2026-06-17,SKTAS,elenen,orta,8.4,0.568,4.13,15dk,stop,4.0061,10:15,-3.03,9.93,-4.84,17:45,10:00,4.54,3.93
2026-06-17,SOKE,elenen,orta,13.9,0.659,17.37,1dk,stop,16.8489,10:20,-3.03,1.67,-8.41,10:00,17:37,17.66,15.91
2026-06-17,SONME,elenen,orta,16.6,0.343,132.6,1dk,hedef,136.578,10:00,2.97,8.52,-0.75,10:10,10:00,143.9,131.6
2026-06-17,VERTU,elenen,orta,8.2,0.542,47.8,1dk,stop,46.366,10:23,-3.03,2.64,-7.24,10:02,17:39,49.06,44.34
2026-06-18,AYEN,elenen,tepe,6.9,1.024,45.8,1dk,stop,44.426,10:15,-3.03,0.0,-11.09,10:00,18:09,45.8,40.72
2026-06-18,BASGZ,elenen,orta,20.3,0.758,48.18,1dk,hedef,49.6254,10:00,2.97,5.13,-2.49,18:08,11:01,50.65,46.98
2026-06-18,BMSTL,elenen,orta,11.3,0.615,48.65,1dk,hedef,50.1095,10:00,2.97,102.47,94.55,16:53,13:36,98.5,94.65
2026-06-18,BRKO,elenen,tepe,5.9,0.825,15.0,1dk,gun_sonu,15.4,18:09,2.63,2.67,-0.07,18:09,13:55,15.4,14.99
2026-06-18,BRMEN,elenen,tepe,28.5,1.01,13.62,1dk,hedef,14.0286,13:55,2.97,9.1,2.79,18:09,12:55,14.86,14.0
2026-06-18,INFO,elenen,orta,6.3,0.588,4.51,1dk,hedef,4.6453,10:02,2.97,8.2,-3.55,18:08,13:45,4.88,4.35
2026-06-18,IZINV,elenen,orta,14.9,0.587,71.8,1dk,stop,69.646,10:15,-3.03,0.0,-10.1,10:00,14:47,71.8,64.55
2026-06-18,OYYAT,elenen,orta,38.3,0.476,50.65,1dk,hedef,52.1695,10:01,2.97,4.24,-10.01,10:02,18:08,52.8,45.58
2026-06-18,PRKME,elenen,orta,13.6,0.309,19.66,15dk,hedef,20.2498,10:00,2.97,5.9,-3.31,15:30,11:00,20.82,19.01
2026-06-18,TURGG,elenen,orta,18.6,0.247,31.84,1dk,stop,30.8848,10:16,-3.03,2.2,-8.29,10:05,17:45,32.54,29.2
2026-06-19,ATEKS,elenen,orta,5.1,0.713,143.3,1dk,stop,139.001,13:55,-3.03,-1.19,-9.98,12:55,18:08,141.6,129.0
2026-06-19,BRKO,elenen,tepe,5.7,0.915,16.0,1dk,gun_sonu,16.0,18:09,-0.03,0.12,0.0,17:55,18:09,16.02,16.0
2026-06-19,DMSAS,elenen,orta,14.7,0.351,9.5,15dk,hedef,9.785,10:15,2.97,4.95,-0.84,12:30,10:00,9.97,9.42
2026-06-19,FRIGO,elenen,orta,63.8,0.289,1.84,1dk,hedef,1.8952,10:00,2.97,7.07,0.0,10:03,18:09,1.97,1.84
2026-06-19,INFO,elenen,orta,5.6,0.751,4.98,1dk,hedef,5.1294,10:01,2.97,7.63,-0.6,10:14,10:00,5.36,4.95
2026-06-19,ISGSY,elenen,orta,5.4,0.762,21.262125,1dk,hedef,21.9,10:00,2.97,519.88,474.26,10:18,10:00,131.8,122.1
2026-06-19,KLYPV,elenen,orta,7.9,0.605,66.1,1dk,stop,64.117,10:20,-3.03,1.29,-5.3,10:00,10:49,66.95,62.6
2026-06-19,LYDYE,elenen,orta,7.0,0.244,13862.5,1dk,hedef,14278.375,10:06,2.97,5.32,-0.81,10:06,14:22,14600.0,13750.0
2026-06-19,OZATD,elenen,orta,7.7,0.78,1532.0,1dk,hedef,1577.96,10:00,2.97,4.37,-2.15,10:00,18:09,1599.0,1499.0
2026-06-19,SNICA,elenen,orta,5.6,0.281,4.24,1dk,gun_sonu,4.15,18:08,-2.16,0.47,-2.59,10:00,14:30,4.26,4.13
2026-06-19,YAYLA,elenen,orta,20.9,0.317,28.82,15dk,stop,27.9554,10:15,-3.03,0.21,-13.67,10:00,18:00,28.88,24.88
2026-06-22,BAKAB,elenen,tepe,6.3,1.046,56.35,1dk,hedef,58.0405,10:19,2.97,3.73,-4.53,10:22,17:12,58.45,53.8
2026-06-22,BOBET,elenen,orta,19.0,0.427,20.98,1dk,stop,20.3506,10:20,-3.03,0.1,-3.53,10:05,10:32,21.0,20.24
2026-06-22,DGGYO,elenen,tepe,26.7,1.22,46.0,1dk,stop,44.62,10:18,-3.03,1.57,-11.96,10:00,11:11,46.72,40.5
2026-06-22,DMRGD,elenen,tepe,5.9,0.891,11.08,1dk,hedef,11.4124,10:00,2.97,5.6,-0.27,13:08,10:57,11.7,11.05
2026-06-22,ISFIN,elenen,tepe,5.4,0.878,20.98,1dk,gun_sonu,20.66,18:08,-1.56,1.05,-1.81,10:07,17:59,21.2,20.6
2026-06-22,MTRYO,elenen,orta,7.4,0.667,11.42,1dk,hedef,11.7626,10:12,2.97,3.68,-2.8,10:13,10:00,11.84,11.1
2026-06-22,SEKUR,elenen,orta,8.0,0.7,8.37,1dk,hedef,8.6211,10:31,2.97,22.22,0.0,18:08,10:30,10.23,8.37
2026-06-23,AYDEM,elenen,orta,6.5,0.671,27.38,1dk,stop,26.5586,11:22,-3.03,0.0,-5.04,10:00,17:41,27.38,26.0
2026-06-23,BALSU,elenen,orta,25.8,0.21,16.12,1dk,hedef,16.6036,10:02,2.97,5.33,-1.8,18:09,10:01,16.98,15.83
2026-06-23,IHGZT,elenen,orta,10.0,0.204,1.47,1dk,stop,1.4259,10:17,-3.03,1.36,-6.12,10:00,18:08,1.49,1.38
2026-06-23,INGRM,elenen,orta,6.0,0.279,412.75,1dk,gun_sonu,413.0,18:08,0.03,2.6,-0.79,16:38,17:49,423.5,409.5
2026-06-23,KBORU,elenen,tepe,6.3,0.866,26.0,1dk,stop,25.22,10:15,-3.03,0.0,-4.77,10:00,10:20,26.0,24.76
2026-06-23,MOGAN,elenen,tepe,17.5,0.886,15.23,1dk,gun_sonu,15.36,18:09,0.82,0.85,-3.22,18:09,10:00,15.36,14.74
2026-06-23,PAMEL,elenen,orta,5.0,0.286,94.0,1dk,hedef,96.82,10:04,2.97,8.09,-2.13,18:08,10:00,101.6,92.0
2026-06-23,PSDTC,elenen,orta,6.6,0.384,134.7,1dk,hedef,138.741,10:04,2.97,3.19,-3.93,10:04,17:34,139.0,129.4
2026-06-24,PAMEL,elenen,orta,5.4,0.462,105.0,1dk,hedef,108.15,10:01,2.97,3.43,-11.38,10:02,14:30,108.6,93.05
2026-06-24,SILVR,elenen,orta,6.3,0.516,2.79,1dk,hedef,2.8737,10:08,2.97,6.09,-2.15,10:11,10:04,2.96,2.73
2026-06-25,GOODY,elenen,tepe,18.0,1.105,4.08551277,1dk,hedef,4.2081,10:00,2.97,481.08,386.84,10:07,18:09,23.74,19.89
2026-06-25,INVEO,elenen,orta,9.0,0.206,8.46,1dk,hedef,8.7138,10:11,2.97,7.21,-3.66,10:34,17:52,9.07,8.15
2026-06-25,OSMEN,elenen,orta,27.8,0.536,9.1,1dk,stop,8.827,12:59,-3.03,2.09,-7.58,17:36,14:11,9.29,8.41
2026-06-25,UNLU,elenen,orta,7.7,0.26,14.0,1dk,stop,13.58,13:56,-3.03,1.43,-5.0,10:00,17:56,14.2,13.3
2026-06-26,BALSU,elenen,orta,28.7,0.366,18.48,1dk,hedef,19.0344,10:00,2.97,15.91,-0.05,17:28,17:13,21.42,18.47
2026-06-26,DITAS,elenen,orta,5.4,0.443,31.32,1dk,hedef,32.2596,10:32,2.97,15.39,0.0,17:45,10:38,36.14,31.32
2026-06-26,GLBMD,elenen,orta,8.6,0.701,14.33,1dk,stop,13.9001,10:16,-3.03,4.47,-6.77,10:56,17:51,14.97,13.36
2026-06-26,INFO,elenen,tepe,6.5,0.922,7.0,1dk,hedef,7.21,10:00,2.97,15.43,-0.43,13:45,10:00,8.08,6.97
2026-06-26,PRZMA,elenen,orta,7.4,0.779,49.5,1dk,stop,48.015,10:15,-3.03,5.86,-8.08,18:09,10:52,52.4,45.5
2026-06-26,SNICA,elenen,orta,28.3,0.534,4.8,1dk,hedef,4.944,10:00,2.97,3.96,-0.63,18:08,10:00,4.99,4.77
2026-06-26,TERA,elenen,orta,54.8,0.31,160.9,1dk,gun_sonu,162.0,18:09,0.65,1.68,0.44,17:22,17:14,163.6,161.6
2026-06-26,VKFYO,elenen,orta,6.1,0.269,27.98,1dk,hedef,28.8194,10:00,2.97,3.86,-1.5,10:00,17:03,29.06,27.56
2026-06-29,BESLR,elenen,orta,27.2,0.392,14.3,1dk,stop,13.871,13:05,-3.03,1.12,-3.43,10:00,17:14,14.46,13.81
2026-06-29,DZGYO,elenen,orta,17.2,0.682,8.87,1dk,stop,8.6039,10:15,-3.03,0.0,-8.0,10:00,17:02,8.87,8.16
2026-06-29,ICBCT,elenen,orta,8.4,0.623,22.14,1dk,stop,21.4758,10:17,-3.03,1.81,-7.5,10:00,18:09,22.54,20.48
2026-06-29,ISFIN,elenen,tepe,15.7,0.833,20.58,1dk,stop,19.9626,18:05,-3.03,0.68,-3.3,10:01,18:09,20.72,19.9
2026-06-29,ISGYO,elenen,tepe,8.1,0.998,27.4,1dk,stop,26.578,10:21,-3.03,2.41,-10.15,10:00,18:09,28.06,24.62
2026-06-29,MRSHL,elenen,orta,62.5,0.634,1910.0,1dk,hedef,1967.3,10:01,2.97,5.5,-1.2,18:05,10:00,2015.0,1887.0
2026-06-29,PRKME,elenen,orta,18.9,0.397,21.02,1dk,stop,20.3894,10:45,-3.03,2.76,-6.66,10:06,15:53,21.6,19.62
2026-06-29,SNICA,elenen,orta,13.4,0.643,5.04,1dk,stop,4.8888,10:15,-3.03,1.59,-10.71,10:00,18:09,5.12,4.5
2026-06-29,ZEDUR,elenen,orta,23.5,0.66,10.34,1dk,hedef,10.6502,10:49,2.97,3.38,-9.96,10:49,18:08,10.69,9.31
2026-06-30,AHSGY,elenen,orta,13.7,0.707,20.4,1dk,stop,19.788,10:54,-3.03,2.65,-7.99,10:00,14:21,20.94,18.77
2026-06-30,AKFIS,elenen,tepe,5.5,0.997,79.35,1dk,stop,76.9695,10:19,-3.03,1.26,-9.77,10:00,16:46,80.35,71.6
2026-06-30,BARMA,elenen,tepe,9.9,0.858,72.7,1dk,stop,70.519,10:42,-3.03,0.21,-10.45,10:02,14:05,72.85,65.1
2026-06-30,CEOEM,elenen,orta,6.6,0.304,26.5,1dk,stop,25.705,16:45,-3.03,1.58,-4.15,13:11,16:47,26.92,25.4
2026-06-30,DMRGD,elenen,tepe,9.8,0.904,11.21,1dk,hedef,11.5463,11:49,2.97,4.46,0.0,12:54,10:03,11.71,11.21
2026-06-30,DOFRB,elenen,tepe,6.4,0.83,189.6,1dk,stop,183.912,15:18,-3.03,2.48,-3.85,10:06,18:09,194.3,182.3
2026-06-30,EFOR,elenen,orta,8.9,0.314,14.08,1dk,hedef,14.5024,10:15,2.97,5.11,-2.13,10:15,10:00,14.8,13.78
2026-06-30,INVEO,elenen,orta,9.3,0.255,8.85,1dk,stop,8.5845,10:49,-3.03,1.36,-8.81,10:00,14:12,8.97,8.07
2026-06-30,ISYAT,elenen,orta,7.0,0.321,8.67,1dk,stop,8.4099,10:15,-3.03,1.38,-6.0,10:00,17:11,8.79,8.15
2026-06-30,KLMSN,elenen,orta,68.1,0.396,35.28,1dk,stop,34.2216,10:39,-3.03,2.95,-4.99,10:04,14:16,36.32,33.52
2026-06-30,KRONT,elenen,tepe,18.9,0.95,24.0,1dk,hedef,24.72,16:21,2.97,5.33,-3.08,16:36,10:03,25.28,23.26
2026-06-30,MRSHL,elenen,tepe,14.2,0.807,2088.0,1dk,stop,2025.36,10:15,-3.03,4.41,-12.36,13:59,11:32,2180.0,1830.0
2026-06-30,PATEK,elenen,orta,9.5,0.35,23.98,1dk,stop,23.2606,10:36,-3.03,-0.17,-7.34,10:00,15:24,23.94,22.22
2026-06-30,SDTTR,elenen,orta,5.8,0.762,269.0,1dk,gun_sonu,264.5,18:09,-1.71,2.23,-2.6,15:57,13:05,275.0,262.0
2026-06-30,SEKUR,elenen,orta,7.6,0.713,10.43,1dk,gun_sonu,10.43,18:09,-0.03,0.0,0.0,18:09,18:09,10.43,10.43
2026-06-30,TATEN,elenen,orta,121.9,0.392,14.33,1dk,stop,13.9001,11:36,-3.03,1.95,-5.09,10:00,18:09,14.61,13.6
2026-06-30,TLMAN,elenen,orta,6.0,0.479,95.95,1dk,stop,93.0715,15:28,-3.03,0.05,-3.34,10:00,16:05,96.0,92.75
2026-07-01,AKSUE,elenen,tepe,8.3,0.963,39.1,1dk,hedef,40.273,10:31,2.97,9.82,-0.36,18:09,10:00,42.94,38.96
2026-07-01,BINHO,elenen,orta,11.4,0.612,11.25,1dk,stop,10.9125,10:33,-3.03,4.09,-4.98,12:55,18:09,11.71,10.69
2026-07-01,DESA,elenen,orta,18.5,0.323,11.49,1dk,stop,11.1453,10:27,-3.03,1.13,-5.74,10:01,12:19,11.62,10.83
2026-07-01,ENERY,elenen,orta,5.2,0.786,10.8,1dk,hedef,11.124,10:01,2.97,9.17,0.0,12:11,10:01,11.79,10.8
2026-07-01,KOCMT,elenen,tepe,5.7,1.078,3.8,1dk,stop,3.686,10:18,-3.03,1.58,-5.0,11:24,10:09,3.86,3.61
2026-07-01,KTSKR,elenen,orta,7.6,0.603,113.9,1dk,stop,110.483,13:09,-3.03,1.58,-6.06,11:22,18:08,115.7,107.0
2026-07-01,KUYAS,elenen,orta,23.3,0.649,74.0,1dk,hedef,76.22,10:00,2.97,8.65,-2.5,10:00,10:32,80.4,72.15
2026-07-01,RODRG,elenen,orta,6.8,0.484,25.02,1dk,gun_sonu,25.3,18:08,1.09,2.4,-1.04,16:04,14:13,25.62,24.76
2026-07-01,SEGMN,elenen,orta,11.7,0.698,56.6,1dk,hedef,58.298,10:04,2.97,6.1,-0.97,15:39,10:00,60.05,56.05
2026-07-01,SKTAS,elenen,orta,17.3,0.507,3.85,1dk,hedef,3.9655,10:01,2.97,5.19,-1.3,18:08,10:00,4.05,3.8
2026-07-02,AKSUE,elenen,tepe,7.5,1.024,43.6,1dk,stop,42.292,10:23,-3.03,2.52,-5.0,17:55,15:20,44.7,41.42
2026-07-02,AVOD,elenen,orta,15.3,0.5,4.45,1dk,stop,4.3165,10:41,-3.03,5.17,-5.62,16:25,14:01,4.68,4.2
2026-07-02,BYDNR,elenen,orta,12.5,0.694,38.5,1dk,hedef,39.655,10:00,2.97,4.05,-1.3,18:08,10:00,40.06,38.0
2026-07-02,CEOEM,elenen,orta,21.5,0.385,28.56,1dk,gun_sonu,29.0,18:09,1.51,2.94,-2.24,12:58,17:05,29.4,27.92
2026-07-02,CMBTN,elenen,orta,19.2,0.271,1800.0,1dk,hedef,1854.0,10:04,2.97,3.72,-5.06,10:27,18:09,1867.0,1709.0
2026-07-02,HATEK,elenen,orta,10.8,0.308,17.0,1dk,gun_sonu,16.82,18:08,-1.09,0.53,-2.65,16:07,13:51,17.09,16.55
2026-07-02,HDFGS,elenen,orta,43.7,0.278,2.76,1dk,hedef,2.8428,10:00,2.97,5.43,-1.81,18:09,10:15,2.91,2.71
2026-07-02,ICBCT,elenen,orta,7.9,0.703,23.4,1dk,stop,22.698,10:15,-3.03,1.62,-5.56,17:17,14:46,23.78,22.1
2026-07-02,INGRM,elenen,orta,8.7,0.387,453.0,1dk,stop,439.41,10:33,-3.03,-0.06,-4.08,10:00,14:46,452.75,434.5
2026-07-02,KGYO,elenen,tepe,5.9,0.898,12.3,1dk,stop,11.931,17:24,-3.03,1.22,-3.66,10:12,17:42,12.45,11.85
2026-07-02,KLNMA,elenen,orta,6.8,0.449,10.6,1dk,gun_sonu,10.6,18:08,-0.03,0.47,0.0,17:55,18:08,10.65,10.6
2026-07-02,LYDHO,elenen,orta,11.0,0.671,181.0,1dk,hedef,186.43,14:25,2.97,3.43,0.28,14:28,10:15,187.2,181.5
2026-07-02,MRSHL,elenen,tepe,9.0,1.045,2360.0,1dk,stop,2289.2,10:21,-3.03,2.97,-6.78,10:43,13:56,2430.0,2200.0
2026-07-02,PRZMA,elenen,tepe,14.0,1.023,71.0,1dk,hedef,73.13,10:13,2.97,7.89,-5.0,15:27,10:40,76.6,67.45
2026-07-02,PSDTC,elenen,orta,13.0,0.546,151.0,15dk,hedef,155.53,10:00,2.97,7.55,-3.97,18:00,10:30,162.4,145.0
2026-07-02,SMART,elenen,orta,7.6,0.421,30.6,1dk,hedef,31.518,10:00,2.97,4.9,0.0,10:00,18:09,32.1,30.6
2026-07-02,YKSLN,elenen,orta,41.9,0.523,3.48,1dk,stop,3.3756,10:32,-3.03,1.15,-6.03,10:10,18:09,3.52,3.27
2026-07-03,ARZUM,elenen,orta,19.0,0.238,2.18,1dk,stop,2.1146,10:15,-3.03,0.46,-10.09,10:00,11:08,2.19,1.96
2026-07-03,BYDNR,elenen,orta,18.1,0.738,39.7,1dk,stop,38.509,10:15,-3.03,-0.2,-6.8,10:00,11:01,39.62,37.0
2026-07-03,DMSAS,elenen,orta,7.3,0.246,8.77,1dk,stop,8.5069,11:12,-3.03,1.71,-4.79,10:00,10:02,8.92,8.35
2026-07-03,DUNYH,elenen,orta,15.6,0.551,123.2,1dk,stop,119.504,10:53,-3.03,9.98,-3.65,18:08,10:53,135.5,118.7
2026-07-03,ERBOS,elenen,orta,145.1,0.54,194.7,1dk,stop,188.859,11:21,-3.03,1.23,-9.5,10:00,17:55,197.1,176.2
2026-07-03,GSDDE,elenen,orta,5.9,0.461,13.31,1dk,stop,12.9107,10:22,-3.03,8.34,-4.21,17:59,10:43,14.42,12.75
2026-07-03,HDFGS,elenen,orta,9.5,0.299,2.87,1dk,hedef,2.9561,10:04,2.97,10.1,-3.14,10:39,10:00,3.16,2.78
2026-07-03,HKTM,elenen,orta,23.6,0.204,11.55,1dk,hedef,11.8965,10:00,2.97,6.58,-4.42,10:10,18:09,12.31,11.04
2026-07-03,INVES,elenen,orta,7.1,0.715,643.5,1dk,gun_sonu,638.5,18:08,-0.81,1.32,-0.78,10:00,18:08,652.0,638.5
2026-07-03,METRO,elenen,tepe,7.4,0.947,9.3,1dk,stop,9.021,17:07,-3.03,1.83,-4.19,10:00,17:57,9.47,8.91
2026-07-03,PRKME,elenen,orta,6.7,0.758,25.9,1dk,hedef,26.677,10:11,2.97,6.56,-11.51,12:48,18:09,27.6,22.92
2026-07-03,SMART,elenen,orta,20.1,0.314,28.32,1dk,hedef,29.1696,11:00,2.97,5.23,-2.75,11:02,10:35,29.8,27.54
2026-07-03,VERUS,elenen,orta,9.3,0.68,550.0,1dk,hedef,566.5,10:00,2.97,5.36,-0.27,10:00,18:05,579.5,548.5
2026-07-06,ARTMS,elenen,orta,19.4,0.533,43.68,1dk,gun_sonu,43.38,18:08,-0.72,2.2,-0.69,11:20,18:08,44.64,43.38
2026-07-06,CMBTN,elenen,orta,15.3,0.384,1931.0,1dk,stop,1873.07,10:19,-3.03,1.14,-6.89,10:00,17:55,1953.0,1798.0
2026-07-06,DUNYH,elenen,orta,7.2,0.662,137.0,1dk,stop,132.89,10:34,-3.03,0.22,-5.84,10:09,13:07,137.3,129.0
2026-07-06,ICUGS,elenen,orta,8.0,0.786,5.99,1dk,hedef,6.1697,14:23,2.97,3.84,-2.5,14:51,10:00,6.22,5.84
2026-07-06,KLMSN,elenen,orta,9.1,0.384,35.84,1dk,stop,34.7648,16:52,-3.03,1.62,-3.24,10:16,16:54,36.42,34.68
2026-07-06,LIDER,elenen,orta,61.5,0.436,89.0,1dk,hedef,91.67,10:01,2.97,15.51,0.0,16:18,10:00,102.8,89.0
2026-07-06,ODINE,elenen,tepe,11.3,0.854,1725.0,1dk,hedef,1776.75,10:05,2.97,7.13,-3.3,10:34,16:11,1848.0,1668.0
2026-07-06,OZYSR,elenen,tepe,5.0,0.909,13.2,1dk,hedef,13.596,11:36,2.97,6.06,-1.52,12:45,10:19,14.0,13.0
2026-07-06,TRENJ,elenen,orta,6.6,0.578,92.5,1dk,hedef,95.275,14:52,2.97,3.46,-0.49,17:52,13:04,95.7,92.05
2026-07-06,YAYLA,elenen,orta,5.1,0.209,25.98,1dk,hedef,26.7594,10:17,2.97,6.08,-9.55,10:20,17:23,27.56,23.5
2026-07-07,BIZIM,elenen,orta,45.1,0.357,28.92,1dk,stop,28.0524,11:15,-3.03,2.35,-7.68,10:12,18:08,29.6,26.7
2026-07-07,DSTKF,elenen,tepe,9.8,0.919,3577.5,1dk,hedef,3684.825,16:01,2.97,9.85,-1.68,16:20,13:02,3930.0,3517.5
2026-07-07,DURKN,elenen,tepe,84.0,0.9,23.7,1dk,stop,22.989,10:16,-3.03,0.0,-9.03,10:00,13:39,23.7,21.56
2026-07-07,GATEG,elenen,orta,8.9,0.444,282.0,1dk,gun_sonu,282.0,18:05,-0.03,0.0,0.0,18:05,18:05,282.0,282.0
2026-07-07,IZENR,elenen,orta,6.5,0.638,10.82,1dk,stop,10.4954,10:15,-3.03,0.18,-10.72,10:00,18:09,10.84,9.66
2026-07-07,IZMDC,elenen,tepe,9.5,0.895,9.3,1dk,gun_sonu,9.1,18:08,-2.18,2.58,-3.44,13:04,10:14,9.54,8.98
2026-07-07,KARTN,elenen,tepe,8.6,1.057,189.0,1dk,stop,183.33,10:15,-3.03,1.43,-12.33,10:00,11:27,191.7,165.7
2026-07-07,KOCMT,elenen,tepe,5.1,1.041,5.0,1dk,hedef,5.15,10:00,2.97,5.4,-10.0,10:00,10:21,5.27,4.5
2026-07-07,MAKIM,elenen,orta,6.3,0.55,19.43,1dk,hedef,20.0129,10:05,2.97,6.23,-4.99,10:44,17:26,20.64,18.46
2026-07-07,OSMEN,elenen,orta,8.1,0.69,9.73,1dk,hedef,10.0219,10:01,2.97,3.7,-10.89,10:01,13:34,10.09,8.67
2026-07-07,PNLSN,elenen,orta,8.8,0.264,41.96,1dk,gun_sonu,42.3,18:08,0.78,1.91,-0.14,10:01,10:00,42.76,41.9
2026-07-07,VKFYO,elenen,orta,10.8,0.289,29.5,1dk,hedef,30.385,10:03,2.97,6.37,-1.15,18:09,10:00,31.38,29.16
2026-07-08,AKMGY,elenen,orta,12.9,0.517,267.0,1dk,stop,258.99,10:23,-3.03,0.37,-7.53,10:09,18:08,268.0,246.9
2026-07-08,ALKLC,elenen,tepe,6.0,0.819,386.5,1dk,stop,374.905,16:46,-3.03,2.78,-4.27,10:01,10:09,397.25,370.0
2026-07-08,BALAT,elenen,orta,7.6,0.34,76.0,1dk,gun_sonu,74.1,18:09,-2.53,0.0,-2.5,13:55,18:09,76.0,74.1
2026-07-08,BASCM,elenen,orta,5.0,0.441,14.7,1dk,stop,14.259,17:55,-3.03,-0.68,-3.81,12:55,18:08,14.6,14.14
2026-07-08,BINBN,elenen,orta,6.5,0.639,194.6,1dk,stop,188.762,10:15,-3.03,0.72,-7.71,10:00,11:38,196.0,179.6
2026-07-08,DUNYH,elenen,orta,9.1,0.744,149.0,1dk,stop,144.53,10:15,-3.03,1.41,-5.23,13:05,16:21,151.1,141.2
2026-07-08,HUBVC,elenen,orta,10.0,0.328,2.86,1dk,hedef,2.9458,10:00,2.97,6.29,0.7,10:56,17:53,3.04,2.88
2026-07-08,KGYO,elenen,orta,32.1,0.576,9.02,1dk,hedef,9.2906,10:00,2.97,4.32,-1.22,10:00,18:09,9.41,8.91
2026-07-08,KORDS,elenen,orta,6.3,0.626,76.95,1dk,hedef,79.2585,10:01,2.97,9.1,0.06,18:08,10:00,83.95,77.0
2026-07-08,KOTON,elenen,orta,34.7,0.393,16.69,1dk,hedef,17.1907,10:06,2.97,3.71,-9.95,10:11,17:58,17.31,15.03
2026-07-08,LIDER,elenen,orta,5.8,0.562,103.6,1dk,stop,100.492,10:15,-3.03,0.87,-9.99,10:00,18:09,104.5,93.25
2026-07-08,PEKGY,elenen,orta,7.1,0.708,14.49,1dk,gun_sonu,14.52,18:09,0.17,1.17,-0.83,15:58,17:59,14.66,14.37
2026-07-08,PNLSN,elenen,orta,6.0,0.261,41.9,1dk,stop,40.643,10:17,-3.03,0.0,-5.63,10:31,11:46,41.9,39.54
2026-07-08,PNSUT,elenen,orta,10.6,0.257,11.6,1dk,gun_sonu,11.36,18:08,-2.1,1.03,-2.93,10:02,17:08,11.72,11.26
2026-07-08,POLHO,elenen,orta,5.5,0.636,21.34,1dk,gun_sonu,21.12,18:08,-1.06,2.91,-3.0,15:35,11:34,21.96,20.7
2026-07-08,SAFKR,elenen,orta,33.7,0.277,21.7,1dk,hedef,22.351,12:34,2.97,8.39,-2.76,14:46,10:04,23.52,21.1
2026-07-08,SEYKM,elenen,orta,13.6,0.433,5.14,1dk,hedef,5.2942,10:00,2.97,9.14,-0.19,18:09,10:00,5.61,5.13
2026-07-08,ULUSE,elenen,orta,73.2,0.714,304.75,1dk,hedef,313.8925,10:01,2.97,7.55,-7.38,10:15,17:42,327.75,282.25
2026-07-09,AVGYO,elenen,orta,7.1,0.584,15.28,1dk,hedef,15.7384,10:00,2.97,6.02,-0.13,12:11,10:24,16.2,15.26
2026-07-09,DSTKF,elenen,tepe,71.4,0.962,3822.5,1dk,gun_sonu,3835.0,18:09,0.29,1.64,-2.09,10:28,11:51,3885.0,3742.5
2026-07-09,ESCAR,elenen,orta,7.0,0.796,49.14,1dk,stop,47.6658,10:15,-3.03,0.33,-4.97,10:00,10:02,49.3,46.7
2026-07-09,KGYO,elenen,orta,15.3,0.478,8.03,1dk,hedef,8.2709,10:01,2.97,6.35,-0.12,10:52,10:00,8.54,8.02
2026-07-09,KORDS,elenen,orta,10.0,0.798,85.05,1dk,stop,82.4985,10:41,-3.03,1.06,-9.41,10:02,11:13,85.95,77.05
2026-07-09,PETUN,elenen,orta,8.1,0.288,11.3,1dk,gun_sonu,11.26,18:05,-0.39,1.33,-0.8,10:51,17:24,11.45,11.21
2026-07-09,POLHO,elenen,orta,78.1,0.787,22.98,1dk,stop,22.2906,10:15,-3.03,-0.35,-8.62,10:00,11:14,22.9,21.0
2026-07-09,SEYKM,elenen,orta,6.5,0.528,5.61,1dk,stop,5.4417,10:15,-3.03,8.91,-8.2,16:00,10:14,6.11,5.15
2026-07-09,SKYLP,elenen,orta,15.0,0.512,237.6,1dk,hedef,244.728,10:03,2.97,3.11,-1.39,10:04,17:57,245.0,234.3
2026-07-09,TCKRC,elenen,orta,19.2,0.559,108.2,1dk,hedef,111.446,10:00,2.97,12.66,0.0,15:38,10:00,121.9,108.2
2026-07-09,UFUK,elenen,orta,9.7,0.508,1567.0,1dk,stop,1519.99,10:22,-3.03,7.53,-6.57,18:09,10:22,1685.0,1464.0
2026-07-09,YAPRK,elenen,orta,5.1,0.235,11.95,1dk,stop,11.5915,10:24,-3.03,0.75,-4.85,10:00,17:56,12.04,11.37
2026-07-10,BAHKM,elenen,orta,15.9,0.773,127.0,1dk,hedef,130.81,15:48,2.97,5.2,-2.99,15:50,10:01,133.6,123.2
2026-07-10,DAGI,elenen,orta,23.3,0.714,9.68,1dk,hedef,9.9704,10:40,2.97,6.92,-4.96,11:20,17:46,10.35,9.2
2026-07-10,EUYO,elenen,orta,11.1,0.443,5.02,1dk,gun_sonu,4.91,18:09,-2.22,0.8,-2.19,11:06,18:09,5.06,4.91
2026-07-10,LIDER,elenen,orta,5.6,0.472,93.2,1dk,hedef,95.996,10:00,2.97,4.61,-1.98,17:46,13:46,97.5,91.35
2026-07-10,METRO,elenen,tepe,6.9,0.818,8.44,1dk,hedef,8.6932,10:25,2.97,3.55,-0.36,10:29,13:55,8.74,8.41
2026-07-10,PNLSN,elenen,orta,37.6,0.443,45.52,1dk,hedef,46.8856,10:11,2.97,6.63,-2.24,18:08,10:02,48.54,44.5
